ply
format ascii 1.0
element vertex 2495
property float x
property float y
property float z
element face 4696
property list uchar int vertex_indices
end_header
-1.0 -0.1785714285714286 0.0
-0.9642857142857143 -0.1785714285714286 0.0
-0.9642857142857143 -0.1428571428571429 0.0
-1.0 -0.1428571428571429 0.0
-0.9642857142857143 -0.1071428571428572 0.0
-1.0 -0.1071428571428572 0.0
-0.9642857142857143 -0.07142857142857151 0.0
-1.0 -0.07142857142857151 0.0
-0.9642857142857143 -0.03571428571428581 0.0
-1.0 -0.03571428571428581 0.0
-0.9642857142857143 0.0 0.0
-1.0 0.0 0.0
-0.9642857142857143 0.03571428571428559 0.0
-1.0 0.03571428571428559 0.0
-0.9642857142857143 0.0714285714285714 0.0
-1.0 0.0714285714285714 0.0
-0.9642857142857143 0.10714285714285698 0.0
-1.0 0.10714285714285698 0.0
-0.9642857142857143 0.1428571428571428 0.0
-1.0 0.1428571428571428 0.0
-0.9642857142857143 0.1785714285714286 0.0
-1.0 0.1785714285714286 0.0
-0.9642857142857143 -0.3214285714285715 0.0
-0.9285714285714286 -0.3214285714285715 0.0
-0.9285714285714286 -0.2857142857142858 0.0
-0.9642857142857143 -0.2857142857142858 0.0
-0.9285714285714286 -0.25 0.0
-0.9642857142857143 -0.25 0.0
-0.9285714285714286 -0.2142857142857143 0.0
-0.9642857142857143 -0.2142857142857143 0.0
-0.9285714285714286 -0.1785714285714286 0.0
-0.9285714285714286 -0.1428571428571429 0.0
-0.9285714285714286 -0.1071428571428572 0.0
-0.9285714285714286 -0.07142857142857151 0.0
-0.9285714285714286 -0.03571428571428581 0.0
-0.9285714285714286 0.0 0.0
-0.9285714285714286 0.03571428571428559 0.0
-0.9285714285714286 0.0714285714285714 0.0
-0.9285714285714286 0.10714285714285698 0.0
-0.9285714285714286 0.1428571428571428 0.0
-0.9285714285714286 0.1785714285714286 0.0
-0.9285714285714286 0.2142857142857142 0.0
-0.9642857142857143 0.2142857142857142 0.0
-0.9285714285714286 0.25 0.0
-0.9642857142857143 0.25 0.0
-0.9285714285714286 0.2857142857142856 0.0
-0.9642857142857143 0.2857142857142856 0.0
-0.9285714285714286 0.3214285714285714 0.0
-0.9642857142857143 0.3214285714285714 0.0
-0.9285714285714286 -0.4285714285714286 0.0
-0.8928571428571429 -0.4285714285714286 0.0
-0.8928571428571429 -0.3928571428571429 0.0
-0.9285714285714286 -0.3928571428571429 0.0
-0.8928571428571429 -0.3571428571428572 0.0
-0.9285714285714286 -0.3571428571428572 0.0
-0.8928571428571429 -0.3214285714285715 0.0
-0.8928571428571429 -0.2857142857142858 0.0
-0.8928571428571429 -0.25 0.0
-0.8928571428571429 -0.2142857142857143 0.0
-0.8928571428571429 -0.1785714285714286 0.0
-0.8928571428571429 -0.1428571428571429 0.0
-0.8928571428571429 -0.1071428571428572 0.0
-0.8928571428571429 -0.07142857142857151 0.0
-0.8928571428571429 -0.03571428571428581 0.0
-0.8928571428571429 0.0 0.0
-0.8928571428571429 0.03571428571428559 0.0
-0.8928571428571429 0.0714285714285714 0.0
-0.8928571428571429 0.10714285714285698 0.0
-0.8928571428571429 0.1428571428571428 0.0
-0.8928571428571429 0.1785714285714286 0.0
-0.8928571428571429 0.2142857142857142 0.0
-0.8928571428571429 0.25 0.0
-0.8928571428571429 0.2857142857142856 0.0
-0.8928571428571429 0.3214285714285714 0.0
-0.8928571428571429 0.357142857142857 0.0
-0.9285714285714286 0.357142857142857 0.0
-0.8928571428571429 0.3928571428571428 0.0
-0.9285714285714286 0.3928571428571428 0.0
-0.8928571428571429 0.4285714285714284 0.0
-0.9285714285714286 0.4285714285714284 0.0
-0.8928571428571429 -0.5 0.0
-0.8571428571428572 -0.5 0.0
-0.8571428571428572 -0.4642857142857143 0.0
-0.8928571428571429 -0.4642857142857143 0.0
-0.8571428571428572 -0.4285714285714286 0.0
-0.8571428571428572 -0.3928571428571429 0.0
-0.8571428571428572 -0.3571428571428572 0.0
-0.8571428571428572 -0.3214285714285715 0.0
-0.8571428571428572 -0.2857142857142858 0.0
-0.8571428571428572 -0.25 0.0
-0.8571428571428572 -0.2142857142857143 0.0
-0.8571428571428572 -0.1785714285714286 0.0
-0.8571428571428572 -0.1428571428571429 0.0
-0.8571428571428572 -0.1071428571428572 0.0
-0.8571428571428572 -0.07142857142857151 0.0
-0.8571428571428572 -0.03571428571428581 0.0
-0.8571428571428572 0.0 0.0
-0.8571428571428572 0.03571428571428559 0.0
-0.8571428571428572 0.0714285714285714 0.0
-0.8571428571428572 0.10714285714285698 0.0
-0.8571428571428572 0.1428571428571428 0.0
-0.8571428571428572 0.1785714285714286 0.0
-0.8571428571428572 0.2142857142857142 0.0
-0.8571428571428572 0.25 0.0
-0.8571428571428572 0.2857142857142856 0.0
-0.8571428571428572 0.3214285714285714 0.0
-0.8571428571428572 0.357142857142857 0.0
-0.8571428571428572 0.3928571428571428 0.0
-0.8571428571428572 0.4285714285714284 0.0
-0.8571428571428572 0.4642857142857142 0.0
-0.8928571428571429 0.4642857142857142 0.0
-0.8571428571428572 0.5 0.0
-0.8928571428571429 0.5 0.0
-0.8571428571428572 -0.5357142857142858 0.0
-0.8214285714285714 -0.5357142857142858 0.0
-0.8214285714285714 -0.5 0.0
-0.8214285714285714 -0.4642857142857143 0.0
-0.8214285714285714 -0.4285714285714286 0.0
-0.8214285714285714 -0.3928571428571429 0.0
-0.8214285714285714 -0.3571428571428572 0.0
-0.8214285714285714 -0.3214285714285715 0.0
-0.8214285714285714 -0.2857142857142858 0.0
-0.8214285714285714 -0.25 0.0
-0.8214285714285714 -0.2142857142857143 0.0
-0.8214285714285714 -0.1785714285714286 0.0
-0.8214285714285714 -0.1428571428571429 0.0
-0.8214285714285714 -0.1071428571428572 0.0
-0.8214285714285714 -0.07142857142857151 0.0
-0.8214285714285714 -0.03571428571428581 0.0
-0.8214285714285714 0.0 0.0
-0.8214285714285714 0.03571428571428559 0.0
-0.8214285714285714 0.0714285714285714 0.0
-0.8214285714285714 0.10714285714285698 0.0
-0.8214285714285714 0.1428571428571428 0.0
-0.8214285714285714 0.1785714285714286 0.0
-0.8214285714285714 0.2142857142857142 0.0
-0.8214285714285714 0.25 0.0
-0.8214285714285714 0.2857142857142856 0.0
-0.8214285714285714 0.3214285714285714 0.0
-0.8214285714285714 0.357142857142857 0.0
-0.8214285714285714 0.3928571428571428 0.0
-0.8214285714285714 0.4285714285714284 0.0
-0.8214285714285714 0.4642857142857142 0.0
-0.8214285714285714 0.5 0.0
-0.8214285714285714 0.5357142857142856 0.0
-0.8571428571428572 0.5357142857142856 0.0
-0.8214285714285714 -0.6071428571428572 0.0
-0.7857142857142857 -0.6071428571428572 0.0
-0.7857142857142857 -0.5714285714285714 0.0
-0.8214285714285714 -0.5714285714285714 0.0
-0.7857142857142857 -0.5357142857142858 0.0
-0.7857142857142857 -0.5 0.0
-0.7857142857142857 -0.4642857142857143 0.0
-0.7857142857142857 -0.4285714285714286 0.0
-0.7857142857142857 -0.3928571428571429 0.0
-0.7857142857142857 -0.3571428571428572 0.0
-0.7857142857142857 -0.3214285714285715 0.0
-0.7857142857142857 -0.2857142857142858 0.0
-0.7857142857142857 -0.25 0.0
-0.7857142857142857 -0.2142857142857143 0.0
-0.7857142857142857 -0.1785714285714286 0.0
-0.7857142857142857 -0.1428571428571429 0.0
-0.7857142857142857 -0.1071428571428572 0.0
-0.7857142857142857 -0.07142857142857151 0.0
-0.7857142857142857 -0.03571428571428581 0.0
-0.7857142857142857 0.0 0.0
-0.7857142857142857 0.03571428571428559 0.0
-0.7857142857142857 0.0714285714285714 0.0
-0.7857142857142857 0.10714285714285698 0.0
-0.7857142857142857 0.1428571428571428 0.0
-0.7857142857142857 0.1785714285714286 0.0
-0.7857142857142857 0.2142857142857142 0.0
-0.7857142857142857 0.25 0.0
-0.7857142857142857 0.2857142857142856 0.0
-0.7857142857142857 0.3214285714285714 0.0
-0.7857142857142857 0.357142857142857 0.0
-0.7857142857142857 0.3928571428571428 0.0
-0.7857142857142857 0.4285714285714284 0.0
-0.7857142857142857 0.4642857142857142 0.0
-0.7857142857142857 0.5 0.0
-0.7857142857142857 0.5357142857142856 0.0
-0.7857142857142857 0.5714285714285714 0.0
-0.8214285714285714 0.5714285714285714 0.0
-0.7857142857142857 0.607142857142857 0.0
-0.8214285714285714 0.607142857142857 0.0
-0.7857142857142857 -0.6428571428571429 0.0
-0.75 -0.6428571428571429 0.0
-0.75 -0.6071428571428572 0.0
-0.75 -0.5714285714285714 0.0
-0.75 -0.5357142857142858 0.0
-0.75 -0.5 0.0
-0.75 -0.4642857142857143 0.0
-0.75 -0.4285714285714286 0.0
-0.75 -0.3928571428571429 0.0
-0.75 -0.3571428571428572 0.0
-0.75 -0.3214285714285715 0.0
-0.75 -0.2857142857142858 0.0
-0.75 -0.25 0.0
-0.75 -0.2142857142857143 0.0
-0.75 -0.1785714285714286 0.0
-0.75 -0.1428571428571429 0.0
-0.75 -0.1071428571428572 0.0
-0.75 -0.07142857142857151 0.0
-0.75 -0.03571428571428581 0.0
-0.75 0.0 0.0
-0.75 0.03571428571428559 0.0
-0.75 0.0714285714285714 0.0
-0.75 0.10714285714285698 0.0
-0.75 0.1428571428571428 0.0
-0.75 0.1785714285714286 0.0
-0.75 0.2142857142857142 0.0
-0.75 0.25 0.0
-0.75 0.2857142857142856 0.0
-0.75 0.3214285714285714 0.0
-0.75 0.357142857142857 0.0
-0.75 0.3928571428571428 0.0
-0.75 0.4285714285714284 0.0
-0.75 0.4642857142857142 0.0
-0.75 0.5 0.0
-0.75 0.5357142857142856 0.0
-0.75 0.5714285714285714 0.0
-0.75 0.607142857142857 0.0
-0.75 0.6428571428571428 0.0
-0.7857142857142857 0.6428571428571428 0.0
-0.75 -0.6785714285714286 0.0
-0.7142857142857143 -0.6785714285714286 0.0
-0.7142857142857143 -0.6428571428571429 0.0
-0.7142857142857143 -0.6071428571428572 0.0
-0.7142857142857143 -0.5714285714285714 0.0
-0.7142857142857143 -0.5357142857142858 0.0
-0.7142857142857143 -0.5 0.0
-0.7142857142857143 -0.4642857142857143 0.0
-0.7142857142857143 -0.4285714285714286 0.0
-0.7142857142857143 -0.3928571428571429 0.0
-0.7142857142857143 -0.3571428571428572 0.0
-0.7142857142857143 -0.3214285714285715 0.0
-0.7142857142857143 -0.2857142857142858 0.0
-0.7142857142857143 -0.25 0.0
-0.7142857142857143 -0.2142857142857143 0.0
-0.7142857142857143 -0.1785714285714286 0.0
-0.7142857142857143 -0.1428571428571429 0.0
-0.7142857142857143 -0.1071428571428572 0.0
-0.7142857142857143 -0.07142857142857151 0.0
-0.7142857142857143 -0.03571428571428581 0.0
-0.7142857142857143 0.0 0.0
-0.7142857142857143 0.03571428571428559 0.0
-0.7142857142857143 0.0714285714285714 0.0
-0.7142857142857143 0.10714285714285698 0.0
-0.7142857142857143 0.1428571428571428 0.0
-0.7142857142857143 0.1785714285714286 0.0
-0.7142857142857143 0.2142857142857142 0.0
-0.7142857142857143 0.25 0.0
-0.7142857142857143 0.2857142857142856 0.0
-0.7142857142857143 0.3214285714285714 0.0
-0.7142857142857143 0.357142857142857 0.0
-0.7142857142857143 0.3928571428571428 0.0
-0.7142857142857143 0.4285714285714284 0.0
-0.7142857142857143 0.4642857142857142 0.0
-0.7142857142857143 0.5 0.0
-0.7142857142857143 0.5357142857142856 0.0
-0.7142857142857143 0.5714285714285714 0.0
-0.7142857142857143 0.607142857142857 0.0
-0.7142857142857143 0.6428571428571428 0.0
-0.7142857142857143 0.6785714285714284 0.0
-0.75 0.6785714285714284 0.0
-0.7142857142857143 -0.7142857142857143 0.0
-0.6785714285714286 -0.7142857142857143 0.0
-0.6785714285714286 -0.6785714285714286 0.0
-0.6785714285714286 -0.6428571428571429 0.0
-0.6785714285714286 -0.6071428571428572 0.0
-0.6785714285714286 -0.5714285714285714 0.0
-0.6785714285714286 -0.5357142857142858 0.0
-0.6785714285714286 -0.5 0.0
-0.6785714285714286 -0.4642857142857143 0.0
-0.6785714285714286 -0.4285714285714286 0.0
-0.6785714285714286 -0.3928571428571429 0.0
-0.6785714285714286 -0.3571428571428572 0.0
-0.6785714285714286 -0.3214285714285715 0.0
-0.6785714285714286 -0.2857142857142858 0.0
-0.6785714285714286 -0.25 0.0
-0.6785714285714286 -0.2142857142857143 0.0
-0.6785714285714286 -0.1785714285714286 0.0
-0.6785714285714286 -0.1428571428571429 0.0
-0.6785714285714286 -0.1071428571428572 0.0
-0.6785714285714286 -0.07142857142857151 0.0
-0.6785714285714286 -0.03571428571428581 0.0
-0.6785714285714286 0.0 0.0
-0.6785714285714286 0.03571428571428559 0.0
-0.6785714285714286 0.0714285714285714 0.0
-0.6785714285714286 0.10714285714285698 0.0
-0.6785714285714286 0.1428571428571428 0.0
-0.6785714285714286 0.1785714285714286 0.0
-0.6785714285714286 0.2142857142857142 0.0
-0.6785714285714286 0.25 0.0
-0.6785714285714286 0.2857142857142856 0.0
-0.6785714285714286 0.3214285714285714 0.0
-0.6785714285714286 0.357142857142857 0.0
-0.6785714285714286 0.3928571428571428 0.0
-0.6785714285714286 0.4285714285714284 0.0
-0.6785714285714286 0.4642857142857142 0.0
-0.6785714285714286 0.5 0.0
-0.6785714285714286 0.5357142857142856 0.0
-0.6785714285714286 0.5714285714285714 0.0
-0.6785714285714286 0.607142857142857 0.0
-0.6785714285714286 0.6428571428571428 0.0
-0.6785714285714286 0.6785714285714284 0.0
-0.6785714285714286 0.7142857142857142 0.0
-0.7142857142857143 0.7142857142857142 0.0
-0.6785714285714286 -0.75 0.0
-0.6428571428571429 -0.75 0.0
-0.6428571428571429 -0.7142857142857143 0.0
-0.6428571428571429 -0.6785714285714286 0.0
-0.6428571428571429 -0.6428571428571429 0.0
-0.6428571428571429 -0.6071428571428572 0.0
-0.6428571428571429 -0.5714285714285714 0.0
-0.6428571428571429 -0.5357142857142858 0.0
-0.6428571428571429 -0.5 0.0
-0.6428571428571429 -0.4642857142857143 0.0
-0.6428571428571429 -0.4285714285714286 0.0
-0.6428571428571429 -0.3928571428571429 0.0
-0.6428571428571429 -0.3571428571428572 0.0
-0.6428571428571429 -0.3214285714285715 0.0
-0.6428571428571429 -0.2857142857142858 0.0
-0.6428571428571429 -0.25 0.0
-0.6428571428571429 -0.2142857142857143 0.0
-0.6428571428571429 -0.1785714285714286 0.0
-0.6428571428571429 -0.1428571428571429 0.0
-0.6428571428571429 -0.1071428571428572 0.0
-0.6428571428571429 -0.07142857142857151 0.0
-0.6428571428571429 -0.03571428571428581 0.0
-0.6428571428571429 0.0 0.0
-0.6428571428571429 0.03571428571428559 0.0
-0.6428571428571429 0.0714285714285714 0.0
-0.6428571428571429 0.10714285714285698 0.0
-0.6428571428571429 0.1428571428571428 0.0
-0.6428571428571429 0.1785714285714286 0.0
-0.6428571428571429 0.2142857142857142 0.0
-0.6428571428571429 0.25 0.0
-0.6428571428571429 0.2857142857142856 0.0
-0.6428571428571429 0.3214285714285714 0.0
-0.6428571428571429 0.357142857142857 0.0
-0.6428571428571429 0.3928571428571428 0.0
-0.6428571428571429 0.4285714285714284 0.0
-0.6428571428571429 0.4642857142857142 0.0
-0.6428571428571429 0.5 0.0
-0.6428571428571429 0.5357142857142856 0.0
-0.6428571428571429 0.5714285714285714 0.0
-0.6428571428571429 0.607142857142857 0.0
-0.6428571428571429 0.6428571428571428 0.0
-0.6428571428571429 0.6785714285714284 0.0
-0.6428571428571429 0.7142857142857142 0.0
-0.6428571428571429 0.75 0.0
-0.6785714285714286 0.75 0.0
-0.6428571428571429 -0.7857142857142857 0.0
-0.6071428571428572 -0.7857142857142857 0.0
-0.6071428571428572 -0.75 0.0
-0.6071428571428572 -0.7142857142857143 0.0
-0.6071428571428572 -0.6785714285714286 0.0
-0.6071428571428572 -0.6428571428571429 0.0
-0.6071428571428572 -0.6071428571428572 0.0
-0.6071428571428572 -0.5714285714285714 0.0
-0.6071428571428572 -0.5357142857142858 0.0
-0.6071428571428572 -0.5 0.0
-0.6071428571428572 -0.4642857142857143 0.0
-0.6071428571428572 -0.4285714285714286 0.0
-0.6071428571428572 -0.3928571428571429 0.0
-0.6071428571428572 -0.3571428571428572 0.0
-0.6071428571428572 -0.3214285714285715 0.0
-0.6071428571428572 -0.2857142857142858 0.0
-0.6071428571428572 -0.25 0.0
-0.6071428571428572 -0.2142857142857143 0.0
-0.6071428571428572 -0.1785714285714286 0.0
-0.6071428571428572 -0.1428571428571429 0.0
-0.6071428571428572 -0.1071428571428572 0.0
-0.6071428571428572 -0.07142857142857151 0.0
-0.6071428571428572 -0.03571428571428581 0.0
-0.6071428571428572 0.0 0.0
-0.6071428571428572 0.03571428571428559 0.0
-0.6071428571428572 0.0714285714285714 0.0
-0.6071428571428572 0.10714285714285698 0.0
-0.6071428571428572 0.1428571428571428 0.0
-0.6071428571428572 0.1785714285714286 0.0
-0.6071428571428572 0.2142857142857142 0.0
-0.6071428571428572 0.25 0.0
-0.6071428571428572 0.2857142857142856 0.0
-0.6071428571428572 0.3214285714285714 0.0
-0.6071428571428572 0.357142857142857 0.0
-0.6071428571428572 0.3928571428571428 0.0
-0.6071428571428572 0.4285714285714284 0.0
-0.6071428571428572 0.4642857142857142 0.0
-0.6071428571428572 0.5 0.0
-0.6071428571428572 0.5357142857142856 0.0
-0.6071428571428572 0.5714285714285714 0.0
-0.6071428571428572 0.607142857142857 0.0
-0.6071428571428572 0.6428571428571428 0.0
-0.6071428571428572 0.6785714285714284 0.0
-0.6071428571428572 0.7142857142857142 0.0
-0.6071428571428572 0.75 0.0
-0.6071428571428572 0.7857142857142856 0.0
-0.6428571428571429 0.7857142857142856 0.0
-0.6071428571428572 -0.8214285714285714 0.0
-0.5714285714285714 -0.8214285714285714 0.0
-0.5714285714285714 -0.7857142857142857 0.0
-0.5714285714285714 -0.75 0.0
-0.5714285714285714 -0.7142857142857143 0.0
-0.5714285714285714 -0.6785714285714286 0.0
-0.5714285714285714 -0.6428571428571429 0.0
-0.5714285714285714 -0.6071428571428572 0.0
-0.5714285714285714 -0.5714285714285714 0.0
-0.5714285714285714 -0.5357142857142858 0.0
-0.5714285714285714 -0.5 0.0
-0.5714285714285714 -0.4642857142857143 0.0
-0.5714285714285714 -0.4285714285714286 0.0
-0.5714285714285714 -0.3928571428571429 0.0
-0.5714285714285714 -0.3571428571428572 0.0
-0.5714285714285714 -0.3214285714285715 0.0
-0.5714285714285714 -0.2857142857142858 0.0
-0.5714285714285714 -0.25 0.0
-0.5714285714285714 -0.2142857142857143 0.0
-0.5714285714285714 -0.1785714285714286 0.0
-0.5714285714285714 -0.1428571428571429 0.0
-0.5714285714285714 -0.1071428571428572 0.0
-0.5714285714285714 -0.07142857142857151 0.0
-0.5714285714285714 -0.03571428571428581 0.0
-0.5714285714285714 0.0 0.0
-0.5714285714285714 0.03571428571428559 0.0
-0.5714285714285714 0.0714285714285714 0.0
-0.5714285714285714 0.10714285714285698 0.0
-0.5714285714285714 0.1428571428571428 0.0
-0.5714285714285714 0.1785714285714286 0.0
-0.5714285714285714 0.2142857142857142 0.0
-0.5714285714285714 0.25 0.0
-0.5714285714285714 0.2857142857142856 0.0
-0.5714285714285714 0.3214285714285714 0.0
-0.5714285714285714 0.357142857142857 0.0
-0.5714285714285714 0.3928571428571428 0.0
-0.5714285714285714 0.4285714285714284 0.0
-0.5714285714285714 0.4642857142857142 0.0
-0.5714285714285714 0.5 0.0
-0.5714285714285714 0.5357142857142856 0.0
-0.5714285714285714 0.5714285714285714 0.0
-0.5714285714285714 0.607142857142857 0.0
-0.5714285714285714 0.6428571428571428 0.0
-0.5714285714285714 0.6785714285714284 0.0
-0.5714285714285714 0.7142857142857142 0.0
-0.5714285714285714 0.75 0.0
-0.5714285714285714 0.7857142857142856 0.0
-0.5714285714285714 0.8214285714285714 0.0
-0.6071428571428572 0.8214285714285714 0.0
-0.5357142857142858 -0.8214285714285714 0.0
-0.5357142857142858 -0.7857142857142857 0.0
-0.5357142857142858 -0.75 0.0
-0.5357142857142858 -0.7142857142857143 0.0
-0.5357142857142858 -0.6785714285714286 0.0
-0.5357142857142858 -0.6428571428571429 0.0
-0.5357142857142858 -0.6071428571428572 0.0
-0.5357142857142858 -0.5714285714285714 0.0
-0.5357142857142858 -0.5357142857142858 0.0
-0.5357142857142858 -0.5 0.0
-0.5357142857142858 -0.4642857142857143 0.0
-0.5357142857142858 -0.4285714285714286 0.0
-0.5357142857142858 -0.3928571428571429 0.0
-0.5357142857142858 -0.3571428571428572 0.0
-0.5357142857142858 -0.3214285714285715 0.0
-0.5357142857142858 -0.2857142857142858 0.0
-0.5357142857142858 -0.25 0.0
-0.5357142857142858 -0.2142857142857143 0.0
-0.5357142857142858 -0.1785714285714286 0.0
-0.5357142857142858 -0.1428571428571429 0.0
-0.5357142857142858 -0.1071428571428572 0.0
-0.5357142857142858 -0.07142857142857151 0.0
-0.5357142857142858 -0.03571428571428581 0.0
-0.5357142857142858 0.0 0.0
-0.5357142857142858 0.03571428571428559 0.0
-0.5357142857142858 0.0714285714285714 0.0
-0.5357142857142858 0.10714285714285698 0.0
-0.5357142857142858 0.1428571428571428 0.0
-0.5357142857142858 0.1785714285714286 0.0
-0.5357142857142858 0.2142857142857142 0.0
-0.5357142857142858 0.25 0.0
-0.5357142857142858 0.2857142857142856 0.0
-0.5357142857142858 0.3214285714285714 0.0
-0.5357142857142858 0.357142857142857 0.0
-0.5357142857142858 0.3928571428571428 0.0
-0.5357142857142858 0.4285714285714284 0.0
-0.5357142857142858 0.4642857142857142 0.0
-0.5357142857142858 0.5 0.0
-0.5357142857142858 0.5357142857142856 0.0
-0.5357142857142858 0.5714285714285714 0.0
-0.5357142857142858 0.607142857142857 0.0
-0.5357142857142858 0.6428571428571428 0.0
-0.5357142857142858 0.6785714285714284 0.0
-0.5357142857142858 0.7142857142857142 0.0
-0.5357142857142858 0.75 0.0
-0.5357142857142858 0.7857142857142856 0.0
-0.5357142857142858 0.8214285714285714 0.0
-0.5357142857142858 -0.8571428571428572 0.0
-0.5 -0.8571428571428572 0.0
-0.5 -0.8214285714285714 0.0
-0.5 -0.7857142857142857 0.0
-0.5 -0.75 0.0
-0.5 -0.7142857142857143 0.0
-0.5 -0.6785714285714286 0.0
-0.5 -0.6428571428571429 0.0
-0.5 -0.6071428571428572 0.0
-0.5 -0.5714285714285714 0.0
-0.5 -0.5357142857142858 0.0
-0.5 -0.5 0.0
-0.5 -0.4642857142857143 0.0
-0.5 -0.4285714285714286 0.0
-0.5 -0.3928571428571429 0.0
-0.5 -0.3571428571428572 0.0
-0.5 -0.3214285714285715 0.0
-0.5 -0.2857142857142858 0.0
-0.5 -0.25 0.0
-0.5 -0.2142857142857143 0.0
-0.5 -0.1785714285714286 0.0
-0.5 -0.1428571428571429 0.0
-0.5 -0.1071428571428572 0.0
-0.5 -0.07142857142857151 0.0
-0.5 -0.03571428571428581 0.0
-0.5 0.0 0.0
-0.5 0.03571428571428559 0.0
-0.5 0.0714285714285714 0.0
-0.5 0.10714285714285698 0.0
-0.5 0.1428571428571428 0.0
-0.5 0.1785714285714286 0.0
-0.5 0.2142857142857142 0.0
-0.5 0.25 0.0
-0.5 0.2857142857142856 0.0
-0.5 0.3214285714285714 0.0
-0.5 0.357142857142857 0.0
-0.5 0.3928571428571428 0.0
-0.5 0.4285714285714284 0.0
-0.5 0.4642857142857142 0.0
-0.5 0.5 0.0
-0.5 0.5357142857142856 0.0
-0.5 0.5714285714285714 0.0
-0.5 0.607142857142857 0.0
-0.5 0.6428571428571428 0.0
-0.5 0.6785714285714284 0.0
-0.5 0.7142857142857142 0.0
-0.5 0.75 0.0
-0.5 0.7857142857142856 0.0
-0.5 0.8214285714285714 0.0
-0.5 0.857142857142857 0.0
-0.5357142857142858 0.857142857142857 0.0
-0.5 -0.8928571428571429 0.0
-0.4642857142857143 -0.8928571428571429 0.0
-0.4642857142857143 -0.8571428571428572 0.0
-0.4642857142857143 -0.8214285714285714 0.0
-0.4642857142857143 -0.7857142857142857 0.0
-0.4642857142857143 -0.75 0.0
-0.4642857142857143 -0.7142857142857143 0.0
-0.4642857142857143 -0.6785714285714286 0.0
-0.4642857142857143 -0.6428571428571429 0.0
-0.4642857142857143 -0.6071428571428572 0.0
-0.4642857142857143 -0.5714285714285714 0.0
-0.4642857142857143 -0.5357142857142858 0.0
-0.4642857142857143 -0.5 0.0
-0.4642857142857143 -0.4642857142857143 0.0
-0.4642857142857143 -0.4285714285714286 0.0
-0.4642857142857143 -0.3928571428571429 0.0
-0.4642857142857143 -0.3571428571428572 0.0
-0.4642857142857143 -0.3214285714285715 0.0
-0.4642857142857143 -0.2857142857142858 0.0
-0.4642857142857143 -0.25 0.0
-0.4642857142857143 -0.2142857142857143 0.0
-0.4642857142857143 -0.1785714285714286 0.0
-0.4642857142857143 -0.1428571428571429 0.0
-0.4642857142857143 -0.1071428571428572 0.0
-0.4642857142857143 -0.07142857142857151 0.0
-0.4642857142857143 -0.03571428571428581 0.0
-0.4642857142857143 0.0 0.0
-0.4642857142857143 0.03571428571428559 0.0
-0.4642857142857143 0.0714285714285714 0.0
-0.4642857142857143 0.10714285714285698 0.0
-0.4642857142857143 0.1428571428571428 0.0
-0.4642857142857143 0.1785714285714286 0.0
-0.4642857142857143 0.2142857142857142 0.0
-0.4642857142857143 0.25 0.0
-0.4642857142857143 0.2857142857142856 0.0
-0.4642857142857143 0.3214285714285714 0.0
-0.4642857142857143 0.357142857142857 0.0
-0.4642857142857143 0.3928571428571428 0.0
-0.4642857142857143 0.4285714285714284 0.0
-0.4642857142857143 0.4642857142857142 0.0
-0.4642857142857143 0.5 0.0
-0.4642857142857143 0.5357142857142856 0.0
-0.4642857142857143 0.5714285714285714 0.0
-0.4642857142857143 0.607142857142857 0.0
-0.4642857142857143 0.6428571428571428 0.0
-0.4642857142857143 0.6785714285714284 0.0
-0.4642857142857143 0.7142857142857142 0.0
-0.4642857142857143 0.75 0.0
-0.4642857142857143 0.7857142857142856 0.0
-0.4642857142857143 0.8214285714285714 0.0
-0.4642857142857143 0.857142857142857 0.0
-0.4642857142857143 0.8928571428571428 0.0
-0.5 0.8928571428571428 0.0
-0.4285714285714286 -0.8928571428571429 0.0
-0.4285714285714286 -0.8571428571428572 0.0
-0.4285714285714286 -0.8214285714285714 0.0
-0.4285714285714286 -0.7857142857142857 0.0
-0.4285714285714286 -0.75 0.0
-0.4285714285714286 -0.7142857142857143 0.0
-0.4285714285714286 -0.6785714285714286 0.0
-0.4285714285714286 -0.6428571428571429 0.0
-0.4285714285714286 -0.6071428571428572 0.0
-0.4285714285714286 -0.5714285714285714 0.0
-0.4285714285714286 -0.5357142857142858 0.0
-0.4285714285714286 -0.5 0.0
-0.4285714285714286 -0.4642857142857143 0.0
-0.4285714285714286 -0.4285714285714286 0.0
-0.4285714285714286 -0.3928571428571429 0.0
-0.4285714285714286 -0.3571428571428572 0.0
-0.4285714285714286 -0.3214285714285715 0.0
-0.4285714285714286 -0.2857142857142858 0.0
-0.4285714285714286 -0.25 0.0
-0.4285714285714286 -0.2142857142857143 0.0
-0.4285714285714286 -0.1785714285714286 0.0
-0.4285714285714286 -0.1428571428571429 0.0
-0.4285714285714286 -0.1071428571428572 0.0
-0.4285714285714286 -0.07142857142857151 0.0
-0.4285714285714286 -0.03571428571428581 0.0
-0.4285714285714286 0.0 0.0
-0.4285714285714286 0.03571428571428559 0.0
-0.4285714285714286 0.0714285714285714 0.0
-0.4285714285714286 0.10714285714285698 0.0
-0.4285714285714286 0.1428571428571428 0.0
-0.4285714285714286 0.1785714285714286 0.0
-0.4285714285714286 0.2142857142857142 0.0
-0.4285714285714286 0.25 0.0
-0.4285714285714286 0.2857142857142856 0.0
-0.4285714285714286 0.3214285714285714 0.0
-0.4285714285714286 0.357142857142857 0.0
-0.4285714285714286 0.3928571428571428 0.0
-0.4285714285714286 0.4285714285714284 0.0
-0.4285714285714286 0.4642857142857142 0.0
-0.4285714285714286 0.5 0.0
-0.4285714285714286 0.5357142857142856 0.0
-0.4285714285714286 0.5714285714285714 0.0
-0.4285714285714286 0.607142857142857 0.0
-0.4285714285714286 0.6428571428571428 0.0
-0.4285714285714286 0.6785714285714284 0.0
-0.4285714285714286 0.7142857142857142 0.0
-0.4285714285714286 0.75 0.0
-0.4285714285714286 0.7857142857142856 0.0
-0.4285714285714286 0.8214285714285714 0.0
-0.4285714285714286 0.857142857142857 0.0
-0.4285714285714286 0.8928571428571428 0.0
-0.4285714285714286 -0.9285714285714286 0.0
-0.3928571428571429 -0.9285714285714286 0.0
-0.3928571428571429 -0.8928571428571429 0.0
-0.3928571428571429 -0.8571428571428572 0.0
-0.3928571428571429 -0.8214285714285714 0.0
-0.3928571428571429 -0.7857142857142857 0.0
-0.3928571428571429 -0.75 0.0
-0.3928571428571429 -0.7142857142857143 0.0
-0.3928571428571429 -0.6785714285714286 0.0
-0.3928571428571429 -0.6428571428571429 0.0
-0.3928571428571429 -0.6071428571428572 0.0
-0.3928571428571429 -0.5714285714285714 0.0
-0.3928571428571429 -0.5357142857142858 0.0
-0.3928571428571429 -0.5 0.0
-0.3928571428571429 -0.4642857142857143 0.0
-0.3928571428571429 -0.4285714285714286 0.0
-0.3928571428571429 -0.3928571428571429 0.0
-0.3928571428571429 -0.3571428571428572 0.0
-0.3928571428571429 -0.3214285714285715 0.0
-0.3928571428571429 -0.2857142857142858 0.0
-0.3928571428571429 -0.25 0.0
-0.3928571428571429 -0.2142857142857143 0.0
-0.3928571428571429 -0.1785714285714286 0.0
-0.3928571428571429 -0.1428571428571429 0.0
-0.3928571428571429 -0.1071428571428572 0.0
-0.3928571428571429 -0.07142857142857151 0.0
-0.3928571428571429 -0.03571428571428581 0.0
-0.3928571428571429 0.0 0.0
-0.3928571428571429 0.03571428571428559 0.0
-0.3928571428571429 0.0714285714285714 0.0
-0.3928571428571429 0.10714285714285698 0.0
-0.3928571428571429 0.1428571428571428 0.0
-0.3928571428571429 0.1785714285714286 0.0
-0.3928571428571429 0.2142857142857142 0.0
-0.3928571428571429 0.25 0.0
-0.3928571428571429 0.2857142857142856 0.0
-0.3928571428571429 0.3214285714285714 0.0
-0.3928571428571429 0.357142857142857 0.0
-0.3928571428571429 0.3928571428571428 0.0
-0.3928571428571429 0.4285714285714284 0.0
-0.3928571428571429 0.4642857142857142 0.0
-0.3928571428571429 0.5 0.0
-0.3928571428571429 0.5357142857142856 0.0
-0.3928571428571429 0.5714285714285714 0.0
-0.3928571428571429 0.607142857142857 0.0
-0.3928571428571429 0.6428571428571428 0.0
-0.3928571428571429 0.6785714285714284 0.0
-0.3928571428571429 0.7142857142857142 0.0
-0.3928571428571429 0.75 0.0
-0.3928571428571429 0.7857142857142856 0.0
-0.3928571428571429 0.8214285714285714 0.0
-0.3928571428571429 0.857142857142857 0.0
-0.3928571428571429 0.8928571428571428 0.0
-0.3928571428571429 0.9285714285714284 0.0
-0.4285714285714286 0.9285714285714284 0.0
-0.3571428571428572 -0.9285714285714286 0.0
-0.3571428571428572 -0.8928571428571429 0.0
-0.3571428571428572 -0.8571428571428572 0.0
-0.3571428571428572 -0.8214285714285714 0.0
-0.3571428571428572 -0.7857142857142857 0.0
-0.3571428571428572 -0.75 0.0
-0.3571428571428572 -0.7142857142857143 0.0
-0.3571428571428572 -0.6785714285714286 0.0
-0.3571428571428572 -0.6428571428571429 0.0
-0.3571428571428572 -0.6071428571428572 0.0
-0.3571428571428572 -0.5714285714285714 0.0
-0.3571428571428572 -0.5357142857142858 0.0
-0.3571428571428572 -0.5 0.0
-0.3571428571428572 -0.4642857142857143 0.0
-0.3571428571428572 -0.4285714285714286 0.0
-0.3571428571428572 -0.3928571428571429 0.0
-0.3571428571428572 -0.3571428571428572 0.0
-0.3571428571428572 -0.3214285714285715 0.0
-0.3571428571428572 -0.2857142857142858 0.0
-0.3571428571428572 -0.25 0.0
-0.3571428571428572 -0.2142857142857143 0.0
-0.3571428571428572 -0.1785714285714286 0.0
-0.3571428571428572 -0.1428571428571429 0.0
-0.3571428571428572 -0.1071428571428572 0.0
-0.3571428571428572 -0.07142857142857151 0.0
-0.3571428571428572 -0.03571428571428581 0.0
-0.3571428571428572 0.0 0.0
-0.3571428571428572 0.03571428571428559 0.0
-0.3571428571428572 0.0714285714285714 0.0
-0.3571428571428572 0.10714285714285698 0.0
-0.3571428571428572 0.1428571428571428 0.0
-0.3571428571428572 0.1785714285714286 0.0
-0.3571428571428572 0.2142857142857142 0.0
-0.3571428571428572 0.25 0.0
-0.3571428571428572 0.2857142857142856 0.0
-0.3571428571428572 0.3214285714285714 0.0
-0.3571428571428572 0.357142857142857 0.0
-0.3571428571428572 0.3928571428571428 0.0
-0.3571428571428572 0.4285714285714284 0.0
-0.3571428571428572 0.4642857142857142 0.0
-0.3571428571428572 0.5 0.0
-0.3571428571428572 0.5357142857142856 0.0
-0.3571428571428572 0.5714285714285714 0.0
-0.3571428571428572 0.607142857142857 0.0
-0.3571428571428572 0.6428571428571428 0.0
-0.3571428571428572 0.6785714285714284 0.0
-0.3571428571428572 0.7142857142857142 0.0
-0.3571428571428572 0.75 0.0
-0.3571428571428572 0.7857142857142856 0.0
-0.3571428571428572 0.8214285714285714 0.0
-0.3571428571428572 0.857142857142857 0.0
-0.3571428571428572 0.8928571428571428 0.0
-0.3571428571428572 0.9285714285714284 0.0
-0.3214285714285715 -0.9285714285714286 0.0
-0.3214285714285715 -0.8928571428571429 0.0
-0.3214285714285715 -0.8571428571428572 0.0
-0.3214285714285715 -0.8214285714285714 0.0
-0.3214285714285715 -0.7857142857142857 0.0
-0.3214285714285715 -0.75 0.0
-0.3214285714285715 -0.7142857142857143 0.0
-0.3214285714285715 -0.6785714285714286 0.0
-0.3214285714285715 -0.6428571428571429 0.0
-0.3214285714285715 -0.6071428571428572 0.0
-0.3214285714285715 -0.5714285714285714 0.0
-0.3214285714285715 -0.5357142857142858 0.0
-0.3214285714285715 -0.5 0.0
-0.3214285714285715 -0.4642857142857143 0.0
-0.3214285714285715 -0.4285714285714286 0.0
-0.3214285714285715 -0.3928571428571429 0.0
-0.3214285714285715 -0.3571428571428572 0.0
-0.3214285714285715 -0.3214285714285715 0.0
-0.3214285714285715 -0.2857142857142858 0.0
-0.3214285714285715 -0.25 0.0
-0.3214285714285715 -0.2142857142857143 0.0
-0.3214285714285715 -0.1785714285714286 0.0
-0.3214285714285715 -0.1428571428571429 0.0
-0.3214285714285715 -0.1071428571428572 0.0
-0.3214285714285715 -0.07142857142857151 0.0
-0.3214285714285715 -0.03571428571428581 0.0
-0.3214285714285715 0.0 0.0
-0.3214285714285715 0.03571428571428559 0.0
-0.3214285714285715 0.0714285714285714 0.0
-0.3214285714285715 0.10714285714285698 0.0
-0.3214285714285715 0.1428571428571428 0.0
-0.3214285714285715 0.1785714285714286 0.0
-0.3214285714285715 0.2142857142857142 0.0
-0.3214285714285715 0.25 0.0
-0.3214285714285715 0.2857142857142856 0.0
-0.3214285714285715 0.3214285714285714 0.0
-0.3214285714285715 0.357142857142857 0.0
-0.3214285714285715 0.3928571428571428 0.0
-0.3214285714285715 0.4285714285714284 0.0
-0.3214285714285715 0.4642857142857142 0.0
-0.3214285714285715 0.5 0.0
-0.3214285714285715 0.5357142857142856 0.0
-0.3214285714285715 0.5714285714285714 0.0
-0.3214285714285715 0.607142857142857 0.0
-0.3214285714285715 0.6428571428571428 0.0
-0.3214285714285715 0.6785714285714284 0.0
-0.3214285714285715 0.7142857142857142 0.0
-0.3214285714285715 0.75 0.0
-0.3214285714285715 0.7857142857142856 0.0
-0.3214285714285715 0.8214285714285714 0.0
-0.3214285714285715 0.857142857142857 0.0
-0.3214285714285715 0.8928571428571428 0.0
-0.3214285714285715 0.9285714285714284 0.0
-0.3214285714285715 -0.9642857142857143 0.0
-0.2857142857142858 -0.9642857142857143 0.0
-0.2857142857142858 -0.9285714285714286 0.0
-0.2857142857142858 -0.8928571428571429 0.0
-0.2857142857142858 -0.8571428571428572 0.0
-0.2857142857142858 -0.8214285714285714 0.0
-0.2857142857142858 -0.7857142857142857 0.0
-0.2857142857142858 -0.75 0.0
-0.2857142857142858 -0.7142857142857143 0.0
-0.2857142857142858 -0.6785714285714286 0.0
-0.2857142857142858 -0.6428571428571429 0.0
-0.2857142857142858 -0.6071428571428572 0.0
-0.2857142857142858 -0.5714285714285714 0.0
-0.2857142857142858 -0.5357142857142858 0.0
-0.2857142857142858 -0.5 0.0
-0.2857142857142858 -0.4642857142857143 0.0
-0.2857142857142858 -0.4285714285714286 0.0
-0.2857142857142858 -0.3928571428571429 0.0
-0.2857142857142858 -0.3571428571428572 0.0
-0.2857142857142858 -0.3214285714285715 0.0
-0.2857142857142858 -0.2857142857142858 0.0
-0.2857142857142858 -0.25 0.0
-0.2857142857142858 -0.2142857142857143 0.0
-0.2857142857142858 -0.1785714285714286 0.0
-0.2857142857142858 -0.1428571428571429 0.0
-0.2857142857142858 -0.1071428571428572 0.0
-0.2857142857142858 -0.07142857142857151 0.0
-0.2857142857142858 -0.03571428571428581 0.0
-0.2857142857142858 0.0 0.0
-0.2857142857142858 0.03571428571428559 0.0
-0.2857142857142858 0.0714285714285714 0.0
-0.2857142857142858 0.10714285714285698 0.0
-0.2857142857142858 0.1428571428571428 0.0
-0.2857142857142858 0.1785714285714286 0.0
-0.2857142857142858 0.2142857142857142 0.0
-0.2857142857142858 0.25 0.0
-0.2857142857142858 0.2857142857142856 0.0
-0.2857142857142858 0.3214285714285714 0.0
-0.2857142857142858 0.357142857142857 0.0
-0.2857142857142858 0.3928571428571428 0.0
-0.2857142857142858 0.4285714285714284 0.0
-0.2857142857142858 0.4642857142857142 0.0
-0.2857142857142858 0.5 0.0
-0.2857142857142858 0.5357142857142856 0.0
-0.2857142857142858 0.5714285714285714 0.0
-0.2857142857142858 0.607142857142857 0.0
-0.2857142857142858 0.6428571428571428 0.0
-0.2857142857142858 0.6785714285714284 0.0
-0.2857142857142858 0.7142857142857142 0.0
-0.2857142857142858 0.75 0.0
-0.2857142857142858 0.7857142857142856 0.0
-0.2857142857142858 0.8214285714285714 0.0
-0.2857142857142858 0.857142857142857 0.0
-0.2857142857142858 0.8928571428571428 0.0
-0.2857142857142858 0.9285714285714284 0.0
-0.2857142857142858 0.9642857142857142 0.0
-0.3214285714285715 0.9642857142857142 0.0
-0.25 -0.9642857142857143 0.0
-0.25 -0.9285714285714286 0.0
-0.25 -0.8928571428571429 0.0
-0.25 -0.8571428571428572 0.0
-0.25 -0.8214285714285714 0.0
-0.25 -0.7857142857142857 0.0
-0.25 -0.75 0.0
-0.25 -0.7142857142857143 0.0
-0.25 -0.6785714285714286 0.0
-0.25 -0.6428571428571429 0.0
-0.25 -0.6071428571428572 0.0
-0.25 -0.5714285714285714 0.0
-0.25 -0.5357142857142858 0.0
-0.25 -0.5 0.0
-0.25 -0.4642857142857143 0.0
-0.25 -0.4285714285714286 0.0
-0.25 -0.3928571428571429 0.0
-0.25 -0.3571428571428572 0.0
-0.25 -0.3214285714285715 0.0
-0.25 -0.2857142857142858 0.0
-0.25 -0.25 0.0
-0.25 -0.2142857142857143 0.0
-0.25 -0.1785714285714286 0.0
-0.25 -0.1428571428571429 0.0
-0.25 -0.1071428571428572 0.0
-0.25 -0.07142857142857151 0.0
-0.25 -0.03571428571428581 0.0
-0.25 0.0 0.0
-0.25 0.03571428571428559 0.0
-0.25 0.0714285714285714 0.0
-0.25 0.10714285714285698 0.0
-0.25 0.1428571428571428 0.0
-0.25 0.1785714285714286 0.0
-0.25 0.2142857142857142 0.0
-0.25 0.25 0.0
-0.25 0.2857142857142856 0.0
-0.25 0.3214285714285714 0.0
-0.25 0.357142857142857 0.0
-0.25 0.3928571428571428 0.0
-0.25 0.4285714285714284 0.0
-0.25 0.4642857142857142 0.0
-0.25 0.5 0.0
-0.25 0.5357142857142856 0.0
-0.25 0.5714285714285714 0.0
-0.25 0.607142857142857 0.0
-0.25 0.6428571428571428 0.0
-0.25 0.6785714285714284 0.0
-0.25 0.7142857142857142 0.0
-0.25 0.75 0.0
-0.25 0.7857142857142856 0.0
-0.25 0.8214285714285714 0.0
-0.25 0.857142857142857 0.0
-0.25 0.8928571428571428 0.0
-0.25 0.9285714285714284 0.0
-0.25 0.9642857142857142 0.0
-0.2142857142857143 -0.9642857142857143 0.0
-0.2142857142857143 -0.9285714285714286 0.0
-0.2142857142857143 -0.8928571428571429 0.0
-0.2142857142857143 -0.8571428571428572 0.0
-0.2142857142857143 -0.8214285714285714 0.0
-0.2142857142857143 -0.7857142857142857 0.0
-0.2142857142857143 -0.75 0.0
-0.2142857142857143 -0.7142857142857143 0.0
-0.2142857142857143 -0.6785714285714286 0.0
-0.2142857142857143 -0.6428571428571429 0.0
-0.2142857142857143 -0.6071428571428572 0.0
-0.2142857142857143 -0.5714285714285714 0.0
-0.2142857142857143 -0.5357142857142858 0.0
-0.2142857142857143 -0.5 0.0
-0.2142857142857143 -0.4642857142857143 0.0
-0.2142857142857143 -0.4285714285714286 0.0
-0.2142857142857143 -0.3928571428571429 0.0
-0.2142857142857143 -0.3571428571428572 0.0
-0.2142857142857143 -0.3214285714285715 0.0
-0.2142857142857143 -0.2857142857142858 0.0
-0.2142857142857143 -0.25 0.0
-0.2142857142857143 -0.2142857142857143 0.0
-0.2142857142857143 -0.1785714285714286 0.0
-0.2142857142857143 -0.1428571428571429 0.0
-0.2142857142857143 -0.1071428571428572 0.0
-0.2142857142857143 -0.07142857142857151 0.0
-0.2142857142857143 -0.03571428571428581 0.0
-0.2142857142857143 0.0 0.0
-0.2142857142857143 0.03571428571428559 0.0
-0.2142857142857143 0.0714285714285714 0.0
-0.2142857142857143 0.10714285714285698 0.0
-0.2142857142857143 0.1428571428571428 0.0
-0.2142857142857143 0.1785714285714286 0.0
-0.2142857142857143 0.2142857142857142 0.0
-0.2142857142857143 0.25 0.0
-0.2142857142857143 0.2857142857142856 0.0
-0.2142857142857143 0.3214285714285714 0.0
-0.2142857142857143 0.357142857142857 0.0
-0.2142857142857143 0.3928571428571428 0.0
-0.2142857142857143 0.4285714285714284 0.0
-0.2142857142857143 0.4642857142857142 0.0
-0.2142857142857143 0.5 0.0
-0.2142857142857143 0.5357142857142856 0.0
-0.2142857142857143 0.5714285714285714 0.0
-0.2142857142857143 0.607142857142857 0.0
-0.2142857142857143 0.6428571428571428 0.0
-0.2142857142857143 0.6785714285714284 0.0
-0.2142857142857143 0.7142857142857142 0.0
-0.2142857142857143 0.75 0.0
-0.2142857142857143 0.7857142857142856 0.0
-0.2142857142857143 0.8214285714285714 0.0
-0.2142857142857143 0.857142857142857 0.0
-0.2142857142857143 0.8928571428571428 0.0
-0.2142857142857143 0.9285714285714284 0.0
-0.2142857142857143 0.9642857142857142 0.0
-0.1785714285714286 -0.9642857142857143 0.0
-0.1785714285714286 -0.9285714285714286 0.0
-0.1785714285714286 -0.8928571428571429 0.0
-0.1785714285714286 -0.8571428571428572 0.0
-0.1785714285714286 -0.8214285714285714 0.0
-0.1785714285714286 -0.7857142857142857 0.0
-0.1785714285714286 -0.75 0.0
-0.1785714285714286 -0.7142857142857143 0.0
-0.1785714285714286 -0.6785714285714286 0.0
-0.1785714285714286 -0.6428571428571429 0.0
-0.1785714285714286 -0.6071428571428572 0.0
-0.1785714285714286 -0.5714285714285714 0.0
-0.1785714285714286 -0.5357142857142858 0.0
-0.1785714285714286 -0.5 0.0
-0.1785714285714286 -0.4642857142857143 0.0
-0.1785714285714286 -0.4285714285714286 0.0
-0.1785714285714286 -0.3928571428571429 0.0
-0.1785714285714286 -0.3571428571428572 0.0
-0.1785714285714286 -0.3214285714285715 0.0
-0.1785714285714286 -0.2857142857142858 0.0
-0.1785714285714286 -0.25 0.0
-0.1785714285714286 -0.2142857142857143 0.0
-0.1785714285714286 -0.1785714285714286 0.0
-0.1785714285714286 -0.1428571428571429 0.0
-0.1785714285714286 -0.1071428571428572 0.0
-0.1785714285714286 -0.07142857142857151 0.0
-0.1785714285714286 -0.03571428571428581 0.0
-0.1785714285714286 0.0 0.0
-0.1785714285714286 0.03571428571428559 0.0
-0.1785714285714286 0.0714285714285714 0.0
-0.1785714285714286 0.10714285714285698 0.0
-0.1785714285714286 0.1428571428571428 0.0
-0.1785714285714286 0.1785714285714286 0.0
-0.1785714285714286 0.2142857142857142 0.0
-0.1785714285714286 0.25 0.0
-0.1785714285714286 0.2857142857142856 0.0
-0.1785714285714286 0.3214285714285714 0.0
-0.1785714285714286 0.357142857142857 0.0
-0.1785714285714286 0.3928571428571428 0.0
-0.1785714285714286 0.4285714285714284 0.0
-0.1785714285714286 0.4642857142857142 0.0
-0.1785714285714286 0.5 0.0
-0.1785714285714286 0.5357142857142856 0.0
-0.1785714285714286 0.5714285714285714 0.0
-0.1785714285714286 0.607142857142857 0.0
-0.1785714285714286 0.6428571428571428 0.0
-0.1785714285714286 0.6785714285714284 0.0
-0.1785714285714286 0.7142857142857142 0.0
-0.1785714285714286 0.75 0.0
-0.1785714285714286 0.7857142857142856 0.0
-0.1785714285714286 0.8214285714285714 0.0
-0.1785714285714286 0.857142857142857 0.0
-0.1785714285714286 0.8928571428571428 0.0
-0.1785714285714286 0.9285714285714284 0.0
-0.1785714285714286 0.9642857142857142 0.0
-0.1785714285714286 -1.0 0.0
-0.1428571428571429 -1.0 0.0
-0.1428571428571429 -0.9642857142857143 0.0
-0.1428571428571429 -0.9285714285714286 0.0
-0.1428571428571429 -0.8928571428571429 0.0
-0.1428571428571429 -0.8571428571428572 0.0
-0.1428571428571429 -0.8214285714285714 0.0
-0.1428571428571429 -0.7857142857142857 0.0
-0.1428571428571429 -0.75 0.0
-0.1428571428571429 -0.7142857142857143 0.0
-0.1428571428571429 -0.6785714285714286 0.0
-0.1428571428571429 -0.6428571428571429 0.0
-0.1428571428571429 -0.6071428571428572 0.0
-0.1428571428571429 -0.5714285714285714 0.0
-0.1428571428571429 -0.5357142857142858 0.0
-0.1428571428571429 -0.5 0.0
-0.1428571428571429 -0.4642857142857143 0.0
-0.1428571428571429 -0.4285714285714286 0.0
-0.1428571428571429 -0.3928571428571429 0.0
-0.1428571428571429 -0.3571428571428572 0.0
-0.1428571428571429 -0.3214285714285715 0.0
-0.1428571428571429 -0.2826738544474394 0.0
-0.1428571428571429 -0.2437924528301887 0.0
-0.1428571428571429 -0.204911051212938 0.0
-0.1428571428571429 -0.1660296495956874 0.0
-0.1428571428571429 -0.1271482479784367 0.0
-0.1428571428571429 -0.08826684636118605 0.0
-0.1428571428571429 -0.0493854447439354 0.0
-0.1428571428571429 -0.03571428571428581 0.0
-0.1428571428571429 0.0 0.0
-0.1428571428571429 0.03571428571428559 0.0
-0.1428571428571429 0.049385444743935275 0.0
-0.1428571428571429 0.08826684636118581 0.0
-0.1428571428571429 0.1271482479784366 0.0
-0.1428571428571429 0.1660296495956874 0.0
-0.1428571428571429 0.2049110512129379 0.0
-0.1428571428571429 0.2437924528301887 0.0
-0.1428571428571429 0.2826738544474392 0.0
-0.1428571428571429 0.3214285714285714 0.0
-0.1428571428571429 0.357142857142857 0.0
-0.1428571428571429 0.3928571428571428 0.0
-0.1428571428571429 0.4285714285714284 0.0
-0.1428571428571429 0.4642857142857142 0.0
-0.1428571428571429 0.5 0.0
-0.1428571428571429 0.5357142857142856 0.0
-0.1428571428571429 0.5714285714285714 0.0
-0.1428571428571429 0.607142857142857 0.0
-0.1428571428571429 0.6428571428571428 0.0
-0.1428571428571429 0.6785714285714284 0.0
-0.1428571428571429 0.7142857142857142 0.0
-0.1428571428571429 0.75 0.0
-0.1428571428571429 0.7857142857142856 0.0
-0.1428571428571429 0.8214285714285714 0.0
-0.1428571428571429 0.857142857142857 0.0
-0.1428571428571429 0.8928571428571428 0.0
-0.1428571428571429 0.9285714285714284 0.0
-0.1428571428571429 0.9642857142857142 0.0
-0.1428571428571429 1.0 0.0
-0.1785714285714286 1.0 0.0
-0.1071428571428572 -1.0 0.0
-0.1071428571428572 -0.9642857142857143 0.0
-0.1071428571428572 -0.9285714285714286 0.0
-0.1071428571428572 -0.8928571428571429 0.0
-0.1071428571428572 -0.8571428571428572 0.0
-0.1071428571428572 -0.8214285714285714 0.0
-0.1071428571428572 -0.7857142857142857 0.0
-0.1071428571428572 -0.75 0.0
-0.1071428571428572 -0.7142857142857143 0.0
-0.1071428571428572 -0.6785714285714286 0.0
-0.1071428571428572 -0.6428571428571429 0.0
-0.1071428571428572 -0.6071428571428572 0.0
-0.1071428571428572 -0.5714285714285714 0.0
-0.1071428571428572 -0.5357142857142858 0.0
-0.1071428571428572 -0.5 0.0
-0.1071428571428572 -0.4642857142857143 0.0
-0.1071428571428572 -0.4285714285714286 0.0
-0.1071428571428572 -0.3928571428571429 0.0
-0.1071428571428572 -0.3571428571428572 0.0
-0.1071428571428572 -0.3214285714285715 0.0
-0.1071428571428572 -0.2826738544474394 0.0
-0.1071428571428572 -0.2437924528301887 0.0
-0.1071428571428572 -0.204911051212938 0.0
-0.1071428571428572 -0.1660296495956874 0.0
-0.1071428571428572 -0.1271482479784367 0.0
-0.1071428571428572 -0.08826684636118605 0.0
-0.1071428571428572 -0.0493854447439354 0.0
-0.1071428571428572 0.049385444743935275 0.0
-0.1071428571428572 0.08826684636118581 0.0
-0.1071428571428572 0.1271482479784366 0.0
-0.1071428571428572 0.1660296495956874 0.0
-0.1071428571428572 0.2049110512129379 0.0
-0.1071428571428572 0.2437924528301887 0.0
-0.1071428571428572 0.2826738544474392 0.0
-0.1071428571428572 0.3214285714285714 0.0
-0.1071428571428572 0.357142857142857 0.0
-0.1071428571428572 0.3928571428571428 0.0
-0.1071428571428572 0.4285714285714284 0.0
-0.1071428571428572 0.4642857142857142 0.0
-0.1071428571428572 0.5 0.0
-0.1071428571428572 0.5357142857142856 0.0
-0.1071428571428572 0.5714285714285714 0.0
-0.1071428571428572 0.607142857142857 0.0
-0.1071428571428572 0.6428571428571428 0.0
-0.1071428571428572 0.6785714285714284 0.0
-0.1071428571428572 0.7142857142857142 0.0
-0.1071428571428572 0.75 0.0
-0.1071428571428572 0.7857142857142856 0.0
-0.1071428571428572 0.8214285714285714 0.0
-0.1071428571428572 0.857142857142857 0.0
-0.1071428571428572 0.8928571428571428 0.0
-0.1071428571428572 0.9285714285714284 0.0
-0.1071428571428572 0.9642857142857142 0.0
-0.1071428571428572 1.0 0.0
-0.07142857142857151 -1.0 0.0
-0.07142857142857151 -0.9642857142857143 0.0
-0.07142857142857151 -0.9285714285714286 0.0
-0.07142857142857151 -0.8928571428571429 0.0
-0.07142857142857151 -0.8571428571428572 0.0
-0.07142857142857151 -0.8214285714285714 0.0
-0.07142857142857151 -0.7857142857142857 0.0
-0.07142857142857151 -0.75 0.0
-0.07142857142857151 -0.7142857142857143 0.0
-0.07142857142857151 -0.6785714285714286 0.0
-0.07142857142857151 -0.6428571428571429 0.0
-0.07142857142857151 -0.6071428571428572 0.0
-0.07142857142857151 -0.5714285714285714 0.0
-0.07142857142857151 -0.5357142857142858 0.0
-0.07142857142857151 -0.5 0.0
-0.07142857142857151 -0.4642857142857143 0.0
-0.07142857142857151 -0.4285714285714286 0.0
-0.07142857142857151 -0.3928571428571429 0.0
-0.07142857142857151 -0.3571428571428572 0.0
-0.07142857142857151 -0.3214285714285715 0.0
-0.07142857142857151 -0.2826738544474394 0.0
-0.07142857142857151 -0.2437924528301887 0.0
-0.07142857142857151 -0.204911051212938 0.0
-0.07142857142857151 -0.1660296495956874 0.0
-0.07142857142857151 -0.1271482479784367 0.0
-0.07142857142857151 -0.08826684636118605 0.0
-0.07142857142857151 -0.0493854447439354 0.0
-0.07142857142857151 0.049385444743935275 0.0
-0.07142857142857151 0.08826684636118581 0.0
-0.07142857142857151 0.1271482479784366 0.0
-0.07142857142857151 0.1660296495956874 0.0
-0.07142857142857151 0.2049110512129379 0.0
-0.07142857142857151 0.2437924528301887 0.0
-0.07142857142857151 0.2826738544474392 0.0
-0.07142857142857151 0.3214285714285714 0.0
-0.07142857142857151 0.357142857142857 0.0
-0.07142857142857151 0.3928571428571428 0.0
-0.07142857142857151 0.4285714285714284 0.0
-0.07142857142857151 0.4642857142857142 0.0
-0.07142857142857151 0.5 0.0
-0.07142857142857151 0.5357142857142856 0.0
-0.07142857142857151 0.5714285714285714 0.0
-0.07142857142857151 0.607142857142857 0.0
-0.07142857142857151 0.6428571428571428 0.0
-0.07142857142857151 0.6785714285714284 0.0
-0.07142857142857151 0.7142857142857142 0.0
-0.07142857142857151 0.75 0.0
-0.07142857142857151 0.7857142857142856 0.0
-0.07142857142857151 0.8214285714285714 0.0
-0.07142857142857151 0.857142857142857 0.0
-0.07142857142857151 0.8928571428571428 0.0
-0.07142857142857151 0.9285714285714284 0.0
-0.07142857142857151 0.9642857142857142 0.0
-0.07142857142857151 1.0 0.0
-0.03571428571428581 -1.0 0.0
-0.03571428571428581 -0.9642857142857143 0.0
-0.03571428571428581 -0.9285714285714286 0.0
-0.03571428571428581 -0.8928571428571429 0.0
-0.03571428571428581 -0.8571428571428572 0.0
-0.03571428571428581 -0.8214285714285714 0.0
-0.03571428571428581 -0.7857142857142857 0.0
-0.03571428571428581 -0.75 0.0
-0.03571428571428581 -0.7142857142857143 0.0
-0.03571428571428581 -0.6785714285714286 0.0
-0.03571428571428581 -0.6428571428571429 0.0
-0.03571428571428581 -0.6071428571428572 0.0
-0.03571428571428581 -0.5714285714285714 0.0
-0.03571428571428581 -0.5357142857142858 0.0
-0.03571428571428581 -0.5 0.0
-0.03571428571428581 -0.4642857142857143 0.0
-0.03571428571428581 -0.4285714285714286 0.0
-0.03571428571428581 -0.3928571428571429 0.0
-0.03571428571428581 -0.3571428571428572 0.0
-0.03571428571428581 -0.3214285714285715 0.0
-0.03571428571428581 -0.2826738544474394 0.0
-0.03571428571428581 -0.2437924528301887 0.0
-0.03571428571428581 -0.204911051212938 0.0
-0.03571428571428581 -0.1660296495956874 0.0
-0.03571428571428581 -0.1271482479784367 0.0
-0.03571428571428581 -0.08826684636118605 0.0
-0.03571428571428581 -0.0493854447439354 0.0
-0.03571428571428581 0.049385444743935275 0.0
-0.03571428571428581 0.08826684636118581 0.0
-0.03571428571428581 0.1271482479784366 0.0
-0.03571428571428581 0.1660296495956874 0.0
-0.03571428571428581 0.2049110512129379 0.0
-0.03571428571428581 0.2437924528301887 0.0
-0.03571428571428581 0.2826738544474392 0.0
-0.03571428571428581 0.3214285714285714 0.0
-0.03571428571428581 0.357142857142857 0.0
-0.03571428571428581 0.3928571428571428 0.0
-0.03571428571428581 0.4285714285714284 0.0
-0.03571428571428581 0.4642857142857142 0.0
-0.03571428571428581 0.5 0.0
-0.03571428571428581 0.5357142857142856 0.0
-0.03571428571428581 0.5714285714285714 0.0
-0.03571428571428581 0.607142857142857 0.0
-0.03571428571428581 0.6428571428571428 0.0
-0.03571428571428581 0.6785714285714284 0.0
-0.03571428571428581 0.7142857142857142 0.0
-0.03571428571428581 0.75 0.0
-0.03571428571428581 0.7857142857142856 0.0
-0.03571428571428581 0.8214285714285714 0.0
-0.03571428571428581 0.857142857142857 0.0
-0.03571428571428581 0.8928571428571428 0.0
-0.03571428571428581 0.9285714285714284 0.0
-0.03571428571428581 0.9642857142857142 0.0
-0.03571428571428581 1.0 0.0
0.0 -1.0 0.0
0.0 -0.9642857142857143 0.0
0.0 -0.9285714285714286 0.0
0.0 -0.8928571428571429 0.0
0.0 -0.8571428571428572 0.0
0.0 -0.8214285714285714 0.0
0.0 -0.7857142857142857 0.0
0.0 -0.75 0.0
0.0 -0.7142857142857143 0.0
0.0 -0.6785714285714286 0.0
0.0 -0.6428571428571429 0.0
0.0 -0.6071428571428572 0.0
0.0 -0.5714285714285714 0.0
0.0 -0.5357142857142858 0.0
0.0 -0.5 0.0
0.0 -0.4642857142857143 0.0
0.0 -0.4285714285714286 0.0
0.0 -0.3928571428571429 0.0
0.0 -0.3571428571428572 0.0
0.0 -0.3214285714285715 0.0
0.0 -0.2826738544474394 0.0
0.0 -0.2437924528301887 0.0
0.0 -0.204911051212938 0.0
0.0 -0.1660296495956874 0.0
0.0 -0.1271482479784367 0.0
0.0 -0.08826684636118605 0.0
0.0 -0.0493854447439354 0.0
0.0 0.049385444743935275 0.0
0.0 0.08826684636118581 0.0
0.0 0.1271482479784366 0.0
0.0 0.1660296495956874 0.0
0.0 0.2049110512129379 0.0
0.0 0.2437924528301887 0.0
0.0 0.2826738544474392 0.0
0.0 0.3214285714285714 0.0
0.0 0.357142857142857 0.0
0.0 0.3928571428571428 0.0
0.0 0.4285714285714284 0.0
0.0 0.4642857142857142 0.0
0.0 0.5 0.0
0.0 0.5357142857142856 0.0
0.0 0.5714285714285714 0.0
0.0 0.607142857142857 0.0
0.0 0.6428571428571428 0.0
0.0 0.6785714285714284 0.0
0.0 0.7142857142857142 0.0
0.0 0.75 0.0
0.0 0.7857142857142856 0.0
0.0 0.8214285714285714 0.0
0.0 0.857142857142857 0.0
0.0 0.8928571428571428 0.0
0.0 0.9285714285714284 0.0
0.0 0.9642857142857142 0.0
0.0 1.0 0.0
0.03571428571428559 -1.0 0.0
0.03571428571428559 -0.9642857142857143 0.0
0.03571428571428559 -0.9285714285714286 0.0
0.03571428571428559 -0.8928571428571429 0.0
0.03571428571428559 -0.8571428571428572 0.0
0.03571428571428559 -0.8214285714285714 0.0
0.03571428571428559 -0.7857142857142857 0.0
0.03571428571428559 -0.75 0.0
0.03571428571428559 -0.7142857142857143 0.0
0.03571428571428559 -0.6785714285714286 0.0
0.03571428571428559 -0.6428571428571429 0.0
0.03571428571428559 -0.6071428571428572 0.0
0.03571428571428559 -0.5714285714285714 0.0
0.03571428571428559 -0.5357142857142858 0.0
0.03571428571428559 -0.5 0.0
0.03571428571428559 -0.4642857142857143 0.0
0.03571428571428559 -0.4285714285714286 0.0
0.03571428571428559 -0.3928571428571429 0.0
0.03571428571428559 -0.3571428571428572 0.0
0.03571428571428559 -0.3214285714285715 0.0
0.03571428571428559 -0.2826738544474394 0.0
0.03571428571428559 -0.2437924528301887 0.0
0.03571428571428559 -0.204911051212938 0.0
0.03571428571428559 -0.1660296495956874 0.0
0.03571428571428559 -0.1271482479784367 0.0
0.03571428571428559 -0.08826684636118605 0.0
0.03571428571428559 -0.0493854447439354 0.0
0.03571428571428559 0.049385444743935275 0.0
0.03571428571428559 0.08826684636118581 0.0
0.03571428571428559 0.1271482479784366 0.0
0.03571428571428559 0.1660296495956874 0.0
0.03571428571428559 0.2049110512129379 0.0
0.03571428571428559 0.2437924528301887 0.0
0.03571428571428559 0.2826738544474392 0.0
0.03571428571428559 0.3214285714285714 0.0
0.03571428571428559 0.357142857142857 0.0
0.03571428571428559 0.3928571428571428 0.0
0.03571428571428559 0.4285714285714284 0.0
0.03571428571428559 0.4642857142857142 0.0
0.03571428571428559 0.5 0.0
0.03571428571428559 0.5357142857142856 0.0
0.03571428571428559 0.5714285714285714 0.0
0.03571428571428559 0.607142857142857 0.0
0.03571428571428559 0.6428571428571428 0.0
0.03571428571428559 0.6785714285714284 0.0
0.03571428571428559 0.7142857142857142 0.0
0.03571428571428559 0.75 0.0
0.03571428571428559 0.7857142857142856 0.0
0.03571428571428559 0.8214285714285714 0.0
0.03571428571428559 0.857142857142857 0.0
0.03571428571428559 0.8928571428571428 0.0
0.03571428571428559 0.9285714285714284 0.0
0.03571428571428559 0.9642857142857142 0.0
0.03571428571428559 1.0 0.0
0.0714285714285714 -1.0 0.0
0.0714285714285714 -0.9642857142857143 0.0
0.0714285714285714 -0.9285714285714286 0.0
0.0714285714285714 -0.8928571428571429 0.0
0.0714285714285714 -0.8571428571428572 0.0
0.0714285714285714 -0.8214285714285714 0.0
0.0714285714285714 -0.7857142857142857 0.0
0.0714285714285714 -0.75 0.0
0.0714285714285714 -0.7142857142857143 0.0
0.0714285714285714 -0.6785714285714286 0.0
0.0714285714285714 -0.6428571428571429 0.0
0.0714285714285714 -0.6071428571428572 0.0
0.0714285714285714 -0.5714285714285714 0.0
0.0714285714285714 -0.5357142857142858 0.0
0.0714285714285714 -0.5 0.0
0.0714285714285714 -0.4642857142857143 0.0
0.0714285714285714 -0.4285714285714286 0.0
0.0714285714285714 -0.3928571428571429 0.0
0.0714285714285714 -0.3571428571428572 0.0
0.0714285714285714 -0.3214285714285715 0.0
0.0714285714285714 -0.2826738544474394 0.0
0.0714285714285714 -0.2437924528301887 0.0
0.0714285714285714 -0.204911051212938 0.0
0.0714285714285714 -0.1660296495956874 0.0
0.0714285714285714 -0.1271482479784367 0.0
0.0714285714285714 -0.08826684636118605 0.0
0.0714285714285714 -0.0493854447439354 0.0
0.0714285714285714 0.049385444743935275 0.0
0.0714285714285714 0.08826684636118581 0.0
0.0714285714285714 0.1271482479784366 0.0
0.0714285714285714 0.1660296495956874 0.0
0.0714285714285714 0.2049110512129379 0.0
0.0714285714285714 0.2437924528301887 0.0
0.0714285714285714 0.2826738544474392 0.0
0.0714285714285714 0.3214285714285714 0.0
0.0714285714285714 0.357142857142857 0.0
0.0714285714285714 0.3928571428571428 0.0
0.0714285714285714 0.4285714285714284 0.0
0.0714285714285714 0.4642857142857142 0.0
0.0714285714285714 0.5 0.0
0.0714285714285714 0.5357142857142856 0.0
0.0714285714285714 0.5714285714285714 0.0
0.0714285714285714 0.607142857142857 0.0
0.0714285714285714 0.6428571428571428 0.0
0.0714285714285714 0.6785714285714284 0.0
0.0714285714285714 0.7142857142857142 0.0
0.0714285714285714 0.75 0.0
0.0714285714285714 0.7857142857142856 0.0
0.0714285714285714 0.8214285714285714 0.0
0.0714285714285714 0.857142857142857 0.0
0.0714285714285714 0.8928571428571428 0.0
0.0714285714285714 0.9285714285714284 0.0
0.0714285714285714 0.9642857142857142 0.0
0.0714285714285714 1.0 0.0
0.10714285714285698 -1.0 0.0
0.10714285714285698 -0.9642857142857143 0.0
0.10714285714285698 -0.9285714285714286 0.0
0.10714285714285698 -0.8928571428571429 0.0
0.10714285714285698 -0.8571428571428572 0.0
0.10714285714285698 -0.8214285714285714 0.0
0.10714285714285698 -0.7857142857142857 0.0
0.10714285714285698 -0.75 0.0
0.10714285714285698 -0.7142857142857143 0.0
0.10714285714285698 -0.6785714285714286 0.0
0.10714285714285698 -0.6428571428571429 0.0
0.10714285714285698 -0.6071428571428572 0.0
0.10714285714285698 -0.5714285714285714 0.0
0.10714285714285698 -0.5357142857142858 0.0
0.10714285714285698 -0.5 0.0
0.10714285714285698 -0.4642857142857143 0.0
0.10714285714285698 -0.4285714285714286 0.0
0.10714285714285698 -0.3928571428571429 0.0
0.10714285714285698 -0.3571428571428572 0.0
0.10714285714285698 -0.3214285714285715 0.0
0.10714285714285698 -0.2826738544474394 0.0
0.10714285714285698 -0.2437924528301887 0.0
0.10714285714285698 -0.204911051212938 0.0
0.10714285714285698 -0.1660296495956874 0.0
0.10714285714285698 -0.1271482479784367 0.0
0.10714285714285698 -0.08826684636118605 0.0
0.10714285714285698 -0.0493854447439354 0.0
0.10714285714285698 0.049385444743935275 0.0
0.10714285714285698 0.08826684636118581 0.0
0.10714285714285698 0.1271482479784366 0.0
0.10714285714285698 0.1660296495956874 0.0
0.10714285714285698 0.2049110512129379 0.0
0.10714285714285698 0.2437924528301887 0.0
0.10714285714285698 0.2826738544474392 0.0
0.10714285714285698 0.3214285714285714 0.0
0.10714285714285698 0.357142857142857 0.0
0.10714285714285698 0.3928571428571428 0.0
0.10714285714285698 0.4285714285714284 0.0
0.10714285714285698 0.4642857142857142 0.0
0.10714285714285698 0.5 0.0
0.10714285714285698 0.5357142857142856 0.0
0.10714285714285698 0.5714285714285714 0.0
0.10714285714285698 0.607142857142857 0.0
0.10714285714285698 0.6428571428571428 0.0
0.10714285714285698 0.6785714285714284 0.0
0.10714285714285698 0.7142857142857142 0.0
0.10714285714285698 0.75 0.0
0.10714285714285698 0.7857142857142856 0.0
0.10714285714285698 0.8214285714285714 0.0
0.10714285714285698 0.857142857142857 0.0
0.10714285714285698 0.8928571428571428 0.0
0.10714285714285698 0.9285714285714284 0.0
0.10714285714285698 0.9642857142857142 0.0
0.10714285714285698 1.0 0.0
0.1428571428571428 -1.0 0.0
0.1428571428571428 -0.9642857142857143 0.0
0.1428571428571428 -0.9285714285714286 0.0
0.1428571428571428 -0.8928571428571429 0.0
0.1428571428571428 -0.8571428571428572 0.0
0.1428571428571428 -0.8214285714285714 0.0
0.1428571428571428 -0.7857142857142857 0.0
0.1428571428571428 -0.75 0.0
0.1428571428571428 -0.7142857142857143 0.0
0.1428571428571428 -0.6785714285714286 0.0
0.1428571428571428 -0.6428571428571429 0.0
0.1428571428571428 -0.6071428571428572 0.0
0.1428571428571428 -0.5714285714285714 0.0
0.1428571428571428 -0.5357142857142858 0.0
0.1428571428571428 -0.5 0.0
0.1428571428571428 -0.4642857142857143 0.0
0.1428571428571428 -0.4285714285714286 0.0
0.1428571428571428 -0.3928571428571429 0.0
0.1428571428571428 -0.3571428571428572 0.0
0.1428571428571428 -0.3214285714285715 0.0
0.1428571428571428 -0.2826738544474394 0.0
0.1428571428571428 -0.2437924528301887 0.0
0.1428571428571428 -0.204911051212938 0.0
0.1428571428571428 -0.1660296495956874 0.0
0.1428571428571428 -0.1271482479784367 0.0
0.1428571428571428 -0.08826684636118605 0.0
0.1428571428571428 -0.0493854447439354 0.0
0.1428571428571428 0.049385444743935275 0.0
0.1428571428571428 0.08826684636118581 0.0
0.1428571428571428 0.1271482479784366 0.0
0.1428571428571428 0.1660296495956874 0.0
0.1428571428571428 0.2049110512129379 0.0
0.1428571428571428 0.2437924528301887 0.0
0.1428571428571428 0.2826738544474392 0.0
0.1428571428571428 0.3214285714285714 0.0
0.1428571428571428 0.357142857142857 0.0
0.1428571428571428 0.3928571428571428 0.0
0.1428571428571428 0.4285714285714284 0.0
0.1428571428571428 0.4642857142857142 0.0
0.1428571428571428 0.5 0.0
0.1428571428571428 0.5357142857142856 0.0
0.1428571428571428 0.5714285714285714 0.0
0.1428571428571428 0.607142857142857 0.0
0.1428571428571428 0.6428571428571428 0.0
0.1428571428571428 0.6785714285714284 0.0
0.1428571428571428 0.7142857142857142 0.0
0.1428571428571428 0.75 0.0
0.1428571428571428 0.7857142857142856 0.0
0.1428571428571428 0.8214285714285714 0.0
0.1428571428571428 0.857142857142857 0.0
0.1428571428571428 0.8928571428571428 0.0
0.1428571428571428 0.9285714285714284 0.0
0.1428571428571428 0.9642857142857142 0.0
0.1428571428571428 1.0 0.0
0.1785714285714286 -1.0 0.0
0.1785714285714286 -0.9642857142857143 0.0
0.1785714285714286 -0.9285714285714286 0.0
0.1785714285714286 -0.8928571428571429 0.0
0.1785714285714286 -0.8571428571428572 0.0
0.1785714285714286 -0.8214285714285714 0.0
0.1785714285714286 -0.7857142857142857 0.0
0.1785714285714286 -0.75 0.0
0.1785714285714286 -0.7142857142857143 0.0
0.1785714285714286 -0.6785714285714286 0.0
0.1785714285714286 -0.6428571428571429 0.0
0.1785714285714286 -0.6071428571428572 0.0
0.1785714285714286 -0.5714285714285714 0.0
0.1785714285714286 -0.5357142857142858 0.0
0.1785714285714286 -0.5 0.0
0.1785714285714286 -0.4642857142857143 0.0
0.1785714285714286 -0.4285714285714286 0.0
0.1785714285714286 -0.3928571428571429 0.0
0.1785714285714286 -0.3571428571428572 0.0
0.1785714285714286 -0.3214285714285715 0.0
0.1785714285714286 -0.2826738544474394 0.0
0.1785714285714286 -0.2437924528301887 0.0
0.1785714285714286 -0.204911051212938 0.0
0.1785714285714286 -0.1660296495956874 0.0
0.1785714285714286 -0.1271482479784367 0.0
0.1785714285714286 -0.08826684636118605 0.0
0.1785714285714286 -0.0493854447439354 0.0
0.1785714285714286 0.049385444743935275 0.0
0.1785714285714286 0.08826684636118581 0.0
0.1785714285714286 0.1271482479784366 0.0
0.1785714285714286 0.1660296495956874 0.0
0.1785714285714286 0.2049110512129379 0.0
0.1785714285714286 0.2437924528301887 0.0
0.1785714285714286 0.2826738544474392 0.0
0.1785714285714286 0.3214285714285714 0.0
0.1785714285714286 0.357142857142857 0.0
0.1785714285714286 0.3928571428571428 0.0
0.1785714285714286 0.4285714285714284 0.0
0.1785714285714286 0.4642857142857142 0.0
0.1785714285714286 0.5 0.0
0.1785714285714286 0.5357142857142856 0.0
0.1785714285714286 0.5714285714285714 0.0
0.1785714285714286 0.607142857142857 0.0
0.1785714285714286 0.6428571428571428 0.0
0.1785714285714286 0.6785714285714284 0.0
0.1785714285714286 0.7142857142857142 0.0
0.1785714285714286 0.75 0.0
0.1785714285714286 0.7857142857142856 0.0
0.1785714285714286 0.8214285714285714 0.0
0.1785714285714286 0.857142857142857 0.0
0.1785714285714286 0.8928571428571428 0.0
0.1785714285714286 0.9285714285714284 0.0
0.1785714285714286 0.9642857142857142 0.0
0.1785714285714286 1.0 0.0
0.2142857142857142 -0.9642857142857143 0.0
0.2142857142857142 -0.9285714285714286 0.0
0.2142857142857142 -0.8928571428571429 0.0
0.2142857142857142 -0.8571428571428572 0.0
0.2142857142857142 -0.8214285714285714 0.0
0.2142857142857142 -0.7857142857142857 0.0
0.2142857142857142 -0.75 0.0
0.2142857142857142 -0.7142857142857143 0.0
0.2142857142857142 -0.6785714285714286 0.0
0.2142857142857142 -0.6428571428571429 0.0
0.2142857142857142 -0.6071428571428572 0.0
0.2142857142857142 -0.5714285714285714 0.0
0.2142857142857142 -0.5357142857142858 0.0
0.2142857142857142 -0.5 0.0
0.2142857142857142 -0.4642857142857143 0.0
0.2142857142857142 -0.4285714285714286 0.0
0.2142857142857142 -0.3928571428571429 0.0
0.2142857142857142 -0.3571428571428572 0.0
0.2142857142857142 -0.3214285714285715 0.0
0.2142857142857142 -0.2826738544474394 0.0
0.2142857142857142 -0.2437924528301887 0.0
0.2142857142857142 -0.204911051212938 0.0
0.2142857142857142 -0.1660296495956874 0.0
0.2142857142857142 -0.1271482479784367 0.0
0.2142857142857142 -0.08826684636118605 0.0
0.2142857142857142 -0.0493854447439354 0.0
0.2142857142857142 0.049385444743935275 0.0
0.2142857142857142 0.08826684636118581 0.0
0.2142857142857142 0.1271482479784366 0.0
0.2142857142857142 0.1660296495956874 0.0
0.2142857142857142 0.2049110512129379 0.0
0.2142857142857142 0.2437924528301887 0.0
0.2142857142857142 0.2826738544474392 0.0
0.2142857142857142 0.3214285714285714 0.0
0.2142857142857142 0.357142857142857 0.0
0.2142857142857142 0.3928571428571428 0.0
0.2142857142857142 0.4285714285714284 0.0
0.2142857142857142 0.4642857142857142 0.0
0.2142857142857142 0.5 0.0
0.2142857142857142 0.5357142857142856 0.0
0.2142857142857142 0.5714285714285714 0.0
0.2142857142857142 0.607142857142857 0.0
0.2142857142857142 0.6428571428571428 0.0
0.2142857142857142 0.6785714285714284 0.0
0.2142857142857142 0.7142857142857142 0.0
0.2142857142857142 0.75 0.0
0.2142857142857142 0.7857142857142856 0.0
0.2142857142857142 0.8214285714285714 0.0
0.2142857142857142 0.857142857142857 0.0
0.2142857142857142 0.8928571428571428 0.0
0.2142857142857142 0.9285714285714284 0.0
0.2142857142857142 0.9642857142857142 0.0
0.25 -0.9642857142857143 0.0
0.25 -0.9285714285714286 0.0
0.25 -0.8928571428571429 0.0
0.25 -0.8571428571428572 0.0
0.25 -0.8214285714285714 0.0
0.25 -0.7857142857142857 0.0
0.25 -0.75 0.0
0.25 -0.7142857142857143 0.0
0.25 -0.6785714285714286 0.0
0.25 -0.6428571428571429 0.0
0.25 -0.6071428571428572 0.0
0.25 -0.5714285714285714 0.0
0.25 -0.5357142857142858 0.0
0.25 -0.5 0.0
0.25 -0.4642857142857143 0.0
0.25 -0.4285714285714286 0.0
0.25 -0.3928571428571429 0.0
0.25 -0.3571428571428572 0.0
0.25 -0.3214285714285715 0.0
0.25 -0.2826738544474394 0.0
0.25 -0.2437924528301887 0.0
0.25 -0.204911051212938 0.0
0.25 -0.1660296495956874 0.0
0.25 -0.1271482479784367 0.0
0.25 -0.08826684636118605 0.0
0.25 -0.0493854447439354 0.0
0.25 0.049385444743935275 0.0
0.25 0.08826684636118581 0.0
0.25 0.1271482479784366 0.0
0.25 0.1660296495956874 0.0
0.25 0.2049110512129379 0.0
0.25 0.2437924528301887 0.0
0.25 0.2826738544474392 0.0
0.25 0.3214285714285714 0.0
0.25 0.357142857142857 0.0
0.25 0.3928571428571428 0.0
0.25 0.4285714285714284 0.0
0.25 0.4642857142857142 0.0
0.25 0.5 0.0
0.25 0.5357142857142856 0.0
0.25 0.5714285714285714 0.0
0.25 0.607142857142857 0.0
0.25 0.6428571428571428 0.0
0.25 0.6785714285714284 0.0
0.25 0.7142857142857142 0.0
0.25 0.75 0.0
0.25 0.7857142857142856 0.0
0.25 0.8214285714285714 0.0
0.25 0.857142857142857 0.0
0.25 0.8928571428571428 0.0
0.25 0.9285714285714284 0.0
0.25 0.9642857142857142 0.0
0.2857142857142856 -0.9642857142857143 0.0
0.2857142857142856 -0.9285714285714286 0.0
0.2857142857142856 -0.8928571428571429 0.0
0.2857142857142856 -0.8571428571428572 0.0
0.2857142857142856 -0.8214285714285714 0.0
0.2857142857142856 -0.7857142857142857 0.0
0.2857142857142856 -0.75 0.0
0.2857142857142856 -0.7142857142857143 0.0
0.2857142857142856 -0.6785714285714286 0.0
0.2857142857142856 -0.6428571428571429 0.0
0.2857142857142856 -0.6071428571428572 0.0
0.2857142857142856 -0.5714285714285714 0.0
0.2857142857142856 -0.5357142857142858 0.0
0.2857142857142856 -0.5 0.0
0.2857142857142856 -0.4642857142857143 0.0
0.2857142857142856 -0.4285714285714286 0.0
0.2857142857142856 -0.3928571428571429 0.0
0.2857142857142856 -0.3571428571428572 0.0
0.2857142857142856 -0.3214285714285715 0.0
0.2857142857142856 -0.2826738544474394 0.0
0.2857142857142856 -0.2437924528301887 0.0
0.2857142857142856 -0.204911051212938 0.0
0.2857142857142856 -0.1660296495956874 0.0
0.2857142857142856 -0.1271482479784367 0.0
0.2857142857142856 -0.08826684636118605 0.0
0.2857142857142856 -0.0493854447439354 0.0
0.2857142857142856 0.049385444743935275 0.0
0.2857142857142856 0.08826684636118581 0.0
0.2857142857142856 0.1271482479784366 0.0
0.2857142857142856 0.1660296495956874 0.0
0.2857142857142856 0.2049110512129379 0.0
0.2857142857142856 0.2437924528301887 0.0
0.2857142857142856 0.2826738544474392 0.0
0.2857142857142856 0.3214285714285714 0.0
0.2857142857142856 0.357142857142857 0.0
0.2857142857142856 0.3928571428571428 0.0
0.2857142857142856 0.4285714285714284 0.0
0.2857142857142856 0.4642857142857142 0.0
0.2857142857142856 0.5 0.0
0.2857142857142856 0.5357142857142856 0.0
0.2857142857142856 0.5714285714285714 0.0
0.2857142857142856 0.607142857142857 0.0
0.2857142857142856 0.6428571428571428 0.0
0.2857142857142856 0.6785714285714284 0.0
0.2857142857142856 0.7142857142857142 0.0
0.2857142857142856 0.75 0.0
0.2857142857142856 0.7857142857142856 0.0
0.2857142857142856 0.8214285714285714 0.0
0.2857142857142856 0.857142857142857 0.0
0.2857142857142856 0.8928571428571428 0.0
0.2857142857142856 0.9285714285714284 0.0
0.2857142857142856 0.9642857142857142 0.0
0.3214285714285714 -0.9642857142857143 0.0
0.3214285714285714 -0.9285714285714286 0.0
0.3214285714285714 -0.8928571428571429 0.0
0.3214285714285714 -0.8571428571428572 0.0
0.3214285714285714 -0.8214285714285714 0.0
0.3214285714285714 -0.7857142857142857 0.0
0.3214285714285714 -0.75 0.0
0.3214285714285714 -0.7142857142857143 0.0
0.3214285714285714 -0.6785714285714286 0.0
0.3214285714285714 -0.6428571428571429 0.0
0.3214285714285714 -0.6071428571428572 0.0
0.3214285714285714 -0.5714285714285714 0.0
0.3214285714285714 -0.5357142857142858 0.0
0.3214285714285714 -0.5 0.0
0.3214285714285714 -0.4642857142857143 0.0
0.3214285714285714 -0.4285714285714286 0.0
0.3214285714285714 -0.3928571428571429 0.0
0.3214285714285714 -0.3571428571428572 0.0
0.3214285714285714 -0.3214285714285715 0.0
0.3214285714285714 -0.2826738544474394 0.0
0.3214285714285714 -0.2437924528301887 0.0
0.3214285714285714 -0.204911051212938 0.0
0.3214285714285714 -0.1660296495956874 0.0
0.3214285714285714 -0.1271482479784367 0.0
0.3214285714285714 -0.08826684636118605 0.0
0.3214285714285714 -0.0493854447439354 0.0
0.3214285714285714 0.049385444743935275 0.0
0.3214285714285714 0.08826684636118581 0.0
0.3214285714285714 0.1271482479784366 0.0
0.3214285714285714 0.1660296495956874 0.0
0.3214285714285714 0.2049110512129379 0.0
0.3214285714285714 0.2437924528301887 0.0
0.3214285714285714 0.2826738544474392 0.0
0.3214285714285714 0.3214285714285714 0.0
0.3214285714285714 0.357142857142857 0.0
0.3214285714285714 0.3928571428571428 0.0
0.3214285714285714 0.4285714285714284 0.0
0.3214285714285714 0.4642857142857142 0.0
0.3214285714285714 0.5 0.0
0.3214285714285714 0.5357142857142856 0.0
0.3214285714285714 0.5714285714285714 0.0
0.3214285714285714 0.607142857142857 0.0
0.3214285714285714 0.6428571428571428 0.0
0.3214285714285714 0.6785714285714284 0.0
0.3214285714285714 0.7142857142857142 0.0
0.3214285714285714 0.75 0.0
0.3214285714285714 0.7857142857142856 0.0
0.3214285714285714 0.8214285714285714 0.0
0.3214285714285714 0.857142857142857 0.0
0.3214285714285714 0.8928571428571428 0.0
0.3214285714285714 0.9285714285714284 0.0
0.3214285714285714 0.9642857142857142 0.0
0.357142857142857 -0.9285714285714286 0.0
0.357142857142857 -0.8928571428571429 0.0
0.357142857142857 -0.8571428571428572 0.0
0.357142857142857 -0.8214285714285714 0.0
0.357142857142857 -0.7857142857142857 0.0
0.357142857142857 -0.75 0.0
0.357142857142857 -0.7142857142857143 0.0
0.357142857142857 -0.6785714285714286 0.0
0.357142857142857 -0.6428571428571429 0.0
0.357142857142857 -0.6071428571428572 0.0
0.357142857142857 -0.5714285714285714 0.0
0.357142857142857 -0.5357142857142858 0.0
0.357142857142857 -0.5 0.0
0.357142857142857 -0.4642857142857143 0.0
0.357142857142857 -0.4285714285714286 0.0
0.357142857142857 -0.3928571428571429 0.0
0.357142857142857 -0.3571428571428572 0.0
0.357142857142857 -0.3214285714285715 0.0
0.357142857142857 -0.2826738544474394 0.0
0.357142857142857 -0.2437924528301887 0.0
0.357142857142857 -0.204911051212938 0.0
0.357142857142857 -0.1660296495956874 0.0
0.357142857142857 -0.1271482479784367 0.0
0.357142857142857 -0.08826684636118605 0.0
0.357142857142857 -0.0493854447439354 0.0
0.357142857142857 0.049385444743935275 0.0
0.357142857142857 0.08826684636118581 0.0
0.357142857142857 0.1271482479784366 0.0
0.357142857142857 0.1660296495956874 0.0
0.357142857142857 0.2049110512129379 0.0
0.357142857142857 0.2437924528301887 0.0
0.357142857142857 0.2826738544474392 0.0
0.357142857142857 0.3214285714285714 0.0
0.357142857142857 0.357142857142857 0.0
0.357142857142857 0.3928571428571428 0.0
0.357142857142857 0.4285714285714284 0.0
0.357142857142857 0.4642857142857142 0.0
0.357142857142857 0.5 0.0
0.357142857142857 0.5357142857142856 0.0
0.357142857142857 0.5714285714285714 0.0
0.357142857142857 0.607142857142857 0.0
0.357142857142857 0.6428571428571428 0.0
0.357142857142857 0.6785714285714284 0.0
0.357142857142857 0.7142857142857142 0.0
0.357142857142857 0.75 0.0
0.357142857142857 0.7857142857142856 0.0
0.357142857142857 0.8214285714285714 0.0
0.357142857142857 0.857142857142857 0.0
0.357142857142857 0.8928571428571428 0.0
0.357142857142857 0.9285714285714284 0.0
0.3928571428571428 -0.9285714285714286 0.0
0.3928571428571428 -0.8928571428571429 0.0
0.3928571428571428 -0.8571428571428572 0.0
0.3928571428571428 -0.8214285714285714 0.0
0.3928571428571428 -0.7857142857142857 0.0
0.3928571428571428 -0.75 0.0
0.3928571428571428 -0.7142857142857143 0.0
0.3928571428571428 -0.6785714285714286 0.0
0.3928571428571428 -0.6428571428571429 0.0
0.3928571428571428 -0.6071428571428572 0.0
0.3928571428571428 -0.5714285714285714 0.0
0.3928571428571428 -0.5357142857142858 0.0
0.3928571428571428 -0.5 0.0
0.3928571428571428 -0.4642857142857143 0.0
0.3928571428571428 -0.4285714285714286 0.0
0.3928571428571428 -0.3928571428571429 0.0
0.3928571428571428 -0.3571428571428572 0.0
0.3928571428571428 -0.3214285714285715 0.0
0.3928571428571428 -0.2826738544474394 0.0
0.3928571428571428 -0.2437924528301887 0.0
0.3928571428571428 -0.204911051212938 0.0
0.3928571428571428 -0.1660296495956874 0.0
0.3928571428571428 -0.1271482479784367 0.0
0.3928571428571428 -0.08826684636118605 0.0
0.3928571428571428 -0.0493854447439354 0.0
0.3928571428571428 0.049385444743935275 0.0
0.3928571428571428 0.08826684636118581 0.0
0.3928571428571428 0.1271482479784366 0.0
0.3928571428571428 0.1660296495956874 0.0
0.3928571428571428 0.2049110512129379 0.0
0.3928571428571428 0.2437924528301887 0.0
0.3928571428571428 0.2826738544474392 0.0
0.3928571428571428 0.3214285714285714 0.0
0.3928571428571428 0.357142857142857 0.0
0.3928571428571428 0.3928571428571428 0.0
0.3928571428571428 0.4285714285714284 0.0
0.3928571428571428 0.4642857142857142 0.0
0.3928571428571428 0.5 0.0
0.3928571428571428 0.5357142857142856 0.0
0.3928571428571428 0.5714285714285714 0.0
0.3928571428571428 0.607142857142857 0.0
0.3928571428571428 0.6428571428571428 0.0
0.3928571428571428 0.6785714285714284 0.0
0.3928571428571428 0.7142857142857142 0.0
0.3928571428571428 0.75 0.0
0.3928571428571428 0.7857142857142856 0.0
0.3928571428571428 0.8214285714285714 0.0
0.3928571428571428 0.857142857142857 0.0
0.3928571428571428 0.8928571428571428 0.0
0.3928571428571428 0.9285714285714284 0.0
0.4285714285714284 -0.9285714285714286 0.0
0.4285714285714284 -0.8928571428571429 0.0
0.4285714285714284 -0.8571428571428572 0.0
0.4285714285714284 -0.8214285714285714 0.0
0.4285714285714284 -0.7857142857142857 0.0
0.4285714285714284 -0.75 0.0
0.4285714285714284 -0.7142857142857143 0.0
0.4285714285714284 -0.6785714285714286 0.0
0.4285714285714284 -0.6428571428571429 0.0
0.4285714285714284 -0.6071428571428572 0.0
0.4285714285714284 -0.5714285714285714 0.0
0.4285714285714284 -0.5357142857142858 0.0
0.4285714285714284 -0.5 0.0
0.4285714285714284 -0.4642857142857143 0.0
0.4285714285714284 -0.4285714285714286 0.0
0.4285714285714284 -0.3928571428571429 0.0
0.4285714285714284 -0.3571428571428572 0.0
0.4285714285714284 -0.3214285714285715 0.0
0.4285714285714284 -0.2826738544474394 0.0
0.4285714285714284 -0.2437924528301887 0.0
0.4285714285714284 -0.204911051212938 0.0
0.4285714285714284 -0.1660296495956874 0.0
0.4285714285714284 -0.1271482479784367 0.0
0.4285714285714284 -0.08826684636118605 0.0
0.4285714285714284 -0.0493854447439354 0.0
0.4285714285714284 0.049385444743935275 0.0
0.4285714285714284 0.08826684636118581 0.0
0.4285714285714284 0.1271482479784366 0.0
0.4285714285714284 0.1660296495956874 0.0
0.4285714285714284 0.2049110512129379 0.0
0.4285714285714284 0.2437924528301887 0.0
0.4285714285714284 0.2826738544474392 0.0
0.4285714285714284 0.3214285714285714 0.0
0.4285714285714284 0.357142857142857 0.0
0.4285714285714284 0.3928571428571428 0.0
0.4285714285714284 0.4285714285714284 0.0
0.4285714285714284 0.4642857142857142 0.0
0.4285714285714284 0.5 0.0
0.4285714285714284 0.5357142857142856 0.0
0.4285714285714284 0.5714285714285714 0.0
0.4285714285714284 0.607142857142857 0.0
0.4285714285714284 0.6428571428571428 0.0
0.4285714285714284 0.6785714285714284 0.0
0.4285714285714284 0.7142857142857142 0.0
0.4285714285714284 0.75 0.0
0.4285714285714284 0.7857142857142856 0.0
0.4285714285714284 0.8214285714285714 0.0
0.4285714285714284 0.857142857142857 0.0
0.4285714285714284 0.8928571428571428 0.0
0.4285714285714284 0.9285714285714284 0.0
0.4642857142857142 -0.8928571428571429 0.0
0.4642857142857142 -0.8571428571428572 0.0
0.4642857142857142 -0.8214285714285714 0.0
0.4642857142857142 -0.7857142857142857 0.0
0.4642857142857142 -0.75 0.0
0.4642857142857142 -0.7142857142857143 0.0
0.4642857142857142 -0.6785714285714286 0.0
0.4642857142857142 -0.6428571428571429 0.0
0.4642857142857142 -0.6071428571428572 0.0
0.4642857142857142 -0.5714285714285714 0.0
0.4642857142857142 -0.5357142857142858 0.0
0.4642857142857142 -0.5 0.0
0.4642857142857142 -0.4642857142857143 0.0
0.4642857142857142 -0.4285714285714286 0.0
0.4642857142857142 -0.3928571428571429 0.0
0.4642857142857142 -0.3571428571428572 0.0
0.4642857142857142 -0.3214285714285715 0.0
0.4642857142857142 -0.2826738544474394 0.0
0.4642857142857142 -0.2437924528301887 0.0
0.4642857142857142 -0.204911051212938 0.0
0.4642857142857142 -0.1660296495956874 0.0
0.4642857142857142 -0.1271482479784367 0.0
0.4642857142857142 -0.08826684636118605 0.0
0.4642857142857142 -0.0493854447439354 0.0
0.4642857142857142 0.049385444743935275 0.0
0.4642857142857142 0.08826684636118581 0.0
0.4642857142857142 0.1271482479784366 0.0
0.4642857142857142 0.1660296495956874 0.0
0.4642857142857142 0.2049110512129379 0.0
0.4642857142857142 0.2437924528301887 0.0
0.4642857142857142 0.2826738544474392 0.0
0.4642857142857142 0.3214285714285714 0.0
0.4642857142857142 0.357142857142857 0.0
0.4642857142857142 0.3928571428571428 0.0
0.4642857142857142 0.4285714285714284 0.0
0.4642857142857142 0.4642857142857142 0.0
0.4642857142857142 0.5 0.0
0.4642857142857142 0.5357142857142856 0.0
0.4642857142857142 0.5714285714285714 0.0
0.4642857142857142 0.607142857142857 0.0
0.4642857142857142 0.6428571428571428 0.0
0.4642857142857142 0.6785714285714284 0.0
0.4642857142857142 0.7142857142857142 0.0
0.4642857142857142 0.75 0.0
0.4642857142857142 0.7857142857142856 0.0
0.4642857142857142 0.8214285714285714 0.0
0.4642857142857142 0.857142857142857 0.0
0.4642857142857142 0.8928571428571428 0.0
0.5 -0.8928571428571429 0.0
0.5 -0.8571428571428572 0.0
0.5 -0.8214285714285714 0.0
0.5 -0.7857142857142857 0.0
0.5 -0.75 0.0
0.5 -0.7142857142857143 0.0
0.5 -0.6785714285714286 0.0
0.5 -0.6428571428571429 0.0
0.5 -0.6071428571428572 0.0
0.5 -0.5714285714285714 0.0
0.5 -0.5357142857142858 0.0
0.5 -0.5 0.0
0.5 -0.4642857142857143 0.0
0.5 -0.4285714285714286 0.0
0.5 -0.3928571428571429 0.0
0.5 -0.3571428571428572 0.0
0.5 -0.3214285714285715 0.0
0.5 -0.2826738544474394 0.0
0.5 -0.2437924528301887 0.0
0.5 -0.204911051212938 0.0
0.5 -0.1660296495956874 0.0
0.5 -0.1271482479784367 0.0
0.5 -0.08826684636118605 0.0
0.5 -0.0493854447439354 0.0
0.5 0.049385444743935275 0.0
0.5 0.08826684636118581 0.0
0.5 0.1271482479784366 0.0
0.5 0.1660296495956874 0.0
0.5 0.2049110512129379 0.0
0.5 0.2437924528301887 0.0
0.5 0.2826738544474392 0.0
0.5 0.3214285714285714 0.0
0.5 0.357142857142857 0.0
0.5 0.3928571428571428 0.0
0.5 0.4285714285714284 0.0
0.5 0.4642857142857142 0.0
0.5 0.5 0.0
0.5 0.5357142857142856 0.0
0.5 0.5714285714285714 0.0
0.5 0.607142857142857 0.0
0.5 0.6428571428571428 0.0
0.5 0.6785714285714284 0.0
0.5 0.7142857142857142 0.0
0.5 0.75 0.0
0.5 0.7857142857142856 0.0
0.5 0.8214285714285714 0.0
0.5 0.857142857142857 0.0
0.5 0.8928571428571428 0.0
0.5357142857142856 -0.8571428571428572 0.0
0.5357142857142856 -0.8214285714285714 0.0
0.5357142857142856 -0.7857142857142857 0.0
0.5357142857142856 -0.75 0.0
0.5357142857142856 -0.7142857142857143 0.0
0.5357142857142856 -0.6785714285714286 0.0
0.5357142857142856 -0.6428571428571429 0.0
0.5357142857142856 -0.6071428571428572 0.0
0.5357142857142856 -0.5714285714285714 0.0
0.5357142857142856 -0.5357142857142858 0.0
0.5357142857142856 -0.5 0.0
0.5357142857142856 -0.4642857142857143 0.0
0.5357142857142856 -0.4285714285714286 0.0
0.5357142857142856 -0.3928571428571429 0.0
0.5357142857142856 -0.3571428571428572 0.0
0.5357142857142856 -0.3214285714285715 0.0
0.5357142857142856 -0.2826738544474394 0.0
0.5357142857142856 -0.2437924528301887 0.0
0.5357142857142856 -0.204911051212938 0.0
0.5357142857142856 -0.1660296495956874 0.0
0.5357142857142856 -0.1271482479784367 0.0
0.5357142857142856 -0.08826684636118605 0.0
0.5357142857142856 -0.0493854447439354 0.0
0.5357142857142856 0.049385444743935275 0.0
0.5357142857142856 0.08826684636118581 0.0
0.5357142857142856 0.1271482479784366 0.0
0.5357142857142856 0.1660296495956874 0.0
0.5357142857142856 0.2049110512129379 0.0
0.5357142857142856 0.2437924528301887 0.0
0.5357142857142856 0.2826738544474392 0.0
0.5357142857142856 0.3214285714285714 0.0
0.5357142857142856 0.357142857142857 0.0
0.5357142857142856 0.3928571428571428 0.0
0.5357142857142856 0.4285714285714284 0.0
0.5357142857142856 0.4642857142857142 0.0
0.5357142857142856 0.5 0.0
0.5357142857142856 0.5357142857142856 0.0
0.5357142857142856 0.5714285714285714 0.0
0.5357142857142856 0.607142857142857 0.0
0.5357142857142856 0.6428571428571428 0.0
0.5357142857142856 0.6785714285714284 0.0
0.5357142857142856 0.7142857142857142 0.0
0.5357142857142856 0.75 0.0
0.5357142857142856 0.7857142857142856 0.0
0.5357142857142856 0.8214285714285714 0.0
0.5357142857142856 0.857142857142857 0.0
0.5714285714285714 -0.8214285714285714 0.0
0.5714285714285714 -0.7857142857142857 0.0
0.5714285714285714 -0.75 0.0
0.5714285714285714 -0.7142857142857143 0.0
0.5714285714285714 -0.6785714285714286 0.0
0.5714285714285714 -0.6428571428571429 0.0
0.5714285714285714 -0.6071428571428572 0.0
0.5714285714285714 -0.5714285714285714 0.0
0.5714285714285714 -0.5357142857142858 0.0
0.5714285714285714 -0.5 0.0
0.5714285714285714 -0.4642857142857143 0.0
0.5714285714285714 -0.4285714285714286 0.0
0.5714285714285714 -0.3928571428571429 0.0
0.5714285714285714 -0.3571428571428572 0.0
0.5714285714285714 -0.3214285714285715 0.0
0.5714285714285714 -0.2826738544474394 0.0
0.5714285714285714 -0.2437924528301887 0.0
0.5714285714285714 -0.204911051212938 0.0
0.5714285714285714 -0.1660296495956874 0.0
0.5714285714285714 -0.1271482479784367 0.0
0.5714285714285714 -0.08826684636118605 0.0
0.5714285714285714 -0.0493854447439354 0.0
0.5714285714285714 0.049385444743935275 0.0
0.5714285714285714 0.08826684636118581 0.0
0.5714285714285714 0.1271482479784366 0.0
0.5714285714285714 0.1660296495956874 0.0
0.5714285714285714 0.2049110512129379 0.0
0.5714285714285714 0.2437924528301887 0.0
0.5714285714285714 0.2826738544474392 0.0
0.5714285714285714 0.3214285714285714 0.0
0.5714285714285714 0.357142857142857 0.0
0.5714285714285714 0.3928571428571428 0.0
0.5714285714285714 0.4285714285714284 0.0
0.5714285714285714 0.4642857142857142 0.0
0.5714285714285714 0.5 0.0
0.5714285714285714 0.5357142857142856 0.0
0.5714285714285714 0.5714285714285714 0.0
0.5714285714285714 0.607142857142857 0.0
0.5714285714285714 0.6428571428571428 0.0
0.5714285714285714 0.6785714285714284 0.0
0.5714285714285714 0.7142857142857142 0.0
0.5714285714285714 0.75 0.0
0.5714285714285714 0.7857142857142856 0.0
0.5714285714285714 0.8214285714285714 0.0
0.607142857142857 -0.8214285714285714 0.0
0.607142857142857 -0.7857142857142857 0.0
0.607142857142857 -0.75 0.0
0.607142857142857 -0.7142857142857143 0.0
0.607142857142857 -0.6785714285714286 0.0
0.607142857142857 -0.6428571428571429 0.0
0.607142857142857 -0.6071428571428572 0.0
0.607142857142857 -0.5714285714285714 0.0
0.607142857142857 -0.5357142857142858 0.0
0.607142857142857 -0.5 0.0
0.607142857142857 -0.4642857142857143 0.0
0.607142857142857 -0.4285714285714286 0.0
0.607142857142857 -0.3928571428571429 0.0
0.607142857142857 -0.3571428571428572 0.0
0.607142857142857 -0.3214285714285715 0.0
0.607142857142857 -0.2826738544474394 0.0
0.607142857142857 -0.2437924528301887 0.0
0.607142857142857 -0.204911051212938 0.0
0.607142857142857 -0.1660296495956874 0.0
0.607142857142857 -0.1271482479784367 0.0
0.607142857142857 -0.08826684636118605 0.0
0.607142857142857 -0.0493854447439354 0.0
0.607142857142857 0.049385444743935275 0.0
0.607142857142857 0.08826684636118581 0.0
0.607142857142857 0.1271482479784366 0.0
0.607142857142857 0.1660296495956874 0.0
0.607142857142857 0.2049110512129379 0.0
0.607142857142857 0.2437924528301887 0.0
0.607142857142857 0.2826738544474392 0.0
0.607142857142857 0.3214285714285714 0.0
0.607142857142857 0.357142857142857 0.0
0.607142857142857 0.3928571428571428 0.0
0.607142857142857 0.4285714285714284 0.0
0.607142857142857 0.4642857142857142 0.0
0.607142857142857 0.5 0.0
0.607142857142857 0.5357142857142856 0.0
0.607142857142857 0.5714285714285714 0.0
0.607142857142857 0.607142857142857 0.0
0.607142857142857 0.6428571428571428 0.0
0.607142857142857 0.6785714285714284 0.0
0.607142857142857 0.7142857142857142 0.0
0.607142857142857 0.75 0.0
0.607142857142857 0.7857142857142856 0.0
0.607142857142857 0.8214285714285714 0.0
0.6428571428571428 -0.7857142857142857 0.0
0.6428571428571428 -0.75 0.0
0.6428571428571428 -0.7142857142857143 0.0
0.6428571428571428 -0.6785714285714286 0.0
0.6428571428571428 -0.6428571428571429 0.0
0.6428571428571428 -0.6071428571428572 0.0
0.6428571428571428 -0.5714285714285714 0.0
0.6428571428571428 -0.5357142857142858 0.0
0.6428571428571428 -0.5 0.0
0.6428571428571428 -0.4642857142857143 0.0
0.6428571428571428 -0.4285714285714286 0.0
0.6428571428571428 -0.3928571428571429 0.0
0.6428571428571428 -0.3571428571428572 0.0
0.6428571428571428 -0.3214285714285715 0.0
0.6428571428571428 -0.2826738544474394 0.0
0.6428571428571428 -0.2437924528301887 0.0
0.6428571428571428 -0.204911051212938 0.0
0.6428571428571428 -0.1660296495956874 0.0
0.6428571428571428 -0.1271482479784367 0.0
0.6428571428571428 -0.08826684636118605 0.0
0.6428571428571428 -0.0493854447439354 0.0
0.6428571428571428 0.049385444743935275 0.0
0.6428571428571428 0.08826684636118581 0.0
0.6428571428571428 0.1271482479784366 0.0
0.6428571428571428 0.1660296495956874 0.0
0.6428571428571428 0.2049110512129379 0.0
0.6428571428571428 0.2437924528301887 0.0
0.6428571428571428 0.2826738544474392 0.0
0.6428571428571428 0.3214285714285714 0.0
0.6428571428571428 0.357142857142857 0.0
0.6428571428571428 0.3928571428571428 0.0
0.6428571428571428 0.4285714285714284 0.0
0.6428571428571428 0.4642857142857142 0.0
0.6428571428571428 0.5 0.0
0.6428571428571428 0.5357142857142856 0.0
0.6428571428571428 0.5714285714285714 0.0
0.6428571428571428 0.607142857142857 0.0
0.6428571428571428 0.6428571428571428 0.0
0.6428571428571428 0.6785714285714284 0.0
0.6428571428571428 0.7142857142857142 0.0
0.6428571428571428 0.75 0.0
0.6428571428571428 0.7857142857142856 0.0
0.6785714285714284 -0.75 0.0
0.6785714285714284 -0.7142857142857143 0.0
0.6785714285714284 -0.6785714285714286 0.0
0.6785714285714284 -0.6428571428571429 0.0
0.6785714285714284 -0.6071428571428572 0.0
0.6785714285714284 -0.5714285714285714 0.0
0.6785714285714284 -0.5357142857142858 0.0
0.6785714285714284 -0.5 0.0
0.6785714285714284 -0.4642857142857143 0.0
0.6785714285714284 -0.4285714285714286 0.0
0.6785714285714284 -0.3928571428571429 0.0
0.6785714285714284 -0.3571428571428572 0.0
0.6785714285714284 -0.3214285714285715 0.0
0.6785714285714284 -0.2826738544474394 0.0
0.6785714285714284 -0.2437924528301887 0.0
0.6785714285714284 -0.204911051212938 0.0
0.6785714285714284 -0.1660296495956874 0.0
0.6785714285714284 -0.1271482479784367 0.0
0.6785714285714284 -0.08826684636118605 0.0
0.6785714285714284 -0.0493854447439354 0.0
0.6785714285714284 0.049385444743935275 0.0
0.6785714285714284 0.08826684636118581 0.0
0.6785714285714284 0.1271482479784366 0.0
0.6785714285714284 0.1660296495956874 0.0
0.6785714285714284 0.2049110512129379 0.0
0.6785714285714284 0.2437924528301887 0.0
0.6785714285714284 0.2826738544474392 0.0
0.6785714285714284 0.3214285714285714 0.0
0.6785714285714284 0.357142857142857 0.0
0.6785714285714284 0.3928571428571428 0.0
0.6785714285714284 0.4285714285714284 0.0
0.6785714285714284 0.4642857142857142 0.0
0.6785714285714284 0.5 0.0
0.6785714285714284 0.5357142857142856 0.0
0.6785714285714284 0.5714285714285714 0.0
0.6785714285714284 0.607142857142857 0.0
0.6785714285714284 0.6428571428571428 0.0
0.6785714285714284 0.6785714285714284 0.0
0.6785714285714284 0.7142857142857142 0.0
0.6785714285714284 0.75 0.0
0.7142857142857142 -0.7142857142857143 0.0
0.7142857142857142 -0.6785714285714286 0.0
0.7142857142857142 -0.6428571428571429 0.0
0.7142857142857142 -0.6071428571428572 0.0
0.7142857142857142 -0.5714285714285714 0.0
0.7142857142857142 -0.5357142857142858 0.0
0.7142857142857142 -0.5 0.0
0.7142857142857142 -0.4642857142857143 0.0
0.7142857142857142 -0.4285714285714286 0.0
0.7142857142857142 -0.3928571428571429 0.0
0.7142857142857142 -0.3571428571428572 0.0
0.7142857142857142 -0.3214285714285715 0.0
0.7142857142857142 -0.2826738544474394 0.0
0.7142857142857142 -0.2437924528301887 0.0
0.7142857142857142 -0.204911051212938 0.0
0.7142857142857142 -0.1660296495956874 0.0
0.7142857142857142 -0.1271482479784367 0.0
0.7142857142857142 -0.08826684636118605 0.0
0.7142857142857142 -0.0493854447439354 0.0
0.7142857142857142 0.049385444743935275 0.0
0.7142857142857142 0.08826684636118581 0.0
0.7142857142857142 0.1271482479784366 0.0
0.7142857142857142 0.1660296495956874 0.0
0.7142857142857142 0.2049110512129379 0.0
0.7142857142857142 0.2437924528301887 0.0
0.7142857142857142 0.2826738544474392 0.0
0.7142857142857142 0.3214285714285714 0.0
0.7142857142857142 0.357142857142857 0.0
0.7142857142857142 0.3928571428571428 0.0
0.7142857142857142 0.4285714285714284 0.0
0.7142857142857142 0.4642857142857142 0.0
0.7142857142857142 0.5 0.0
0.7142857142857142 0.5357142857142856 0.0
0.7142857142857142 0.5714285714285714 0.0
0.7142857142857142 0.607142857142857 0.0
0.7142857142857142 0.6428571428571428 0.0
0.7142857142857142 0.6785714285714284 0.0
0.7142857142857142 0.7142857142857142 0.0
0.75 -0.6785714285714286 0.0
0.75 -0.6428571428571429 0.0
0.75 -0.6071428571428572 0.0
0.75 -0.5714285714285714 0.0
0.75 -0.5357142857142858 0.0
0.75 -0.5 0.0
0.75 -0.4642857142857143 0.0
0.75 -0.4285714285714286 0.0
0.75 -0.3928571428571429 0.0
0.75 -0.3571428571428572 0.0
0.75 -0.3214285714285715 0.0
0.75 -0.2826738544474394 0.0
0.75 -0.2437924528301887 0.0
0.75 -0.204911051212938 0.0
0.75 -0.1660296495956874 0.0
0.75 -0.1271482479784367 0.0
0.75 -0.08826684636118605 0.0
0.75 -0.0493854447439354 0.0
0.75 0.049385444743935275 0.0
0.75 0.08826684636118581 0.0
0.75 0.1271482479784366 0.0
0.75 0.1660296495956874 0.0
0.75 0.2049110512129379 0.0
0.75 0.2437924528301887 0.0
0.75 0.2826738544474392 0.0
0.75 0.3214285714285714 0.0
0.75 0.357142857142857 0.0
0.75 0.3928571428571428 0.0
0.75 0.4285714285714284 0.0
0.75 0.4642857142857142 0.0
0.75 0.5 0.0
0.75 0.5357142857142856 0.0
0.75 0.5714285714285714 0.0
0.75 0.607142857142857 0.0
0.75 0.6428571428571428 0.0
0.75 0.6785714285714284 0.0
0.7857142857142856 -0.6428571428571429 0.0
0.7857142857142856 -0.6071428571428572 0.0
0.7857142857142856 -0.5714285714285714 0.0
0.7857142857142856 -0.5357142857142858 0.0
0.7857142857142856 -0.5 0.0
0.7857142857142856 -0.4642857142857143 0.0
0.7857142857142856 -0.4285714285714286 0.0
0.7857142857142856 -0.3928571428571429 0.0
0.7857142857142856 -0.3571428571428572 0.0
0.7857142857142856 -0.3214285714285715 0.0
0.7857142857142856 -0.2826738544474394 0.0
0.7857142857142856 -0.2437924528301887 0.0
0.7857142857142856 -0.204911051212938 0.0
0.7857142857142856 -0.1660296495956874 0.0
0.7857142857142856 -0.1271482479784367 0.0
0.7857142857142856 -0.08826684636118605 0.0
0.7857142857142856 -0.0493854447439354 0.0
0.7857142857142856 0.049385444743935275 0.0
0.7857142857142856 0.08826684636118581 0.0
0.7857142857142856 0.1271482479784366 0.0
0.7857142857142856 0.1660296495956874 0.0
0.7857142857142856 0.2049110512129379 0.0
0.7857142857142856 0.2437924528301887 0.0
0.7857142857142856 0.2826738544474392 0.0
0.7857142857142856 0.3214285714285714 0.0
0.7857142857142856 0.357142857142857 0.0
0.7857142857142856 0.3928571428571428 0.0
0.7857142857142856 0.4285714285714284 0.0
0.7857142857142856 0.4642857142857142 0.0
0.7857142857142856 0.5 0.0
0.7857142857142856 0.5357142857142856 0.0
0.7857142857142856 0.5714285714285714 0.0
0.7857142857142856 0.607142857142857 0.0
0.7857142857142856 0.6428571428571428 0.0
0.8214285714285714 -0.6071428571428572 0.0
0.8214285714285714 -0.5714285714285714 0.0
0.8214285714285714 -0.5357142857142858 0.0
0.8214285714285714 -0.5 0.0
0.8214285714285714 -0.4642857142857143 0.0
0.8214285714285714 -0.4285714285714286 0.0
0.8214285714285714 -0.3928571428571429 0.0
0.8214285714285714 -0.3571428571428572 0.0
0.8214285714285714 -0.3214285714285715 0.0
0.8214285714285714 -0.2826738544474394 0.0
0.8214285714285714 -0.2437924528301887 0.0
0.8214285714285714 -0.204911051212938 0.0
0.8214285714285714 -0.1660296495956874 0.0
0.8214285714285714 -0.1271482479784367 0.0
0.8214285714285714 -0.08826684636118605 0.0
0.8214285714285714 -0.0493854447439354 0.0
0.8214285714285714 0.049385444743935275 0.0
0.8214285714285714 0.08826684636118581 0.0
0.8214285714285714 0.1271482479784366 0.0
0.8214285714285714 0.1660296495956874 0.0
0.8214285714285714 0.2049110512129379 0.0
0.8214285714285714 0.2437924528301887 0.0
0.8214285714285714 0.2826738544474392 0.0
0.8214285714285714 0.3214285714285714 0.0
0.8214285714285714 0.357142857142857 0.0
0.8214285714285714 0.3928571428571428 0.0
0.8214285714285714 0.4285714285714284 0.0
0.8214285714285714 0.4642857142857142 0.0
0.8214285714285714 0.5 0.0
0.8214285714285714 0.5357142857142856 0.0
0.8214285714285714 0.5714285714285714 0.0
0.8214285714285714 0.607142857142857 0.0
0.857142857142857 -0.5357142857142858 0.0
0.857142857142857 -0.5 0.0
0.857142857142857 -0.4642857142857143 0.0
0.857142857142857 -0.4285714285714286 0.0
0.857142857142857 -0.3928571428571429 0.0
0.857142857142857 -0.3571428571428572 0.0
0.857142857142857 -0.3214285714285715 0.0
0.857142857142857 -0.2826738544474394 0.0
0.857142857142857 -0.2437924528301887 0.0
0.857142857142857 -0.204911051212938 0.0
0.857142857142857 -0.1660296495956874 0.0
0.857142857142857 -0.1271482479784367 0.0
0.857142857142857 -0.08826684636118605 0.0
0.857142857142857 -0.0493854447439354 0.0
0.857142857142857 0.049385444743935275 0.0
0.857142857142857 0.08826684636118581 0.0
0.857142857142857 0.1271482479784366 0.0
0.857142857142857 0.1660296495956874 0.0
0.857142857142857 0.2049110512129379 0.0
0.857142857142857 0.2437924528301887 0.0
0.857142857142857 0.2826738544474392 0.0
0.857142857142857 0.3214285714285714 0.0
0.857142857142857 0.357142857142857 0.0
0.857142857142857 0.3928571428571428 0.0
0.857142857142857 0.4285714285714284 0.0
0.857142857142857 0.4642857142857142 0.0
0.857142857142857 0.5 0.0
0.857142857142857 0.5357142857142856 0.0
0.8928571428571428 -0.5 0.0
0.8928571428571428 -0.4642857142857143 0.0
0.8928571428571428 -0.4285714285714286 0.0
0.8928571428571428 -0.3928571428571429 0.0
0.8928571428571428 -0.3571428571428572 0.0
0.8928571428571428 -0.3214285714285715 0.0
0.8928571428571428 -0.2826738544474394 0.0
0.8928571428571428 -0.2437924528301887 0.0
0.8928571428571428 -0.204911051212938 0.0
0.8928571428571428 -0.1660296495956874 0.0
0.8928571428571428 -0.1271482479784367 0.0
0.8928571428571428 -0.08826684636118605 0.0
0.8928571428571428 -0.0493854447439354 0.0
0.8928571428571428 0.049385444743935275 0.0
0.8928571428571428 0.08826684636118581 0.0
0.8928571428571428 0.1271482479784366 0.0
0.8928571428571428 0.1660296495956874 0.0
0.8928571428571428 0.2049110512129379 0.0
0.8928571428571428 0.2437924528301887 0.0
0.8928571428571428 0.2826738544474392 0.0
0.8928571428571428 0.3214285714285714 0.0
0.8928571428571428 0.357142857142857 0.0
0.8928571428571428 0.3928571428571428 0.0
0.8928571428571428 0.4285714285714284 0.0
0.8928571428571428 0.4642857142857142 0.0
0.8928571428571428 0.5 0.0
0.9285714285714284 -0.4285714285714286 0.0
0.9285714285714284 -0.3928571428571429 0.0
0.9285714285714284 -0.3571428571428572 0.0
0.9285714285714284 -0.3214285714285715 0.0
0.9285714285714284 -0.2826738544474394 0.0
0.9285714285714284 -0.2437924528301887 0.0
0.9285714285714284 -0.204911051212938 0.0
0.9285714285714284 -0.1660296495956874 0.0
0.9285714285714284 -0.1271482479784367 0.0
0.9285714285714284 -0.08826684636118605 0.0
0.9285714285714284 -0.0493854447439354 0.0
0.9285714285714284 0.049385444743935275 0.0
0.9285714285714284 0.08826684636118581 0.0
0.9285714285714284 0.1271482479784366 0.0
0.9285714285714284 0.1660296495956874 0.0
0.9285714285714284 0.2049110512129379 0.0
0.9285714285714284 0.2437924528301887 0.0
0.9285714285714284 0.2826738544474392 0.0
0.9285714285714284 0.3214285714285714 0.0
0.9285714285714284 0.357142857142857 0.0
0.9285714285714284 0.3928571428571428 0.0
0.9285714285714284 0.4285714285714284 0.0
0.9642857142857142 -0.3214285714285715 0.0
0.9642857142857142 -0.2857142857142858 0.0
0.9642857142857142 -0.25 0.0
0.9642857142857142 -0.2142857142857143 0.0
0.9642857142857142 -0.1785714285714286 0.0
0.9642857142857142 -0.1428571428571429 0.0
0.9642857142857142 -0.1071428571428572 0.0
0.9642857142857142 -0.07142857142857151 0.0
0.9642857142857142 0.0714285714285714 0.0
0.9642857142857142 0.10714285714285698 0.0
0.9642857142857142 0.1428571428571428 0.0
0.9642857142857142 0.1785714285714286 0.0
0.9642857142857142 0.2142857142857142 0.0
0.9642857142857142 0.25 0.0
0.9642857142857142 0.2857142857142856 0.0
0.9642857142857142 0.3214285714285714 0.0
1.0 -0.1785714285714286 0.0
1.0 -0.1428571428571429 0.0
1.0 -0.1071428571428572 0.0
1.0 -0.07142857142857151 0.0
1.0 -0.03571428571428581 0.0
0.9642857142857142 -0.03571428571428581 0.0
1.0 0.0 0.0
0.9642857142857142 0.0 0.0
1.0 0.03571428571428559 0.0
0.9642857142857142 0.03571428571428559 0.0
1.0 0.0714285714285714 0.0
1.0 0.10714285714285698 0.0
1.0 0.1428571428571428 0.0
1.0 0.1785714285714286 0.0
3 0 1 2
3 0 2 3
3 3 2 4
3 3 4 5
3 5 4 6
3 5 6 7
3 7 6 8
3 7 8 9
3 9 8 10
3 9 10 11
3 11 10 12
3 11 12 13
3 13 12 14
3 13 14 15
3 15 14 16
3 15 16 17
3 17 16 18
3 17 18 19
3 19 18 20
3 19 20 21
3 22 23 24
3 22 24 25
3 25 24 26
3 25 26 27
3 27 26 28
3 27 28 29
3 29 28 30
3 29 30 1
3 1 30 31
3 1 31 2
3 2 31 32
3 2 32 4
3 4 32 33
3 4 33 6
3 6 33 34
3 6 34 8
3 8 34 35
3 8 35 10
3 10 35 36
3 10 36 12
3 12 36 37
3 12 37 14
3 14 37 38
3 14 38 16
3 16 38 39
3 16 39 18
3 18 39 40
3 18 40 20
3 20 40 41
3 20 41 42
3 42 41 43
3 42 43 44
3 44 43 45
3 44 45 46
3 46 45 47
3 46 47 48
3 49 50 51
3 49 51 52
3 52 51 53
3 52 53 54
3 54 53 55
3 54 55 23
3 23 55 56
3 23 56 24
3 24 56 57
3 24 57 26
3 26 57 58
3 26 58 28
3 28 58 59
3 28 59 30
3 30 59 60
3 30 60 31
3 31 60 61
3 31 61 32
3 32 61 62
3 32 62 33
3 33 62 63
3 33 63 34
3 34 63 64
3 34 64 35
3 35 64 65
3 35 65 36
3 36 65 66
3 36 66 37
3 37 66 67
3 37 67 38
3 38 67 68
3 38 68 39
3 39 68 69
3 39 69 40
3 40 69 70
3 40 70 41
3 41 70 71
3 41 71 43
3 43 71 72
3 43 72 45
3 45 72 73
3 45 73 47
3 47 73 74
3 47 74 75
3 75 74 76
3 75 76 77
3 77 76 78
3 77 78 79
3 80 81 82
3 80 82 83
3 83 82 84
3 83 84 50
3 50 84 85
3 50 85 51
3 51 85 86
3 51 86 53
3 53 86 87
3 53 87 55
3 55 87 88
3 55 88 56
3 56 88 89
3 56 89 57
3 57 89 90
3 57 90 58
3 58 90 91
3 58 91 59
3 59 91 92
3 59 92 60
3 60 92 93
3 60 93 61
3 61 93 94
3 61 94 62
3 62 94 95
3 62 95 63
3 63 95 96
3 63 96 64
3 64 96 97
3 64 97 65
3 65 97 98
3 65 98 66
3 66 98 99
3 66 99 67
3 67 99 100
3 67 100 68
3 68 100 101
3 68 101 69
3 69 101 102
3 69 102 70
3 70 102 103
3 70 103 71
3 71 103 104
3 71 104 72
3 72 104 105
3 72 105 73
3 73 105 106
3 73 106 74
3 74 106 107
3 74 107 76
3 76 107 108
3 76 108 78
3 78 108 109
3 78 109 110
3 110 109 111
3 110 111 112
3 113 114 115
3 113 115 81
3 81 115 116
3 81 116 82
3 82 116 117
3 82 117 84
3 84 117 118
3 84 118 85
3 85 118 119
3 85 119 86
3 86 119 120
3 86 120 87
3 87 120 121
3 87 121 88
3 88 121 122
3 88 122 89
3 89 122 123
3 89 123 90
3 90 123 124
3 90 124 91
3 91 124 125
3 91 125 92
3 92 125 126
3 92 126 93
3 93 126 127
3 93 127 94
3 94 127 128
3 94 128 95
3 95 128 129
3 95 129 96
3 96 129 130
3 96 130 97
3 97 130 131
3 97 131 98
3 98 131 132
3 98 132 99
3 99 132 133
3 99 133 100
3 100 133 134
3 100 134 101
3 101 134 135
3 101 135 102
3 102 135 136
3 102 136 103
3 103 136 137
3 103 137 104
3 104 137 138
3 104 138 105
3 105 138 139
3 105 139 106
3 106 139 140
3 106 140 107
3 107 140 141
3 107 141 108
3 108 141 142
3 108 142 109
3 109 142 143
3 109 143 111
3 111 143 144
3 111 144 145
3 146 147 148
3 146 148 149
3 149 148 150
3 149 150 114
3 114 150 151
3 114 151 115
3 115 151 152
3 115 152 116
3 116 152 153
3 116 153 117
3 117 153 154
3 117 154 118
3 118 154 155
3 118 155 119
3 119 155 156
3 119 156 120
3 120 156 157
3 120 157 121
3 121 157 158
3 121 158 122
3 122 158 159
3 122 159 123
3 123 159 160
3 123 160 124
3 124 160 161
3 124 161 125
3 125 161 162
3 125 162 126
3 126 162 163
3 126 163 127
3 127 163 164
3 127 164 128
3 128 164 165
3 128 165 129
3 129 165 166
3 129 166 130
3 130 166 167
3 130 167 131
3 131 167 168
3 131 168 132
3 132 168 169
3 132 169 133
3 133 169 170
3 133 170 134
3 134 170 171
3 134 171 135
3 135 171 172
3 135 172 136
3 136 172 173
3 136 173 137
3 137 173 174
3 137 174 138
3 138 174 175
3 138 175 139
3 139 175 176
3 139 176 140
3 140 176 177
3 140 177 141
3 141 177 178
3 141 178 142
3 142 178 179
3 142 179 143
3 143 179 180
3 143 180 144
3 144 180 181
3 144 181 182
3 182 181 183
3 182 183 184
3 185 186 187
3 185 187 147
3 147 187 188
3 147 188 148
3 148 188 189
3 148 189 150
3 150 189 190
3 150 190 151
3 151 190 191
3 151 191 152
3 152 191 192
3 152 192 153
3 153 192 193
3 153 193 154
3 154 193 194
3 154 194 155
3 155 194 195
3 155 195 156
3 156 195 196
3 156 196 157
3 157 196 197
3 157 197 158
3 158 197 198
3 158 198 159
3 159 198 199
3 159 199 160
3 160 199 200
3 160 200 161
3 161 200 201
3 161 201 162
3 162 201 202
3 162 202 163
3 163 202 203
3 163 203 164
3 164 203 204
3 164 204 165
3 165 204 205
3 165 205 166
3 166 205 206
3 166 206 167
3 167 206 207
3 167 207 168
3 168 207 208
3 168 208 169
3 169 208 209
3 169 209 170
3 170 209 210
3 170 210 171
3 171 210 211
3 171 211 172
3 172 211 212
3 172 212 173
3 173 212 213
3 173 213 174
3 174 213 214
3 174 214 175
3 175 214 215
3 175 215 176
3 176 215 216
3 176 216 177
3 177 216 217
3 177 217 178
3 178 217 218
3 178 218 179
3 179 218 219
3 179 219 180
3 180 219 220
3 180 220 181
3 181 220 221
3 181 221 183
3 183 221 222
3 183 222 223
3 224 225 226
3 224 226 186
3 186 226 227
3 186 227 187
3 187 227 228
3 187 228 188
3 188 228 229
3 188 229 189
3 189 229 230
3 189 230 190
3 190 230 231
3 190 231 191
3 191 231 232
3 191 232 192
3 192 232 233
3 192 233 193
3 193 233 234
3 193 234 194
3 194 234 235
3 194 235 195
3 195 235 236
3 195 236 196
3 196 236 237
3 196 237 197
3 197 237 238
3 197 238 198
3 198 238 239
3 198 239 199
3 199 239 240
3 199 240 200
3 200 240 241
3 200 241 201
3 201 241 242
3 201 242 202
3 202 242 243
3 202 243 203
3 203 243 244
3 203 244 204
3 204 244 245
3 204 245 205
3 205 245 246
3 205 246 206
3 206 246 247
3 206 247 207
3 207 247 248
3 207 248 208
3 208 248 249
3 208 249 209
3 209 249 250
3 209 250 210
3 210 250 251
3 210 251 211
3 211 251 252
3 211 252 212
3 212 252 253
3 212 253 213
3 213 253 254
3 213 254 214
3 214 254 255
3 214 255 215
3 215 255 256
3 215 256 216
3 216 256 257
3 216 257 217
3 217 257 258
3 217 258 218
3 218 258 259
3 218 259 219
3 219 259 260
3 219 260 220
3 220 260 261
3 220 261 221
3 221 261 262
3 221 262 222
3 222 262 263
3 222 263 264
3 265 266 267
3 265 267 225
3 225 267 268
3 225 268 226
3 226 268 269
3 226 269 227
3 227 269 270
3 227 270 228
3 228 270 271
3 228 271 229
3 229 271 272
3 229 272 230
3 230 272 273
3 230 273 231
3 231 273 274
3 231 274 232
3 232 274 275
3 232 275 233
3 233 275 276
3 233 276 234
3 234 276 277
3 234 277 235
3 235 277 278
3 235 278 236
3 236 278 279
3 236 279 237
3 237 279 280
3 237 280 238
3 238 280 281
3 238 281 239
3 239 281 282
3 239 282 240
3 240 282 283
3 240 283 241
3 241 283 284
3 241 284 242
3 242 284 285
3 242 285 243
3 243 285 286
3 243 286 244
3 244 286 287
3 244 287 245
3 245 287 288
3 245 288 246
3 246 288 289
3 246 289 247
3 247 289 290
3 247 290 248
3 248 290 291
3 248 291 249
3 249 291 292
3 249 292 250
3 250 292 293
3 250 293 251
3 251 293 294
3 251 294 252
3 252 294 295
3 252 295 253
3 253 295 296
3 253 296 254
3 254 296 297
3 254 297 255
3 255 297 298
3 255 298 256
3 256 298 299
3 256 299 257
3 257 299 300
3 257 300 258
3 258 300 301
3 258 301 259
3 259 301 302
3 259 302 260
3 260 302 303
3 260 303 261
3 261 303 304
3 261 304 262
3 262 304 305
3 262 305 263
3 263 305 306
3 263 306 307
3 308 309 310
3 308 310 266
3 266 310 311
3 266 311 267
3 267 311 312
3 267 312 268
3 268 312 313
3 268 313 269
3 269 313 314
3 269 314 270
3 270 314 315
3 270 315 271
3 271 315 316
3 271 316 272
3 272 316 317
3 272 317 273
3 273 317 318
3 273 318 274
3 274 318 319
3 274 319 275
3 275 319 320
3 275 320 276
3 276 320 321
3 276 321 277
3 277 321 322
3 277 322 278
3 278 322 323
3 278 323 279
3 279 323 324
3 279 324 280
3 280 324 325
3 280 325 281
3 281 325 326
3 281 326 282
3 282 326 327
3 282 327 283
3 283 327 328
3 283 328 284
3 284 328 329
3 284 329 285
3 285 329 330
3 285 330 286
3 286 330 331
3 286 331 287
3 287 331 332
3 287 332 288
3 288 332 333
3 288 333 289
3 289 333 334
3 289 334 290
3 290 334 335
3 290 335 291
3 291 335 336
3 291 336 292
3 292 336 337
3 292 337 293
3 293 337 338
3 293 338 294
3 294 338 339
3 294 339 295
3 295 339 340
3 295 340 296
3 296 340 341
3 296 341 297
3 297 341 342
3 297 342 298
3 298 342 343
3 298 343 299
3 299 343 344
3 299 344 300
3 300 344 345
3 300 345 301
3 301 345 346
3 301 346 302
3 302 346 347
3 302 347 303
3 303 347 348
3 303 348 304
3 304 348 349
3 304 349 305
3 305 349 350
3 305 350 306
3 306 350 351
3 306 351 352
3 353 354 355
3 353 355 309
3 309 355 356
3 309 356 310
3 310 356 357
3 310 357 311
3 311 357 358
3 311 358 312
3 312 358 359
3 312 359 313
3 313 359 360
3 313 360 314
3 314 360 361
3 314 361 315
3 315 361 362
3 315 362 316
3 316 362 363
3 316 363 317
3 317 363 364
3 317 364 318
3 318 364 365
3 318 365 319
3 319 365 366
3 319 366 320
3 320 366 367
3 320 367 321
3 321 367 368
3 321 368 322
3 322 368 369
3 322 369 323
3 323 369 370
3 323 370 324
3 324 370 371
3 324 371 325
3 325 371 372
3 325 372 326
3 326 372 373
3 326 373 327
3 327 373 374
3 327 374 328
3 328 374 375
3 328 375 329
3 329 375 376
3 329 376 330
3 330 376 377
3 330 377 331
3 331 377 378
3 331 378 332
3 332 378 379
3 332 379 333
3 333 379 380
3 333 380 334
3 334 380 381
3 334 381 335
3 335 381 382
3 335 382 336
3 336 382 383
3 336 383 337
3 337 383 384
3 337 384 338
3 338 384 385
3 338 385 339
3 339 385 386
3 339 386 340
3 340 386 387
3 340 387 341
3 341 387 388
3 341 388 342
3 342 388 389
3 342 389 343
3 343 389 390
3 343 390 344
3 344 390 391
3 344 391 345
3 345 391 392
3 345 392 346
3 346 392 393
3 346 393 347
3 347 393 394
3 347 394 348
3 348 394 395
3 348 395 349
3 349 395 396
3 349 396 350
3 350 396 397
3 350 397 351
3 351 397 398
3 351 398 399
3 400 401 402
3 400 402 354
3 354 402 403
3 354 403 355
3 355 403 404
3 355 404 356
3 356 404 405
3 356 405 357
3 357 405 406
3 357 406 358
3 358 406 407
3 358 407 359
3 359 407 408
3 359 408 360
3 360 408 409
3 360 409 361
3 361 409 410
3 361 410 362
3 362 410 411
3 362 411 363
3 363 411 412
3 363 412 364
3 364 412 413
3 364 413 365
3 365 413 414
3 365 414 366
3 366 414 415
3 366 415 367
3 367 415 416
3 367 416 368
3 368 416 417
3 368 417 369
3 369 417 418
3 369 418 370
3 370 418 419
3 370 419 371
3 371 419 420
3 371 420 372
3 372 420 421
3 372 421 373
3 373 421 422
3 373 422 374
3 374 422 423
3 374 423 375
3 375 423 424
3 375 424 376
3 376 424 425
3 376 425 377
3 377 425 426
3 377 426 378
3 378 426 427
3 378 427 379
3 379 427 428
3 379 428 380
3 380 428 429
3 380 429 381
3 381 429 430
3 381 430 382
3 382 430 431
3 382 431 383
3 383 431 432
3 383 432 384
3 384 432 433
3 384 433 385
3 385 433 434
3 385 434 386
3 386 434 435
3 386 435 387
3 387 435 436
3 387 436 388
3 388 436 437
3 388 437 389
3 389 437 438
3 389 438 390
3 390 438 439
3 390 439 391
3 391 439 440
3 391 440 392
3 392 440 441
3 392 441 393
3 393 441 442
3 393 442 394
3 394 442 443
3 394 443 395
3 395 443 444
3 395 444 396
3 396 444 445
3 396 445 397
3 397 445 446
3 397 446 398
3 398 446 447
3 398 447 448
3 401 449 450
3 401 450 402
3 402 450 451
3 402 451 403
3 403 451 452
3 403 452 404
3 404 452 453
3 404 453 405
3 405 453 454
3 405 454 406
3 406 454 455
3 406 455 407
3 407 455 456
3 407 456 408
3 408 456 457
3 408 457 409
3 409 457 458
3 409 458 410
3 410 458 459
3 410 459 411
3 411 459 460
3 411 460 412
3 412 460 461
3 412 461 413
3 413 461 462
3 413 462 414
3 414 462 463
3 414 463 415
3 415 463 464
3 415 464 416
3 416 464 465
3 416 465 417
3 417 465 466
3 417 466 418
3 418 466 467
3 418 467 419
3 419 467 468
3 419 468 420
3 420 468 469
3 420 469 421
3 421 469 470
3 421 470 422
3 422 470 471
3 422 471 423
3 423 471 472
3 423 472 424
3 424 472 473
3 424 473 425
3 425 473 474
3 425 474 426
3 426 474 475
3 426 475 427
3 427 475 476
3 427 476 428
3 428 476 477
3 428 477 429
3 429 477 478
3 429 478 430
3 430 478 479
3 430 479 431
3 431 479 480
3 431 480 432
3 432 480 481
3 432 481 433
3 433 481 482
3 433 482 434
3 434 482 483
3 434 483 435
3 435 483 484
3 435 484 436
3 436 484 485
3 436 485 437
3 437 485 486
3 437 486 438
3 438 486 487
3 438 487 439
3 439 487 488
3 439 488 440
3 440 488 489
3 440 489 441
3 441 489 490
3 441 490 442
3 442 490 491
3 442 491 443
3 443 491 492
3 443 492 444
3 444 492 493
3 444 493 445
3 445 493 494
3 445 494 446
3 446 494 495
3 446 495 447
3 496 497 498
3 496 498 449
3 449 498 499
3 449 499 450
3 450 499 500
3 450 500 451
3 451 500 501
3 451 501 452
3 452 501 502
3 452 502 453
3 453 502 503
3 453 503 454
3 454 503 504
3 454 504 455
3 455 504 505
3 455 505 456
3 456 505 506
3 456 506 457
3 457 506 507
3 457 507 458
3 458 507 508
3 458 508 459
3 459 508 509
3 459 509 460
3 460 509 510
3 460 510 461
3 461 510 511
3 461 511 462
3 462 511 512
3 462 512 463
3 463 512 513
3 463 513 464
3 464 513 514
3 464 514 465
3 465 514 515
3 465 515 466
3 466 515 516
3 466 516 467
3 467 516 517
3 467 517 468
3 468 517 518
3 468 518 469
3 469 518 519
3 469 519 470
3 470 519 520
3 470 520 471
3 471 520 521
3 471 521 472
3 472 521 522
3 472 522 473
3 473 522 523
3 473 523 474
3 474 523 524
3 474 524 475
3 475 524 525
3 475 525 476
3 476 525 526
3 476 526 477
3 477 526 527
3 477 527 478
3 478 527 528
3 478 528 479
3 479 528 529
3 479 529 480
3 480 529 530
3 480 530 481
3 481 530 531
3 481 531 482
3 482 531 532
3 482 532 483
3 483 532 533
3 483 533 484
3 484 533 534
3 484 534 485
3 485 534 535
3 485 535 486
3 486 535 536
3 486 536 487
3 487 536 537
3 487 537 488
3 488 537 538
3 488 538 489
3 489 538 539
3 489 539 490
3 490 539 540
3 490 540 491
3 491 540 541
3 491 541 492
3 492 541 542
3 492 542 493
3 493 542 543
3 493 543 494
3 494 543 544
3 494 544 495
3 495 544 545
3 495 545 546
3 547 548 549
3 547 549 497
3 497 549 550
3 497 550 498
3 498 550 551
3 498 551 499
3 499 551 552
3 499 552 500
3 500 552 553
3 500 553 501
3 501 553 554
3 501 554 502
3 502 554 555
3 502 555 503
3 503 555 556
3 503 556 504
3 504 556 557
3 504 557 505
3 505 557 558
3 505 558 506
3 506 558 559
3 506 559 507
3 507 559 560
3 507 560 508
3 508 560 561
3 508 561 509
3 509 561 562
3 509 562 510
3 510 562 563
3 510 563 511
3 511 563 564
3 511 564 512
3 512 564 565
3 512 565 513
3 513 565 566
3 513 566 514
3 514 566 567
3 514 567 515
3 515 567 568
3 515 568 516
3 516 568 569
3 516 569 517
3 517 569 570
3 517 570 518
3 518 570 571
3 518 571 519
3 519 571 572
3 519 572 520
3 520 572 573
3 520 573 521
3 521 573 574
3 521 574 522
3 522 574 575
3 522 575 523
3 523 575 576
3 523 576 524
3 524 576 577
3 524 577 525
3 525 577 578
3 525 578 526
3 526 578 579
3 526 579 527
3 527 579 580
3 527 580 528
3 528 580 581
3 528 581 529
3 529 581 582
3 529 582 530
3 530 582 583
3 530 583 531
3 531 583 584
3 531 584 532
3 532 584 585
3 532 585 533
3 533 585 586
3 533 586 534
3 534 586 587
3 534 587 535
3 535 587 588
3 535 588 536
3 536 588 589
3 536 589 537
3 537 589 590
3 537 590 538
3 538 590 591
3 538 591 539
3 539 591 592
3 539 592 540
3 540 592 593
3 540 593 541
3 541 593 594
3 541 594 542
3 542 594 595
3 542 595 543
3 543 595 596
3 543 596 544
3 544 596 597
3 544 597 545
3 545 597 598
3 545 598 599
3 548 600 601
3 548 601 549
3 549 601 602
3 549 602 550
3 550 602 603
3 550 603 551
3 551 603 604
3 551 604 552
3 552 604 605
3 552 605 553
3 553 605 606
3 553 606 554
3 554 606 607
3 554 607 555
3 555 607 608
3 555 608 556
3 556 608 609
3 556 609 557
3 557 609 610
3 557 610 558
3 558 610 611
3 558 611 559
3 559 611 612
3 559 612 560
3 560 612 613
3 560 613 561
3 561 613 614
3 561 614 562
3 562 614 615
3 562 615 563
3 563 615 616
3 563 616 564
3 564 616 617
3 564 617 565
3 565 617 618
3 565 618 566
3 566 618 619
3 566 619 567
3 567 619 620
3 567 620 568
3 568 620 621
3 568 621 569
3 569 621 622
3 569 622 570
3 570 622 623
3 570 623 571
3 571 623 624
3 571 624 572
3 572 624 625
3 572 625 573
3 573 625 626
3 573 626 574
3 574 626 627
3 574 627 575
3 575 627 628
3 575 628 576
3 576 628 629
3 576 629 577
3 577 629 630
3 577 630 578
3 578 630 631
3 578 631 579
3 579 631 632
3 579 632 580
3 580 632 633
3 580 633 581
3 581 633 634
3 581 634 582
3 582 634 635
3 582 635 583
3 583 635 636
3 583 636 584
3 584 636 637
3 584 637 585
3 585 637 638
3 585 638 586
3 586 638 639
3 586 639 587
3 587 639 640
3 587 640 588
3 588 640 641
3 588 641 589
3 589 641 642
3 589 642 590
3 590 642 643
3 590 643 591
3 591 643 644
3 591 644 592
3 592 644 645
3 592 645 593
3 593 645 646
3 593 646 594
3 594 646 647
3 594 647 595
3 595 647 648
3 595 648 596
3 596 648 649
3 596 649 597
3 597 649 650
3 597 650 598
3 651 652 653
3 651 653 600
3 600 653 654
3 600 654 601
3 601 654 655
3 601 655 602
3 602 655 656
3 602 656 603
3 603 656 657
3 603 657 604
3 604 657 658
3 604 658 605
3 605 658 659
3 605 659 606
3 606 659 660
3 606 660 607
3 607 660 661
3 607 661 608
3 608 661 662
3 608 662 609
3 609 662 663
3 609 663 610
3 610 663 664
3 610 664 611
3 611 664 665
3 611 665 612
3 612 665 666
3 612 666 613
3 613 666 667
3 613 667 614
3 614 667 668
3 614 668 615
3 615 668 669
3 615 669 616
3 616 669 670
3 616 670 617
3 617 670 671
3 617 671 618
3 618 671 672
3 618 672 619
3 619 672 673
3 619 673 620
3 620 673 674
3 620 674 621
3 621 674 675
3 621 675 622
3 622 675 676
3 622 676 623
3 623 676 677
3 623 677 624
3 624 677 678
3 624 678 625
3 625 678 679
3 625 679 626
3 626 679 680
3 626 680 627
3 627 680 681
3 627 681 628
3 628 681 682
3 628 682 629
3 629 682 683
3 629 683 630
3 630 683 684
3 630 684 631
3 631 684 685
3 631 685 632
3 632 685 686
3 632 686 633
3 633 686 687
3 633 687 634
3 634 687 688
3 634 688 635
3 635 688 689
3 635 689 636
3 636 689 690
3 636 690 637
3 637 690 691
3 637 691 638
3 638 691 692
3 638 692 639
3 639 692 693
3 639 693 640
3 640 693 694
3 640 694 641
3 641 694 695
3 641 695 642
3 642 695 696
3 642 696 643
3 643 696 697
3 643 697 644
3 644 697 698
3 644 698 645
3 645 698 699
3 645 699 646
3 646 699 700
3 646 700 647
3 647 700 701
3 647 701 648
3 648 701 702
3 648 702 649
3 649 702 703
3 649 703 650
3 650 703 704
3 650 704 705
3 652 706 707
3 652 707 653
3 653 707 708
3 653 708 654
3 654 708 709
3 654 709 655
3 655 709 710
3 655 710 656
3 656 710 711
3 656 711 657
3 657 711 712
3 657 712 658
3 658 712 713
3 658 713 659
3 659 713 714
3 659 714 660
3 660 714 715
3 660 715 661
3 661 715 716
3 661 716 662
3 662 716 717
3 662 717 663
3 663 717 718
3 663 718 664
3 664 718 719
3 664 719 665
3 665 719 720
3 665 720 666
3 666 720 721
3 666 721 667
3 667 721 722
3 667 722 668
3 668 722 723
3 668 723 669
3 669 723 724
3 669 724 670
3 670 724 725
3 670 725 671
3 671 725 726
3 671 726 672
3 672 726 727
3 672 727 673
3 673 727 728
3 673 728 674
3 674 728 729
3 674 729 675
3 675 729 730
3 675 730 676
3 676 730 731
3 676 731 677
3 677 731 732
3 677 732 678
3 678 732 733
3 678 733 679
3 679 733 734
3 679 734 680
3 680 734 735
3 680 735 681
3 681 735 736
3 681 736 682
3 682 736 737
3 682 737 683
3 683 737 738
3 683 738 684
3 684 738 739
3 684 739 685
3 685 739 740
3 685 740 686
3 686 740 741
3 686 741 687
3 687 741 742
3 687 742 688
3 688 742 743
3 688 743 689
3 689 743 744
3 689 744 690
3 690 744 745
3 690 745 691
3 691 745 746
3 691 746 692
3 692 746 747
3 692 747 693
3 693 747 748
3 693 748 694
3 694 748 749
3 694 749 695
3 695 749 750
3 695 750 696
3 696 750 751
3 696 751 697
3 697 751 752
3 697 752 698
3 698 752 753
3 698 753 699
3 699 753 754
3 699 754 700
3 700 754 755
3 700 755 701
3 701 755 756
3 701 756 702
3 702 756 757
3 702 757 703
3 703 757 758
3 703 758 704
3 706 759 760
3 706 760 707
3 707 760 761
3 707 761 708
3 708 761 762
3 708 762 709
3 709 762 763
3 709 763 710
3 710 763 764
3 710 764 711
3 711 764 765
3 711 765 712
3 712 765 766
3 712 766 713
3 713 766 767
3 713 767 714
3 714 767 768
3 714 768 715
3 715 768 769
3 715 769 716
3 716 769 770
3 716 770 717
3 717 770 771
3 717 771 718
3 718 771 772
3 718 772 719
3 719 772 773
3 719 773 720
3 720 773 774
3 720 774 721
3 721 774 775
3 721 775 722
3 722 775 776
3 722 776 723
3 723 776 777
3 723 777 724
3 724 777 778
3 724 778 725
3 725 778 779
3 725 779 726
3 726 779 780
3 726 780 727
3 727 780 781
3 727 781 728
3 728 781 782
3 728 782 729
3 729 782 783
3 729 783 730
3 730 783 784
3 730 784 731
3 731 784 785
3 731 785 732
3 732 785 786
3 732 786 733
3 733 786 787
3 733 787 734
3 734 787 788
3 734 788 735
3 735 788 789
3 735 789 736
3 736 789 790
3 736 790 737
3 737 790 791
3 737 791 738
3 738 791 792
3 738 792 739
3 739 792 793
3 739 793 740
3 740 793 794
3 740 794 741
3 741 794 795
3 741 795 742
3 742 795 796
3 742 796 743
3 743 796 797
3 743 797 744
3 744 797 798
3 744 798 745
3 745 798 799
3 745 799 746
3 746 799 800
3 746 800 747
3 747 800 801
3 747 801 748
3 748 801 802
3 748 802 749
3 749 802 803
3 749 803 750
3 750 803 804
3 750 804 751
3 751 804 805
3 751 805 752
3 752 805 806
3 752 806 753
3 753 806 807
3 753 807 754
3 754 807 808
3 754 808 755
3 755 808 809
3 755 809 756
3 756 809 810
3 756 810 757
3 757 810 811
3 757 811 758
3 812 813 814
3 812 814 759
3 759 814 815
3 759 815 760
3 760 815 816
3 760 816 761
3 761 816 817
3 761 817 762
3 762 817 818
3 762 818 763
3 763 818 819
3 763 819 764
3 764 819 820
3 764 820 765
3 765 820 821
3 765 821 766
3 766 821 822
3 766 822 767
3 767 822 823
3 767 823 768
3 768 823 824
3 768 824 769
3 769 824 825
3 769 825 770
3 770 825 826
3 770 826 771
3 771 826 827
3 771 827 772
3 772 827 828
3 772 828 773
3 773 828 829
3 773 829 774
3 774 829 830
3 774 830 775
3 775 830 831
3 775 831 776
3 776 831 832
3 776 832 777
3 777 832 833
3 777 833 778
3 778 833 834
3 778 834 779
3 779 834 835
3 779 835 780
3 780 835 836
3 780 836 781
3 781 836 837
3 781 837 782
3 782 837 838
3 782 838 783
3 783 838 839
3 783 839 784
3 784 839 840
3 784 840 785
3 785 840 841
3 785 841 786
3 786 841 842
3 786 842 787
3 787 842 843
3 787 843 788
3 788 843 844
3 788 844 789
3 789 844 845
3 789 845 790
3 790 845 846
3 790 846 791
3 791 846 847
3 791 847 792
3 792 847 848
3 792 848 793
3 793 848 849
3 793 849 794
3 794 849 850
3 794 850 795
3 795 850 851
3 795 851 796
3 796 851 852
3 796 852 797
3 797 852 853
3 797 853 798
3 798 853 854
3 798 854 799
3 799 854 855
3 799 855 800
3 800 855 856
3 800 856 801
3 801 856 857
3 801 857 802
3 802 857 858
3 802 858 803
3 803 858 859
3 803 859 804
3 804 859 860
3 804 860 805
3 805 860 861
3 805 861 806
3 806 861 862
3 806 862 807
3 807 862 863
3 807 863 808
3 808 863 864
3 808 864 809
3 809 864 865
3 809 865 810
3 810 865 866
3 810 866 811
3 811 866 867
3 811 867 868
3 813 869 870
3 813 870 814
3 814 870 871
3 814 871 815
3 815 871 872
3 815 872 816
3 816 872 873
3 816 873 817
3 817 873 874
3 817 874 818
3 818 874 875
3 818 875 819
3 819 875 876
3 819 876 820
3 820 876 877
3 820 877 821
3 821 877 878
3 821 878 822
3 822 878 879
3 822 879 823
3 823 879 880
3 823 880 824
3 824 880 881
3 824 881 825
3 825 881 882
3 825 882 826
3 826 882 883
3 826 883 827
3 827 883 884
3 827 884 828
3 828 884 885
3 828 885 829
3 829 885 886
3 829 886 830
3 830 886 887
3 830 887 831
3 831 887 888
3 831 888 832
3 832 888 889
3 832 889 833
3 833 889 890
3 833 890 834
3 834 890 891
3 834 891 835
3 835 891 892
3 835 892 836
3 836 892 893
3 836 893 837
3 837 893 894
3 837 894 838
3 838 894 895
3 838 895 839
3 839 895 896
3 839 896 840
3 840 896 897
3 840 897 841
3 841 897 898
3 841 898 842
3 842 898 899
3 842 899 843
3 843 899 900
3 843 900 844
3 844 900 901
3 844 901 845
3 845 901 902
3 845 902 846
3 846 902 903
3 846 903 847
3 847 903 904
3 847 904 848
3 848 904 905
3 848 905 849
3 849 905 906
3 849 906 850
3 850 906 907
3 850 907 851
3 851 907 908
3 851 908 852
3 852 908 909
3 852 909 853
3 853 909 910
3 853 910 854
3 854 910 911
3 854 911 855
3 855 911 912
3 855 912 856
3 856 912 913
3 856 913 857
3 857 913 914
3 857 914 858
3 858 914 915
3 858 915 859
3 859 915 916
3 859 916 860
3 860 916 917
3 860 917 861
3 861 917 918
3 861 918 862
3 862 918 919
3 862 919 863
3 863 919 920
3 863 920 864
3 864 920 921
3 864 921 865
3 865 921 922
3 865 922 866
3 866 922 923
3 866 923 867
3 869 924 925
3 869 925 870
3 870 925 926
3 870 926 871
3 871 926 927
3 871 927 872
3 872 927 928
3 872 928 873
3 873 928 929
3 873 929 874
3 874 929 930
3 874 930 875
3 875 930 931
3 875 931 876
3 876 931 932
3 876 932 877
3 877 932 933
3 877 933 878
3 878 933 934
3 878 934 879
3 879 934 935
3 879 935 880
3 880 935 936
3 880 936 881
3 881 936 937
3 881 937 882
3 882 937 938
3 882 938 883
3 883 938 939
3 883 939 884
3 884 939 940
3 884 940 885
3 885 940 941
3 885 941 886
3 886 941 942
3 886 942 887
3 887 942 943
3 887 943 888
3 888 943 944
3 888 944 889
3 889 944 945
3 889 945 890
3 890 945 946
3 890 946 891
3 891 946 947
3 891 947 892
3 892 947 948
3 892 948 893
3 893 948 949
3 893 949 894
3 894 949 950
3 894 950 895
3 895 950 951
3 895 951 896
3 896 951 952
3 896 952 897
3 897 952 953
3 897 953 898
3 898 953 954
3 898 954 899
3 899 954 955
3 899 955 900
3 900 955 956
3 900 956 901
3 901 956 957
3 901 957 902
3 902 957 958
3 902 958 903
3 903 958 959
3 903 959 904
3 904 959 960
3 904 960 905
3 905 960 961
3 905 961 906
3 906 961 962
3 906 962 907
3 907 962 963
3 907 963 908
3 908 963 964
3 908 964 909
3 909 964 965
3 909 965 910
3 910 965 966
3 910 966 911
3 911 966 967
3 911 967 912
3 912 967 968
3 912 968 913
3 913 968 969
3 913 969 914
3 914 969 970
3 914 970 915
3 915 970 971
3 915 971 916
3 916 971 972
3 916 972 917
3 917 972 973
3 917 973 918
3 918 973 974
3 918 974 919
3 919 974 975
3 919 975 920
3 920 975 976
3 920 976 921
3 921 976 977
3 921 977 922
3 922 977 978
3 922 978 923
3 924 979 980
3 924 980 925
3 925 980 981
3 925 981 926
3 926 981 982
3 926 982 927
3 927 982 983
3 927 983 928
3 928 983 984
3 928 984 929
3 929 984 985
3 929 985 930
3 930 985 986
3 930 986 931
3 931 986 987
3 931 987 932
3 932 987 988
3 932 988 933
3 933 988 989
3 933 989 934
3 934 989 990
3 934 990 935
3 935 990 991
3 935 991 936
3 936 991 992
3 936 992 937
3 937 992 993
3 937 993 938
3 938 993 994
3 938 994 939
3 939 994 995
3 939 995 940
3 940 995 996
3 940 996 941
3 941 996 997
3 941 997 942
3 942 997 998
3 942 998 943
3 943 998 999
3 943 999 944
3 944 999 1000
3 944 1000 945
3 945 1000 1001
3 945 1001 946
3 946 1001 1002
3 946 1002 947
3 947 1002 1003
3 947 1003 948
3 948 1003 1004
3 948 1004 949
3 949 1004 1005
3 949 1005 950
3 950 1005 1006
3 950 1006 951
3 951 1006 1007
3 951 1007 952
3 952 1007 1008
3 952 1008 953
3 953 1008 1009
3 953 1009 954
3 954 1009 1010
3 954 1010 955
3 955 1010 1011
3 955 1011 956
3 956 1011 1012
3 956 1012 957
3 957 1012 1013
3 957 1013 958
3 958 1013 1014
3 958 1014 959
3 959 1014 1015
3 959 1015 960
3 960 1015 1016
3 960 1016 961
3 961 1016 1017
3 961 1017 962
3 962 1017 1018
3 962 1018 963
3 963 1018 1019
3 963 1019 964
3 964 1019 1020
3 964 1020 965
3 965 1020 1021
3 965 1021 966
3 966 1021 1022
3 966 1022 967
3 967 1022 1023
3 967 1023 968
3 968 1023 1024
3 968 1024 969
3 969 1024 1025
3 969 1025 970
3 970 1025 1026
3 970 1026 971
3 971 1026 1027
3 971 1027 972
3 972 1027 1028
3 972 1028 973
3 973 1028 1029
3 973 1029 974
3 974 1029 1030
3 974 1030 975
3 975 1030 1031
3 975 1031 976
3 976 1031 1032
3 976 1032 977
3 977 1032 1033
3 977 1033 978
3 1034 1035 1036
3 1034 1036 979
3 979 1036 1037
3 979 1037 980
3 980 1037 1038
3 980 1038 981
3 981 1038 1039
3 981 1039 982
3 982 1039 1040
3 982 1040 983
3 983 1040 1041
3 983 1041 984
3 984 1041 1042
3 984 1042 985
3 985 1042 1043
3 985 1043 986
3 986 1043 1044
3 986 1044 987
3 987 1044 1045
3 987 1045 988
3 988 1045 1046
3 988 1046 989
3 989 1046 1047
3 989 1047 990
3 990 1047 1048
3 990 1048 991
3 991 1048 1049
3 991 1049 992
3 992 1049 1050
3 992 1050 993
3 993 1050 1051
3 993 1051 994
3 994 1051 1052
3 994 1052 995
3 995 1052 1053
3 995 1053 996
3 996 1053 1054
3 996 1054 997
3 997 1054 1055
3 997 1055 998
3 998 1055 1056
3 998 1056 999
3 999 1056 1057
3 999 1057 1000
3 1000 1057 1058
3 1000 1058 1001
3 1001 1058 1059
3 1001 1059 1002
3 1002 1059 1060
3 1002 1060 1003
3 1003 1060 1061
3 1003 1061 1004
3 1004 1061 1062
3 1004 1062 1005
3 1005 1062 1063
3 1005 1063 1006
3 1006 1063 1064
3 1006 1064 1007
3 1007 1064 1065
3 1007 1065 1008
3 1008 1065 1066
3 1008 1066 1009
3 1009 1066 1067
3 1009 1067 1010
3 1010 1067 1068
3 1010 1068 1011
3 1011 1068 1069
3 1011 1069 1012
3 1012 1069 1070
3 1012 1070 1013
3 1013 1070 1071
3 1013 1071 1014
3 1014 1071 1072
3 1014 1072 1015
3 1015 1072 1073
3 1015 1073 1016
3 1016 1073 1074
3 1016 1074 1017
3 1017 1074 1075
3 1017 1075 1018
3 1018 1075 1076
3 1018 1076 1019
3 1019 1076 1077
3 1019 1077 1020
3 1020 1077 1078
3 1020 1078 1021
3 1021 1078 1079
3 1021 1079 1022
3 1022 1079 1080
3 1022 1080 1023
3 1023 1080 1081
3 1023 1081 1024
3 1024 1081 1082
3 1024 1082 1025
3 1025 1082 1083
3 1025 1083 1026
3 1026 1083 1084
3 1026 1084 1027
3 1027 1084 1085
3 1027 1085 1028
3 1028 1085 1086
3 1028 1086 1029
3 1029 1086 1087
3 1029 1087 1030
3 1030 1087 1088
3 1030 1088 1031
3 1031 1088 1089
3 1031 1089 1032
3 1032 1089 1090
3 1032 1090 1033
3 1033 1090 1091
3 1033 1091 1092
3 1035 1093 1094
3 1035 1094 1036
3 1036 1094 1095
3 1036 1095 1037
3 1037 1095 1096
3 1037 1096 1038
3 1038 1096 1097
3 1038 1097 1039
3 1039 1097 1098
3 1039 1098 1040
3 1040 1098 1099
3 1040 1099 1041
3 1041 1099 1100
3 1041 1100 1042
3 1042 1100 1101
3 1042 1101 1043
3 1043 1101 1102
3 1043 1102 1044
3 1044 1102 1103
3 1044 1103 1045
3 1045 1103 1104
3 1045 1104 1046
3 1046 1104 1105
3 1046 1105 1047
3 1047 1105 1106
3 1047 1106 1048
3 1048 1106 1107
3 1048 1107 1049
3 1049 1107 1108
3 1049 1108 1050
3 1050 1108 1109
3 1050 1109 1051
3 1051 1109 1110
3 1051 1110 1052
3 1052 1110 1111
3 1052 1111 1053
3 1053 1111 1112
3 1053 1112 1054
3 1054 1112 1113
3 1054 1113 1055
3 1055 1113 1114
3 1055 1114 1056
3 1056 1114 1115
3 1056 1115 1057
3 1057 1115 1116
3 1057 1116 1058
3 1058 1116 1117
3 1058 1117 1059
3 1059 1117 1118
3 1059 1118 1060
3 1060 1118 1119
3 1060 1119 1061
3 1065 1120 1121
3 1065 1121 1066
3 1066 1121 1122
3 1066 1122 1067
3 1067 1122 1123
3 1067 1123 1068
3 1068 1123 1124
3 1068 1124 1069
3 1069 1124 1125
3 1069 1125 1070
3 1070 1125 1126
3 1070 1126 1071
3 1071 1126 1127
3 1071 1127 1072
3 1072 1127 1128
3 1072 1128 1073
3 1073 1128 1129
3 1073 1129 1074
3 1074 1129 1130
3 1074 1130 1075
3 1075 1130 1131
3 1075 1131 1076
3 1076 1131 1132
3 1076 1132 1077
3 1077 1132 1133
3 1077 1133 1078
3 1078 1133 1134
3 1078 1134 1079
3 1079 1134 1135
3 1079 1135 1080
3 1080 1135 1136
3 1080 1136 1081
3 1081 1136 1137
3 1081 1137 1082
3 1082 1137 1138
3 1082 1138 1083
3 1083 1138 1139
3 1083 1139 1084
3 1084 1139 1140
3 1084 1140 1085
3 1085 1140 1141
3 1085 1141 1086
3 1086 1141 1142
3 1086 1142 1087
3 1087 1142 1143
3 1087 1143 1088
3 1088 1143 1144
3 1088 1144 1089
3 1089 1144 1145
3 1089 1145 1090
3 1090 1145 1146
3 1090 1146 1091
3 1093 1147 1148
3 1093 1148 1094
3 1094 1148 1149
3 1094 1149 1095
3 1095 1149 1150
3 1095 1150 1096
3 1096 1150 1151
3 1096 1151 1097
3 1097 1151 1152
3 1097 1152 1098
3 1098 1152 1153
3 1098 1153 1099
3 1099 1153 1154
3 1099 1154 1100
3 1100 1154 1155
3 1100 1155 1101
3 1101 1155 1156
3 1101 1156 1102
3 1102 1156 1157
3 1102 1157 1103
3 1103 1157 1158
3 1103 1158 1104
3 1104 1158 1159
3 1104 1159 1105
3 1105 1159 1160
3 1105 1160 1106
3 1106 1160 1161
3 1106 1161 1107
3 1107 1161 1162
3 1107 1162 1108
3 1108 1162 1163
3 1108 1163 1109
3 1109 1163 1164
3 1109 1164 1110
3 1110 1164 1165
3 1110 1165 1111
3 1111 1165 1166
3 1111 1166 1112
3 1112 1166 1167
3 1112 1167 1113
3 1113 1167 1168
3 1113 1168 1114
3 1114 1168 1169
3 1114 1169 1115
3 1115 1169 1170
3 1115 1170 1116
3 1116 1170 1171
3 1116 1171 1117
3 1117 1171 1172
3 1117 1172 1118
3 1118 1172 1173
3 1118 1173 1119
3 1120 1174 1175
3 1120 1175 1121
3 1121 1175 1176
3 1121 1176 1122
3 1122 1176 1177
3 1122 1177 1123
3 1123 1177 1178
3 1123 1178 1124
3 1124 1178 1179
3 1124 1179 1125
3 1125 1179 1180
3 1125 1180 1126
3 1126 1180 1181
3 1126 1181 1127
3 1127 1181 1182
3 1127 1182 1128
3 1128 1182 1183
3 1128 1183 1129
3 1129 1183 1184
3 1129 1184 1130
3 1130 1184 1185
3 1130 1185 1131
3 1131 1185 1186
3 1131 1186 1132
3 1132 1186 1187
3 1132 1187 1133
3 1133 1187 1188
3 1133 1188 1134
3 1134 1188 1189
3 1134 1189 1135
3 1135 1189 1190
3 1135 1190 1136
3 1136 1190 1191
3 1136 1191 1137
3 1137 1191 1192
3 1137 1192 1138
3 1138 1192 1193
3 1138 1193 1139
3 1139 1193 1194
3 1139 1194 1140
3 1140 1194 1195
3 1140 1195 1141
3 1141 1195 1196
3 1141 1196 1142
3 1142 1196 1197
3 1142 1197 1143
3 1143 1197 1198
3 1143 1198 1144
3 1144 1198 1199
3 1144 1199 1145
3 1145 1199 1200
3 1145 1200 1146
3 1147 1201 1202
3 1147 1202 1148
3 1148 1202 1203
3 1148 1203 1149
3 1149 1203 1204
3 1149 1204 1150
3 1150 1204 1205
3 1150 1205 1151
3 1151 1205 1206
3 1151 1206 1152
3 1152 1206 1207
3 1152 1207 1153
3 1153 1207 1208
3 1153 1208 1154
3 1154 1208 1209
3 1154 1209 1155
3 1155 1209 1210
3 1155 1210 1156
3 1156 1210 1211
3 1156 1211 1157
3 1157 1211 1212
3 1157 1212 1158
3 1158 1212 1213
3 1158 1213 1159
3 1159 1213 1214
3 1159 1214 1160
3 1160 1214 1215
3 1160 1215 1161
3 1161 1215 1216
3 1161 1216 1162
3 1162 1216 1217
3 1162 1217 1163
3 1163 1217 1218
3 1163 1218 1164
3 1164 1218 1219
3 1164 1219 1165
3 1165 1219 1220
3 1165 1220 1166
3 1166 1220 1221
3 1166 1221 1167
3 1167 1221 1222
3 1167 1222 1168
3 1168 1222 1223
3 1168 1223 1169
3 1169 1223 1224
3 1169 1224 1170
3 1170 1224 1225
3 1170 1225 1171
3 1171 1225 1226
3 1171 1226 1172
3 1172 1226 1227
3 1172 1227 1173
3 1174 1228 1229
3 1174 1229 1175
3 1175 1229 1230
3 1175 1230 1176
3 1176 1230 1231
3 1176 1231 1177
3 1177 1231 1232
3 1177 1232 1178
3 1178 1232 1233
3 1178 1233 1179
3 1179 1233 1234
3 1179 1234 1180
3 1180 1234 1235
3 1180 1235 1181
3 1181 1235 1236
3 1181 1236 1182
3 1182 1236 1237
3 1182 1237 1183
3 1183 1237 1238
3 1183 1238 1184
3 1184 1238 1239
3 1184 1239 1185
3 1185 1239 1240
3 1185 1240 1186
3 1186 1240 1241
3 1186 1241 1187
3 1187 1241 1242
3 1187 1242 1188
3 1188 1242 1243
3 1188 1243 1189
3 1189 1243 1244
3 1189 1244 1190
3 1190 1244 1245
3 1190 1245 1191
3 1191 1245 1246
3 1191 1246 1192
3 1192 1246 1247
3 1192 1247 1193
3 1193 1247 1248
3 1193 1248 1194
3 1194 1248 1249
3 1194 1249 1195
3 1195 1249 1250
3 1195 1250 1196
3 1196 1250 1251
3 1196 1251 1197
3 1197 1251 1252
3 1197 1252 1198
3 1198 1252 1253
3 1198 1253 1199
3 1199 1253 1254
3 1199 1254 1200
3 1201 1255 1256
3 1201 1256 1202
3 1202 1256 1257
3 1202 1257 1203
3 1203 1257 1258
3 1203 1258 1204
3 1204 1258 1259
3 1204 1259 1205
3 1205 1259 1260
3 1205 1260 1206
3 1206 1260 1261
3 1206 1261 1207
3 1207 1261 1262
3 1207 1262 1208
3 1208 1262 1263
3 1208 1263 1209
3 1209 1263 1264
3 1209 1264 1210
3 1210 1264 1265
3 1210 1265 1211
3 1211 1265 1266
3 1211 1266 1212
3 1212 1266 1267
3 1212 1267 1213
3 1213 1267 1268
3 1213 1268 1214
3 1214 1268 1269
3 1214 1269 1215
3 1215 1269 1270
3 1215 1270 1216
3 1216 1270 1271
3 1216 1271 1217
3 1217 1271 1272
3 1217 1272 1218
3 1218 1272 1273
3 1218 1273 1219
3 1219 1273 1274
3 1219 1274 1220
3 1220 1274 1275
3 1220 1275 1221
3 1221 1275 1276
3 1221 1276 1222
3 1222 1276 1277
3 1222 1277 1223
3 1223 1277 1278
3 1223 1278 1224
3 1224 1278 1279
3 1224 1279 1225
3 1225 1279 1280
3 1225 1280 1226
3 1226 1280 1281
3 1226 1281 1227
3 1228 1282 1283
3 1228 1283 1229
3 1229 1283 1284
3 1229 1284 1230
3 1230 1284 1285
3 1230 1285 1231
3 1231 1285 1286
3 1231 1286 1232
3 1232 1286 1287
3 1232 1287 1233
3 1233 1287 1288
3 1233 1288 1234
3 1234 1288 1289
3 1234 1289 1235
3 1235 1289 1290
3 1235 1290 1236
3 1236 1290 1291
3 1236 1291 1237
3 1237 1291 1292
3 1237 1292 1238
3 1238 1292 1293
3 1238 1293 1239
3 1239 1293 1294
3 1239 1294 1240
3 1240 1294 1295
3 1240 1295 1241
3 1241 1295 1296
3 1241 1296 1242
3 1242 1296 1297
3 1242 1297 1243
3 1243 1297 1298
3 1243 1298 1244
3 1244 1298 1299
3 1244 1299 1245
3 1245 1299 1300
3 1245 1300 1246
3 1246 1300 1301
3 1246 1301 1247
3 1247 1301 1302
3 1247 1302 1248
3 1248 1302 1303
3 1248 1303 1249
3 1249 1303 1304
3 1249 1304 1250
3 1250 1304 1305
3 1250 1305 1251
3 1251 1305 1306
3 1251 1306 1252
3 1252 1306 1307
3 1252 1307 1253
3 1253 1307 1308
3 1253 1308 1254
3 1255 1309 1310
3 1255 1310 1256
3 1256 1310 1311
3 1256 1311 1257
3 1257 1311 1312
3 1257 1312 1258
3 1258 1312 1313
3 1258 1313 1259
3 1259 1313 1314
3 1259 1314 1260
3 1260 1314 1315
3 1260 1315 1261
3 1261 1315 1316
3 1261 1316 1262
3 1262 1316 1317
3 1262 1317 1263
3 1263 1317 1318
3 1263 1318 1264
3 1264 1318 1319
3 1264 1319 1265
3 1265 1319 1320
3 1265 1320 1266
3 1266 1320 1321
3 1266 1321 1267
3 1267 1321 1322
3 1267 1322 1268
3 1268 1322 1323
3 1268 1323 1269
3 1269 1323 1324
3 1269 1324 1270
3 1270 1324 1325
3 1270 1325 1271
3 1271 1325 1326
3 1271 1326 1272
3 1272 1326 1327
3 1272 1327 1273
3 1273 1327 1328
3 1273 1328 1274
3 1274 1328 1329
3 1274 1329 1275
3 1275 1329 1330
3 1275 1330 1276
3 1276 1330 1331
3 1276 1331 1277
3 1277 1331 1332
3 1277 1332 1278
3 1278 1332 1333
3 1278 1333 1279
3 1279 1333 1334
3 1279 1334 1280
3 1280 1334 1335
3 1280 1335 1281
3 1282 1336 1337
3 1282 1337 1283
3 1283 1337 1338
3 1283 1338 1284
3 1284 1338 1339
3 1284 1339 1285
3 1285 1339 1340
3 1285 1340 1286
3 1286 1340 1341
3 1286 1341 1287
3 1287 1341 1342
3 1287 1342 1288
3 1288 1342 1343
3 1288 1343 1289
3 1289 1343 1344
3 1289 1344 1290
3 1290 1344 1345
3 1290 1345 1291
3 1291 1345 1346
3 1291 1346 1292
3 1292 1346 1347
3 1292 1347 1293
3 1293 1347 1348
3 1293 1348 1294
3 1294 1348 1349
3 1294 1349 1295
3 1295 1349 1350
3 1295 1350 1296
3 1296 1350 1351
3 1296 1351 1297
3 1297 1351 1352
3 1297 1352 1298
3 1298 1352 1353
3 1298 1353 1299
3 1299 1353 1354
3 1299 1354 1300
3 1300 1354 1355
3 1300 1355 1301
3 1301 1355 1356
3 1301 1356 1302
3 1302 1356 1357
3 1302 1357 1303
3 1303 1357 1358
3 1303 1358 1304
3 1304 1358 1359
3 1304 1359 1305
3 1305 1359 1360
3 1305 1360 1306
3 1306 1360 1361
3 1306 1361 1307
3 1307 1361 1362
3 1307 1362 1308
3 1309 1363 1364
3 1309 1364 1310
3 1310 1364 1365
3 1310 1365 1311
3 1311 1365 1366
3 1311 1366 1312
3 1312 1366 1367
3 1312 1367 1313
3 1313 1367 1368
3 1313 1368 1314
3 1314 1368 1369
3 1314 1369 1315
3 1315 1369 1370
3 1315 1370 1316
3 1316 1370 1371
3 1316 1371 1317
3 1317 1371 1372
3 1317 1372 1318
3 1318 1372 1373
3 1318 1373 1319
3 1319 1373 1374
3 1319 1374 1320
3 1320 1374 1375
3 1320 1375 1321
3 1321 1375 1376
3 1321 1376 1322
3 1322 1376 1377
3 1322 1377 1323
3 1323 1377 1378
3 1323 1378 1324
3 1324 1378 1379
3 1324 1379 1325
3 1325 1379 1380
3 1325 1380 1326
3 1326 1380 1381
3 1326 1381 1327
3 1327 1381 1382
3 1327 1382 1328
3 1328 1382 1383
3 1328 1383 1329
3 1329 1383 1384
3 1329 1384 1330
3 1330 1384 1385
3 1330 1385 1331
3 1331 1385 1386
3 1331 1386 1332
3 1332 1386 1387
3 1332 1387 1333
3 1333 1387 1388
3 1333 1388 1334
3 1334 1388 1389
3 1334 1389 1335
3 1336 1390 1391
3 1336 1391 1337
3 1337 1391 1392
3 1337 1392 1338
3 1338 1392 1393
3 1338 1393 1339
3 1339 1393 1394
3 1339 1394 1340
3 1340 1394 1395
3 1340 1395 1341
3 1341 1395 1396
3 1341 1396 1342
3 1342 1396 1397
3 1342 1397 1343
3 1343 1397 1398
3 1343 1398 1344
3 1344 1398 1399
3 1344 1399 1345
3 1345 1399 1400
3 1345 1400 1346
3 1346 1400 1401
3 1346 1401 1347
3 1347 1401 1402
3 1347 1402 1348
3 1348 1402 1403
3 1348 1403 1349
3 1349 1403 1404
3 1349 1404 1350
3 1350 1404 1405
3 1350 1405 1351
3 1351 1405 1406
3 1351 1406 1352
3 1352 1406 1407
3 1352 1407 1353
3 1353 1407 1408
3 1353 1408 1354
3 1354 1408 1409
3 1354 1409 1355
3 1355 1409 1410
3 1355 1410 1356
3 1356 1410 1411
3 1356 1411 1357
3 1357 1411 1412
3 1357 1412 1358
3 1358 1412 1413
3 1358 1413 1359
3 1359 1413 1414
3 1359 1414 1360
3 1360 1414 1415
3 1360 1415 1361
3 1361 1415 1416
3 1361 1416 1362
3 1363 1417 1418
3 1363 1418 1364
3 1364 1418 1419
3 1364 1419 1365
3 1365 1419 1420
3 1365 1420 1366
3 1366 1420 1421
3 1366 1421 1367
3 1367 1421 1422
3 1367 1422 1368
3 1368 1422 1423
3 1368 1423 1369
3 1369 1423 1424
3 1369 1424 1370
3 1370 1424 1425
3 1370 1425 1371
3 1371 1425 1426
3 1371 1426 1372
3 1372 1426 1427
3 1372 1427 1373
3 1373 1427 1428
3 1373 1428 1374
3 1374 1428 1429
3 1374 1429 1375
3 1375 1429 1430
3 1375 1430 1376
3 1376 1430 1431
3 1376 1431 1377
3 1377 1431 1432
3 1377 1432 1378
3 1378 1432 1433
3 1378 1433 1379
3 1379 1433 1434
3 1379 1434 1380
3 1380 1434 1435
3 1380 1435 1381
3 1381 1435 1436
3 1381 1436 1382
3 1382 1436 1437
3 1382 1437 1383
3 1383 1437 1438
3 1383 1438 1384
3 1384 1438 1439
3 1384 1439 1385
3 1385 1439 1440
3 1385 1440 1386
3 1386 1440 1441
3 1386 1441 1387
3 1387 1441 1442
3 1387 1442 1388
3 1388 1442 1443
3 1388 1443 1389
3 1390 1444 1445
3 1390 1445 1391
3 1391 1445 1446
3 1391 1446 1392
3 1392 1446 1447
3 1392 1447 1393
3 1393 1447 1448
3 1393 1448 1394
3 1394 1448 1449
3 1394 1449 1395
3 1395 1449 1450
3 1395 1450 1396
3 1396 1450 1451
3 1396 1451 1397
3 1397 1451 1452
3 1397 1452 1398
3 1398 1452 1453
3 1398 1453 1399
3 1399 1453 1454
3 1399 1454 1400
3 1400 1454 1455
3 1400 1455 1401
3 1401 1455 1456
3 1401 1456 1402
3 1402 1456 1457
3 1402 1457 1403
3 1403 1457 1458
3 1403 1458 1404
3 1404 1458 1459
3 1404 1459 1405
3 1405 1459 1460
3 1405 1460 1406
3 1406 1460 1461
3 1406 1461 1407
3 1407 1461 1462
3 1407 1462 1408
3 1408 1462 1463
3 1408 1463 1409
3 1409 1463 1464
3 1409 1464 1410
3 1410 1464 1465
3 1410 1465 1411
3 1411 1465 1466
3 1411 1466 1412
3 1412 1466 1467
3 1412 1467 1413
3 1413 1467 1468
3 1413 1468 1414
3 1414 1468 1469
3 1414 1469 1415
3 1415 1469 1470
3 1415 1470 1416
3 1417 1471 1472
3 1417 1472 1418
3 1418 1472 1473
3 1418 1473 1419
3 1419 1473 1474
3 1419 1474 1420
3 1420 1474 1475
3 1420 1475 1421
3 1421 1475 1476
3 1421 1476 1422
3 1422 1476 1477
3 1422 1477 1423
3 1423 1477 1478
3 1423 1478 1424
3 1424 1478 1479
3 1424 1479 1425
3 1425 1479 1480
3 1425 1480 1426
3 1426 1480 1481
3 1426 1481 1427
3 1427 1481 1482
3 1427 1482 1428
3 1428 1482 1483
3 1428 1483 1429
3 1429 1483 1484
3 1429 1484 1430
3 1430 1484 1485
3 1430 1485 1431
3 1431 1485 1486
3 1431 1486 1432
3 1432 1486 1487
3 1432 1487 1433
3 1433 1487 1488
3 1433 1488 1434
3 1434 1488 1489
3 1434 1489 1435
3 1435 1489 1490
3 1435 1490 1436
3 1436 1490 1491
3 1436 1491 1437
3 1437 1491 1492
3 1437 1492 1438
3 1438 1492 1493
3 1438 1493 1439
3 1439 1493 1494
3 1439 1494 1440
3 1440 1494 1495
3 1440 1495 1441
3 1441 1495 1496
3 1441 1496 1442
3 1442 1496 1497
3 1442 1497 1443
3 1444 1498 1499
3 1444 1499 1445
3 1445 1499 1500
3 1445 1500 1446
3 1446 1500 1501
3 1446 1501 1447
3 1447 1501 1502
3 1447 1502 1448
3 1448 1502 1503
3 1448 1503 1449
3 1449 1503 1504
3 1449 1504 1450
3 1450 1504 1505
3 1450 1505 1451
3 1451 1505 1506
3 1451 1506 1452
3 1452 1506 1507
3 1452 1507 1453
3 1453 1507 1508
3 1453 1508 1454
3 1454 1508 1509
3 1454 1509 1455
3 1455 1509 1510
3 1455 1510 1456
3 1456 1510 1511
3 1456 1511 1457
3 1457 1511 1512
3 1457 1512 1458
3 1458 1512 1513
3 1458 1513 1459
3 1459 1513 1514
3 1459 1514 1460
3 1460 1514 1515
3 1460 1515 1461
3 1461 1515 1516
3 1461 1516 1462
3 1462 1516 1517
3 1462 1517 1463
3 1463 1517 1518
3 1463 1518 1464
3 1464 1518 1519
3 1464 1519 1465
3 1465 1519 1520
3 1465 1520 1466
3 1466 1520 1521
3 1466 1521 1467
3 1467 1521 1522
3 1467 1522 1468
3 1468 1522 1523
3 1468 1523 1469
3 1469 1523 1524
3 1469 1524 1470
3 1471 1525 1526
3 1471 1526 1472
3 1472 1526 1527
3 1472 1527 1473
3 1473 1527 1528
3 1473 1528 1474
3 1474 1528 1529
3 1474 1529 1475
3 1475 1529 1530
3 1475 1530 1476
3 1476 1530 1531
3 1476 1531 1477
3 1477 1531 1532
3 1477 1532 1478
3 1478 1532 1533
3 1478 1533 1479
3 1479 1533 1534
3 1479 1534 1480
3 1480 1534 1535
3 1480 1535 1481
3 1481 1535 1536
3 1481 1536 1482
3 1482 1536 1537
3 1482 1537 1483
3 1483 1537 1538
3 1483 1538 1484
3 1484 1538 1539
3 1484 1539 1485
3 1485 1539 1540
3 1485 1540 1486
3 1486 1540 1541
3 1486 1541 1487
3 1487 1541 1542
3 1487 1542 1488
3 1488 1542 1543
3 1488 1543 1489
3 1489 1543 1544
3 1489 1544 1490
3 1490 1544 1545
3 1490 1545 1491
3 1491 1545 1546
3 1491 1546 1492
3 1492 1546 1547
3 1492 1547 1493
3 1493 1547 1548
3 1493 1548 1494
3 1494 1548 1549
3 1494 1549 1495
3 1495 1549 1550
3 1495 1550 1496
3 1496 1550 1551
3 1496 1551 1497
3 1498 1552 1553
3 1498 1553 1499
3 1499 1553 1554
3 1499 1554 1500
3 1500 1554 1555
3 1500 1555 1501
3 1501 1555 1556
3 1501 1556 1502
3 1502 1556 1557
3 1502 1557 1503
3 1503 1557 1558
3 1503 1558 1504
3 1504 1558 1559
3 1504 1559 1505
3 1505 1559 1560
3 1505 1560 1506
3 1506 1560 1561
3 1506 1561 1507
3 1507 1561 1562
3 1507 1562 1508
3 1508 1562 1563
3 1508 1563 1509
3 1509 1563 1564
3 1509 1564 1510
3 1510 1564 1565
3 1510 1565 1511
3 1511 1565 1566
3 1511 1566 1512
3 1512 1566 1567
3 1512 1567 1513
3 1513 1567 1568
3 1513 1568 1514
3 1514 1568 1569
3 1514 1569 1515
3 1515 1569 1570
3 1515 1570 1516
3 1516 1570 1571
3 1516 1571 1517
3 1517 1571 1572
3 1517 1572 1518
3 1518 1572 1573
3 1518 1573 1519
3 1519 1573 1574
3 1519 1574 1520
3 1520 1574 1575
3 1520 1575 1521
3 1521 1575 1576
3 1521 1576 1522
3 1522 1576 1577
3 1522 1577 1523
3 1523 1577 1578
3 1523 1578 1524
3 1526 1579 1580
3 1526 1580 1527
3 1527 1580 1581
3 1527 1581 1528
3 1528 1581 1582
3 1528 1582 1529
3 1529 1582 1583
3 1529 1583 1530
3 1530 1583 1584
3 1530 1584 1531
3 1531 1584 1585
3 1531 1585 1532
3 1532 1585 1586
3 1532 1586 1533
3 1533 1586 1587
3 1533 1587 1534
3 1534 1587 1588
3 1534 1588 1535
3 1535 1588 1589
3 1535 1589 1536
3 1536 1589 1590
3 1536 1590 1537
3 1537 1590 1591
3 1537 1591 1538
3 1538 1591 1592
3 1538 1592 1539
3 1539 1592 1593
3 1539 1593 1540
3 1540 1593 1594
3 1540 1594 1541
3 1541 1594 1595
3 1541 1595 1542
3 1542 1595 1596
3 1542 1596 1543
3 1543 1596 1597
3 1543 1597 1544
3 1544 1597 1598
3 1544 1598 1545
3 1545 1598 1599
3 1545 1599 1546
3 1546 1599 1600
3 1546 1600 1547
3 1547 1600 1601
3 1547 1601 1548
3 1548 1601 1602
3 1548 1602 1549
3 1549 1602 1603
3 1549 1603 1550
3 1550 1603 1604
3 1550 1604 1551
3 1552 1605 1606
3 1552 1606 1553
3 1553 1606 1607
3 1553 1607 1554
3 1554 1607 1608
3 1554 1608 1555
3 1555 1608 1609
3 1555 1609 1556
3 1556 1609 1610
3 1556 1610 1557
3 1557 1610 1611
3 1557 1611 1558
3 1558 1611 1612
3 1558 1612 1559
3 1559 1612 1613
3 1559 1613 1560
3 1560 1613 1614
3 1560 1614 1561
3 1561 1614 1615
3 1561 1615 1562
3 1562 1615 1616
3 1562 1616 1563
3 1563 1616 1617
3 1563 1617 1564
3 1564 1617 1618
3 1564 1618 1565
3 1565 1618 1619
3 1565 1619 1566
3 1566 1619 1620
3 1566 1620 1567
3 1567 1620 1621
3 1567 1621 1568
3 1568 1621 1622
3 1568 1622 1569
3 1569 1622 1623
3 1569 1623 1570
3 1570 1623 1624
3 1570 1624 1571
3 1571 1624 1625
3 1571 1625 1572
3 1572 1625 1626
3 1572 1626 1573
3 1573 1626 1627
3 1573 1627 1574
3 1574 1627 1628
3 1574 1628 1575
3 1575 1628 1629
3 1575 1629 1576
3 1576 1629 1630
3 1576 1630 1577
3 1579 1631 1632
3 1579 1632 1580
3 1580 1632 1633
3 1580 1633 1581
3 1581 1633 1634
3 1581 1634 1582
3 1582 1634 1635
3 1582 1635 1583
3 1583 1635 1636
3 1583 1636 1584
3 1584 1636 1637
3 1584 1637 1585
3 1585 1637 1638
3 1585 1638 1586
3 1586 1638 1639
3 1586 1639 1587
3 1587 1639 1640
3 1587 1640 1588
3 1588 1640 1641
3 1588 1641 1589
3 1589 1641 1642
3 1589 1642 1590
3 1590 1642 1643
3 1590 1643 1591
3 1591 1643 1644
3 1591 1644 1592
3 1592 1644 1645
3 1592 1645 1593
3 1593 1645 1646
3 1593 1646 1594
3 1594 1646 1647
3 1594 1647 1595
3 1595 1647 1648
3 1595 1648 1596
3 1596 1648 1649
3 1596 1649 1597
3 1597 1649 1650
3 1597 1650 1598
3 1598 1650 1651
3 1598 1651 1599
3 1599 1651 1652
3 1599 1652 1600
3 1600 1652 1653
3 1600 1653 1601
3 1601 1653 1654
3 1601 1654 1602
3 1602 1654 1655
3 1602 1655 1603
3 1603 1655 1656
3 1603 1656 1604
3 1605 1657 1658
3 1605 1658 1606
3 1606 1658 1659
3 1606 1659 1607
3 1607 1659 1660
3 1607 1660 1608
3 1608 1660 1661
3 1608 1661 1609
3 1609 1661 1662
3 1609 1662 1610
3 1610 1662 1663
3 1610 1663 1611
3 1611 1663 1664
3 1611 1664 1612
3 1612 1664 1665
3 1612 1665 1613
3 1613 1665 1666
3 1613 1666 1614
3 1614 1666 1667
3 1614 1667 1615
3 1615 1667 1668
3 1615 1668 1616
3 1616 1668 1669
3 1616 1669 1617
3 1617 1669 1670
3 1617 1670 1618
3 1618 1670 1671
3 1618 1671 1619
3 1619 1671 1672
3 1619 1672 1620
3 1620 1672 1673
3 1620 1673 1621
3 1621 1673 1674
3 1621 1674 1622
3 1622 1674 1675
3 1622 1675 1623
3 1623 1675 1676
3 1623 1676 1624
3 1624 1676 1677
3 1624 1677 1625
3 1625 1677 1678
3 1625 1678 1626
3 1626 1678 1679
3 1626 1679 1627
3 1627 1679 1680
3 1627 1680 1628
3 1628 1680 1681
3 1628 1681 1629
3 1629 1681 1682
3 1629 1682 1630
3 1631 1683 1684
3 1631 1684 1632
3 1632 1684 1685
3 1632 1685 1633
3 1633 1685 1686
3 1633 1686 1634
3 1634 1686 1687
3 1634 1687 1635
3 1635 1687 1688
3 1635 1688 1636
3 1636 1688 1689
3 1636 1689 1637
3 1637 1689 1690
3 1637 1690 1638
3 1638 1690 1691
3 1638 1691 1639
3 1639 1691 1692
3 1639 1692 1640
3 1640 1692 1693
3 1640 1693 1641
3 1641 1693 1694
3 1641 1694 1642
3 1642 1694 1695
3 1642 1695 1643
3 1643 1695 1696
3 1643 1696 1644
3 1644 1696 1697
3 1644 1697 1645
3 1645 1697 1698
3 1645 1698 1646
3 1646 1698 1699
3 1646 1699 1647
3 1647 1699 1700
3 1647 1700 1648
3 1648 1700 1701
3 1648 1701 1649
3 1649 1701 1702
3 1649 1702 1650
3 1650 1702 1703
3 1650 1703 1651
3 1651 1703 1704
3 1651 1704 1652
3 1652 1704 1705
3 1652 1705 1653
3 1653 1705 1706
3 1653 1706 1654
3 1654 1706 1707
3 1654 1707 1655
3 1655 1707 1708
3 1655 1708 1656
3 1657 1709 1710
3 1657 1710 1658
3 1658 1710 1711
3 1658 1711 1659
3 1659 1711 1712
3 1659 1712 1660
3 1660 1712 1713
3 1660 1713 1661
3 1661 1713 1714
3 1661 1714 1662
3 1662 1714 1715
3 1662 1715 1663
3 1663 1715 1716
3 1663 1716 1664
3 1664 1716 1717
3 1664 1717 1665
3 1665 1717 1718
3 1665 1718 1666
3 1666 1718 1719
3 1666 1719 1667
3 1667 1719 1720
3 1667 1720 1668
3 1668 1720 1721
3 1668 1721 1669
3 1669 1721 1722
3 1669 1722 1670
3 1670 1722 1723
3 1670 1723 1671
3 1671 1723 1724
3 1671 1724 1672
3 1672 1724 1725
3 1672 1725 1673
3 1673 1725 1726
3 1673 1726 1674
3 1674 1726 1727
3 1674 1727 1675
3 1675 1727 1728
3 1675 1728 1676
3 1676 1728 1729
3 1676 1729 1677
3 1677 1729 1730
3 1677 1730 1678
3 1678 1730 1731
3 1678 1731 1679
3 1679 1731 1732
3 1679 1732 1680
3 1680 1732 1733
3 1680 1733 1681
3 1681 1733 1734
3 1681 1734 1682
3 1683 1735 1736
3 1683 1736 1684
3 1684 1736 1737
3 1684 1737 1685
3 1685 1737 1738
3 1685 1738 1686
3 1686 1738 1739
3 1686 1739 1687
3 1687 1739 1740
3 1687 1740 1688
3 1688 1740 1741
3 1688 1741 1689
3 1689 1741 1742
3 1689 1742 1690
3 1690 1742 1743
3 1690 1743 1691
3 1691 1743 1744
3 1691 1744 1692
3 1692 1744 1745
3 1692 1745 1693
3 1693 1745 1746
3 1693 1746 1694
3 1694 1746 1747
3 1694 1747 1695
3 1695 1747 1748
3 1695 1748 1696
3 1696 1748 1749
3 1696 1749 1697
3 1697 1749 1750
3 1697 1750 1698
3 1698 1750 1751
3 1698 1751 1699
3 1699 1751 1752
3 1699 1752 1700
3 1700 1752 1753
3 1700 1753 1701
3 1701 1753 1754
3 1701 1754 1702
3 1702 1754 1755
3 1702 1755 1703
3 1703 1755 1756
3 1703 1756 1704
3 1704 1756 1757
3 1704 1757 1705
3 1705 1757 1758
3 1705 1758 1706
3 1706 1758 1759
3 1706 1759 1707
3 1707 1759 1760
3 1707 1760 1708
3 1709 1761 1762
3 1709 1762 1710
3 1710 1762 1763
3 1710 1763 1711
3 1711 1763 1764
3 1711 1764 1712
3 1712 1764 1765
3 1712 1765 1713
3 1713 1765 1766
3 1713 1766 1714
3 1714 1766 1767
3 1714 1767 1715
3 1715 1767 1768
3 1715 1768 1716
3 1716 1768 1769
3 1716 1769 1717
3 1717 1769 1770
3 1717 1770 1718
3 1718 1770 1771
3 1718 1771 1719
3 1719 1771 1772
3 1719 1772 1720
3 1720 1772 1773
3 1720 1773 1721
3 1721 1773 1774
3 1721 1774 1722
3 1722 1774 1775
3 1722 1775 1723
3 1723 1775 1776
3 1723 1776 1724
3 1724 1776 1777
3 1724 1777 1725
3 1725 1777 1778
3 1725 1778 1726
3 1726 1778 1779
3 1726 1779 1727
3 1727 1779 1780
3 1727 1780 1728
3 1728 1780 1781
3 1728 1781 1729
3 1729 1781 1782
3 1729 1782 1730
3 1730 1782 1783
3 1730 1783 1731
3 1731 1783 1784
3 1731 1784 1732
3 1732 1784 1785
3 1732 1785 1733
3 1733 1785 1786
3 1733 1786 1734
3 1736 1787 1788
3 1736 1788 1737
3 1737 1788 1789
3 1737 1789 1738
3 1738 1789 1790
3 1738 1790 1739
3 1739 1790 1791
3 1739 1791 1740
3 1740 1791 1792
3 1740 1792 1741
3 1741 1792 1793
3 1741 1793 1742
3 1742 1793 1794
3 1742 1794 1743
3 1743 1794 1795
3 1743 1795 1744
3 1744 1795 1796
3 1744 1796 1745
3 1745 1796 1797
3 1745 1797 1746
3 1746 1797 1798
3 1746 1798 1747
3 1747 1798 1799
3 1747 1799 1748
3 1748 1799 1800
3 1748 1800 1749
3 1749 1800 1801
3 1749 1801 1750
3 1750 1801 1802
3 1750 1802 1751
3 1751 1802 1803
3 1751 1803 1752
3 1752 1803 1804
3 1752 1804 1753
3 1753 1804 1805
3 1753 1805 1754
3 1754 1805 1806
3 1754 1806 1755
3 1755 1806 1807
3 1755 1807 1756
3 1756 1807 1808
3 1756 1808 1757
3 1757 1808 1809
3 1757 1809 1758
3 1758 1809 1810
3 1758 1810 1759
3 1759 1810 1811
3 1759 1811 1760
3 1761 1812 1813
3 1761 1813 1762
3 1762 1813 1814
3 1762 1814 1763
3 1763 1814 1815
3 1763 1815 1764
3 1764 1815 1816
3 1764 1816 1765
3 1765 1816 1817
3 1765 1817 1766
3 1766 1817 1818
3 1766 1818 1767
3 1767 1818 1819
3 1767 1819 1768
3 1768 1819 1820
3 1768 1820 1769
3 1769 1820 1821
3 1769 1821 1770
3 1770 1821 1822
3 1770 1822 1771
3 1771 1822 1823
3 1771 1823 1772
3 1772 1823 1824
3 1772 1824 1773
3 1773 1824 1825
3 1773 1825 1774
3 1774 1825 1826
3 1774 1826 1775
3 1775 1826 1827
3 1775 1827 1776
3 1776 1827 1828
3 1776 1828 1777
3 1777 1828 1829
3 1777 1829 1778
3 1778 1829 1830
3 1778 1830 1779
3 1779 1830 1831
3 1779 1831 1780
3 1780 1831 1832
3 1780 1832 1781
3 1781 1832 1833
3 1781 1833 1782
3 1782 1833 1834
3 1782 1834 1783
3 1783 1834 1835
3 1783 1835 1784
3 1784 1835 1836
3 1784 1836 1785
3 1787 1837 1838
3 1787 1838 1788
3 1788 1838 1839
3 1788 1839 1789
3 1789 1839 1840
3 1789 1840 1790
3 1790 1840 1841
3 1790 1841 1791
3 1791 1841 1842
3 1791 1842 1792
3 1792 1842 1843
3 1792 1843 1793
3 1793 1843 1844
3 1793 1844 1794
3 1794 1844 1845
3 1794 1845 1795
3 1795 1845 1846
3 1795 1846 1796
3 1796 1846 1847
3 1796 1847 1797
3 1797 1847 1848
3 1797 1848 1798
3 1798 1848 1849
3 1798 1849 1799
3 1799 1849 1850
3 1799 1850 1800
3 1800 1850 1851
3 1800 1851 1801
3 1801 1851 1852
3 1801 1852 1802
3 1802 1852 1853
3 1802 1853 1803
3 1803 1853 1854
3 1803 1854 1804
3 1804 1854 1855
3 1804 1855 1805
3 1805 1855 1856
3 1805 1856 1806
3 1806 1856 1857
3 1806 1857 1807
3 1807 1857 1858
3 1807 1858 1808
3 1808 1858 1859
3 1808 1859 1809
3 1809 1859 1860
3 1809 1860 1810
3 1810 1860 1861
3 1810 1861 1811
3 1812 1862 1863
3 1812 1863 1813
3 1813 1863 1864
3 1813 1864 1814
3 1814 1864 1865
3 1814 1865 1815
3 1815 1865 1866
3 1815 1866 1816
3 1816 1866 1867
3 1816 1867 1817
3 1817 1867 1868
3 1817 1868 1818
3 1818 1868 1869
3 1818 1869 1819
3 1819 1869 1870
3 1819 1870 1820
3 1820 1870 1871
3 1820 1871 1821
3 1821 1871 1872
3 1821 1872 1822
3 1822 1872 1873
3 1822 1873 1823
3 1823 1873 1874
3 1823 1874 1824
3 1824 1874 1875
3 1824 1875 1825
3 1825 1875 1876
3 1825 1876 1826
3 1826 1876 1877
3 1826 1877 1827
3 1827 1877 1878
3 1827 1878 1828
3 1828 1878 1879
3 1828 1879 1829
3 1829 1879 1880
3 1829 1880 1830
3 1830 1880 1881
3 1830 1881 1831
3 1831 1881 1882
3 1831 1882 1832
3 1832 1882 1883
3 1832 1883 1833
3 1833 1883 1884
3 1833 1884 1834
3 1834 1884 1885
3 1834 1885 1835
3 1835 1885 1886
3 1835 1886 1836
3 1837 1887 1888
3 1837 1888 1838
3 1838 1888 1889
3 1838 1889 1839
3 1839 1889 1890
3 1839 1890 1840
3 1840 1890 1891
3 1840 1891 1841
3 1841 1891 1892
3 1841 1892 1842
3 1842 1892 1893
3 1842 1893 1843
3 1843 1893 1894
3 1843 1894 1844
3 1844 1894 1895
3 1844 1895 1845
3 1845 1895 1896
3 1845 1896 1846
3 1846 1896 1897
3 1846 1897 1847
3 1847 1897 1898
3 1847 1898 1848
3 1848 1898 1899
3 1848 1899 1849
3 1849 1899 1900
3 1849 1900 1850
3 1850 1900 1901
3 1850 1901 1851
3 1851 1901 1902
3 1851 1902 1852
3 1852 1902 1903
3 1852 1903 1853
3 1853 1903 1904
3 1853 1904 1854
3 1854 1904 1905
3 1854 1905 1855
3 1855 1905 1906
3 1855 1906 1856
3 1856 1906 1907
3 1856 1907 1857
3 1857 1907 1908
3 1857 1908 1858
3 1858 1908 1909
3 1858 1909 1859
3 1859 1909 1910
3 1859 1910 1860
3 1860 1910 1911
3 1860 1911 1861
3 1862 1912 1913
3 1862 1913 1863
3 1863 1913 1914
3 1863 1914 1864
3 1864 1914 1915
3 1864 1915 1865
3 1865 1915 1916
3 1865 1916 1866
3 1866 1916 1917
3 1866 1917 1867
3 1867 1917 1918
3 1867 1918 1868
3 1868 1918 1919
3 1868 1919 1869
3 1869 1919 1920
3 1869 1920 1870
3 1870 1920 1921
3 1870 1921 1871
3 1871 1921 1922
3 1871 1922 1872
3 1872 1922 1923
3 1872 1923 1873
3 1873 1923 1924
3 1873 1924 1874
3 1874 1924 1925
3 1874 1925 1875
3 1875 1925 1926
3 1875 1926 1876
3 1876 1926 1927
3 1876 1927 1877
3 1877 1927 1928
3 1877 1928 1878
3 1878 1928 1929
3 1878 1929 1879
3 1879 1929 1930
3 1879 1930 1880
3 1880 1930 1931
3 1880 1931 1881
3 1881 1931 1932
3 1881 1932 1882
3 1882 1932 1933
3 1882 1933 1883
3 1883 1933 1934
3 1883 1934 1884
3 1884 1934 1935
3 1884 1935 1885
3 1885 1935 1936
3 1885 1936 1886
3 1888 1937 1938
3 1888 1938 1889
3 1889 1938 1939
3 1889 1939 1890
3 1890 1939 1940
3 1890 1940 1891
3 1891 1940 1941
3 1891 1941 1892
3 1892 1941 1942
3 1892 1942 1893
3 1893 1942 1943
3 1893 1943 1894
3 1894 1943 1944
3 1894 1944 1895
3 1895 1944 1945
3 1895 1945 1896
3 1896 1945 1946
3 1896 1946 1897
3 1897 1946 1947
3 1897 1947 1898
3 1898 1947 1948
3 1898 1948 1899
3 1899 1948 1949
3 1899 1949 1900
3 1900 1949 1950
3 1900 1950 1901
3 1901 1950 1951
3 1901 1951 1902
3 1902 1951 1952
3 1902 1952 1903
3 1903 1952 1953
3 1903 1953 1904
3 1904 1953 1954
3 1904 1954 1905
3 1905 1954 1955
3 1905 1955 1906
3 1906 1955 1956
3 1906 1956 1907
3 1907 1956 1957
3 1907 1957 1908
3 1908 1957 1958
3 1908 1958 1909
3 1909 1958 1959
3 1909 1959 1910
3 1910 1959 1960
3 1910 1960 1911
3 1912 1961 1962
3 1912 1962 1913
3 1913 1962 1963
3 1913 1963 1914
3 1914 1963 1964
3 1914 1964 1915
3 1915 1964 1965
3 1915 1965 1916
3 1916 1965 1966
3 1916 1966 1917
3 1917 1966 1967
3 1917 1967 1918
3 1918 1967 1968
3 1918 1968 1919
3 1919 1968 1969
3 1919 1969 1920
3 1920 1969 1970
3 1920 1970 1921
3 1921 1970 1971
3 1921 1971 1922
3 1922 1971 1972
3 1922 1972 1923
3 1923 1972 1973
3 1923 1973 1924
3 1924 1973 1974
3 1924 1974 1925
3 1925 1974 1975
3 1925 1975 1926
3 1926 1975 1976
3 1926 1976 1927
3 1927 1976 1977
3 1927 1977 1928
3 1928 1977 1978
3 1928 1978 1929
3 1929 1978 1979
3 1929 1979 1930
3 1930 1979 1980
3 1930 1980 1931
3 1931 1980 1981
3 1931 1981 1932
3 1932 1981 1982
3 1932 1982 1933
3 1933 1982 1983
3 1933 1983 1934
3 1934 1983 1984
3 1934 1984 1935
3 1937 1985 1986
3 1937 1986 1938
3 1938 1986 1987
3 1938 1987 1939
3 1939 1987 1988
3 1939 1988 1940
3 1940 1988 1989
3 1940 1989 1941
3 1941 1989 1990
3 1941 1990 1942
3 1942 1990 1991
3 1942 1991 1943
3 1943 1991 1992
3 1943 1992 1944
3 1944 1992 1993
3 1944 1993 1945
3 1945 1993 1994
3 1945 1994 1946
3 1946 1994 1995
3 1946 1995 1947
3 1947 1995 1996
3 1947 1996 1948
3 1948 1996 1997
3 1948 1997 1949
3 1949 1997 1998
3 1949 1998 1950
3 1950 1998 1999
3 1950 1999 1951
3 1951 1999 2000
3 1951 2000 1952
3 1952 2000 2001
3 1952 2001 1953
3 1953 2001 2002
3 1953 2002 1954
3 1954 2002 2003
3 1954 2003 1955
3 1955 2003 2004
3 1955 2004 1956
3 1956 2004 2005
3 1956 2005 1957
3 1957 2005 2006
3 1957 2006 1958
3 1958 2006 2007
3 1958 2007 1959
3 1959 2007 2008
3 1959 2008 1960
3 1961 2009 2010
3 1961 2010 1962
3 1962 2010 2011
3 1962 2011 1963
3 1963 2011 2012
3 1963 2012 1964
3 1964 2012 2013
3 1964 2013 1965
3 1965 2013 2014
3 1965 2014 1966
3 1966 2014 2015
3 1966 2015 1967
3 1967 2015 2016
3 1967 2016 1968
3 1968 2016 2017
3 1968 2017 1969
3 1969 2017 2018
3 1969 2018 1970
3 1970 2018 2019
3 1970 2019 1971
3 1971 2019 2020
3 1971 2020 1972
3 1972 2020 2021
3 1972 2021 1973
3 1973 2021 2022
3 1973 2022 1974
3 1974 2022 2023
3 1974 2023 1975
3 1975 2023 2024
3 1975 2024 1976
3 1976 2024 2025
3 1976 2025 1977
3 1977 2025 2026
3 1977 2026 1978
3 1978 2026 2027
3 1978 2027 1979
3 1979 2027 2028
3 1979 2028 1980
3 1980 2028 2029
3 1980 2029 1981
3 1981 2029 2030
3 1981 2030 1982
3 1982 2030 2031
3 1982 2031 1983
3 1983 2031 2032
3 1983 2032 1984
3 1986 2033 2034
3 1986 2034 1987
3 1987 2034 2035
3 1987 2035 1988
3 1988 2035 2036
3 1988 2036 1989
3 1989 2036 2037
3 1989 2037 1990
3 1990 2037 2038
3 1990 2038 1991
3 1991 2038 2039
3 1991 2039 1992
3 1992 2039 2040
3 1992 2040 1993
3 1993 2040 2041
3 1993 2041 1994
3 1994 2041 2042
3 1994 2042 1995
3 1995 2042 2043
3 1995 2043 1996
3 1996 2043 2044
3 1996 2044 1997
3 1997 2044 2045
3 1997 2045 1998
3 1998 2045 2046
3 1998 2046 1999
3 1999 2046 2047
3 1999 2047 2000
3 2000 2047 2048
3 2000 2048 2001
3 2001 2048 2049
3 2001 2049 2002
3 2002 2049 2050
3 2002 2050 2003
3 2003 2050 2051
3 2003 2051 2004
3 2004 2051 2052
3 2004 2052 2005
3 2005 2052 2053
3 2005 2053 2006
3 2006 2053 2054
3 2006 2054 2007
3 2007 2054 2055
3 2007 2055 2008
3 2009 2056 2057
3 2009 2057 2010
3 2010 2057 2058
3 2010 2058 2011
3 2011 2058 2059
3 2011 2059 2012
3 2012 2059 2060
3 2012 2060 2013
3 2013 2060 2061
3 2013 2061 2014
3 2014 2061 2062
3 2014 2062 2015
3 2015 2062 2063
3 2015 2063 2016
3 2016 2063 2064
3 2016 2064 2017
3 2017 2064 2065
3 2017 2065 2018
3 2018 2065 2066
3 2018 2066 2019
3 2019 2066 2067
3 2019 2067 2020
3 2020 2067 2068
3 2020 2068 2021
3 2021 2068 2069
3 2021 2069 2022
3 2022 2069 2070
3 2022 2070 2023
3 2023 2070 2071
3 2023 2071 2024
3 2024 2071 2072
3 2024 2072 2025
3 2025 2072 2073
3 2025 2073 2026
3 2026 2073 2074
3 2026 2074 2027
3 2027 2074 2075
3 2027 2075 2028
3 2028 2075 2076
3 2028 2076 2029
3 2029 2076 2077
3 2029 2077 2030
3 2030 2077 2078
3 2030 2078 2031
3 2034 2079 2080
3 2034 2080 2035
3 2035 2080 2081
3 2035 2081 2036
3 2036 2081 2082
3 2036 2082 2037
3 2037 2082 2083
3 2037 2083 2038
3 2038 2083 2084
3 2038 2084 2039
3 2039 2084 2085
3 2039 2085 2040
3 2040 2085 2086
3 2040 2086 2041
3 2041 2086 2087
3 2041 2087 2042
3 2042 2087 2088
3 2042 2088 2043
3 2043 2088 2089
3 2043 2089 2044
3 2044 2089 2090
3 2044 2090 2045
3 2045 2090 2091
3 2045 2091 2046
3 2046 2091 2092
3 2046 2092 2047
3 2047 2092 2093
3 2047 2093 2048
3 2048 2093 2094
3 2048 2094 2049
3 2049 2094 2095
3 2049 2095 2050
3 2050 2095 2096
3 2050 2096 2051
3 2051 2096 2097
3 2051 2097 2052
3 2052 2097 2098
3 2052 2098 2053
3 2053 2098 2099
3 2053 2099 2054
3 2054 2099 2100
3 2054 2100 2055
3 2056 2101 2102
3 2056 2102 2057
3 2057 2102 2103
3 2057 2103 2058
3 2058 2103 2104
3 2058 2104 2059
3 2059 2104 2105
3 2059 2105 2060
3 2060 2105 2106
3 2060 2106 2061
3 2061 2106 2107
3 2061 2107 2062
3 2062 2107 2108
3 2062 2108 2063
3 2063 2108 2109
3 2063 2109 2064
3 2064 2109 2110
3 2064 2110 2065
3 2065 2110 2111
3 2065 2111 2066
3 2066 2111 2112
3 2066 2112 2067
3 2067 2112 2113
3 2067 2113 2068
3 2068 2113 2114
3 2068 2114 2069
3 2069 2114 2115
3 2069 2115 2070
3 2070 2115 2116
3 2070 2116 2071
3 2071 2116 2117
3 2071 2117 2072
3 2072 2117 2118
3 2072 2118 2073
3 2073 2118 2119
3 2073 2119 2074
3 2074 2119 2120
3 2074 2120 2075
3 2075 2120 2121
3 2075 2121 2076
3 2076 2121 2122
3 2076 2122 2077
3 2079 2123 2124
3 2079 2124 2080
3 2080 2124 2125
3 2080 2125 2081
3 2081 2125 2126
3 2081 2126 2082
3 2082 2126 2127
3 2082 2127 2083
3 2083 2127 2128
3 2083 2128 2084
3 2084 2128 2129
3 2084 2129 2085
3 2085 2129 2130
3 2085 2130 2086
3 2086 2130 2131
3 2086 2131 2087
3 2087 2131 2132
3 2087 2132 2088
3 2088 2132 2133
3 2088 2133 2089
3 2089 2133 2134
3 2089 2134 2090
3 2090 2134 2135
3 2090 2135 2091
3 2091 2135 2136
3 2091 2136 2092
3 2092 2136 2137
3 2092 2137 2093
3 2093 2137 2138
3 2093 2138 2094
3 2094 2138 2139
3 2094 2139 2095
3 2095 2139 2140
3 2095 2140 2096
3 2096 2140 2141
3 2096 2141 2097
3 2097 2141 2142
3 2097 2142 2098
3 2098 2142 2143
3 2098 2143 2099
3 2099 2143 2144
3 2099 2144 2100
3 2101 2145 2146
3 2101 2146 2102
3 2102 2146 2147
3 2102 2147 2103
3 2103 2147 2148
3 2103 2148 2104
3 2104 2148 2149
3 2104 2149 2105
3 2105 2149 2150
3 2105 2150 2106
3 2106 2150 2151
3 2106 2151 2107
3 2107 2151 2152
3 2107 2152 2108
3 2108 2152 2153
3 2108 2153 2109
3 2109 2153 2154
3 2109 2154 2110
3 2110 2154 2155
3 2110 2155 2111
3 2111 2155 2156
3 2111 2156 2112
3 2112 2156 2157
3 2112 2157 2113
3 2113 2157 2158
3 2113 2158 2114
3 2114 2158 2159
3 2114 2159 2115
3 2115 2159 2160
3 2115 2160 2116
3 2116 2160 2161
3 2116 2161 2117
3 2117 2161 2162
3 2117 2162 2118
3 2118 2162 2163
3 2118 2163 2119
3 2119 2163 2164
3 2119 2164 2120
3 2120 2164 2165
3 2120 2165 2121
3 2121 2165 2166
3 2121 2166 2122
3 2124 2167 2168
3 2124 2168 2125
3 2125 2168 2169
3 2125 2169 2126
3 2126 2169 2170
3 2126 2170 2127
3 2127 2170 2171
3 2127 2171 2128
3 2128 2171 2172
3 2128 2172 2129
3 2129 2172 2173
3 2129 2173 2130
3 2130 2173 2174
3 2130 2174 2131
3 2131 2174 2175
3 2131 2175 2132
3 2132 2175 2176
3 2132 2176 2133
3 2133 2176 2177
3 2133 2177 2134
3 2134 2177 2178
3 2134 2178 2135
3 2135 2178 2179
3 2135 2179 2136
3 2136 2179 2180
3 2136 2180 2137
3 2137 2180 2181
3 2137 2181 2138
3 2138 2181 2182
3 2138 2182 2139
3 2139 2182 2183
3 2139 2183 2140
3 2140 2183 2184
3 2140 2184 2141
3 2141 2184 2185
3 2141 2185 2142
3 2142 2185 2186
3 2142 2186 2143
3 2143 2186 2187
3 2143 2187 2144
3 2145 2188 2189
3 2145 2189 2146
3 2146 2189 2190
3 2146 2190 2147
3 2147 2190 2191
3 2147 2191 2148
3 2148 2191 2192
3 2148 2192 2149
3 2149 2192 2193
3 2149 2193 2150
3 2150 2193 2194
3 2150 2194 2151
3 2151 2194 2195
3 2151 2195 2152
3 2152 2195 2196
3 2152 2196 2153
3 2153 2196 2197
3 2153 2197 2154
3 2154 2197 2198
3 2154 2198 2155
3 2155 2198 2199
3 2155 2199 2156
3 2156 2199 2200
3 2156 2200 2157
3 2157 2200 2201
3 2157 2201 2158
3 2158 2201 2202
3 2158 2202 2159
3 2159 2202 2203
3 2159 2203 2160
3 2160 2203 2204
3 2160 2204 2161
3 2161 2204 2205
3 2161 2205 2162
3 2162 2205 2206
3 2162 2206 2163
3 2163 2206 2207
3 2163 2207 2164
3 2164 2207 2208
3 2164 2208 2165
3 2168 2209 2210
3 2168 2210 2169
3 2169 2210 2211
3 2169 2211 2170
3 2170 2211 2212
3 2170 2212 2171
3 2171 2212 2213
3 2171 2213 2172
3 2172 2213 2214
3 2172 2214 2173
3 2173 2214 2215
3 2173 2215 2174
3 2174 2215 2216
3 2174 2216 2175
3 2175 2216 2217
3 2175 2217 2176
3 2176 2217 2218
3 2176 2218 2177
3 2177 2218 2219
3 2177 2219 2178
3 2178 2219 2220
3 2178 2220 2179
3 2179 2220 2221
3 2179 2221 2180
3 2180 2221 2222
3 2180 2222 2181
3 2181 2222 2223
3 2181 2223 2182
3 2182 2223 2224
3 2182 2224 2183
3 2183 2224 2225
3 2183 2225 2184
3 2184 2225 2226
3 2184 2226 2185
3 2185 2226 2227
3 2185 2227 2186
3 2186 2227 2228
3 2186 2228 2187
3 2188 2229 2230
3 2188 2230 2189
3 2189 2230 2231
3 2189 2231 2190
3 2190 2231 2232
3 2190 2232 2191
3 2191 2232 2233
3 2191 2233 2192
3 2192 2233 2234
3 2192 2234 2193
3 2193 2234 2235
3 2193 2235 2194
3 2194 2235 2236
3 2194 2236 2195
3 2195 2236 2237
3 2195 2237 2196
3 2196 2237 2238
3 2196 2238 2197
3 2197 2238 2239
3 2197 2239 2198
3 2198 2239 2240
3 2198 2240 2199
3 2199 2240 2241
3 2199 2241 2200
3 2200 2241 2242
3 2200 2242 2201
3 2201 2242 2243
3 2201 2243 2202
3 2202 2243 2244
3 2202 2244 2203
3 2203 2244 2245
3 2203 2245 2204
3 2204 2245 2246
3 2204 2246 2205
3 2205 2246 2247
3 2205 2247 2206
3 2206 2247 2248
3 2206 2248 2207
3 2210 2249 2250
3 2210 2250 2211
3 2211 2250 2251
3 2211 2251 2212
3 2212 2251 2252
3 2212 2252 2213
3 2213 2252 2253
3 2213 2253 2214
3 2214 2253 2254
3 2214 2254 2215
3 2215 2254 2255
3 2215 2255 2216
3 2216 2255 2256
3 2216 2256 2217
3 2217 2256 2257
3 2217 2257 2218
3 2218 2257 2258
3 2218 2258 2219
3 2219 2258 2259
3 2219 2259 2220
3 2220 2259 2260
3 2220 2260 2221
3 2221 2260 2261
3 2221 2261 2222
3 2222 2261 2262
3 2222 2262 2223
3 2223 2262 2263
3 2223 2263 2224
3 2224 2263 2264
3 2224 2264 2225
3 2225 2264 2265
3 2225 2265 2226
3 2226 2265 2266
3 2226 2266 2227
3 2227 2266 2267
3 2227 2267 2228
3 2229 2268 2269
3 2229 2269 2230
3 2230 2269 2270
3 2230 2270 2231
3 2231 2270 2271
3 2231 2271 2232
3 2232 2271 2272
3 2232 2272 2233
3 2233 2272 2273
3 2233 2273 2234
3 2234 2273 2274
3 2234 2274 2235
3 2235 2274 2275
3 2235 2275 2236
3 2236 2275 2276
3 2236 2276 2237
3 2237 2276 2277
3 2237 2277 2238
3 2238 2277 2278
3 2238 2278 2239
3 2239 2278 2279
3 2239 2279 2240
3 2240 2279 2280
3 2240 2280 2241
3 2241 2280 2281
3 2241 2281 2242
3 2242 2281 2282
3 2242 2282 2243
3 2243 2282 2283
3 2243 2283 2244
3 2244 2283 2284
3 2244 2284 2245
3 2245 2284 2285
3 2245 2285 2246
3 2246 2285 2286
3 2246 2286 2247
3 2250 2287 2288
3 2250 2288 2251
3 2251 2288 2289
3 2251 2289 2252
3 2252 2289 2290
3 2252 2290 2253
3 2253 2290 2291
3 2253 2291 2254
3 2254 2291 2292
3 2254 2292 2255
3 2255 2292 2293
3 2255 2293 2256
3 2256 2293 2294
3 2256 2294 2257
3 2257 2294 2295
3 2257 2295 2258
3 2258 2295 2296
3 2258 2296 2259
3 2259 2296 2297
3 2259 2297 2260
3 2260 2297 2298
3 2260 2298 2261
3 2261 2298 2299
3 2261 2299 2262
3 2262 2299 2300
3 2262 2300 2263
3 2263 2300 2301
3 2263 2301 2264
3 2264 2301 2302
3 2264 2302 2265
3 2265 2302 2303
3 2265 2303 2266
3 2266 2303 2304
3 2266 2304 2267
3 2268 2305 2306
3 2268 2306 2269
3 2269 2306 2307
3 2269 2307 2270
3 2270 2307 2308
3 2270 2308 2271
3 2271 2308 2309
3 2271 2309 2272
3 2272 2309 2310
3 2272 2310 2273
3 2273 2310 2311
3 2273 2311 2274
3 2274 2311 2312
3 2274 2312 2275
3 2275 2312 2313
3 2275 2313 2276
3 2276 2313 2314
3 2276 2314 2277
3 2277 2314 2315
3 2277 2315 2278
3 2278 2315 2316
3 2278 2316 2279
3 2279 2316 2317
3 2279 2317 2280
3 2280 2317 2318
3 2280 2318 2281
3 2281 2318 2319
3 2281 2319 2282
3 2282 2319 2320
3 2282 2320 2283
3 2283 2320 2321
3 2283 2321 2284
3 2284 2321 2322
3 2284 2322 2285
3 2288 2323 2324
3 2288 2324 2289
3 2289 2324 2325
3 2289 2325 2290
3 2290 2325 2326
3 2290 2326 2291
3 2291 2326 2327
3 2291 2327 2292
3 2292 2327 2328
3 2292 2328 2293
3 2293 2328 2329
3 2293 2329 2294
3 2294 2329 2330
3 2294 2330 2295
3 2295 2330 2331
3 2295 2331 2296
3 2296 2331 2332
3 2296 2332 2297
3 2297 2332 2333
3 2297 2333 2298
3 2298 2333 2334
3 2298 2334 2299
3 2299 2334 2335
3 2299 2335 2300
3 2300 2335 2336
3 2300 2336 2301
3 2301 2336 2337
3 2301 2337 2302
3 2302 2337 2338
3 2302 2338 2303
3 2303 2338 2339
3 2303 2339 2304
3 2305 2340 2341
3 2305 2341 2306
3 2306 2341 2342
3 2306 2342 2307
3 2307 2342 2343
3 2307 2343 2308
3 2308 2343 2344
3 2308 2344 2309
3 2309 2344 2345
3 2309 2345 2310
3 2310 2345 2346
3 2310 2346 2311
3 2311 2346 2347
3 2311 2347 2312
3 2312 2347 2348
3 2312 2348 2313
3 2313 2348 2349
3 2313 2349 2314
3 2314 2349 2350
3 2314 2350 2315
3 2315 2350 2351
3 2315 2351 2316
3 2316 2351 2352
3 2316 2352 2317
3 2317 2352 2353
3 2317 2353 2318
3 2318 2353 2354
3 2318 2354 2319
3 2319 2354 2355
3 2319 2355 2320
3 2320 2355 2356
3 2320 2356 2321
3 2324 2357 2358
3 2324 2358 2325
3 2325 2358 2359
3 2325 2359 2326
3 2326 2359 2360
3 2326 2360 2327
3 2327 2360 2361
3 2327 2361 2328
3 2328 2361 2362
3 2328 2362 2329
3 2329 2362 2363
3 2329 2363 2330
3 2330 2363 2364
3 2330 2364 2331
3 2331 2364 2365
3 2331 2365 2332
3 2332 2365 2366
3 2332 2366 2333
3 2333 2366 2367
3 2333 2367 2334
3 2334 2367 2368
3 2334 2368 2335
3 2335 2368 2369
3 2335 2369 2336
3 2336 2369 2370
3 2336 2370 2337
3 2337 2370 2371
3 2337 2371 2338
3 2338 2371 2372
3 2338 2372 2339
3 2340 2373 2374
3 2340 2374 2341
3 2341 2374 2375
3 2341 2375 2342
3 2342 2375 2376
3 2342 2376 2343
3 2343 2376 2377
3 2343 2377 2344
3 2344 2377 2378
3 2344 2378 2345
3 2345 2378 2379
3 2345 2379 2346
3 2346 2379 2380
3 2346 2380 2347
3 2347 2380 2381
3 2347 2381 2348
3 2348 2381 2382
3 2348 2382 2349
3 2349 2382 2383
3 2349 2383 2350
3 2350 2383 2384
3 2350 2384 2351
3 2351 2384 2385
3 2351 2385 2352
3 2352 2385 2386
3 2352 2386 2353
3 2353 2386 2387
3 2353 2387 2354
3 2354 2387 2388
3 2354 2388 2355
3 2359 2389 2390
3 2359 2390 2360
3 2360 2390 2391
3 2360 2391 2361
3 2361 2391 2392
3 2361 2392 2362
3 2362 2392 2393
3 2362 2393 2363
3 2363 2393 2394
3 2363 2394 2364
3 2364 2394 2395
3 2364 2395 2365
3 2365 2395 2396
3 2365 2396 2366
3 2366 2396 2397
3 2366 2397 2367
3 2367 2397 2398
3 2367 2398 2368
3 2368 2398 2399
3 2368 2399 2369
3 2369 2399 2400
3 2369 2400 2370
3 2370 2400 2401
3 2370 2401 2371
3 2371 2401 2402
3 2371 2402 2372
3 2373 2403 2404
3 2373 2404 2374
3 2374 2404 2405
3 2374 2405 2375
3 2375 2405 2406
3 2375 2406 2376
3 2376 2406 2407
3 2376 2407 2377
3 2377 2407 2408
3 2377 2408 2378
3 2378 2408 2409
3 2378 2409 2379
3 2379 2409 2410
3 2379 2410 2380
3 2380 2410 2411
3 2380 2411 2381
3 2381 2411 2412
3 2381 2412 2382
3 2382 2412 2413
3 2382 2413 2383
3 2383 2413 2414
3 2383 2414 2384
3 2384 2414 2415
3 2384 2415 2385
3 2385 2415 2416
3 2385 2416 2386
3 2390 2417 2418
3 2390 2418 2391
3 2391 2418 2419
3 2391 2419 2392
3 2392 2419 2420
3 2392 2420 2393
3 2393 2420 2421
3 2393 2421 2394
3 2394 2421 2422
3 2394 2422 2395
3 2395 2422 2423
3 2395 2423 2396
3 2396 2423 2424
3 2396 2424 2397
3 2397 2424 2425
3 2397 2425 2398
3 2398 2425 2426
3 2398 2426 2399
3 2399 2426 2427
3 2399 2427 2400
3 2400 2427 2428
3 2400 2428 2401
3 2401 2428 2429
3 2401 2429 2402
3 2403 2430 2431
3 2403 2431 2404
3 2404 2431 2432
3 2404 2432 2405
3 2405 2432 2433
3 2405 2433 2406
3 2406 2433 2434
3 2406 2434 2407
3 2407 2434 2435
3 2407 2435 2408
3 2408 2435 2436
3 2408 2436 2409
3 2409 2436 2437
3 2409 2437 2410
3 2410 2437 2438
3 2410 2438 2411
3 2411 2438 2439
3 2411 2439 2412
3 2412 2439 2440
3 2412 2440 2413
3 2413 2440 2441
3 2413 2441 2414
3 2414 2441 2442
3 2414 2442 2415
3 2419 2443 2444
3 2419 2444 2420
3 2420 2444 2445
3 2420 2445 2421
3 2421 2445 2446
3 2421 2446 2422
3 2422 2446 2447
3 2422 2447 2423
3 2423 2447 2448
3 2423 2448 2424
3 2424 2448 2449
3 2424 2449 2425
3 2425 2449 2450
3 2425 2450 2426
3 2426 2450 2451
3 2426 2451 2427
3 2427 2451 2452
3 2427 2452 2428
3 2428 2452 2453
3 2428 2453 2429
3 2430 2454 2455
3 2430 2455 2431
3 2431 2455 2456
3 2431 2456 2432
3 2432 2456 2457
3 2432 2457 2433
3 2433 2457 2458
3 2433 2458 2434
3 2434 2458 2459
3 2434 2459 2435
3 2435 2459 2460
3 2435 2460 2436
3 2436 2460 2461
3 2436 2461 2437
3 2437 2461 2462
3 2437 2462 2438
3 2438 2462 2463
3 2438 2463 2439
3 2439 2463 2464
3 2439 2464 2440
3 2446 2465 2466
3 2446 2466 2447
3 2447 2466 2467
3 2447 2467 2448
3 2448 2467 2468
3 2448 2468 2449
3 2449 2468 2469
3 2449 2469 2450
3 2450 2469 2470
3 2450 2470 2451
3 2451 2470 2471
3 2451 2471 2452
3 2452 2471 2472
3 2452 2472 2453
3 2454 2473 2474
3 2454 2474 2455
3 2455 2474 2475
3 2455 2475 2456
3 2456 2475 2476
3 2456 2476 2457
3 2457 2476 2477
3 2457 2477 2458
3 2458 2477 2478
3 2458 2478 2459
3 2459 2478 2479
3 2459 2479 2460
3 2460 2479 2480
3 2460 2480 2461
3 2469 2481 2482
3 2469 2482 2470
3 2470 2482 2483
3 2470 2483 2471
3 2471 2483 2484
3 2471 2484 2472
3 2472 2484 2485
3 2472 2485 2486
3 2486 2485 2487
3 2486 2487 2488
3 2488 2487 2489
3 2488 2489 2490
3 2490 2489 2491
3 2490 2491 2473
3 2473 2491 2492
3 2473 2492 2474
3 2474 2492 2493
3 2474 2493 2475
3 2475 2493 2494
3 2475 2494 2476
