ply
format ascii 1.0
element vertex 2746
property float x
property float y
property float z
element face 5312
property list uchar int vertex_indices
end_header
-2.0 -1.1 0.0
-1.8571428571428572 -1.1 0.0
-1.8571428571428572 -0.9625000000000001 0.0
-2.0 -0.9625000000000001 0.0
-1.8571428571428572 -0.8250000000000001 0.0
-2.0 -0.8250000000000001 0.0
-1.8571428571428572 -0.6875 0.0
-2.0 -0.6875 0.0
-1.8571428571428572 -0.55 0.0
-2.0 -0.55 0.0
-1.8571428571428572 -0.4125000000000001 0.0
-2.0 -0.4125000000000001 0.0
-1.8571428571428572 -0.275 0.0
-2.0 -0.275 0.0
-1.8571428571428572 -0.13749999999999996 0.0
-2.0 -0.13749999999999996 0.0
-1.8571428571428572 0.0 0.0
-2.0 0.0 0.0
-1.8571428571428572 0.13749999999999996 0.0
-2.0 0.13749999999999996 0.0
-1.8571428571428572 0.2749999999999999 0.0
-2.0 0.2749999999999999 0.0
-1.8571428571428572 0.4125000000000001 0.0
-2.0 0.4125000000000001 0.0
-1.8571428571428572 0.55 0.0
-2.0 0.55 0.0
-1.8571428571428572 0.6875 0.0
-2.0 0.6875 0.0
-1.8571428571428572 0.8250000000000002 0.0
-2.0 0.8250000000000002 0.0
-1.8571428571428572 0.9624999999999999 0.0
-2.0 0.9624999999999999 0.0
-1.8571428571428572 1.1 0.0
-2.0 1.1 0.0
-1.7142857142857144 -1.1 0.0
-1.7142857142857144 -0.9625000000000001 0.0
-1.7142857142857144 -0.8250000000000001 0.0
-1.7142857142857144 -0.6875 0.0
-1.7142857142857144 -0.55 0.0
-1.7142857142857144 -0.4125000000000001 0.0
-1.7142857142857144 -0.275 0.0
-1.7142857142857144 -0.13749999999999996 0.0
-1.7142857142857144 0.0 0.0
-1.7142857142857144 0.13749999999999996 0.0
-1.7142857142857144 0.2749999999999999 0.0
-1.7142857142857144 0.4125000000000001 0.0
-1.7142857142857144 0.55 0.0
-1.7142857142857144 0.6875 0.0
-1.7142857142857144 0.8250000000000002 0.0
-1.7142857142857144 0.9624999999999999 0.0
-1.7142857142857144 1.1 0.0
-1.5714285714285714 -1.1 0.0
-1.5714285714285714 -0.9625000000000001 0.0
-1.5714285714285714 -0.8250000000000001 0.0
-1.5714285714285714 -0.6875 0.0
-1.5714285714285714 -0.55 0.0
-1.5714285714285714 -0.4125000000000001 0.0
-1.5714285714285714 -0.275 0.0
-1.5714285714285714 -0.13749999999999996 0.0
-1.5714285714285714 0.0 0.0
-1.5714285714285714 0.13749999999999996 0.0
-1.5714285714285714 0.2749999999999999 0.0
-1.5714285714285714 0.4125000000000001 0.0
-1.5714285714285714 0.55 0.0
-1.5714285714285714 0.6875 0.0
-1.5714285714285714 0.8250000000000002 0.0
-1.5714285714285714 0.9624999999999999 0.0
-1.5714285714285714 1.1 0.0
-1.4285714285714286 -1.1 0.0
-1.4285714285714286 -0.9625000000000001 0.0
-1.4285714285714286 -0.8250000000000001 0.0
-1.4285714285714286 -0.6875 0.0
-1.4285714285714286 -0.55 0.0
-1.4285714285714286 -0.4125000000000001 0.0
-1.4285714285714286 -0.275 0.0
-1.4285714285714286 -0.13749999999999996 0.0
-1.4285714285714286 0.0 0.0
-1.4285714285714286 0.13749999999999996 0.0
-1.4285714285714286 0.2749999999999999 0.0
-1.4285714285714286 0.4125000000000001 0.0
-1.4285714285714286 0.55 0.0
-1.4285714285714286 0.6875 0.0
-1.4285714285714286 0.8250000000000002 0.0
-1.4285714285714286 0.9624999999999999 0.0
-1.4285714285714286 1.1 0.0
-1.2857142857142858 -1.1 0.0
-1.2857142857142858 -0.9625000000000001 0.0
-1.2857142857142858 -0.8250000000000001 0.0
-1.2857142857142858 -0.6875 0.0
-1.2857142857142858 -0.55 0.0
-1.2857142857142858 -0.4125000000000001 0.0
-1.2857142857142858 -0.275 0.0
-1.2857142857142858 -0.13749999999999996 0.0
-1.2857142857142858 0.0 0.0
-1.2857142857142858 0.13749999999999996 0.0
-1.2857142857142858 0.2749999999999999 0.0
-1.2857142857142858 0.4125000000000001 0.0
-1.2857142857142858 0.55 0.0
-1.2857142857142858 0.6875 0.0
-1.2857142857142858 0.8250000000000002 0.0
-1.2857142857142858 0.9624999999999999 0.0
-1.2857142857142858 1.1 0.0
-1.1428571428571428 -1.1 0.0
-1.1428571428571428 -0.9625000000000001 0.0
-1.1428571428571428 -0.8250000000000001 0.0
-1.1428571428571428 -0.6875 0.0
-1.1428571428571428 -0.55 0.0
-1.1428571428571428 -0.4125000000000001 0.0
-1.1428571428571428 -0.275 0.0
-1.1428571428571428 -0.13749999999999996 0.0
-1.1428571428571428 0.0 0.0
-1.1428571428571428 0.13749999999999996 0.0
-1.1428571428571428 0.2749999999999999 0.0
-1.1428571428571428 0.4125000000000001 0.0
-1.1428571428571428 0.55 0.0
-1.1428571428571428 0.6875 0.0
-1.1428571428571428 0.8250000000000002 0.0
-1.1428571428571428 0.9624999999999999 0.0
-1.1428571428571428 1.1 0.0
-1.0 -1.1 0.0
-1.0 -0.9625000000000001 0.0
-1.0 -0.8250000000000001 0.0
-1.0 -0.6875 0.0
-1.0 -0.55 0.0
-1.0 -0.4125000000000001 0.0
-1.0 -0.275 0.0
-1.0 -0.13749999999999996 0.0
-1.0 0.0 0.0
-1.0 0.13749999999999996 0.0
-1.0 0.2749999999999999 0.0
-1.0 0.4125000000000001 0.0
-1.0 0.55 0.0
-1.0 0.6875 0.0
-1.0 0.8250000000000002 0.0
-1.0 0.9624999999999999 0.0
-1.0 1.1 0.0
-0.8571428571428572 -1.1 0.0
-0.8571428571428572 -0.9625000000000001 0.0
-0.8571428571428572 -0.8250000000000001 0.0
-0.8571428571428572 -0.6875 0.0
-0.8571428571428572 -0.55 0.0
-0.8571428571428572 -0.4125000000000001 0.0
-0.8571428571428572 -0.275 0.0
-0.8571428571428572 -0.13749999999999996 0.0
-0.8571428571428572 0.0 0.0
-0.8571428571428572 0.13749999999999996 0.0
-0.8571428571428572 0.2749999999999999 0.0
-0.8571428571428572 0.4125000000000001 0.0
-0.8571428571428572 0.55 0.0
-0.8571428571428572 0.6875 0.0
-0.8571428571428572 0.8250000000000002 0.0
-0.8571428571428572 0.9624999999999999 0.0
-0.8571428571428572 1.1 0.0
-0.7142857142857144 -1.1 0.0
-0.7142857142857144 -0.9625000000000001 0.0
-0.7142857142857144 -0.8250000000000001 0.0
-0.7142857142857144 -0.6875 0.0
-0.7142857142857144 -0.55 0.0
-0.7142857142857144 -0.4125000000000001 0.0
-0.7142857142857144 -0.275 0.0
-0.7142857142857144 -0.13749999999999996 0.0
-0.7142857142857144 0.0 0.0
-0.7142857142857144 0.13749999999999996 0.0
-0.7142857142857144 0.2749999999999999 0.0
-0.7142857142857144 0.4125000000000001 0.0
-0.7142857142857144 0.55 0.0
-0.7142857142857144 0.6875 0.0
-0.7142857142857144 0.8250000000000002 0.0
-0.7142857142857144 0.9624999999999999 0.0
-0.7142857142857144 1.1 0.0
-0.5714285714285716 -1.1 0.0
-0.5714285714285716 -0.9625000000000001 0.0
-0.5714285714285716 -0.8250000000000001 0.0
-0.5714285714285716 -0.6875 0.0
-0.5714285714285716 -0.55 0.0
-0.5714285714285716 -0.4125000000000001 0.0
-0.5714285714285716 -0.275 0.0
-0.5714285714285716 -0.13749999999999996 0.0
-0.5714285714285716 0.0 0.0
-0.5714285714285716 0.13749999999999996 0.0
-0.5714285714285716 0.2749999999999999 0.0
-0.5714285714285716 0.4125000000000001 0.0
-0.5714285714285716 0.55 0.0
-0.5714285714285716 0.6875 0.0
-0.5714285714285716 0.8250000000000002 0.0
-0.5714285714285716 0.9624999999999999 0.0
-0.5714285714285716 1.1 0.0
-0.4285714285714286 -1.1 0.0
-0.4285714285714286 -0.9625000000000001 0.0
-0.4285714285714286 -0.8250000000000001 0.0
-0.4285714285714286 -0.6875 0.0
-0.4285714285714286 -0.55 0.0
-0.4285714285714286 -0.4125000000000001 0.0
-0.4285714285714286 -0.275 0.0
-0.4285714285714286 -0.13749999999999996 0.0
-0.4285714285714286 0.0 0.0
-0.4285714285714286 0.13749999999999996 0.0
-0.4285714285714286 0.2749999999999999 0.0
-0.4285714285714286 0.4125000000000001 0.0
-0.4285714285714286 0.55 0.0
-0.4285714285714286 0.6875 0.0
-0.4285714285714286 0.8250000000000002 0.0
-0.4285714285714286 0.9624999999999999 0.0
-0.4285714285714286 1.1 0.0
-0.2857142857142858 -1.1 0.0
-0.2857142857142858 -0.9625000000000001 0.0
-0.2857142857142858 -0.8250000000000001 0.0
-0.2857142857142858 -0.6875 0.0
-0.2857142857142858 -0.55 0.0
-0.2857142857142858 -0.4125000000000001 0.0
-0.2857142857142858 -0.275 0.0
-0.2857142857142858 -0.13749999999999996 0.0
-0.2857142857142858 0.0 0.0
-0.2857142857142858 0.13749999999999996 0.0
-0.2857142857142858 0.2749999999999999 0.0
-0.2857142857142858 0.4125000000000001 0.0
-0.2857142857142858 0.55 0.0
-0.2857142857142858 0.6875 0.0
-0.2857142857142858 0.8250000000000002 0.0
-0.2857142857142858 0.9624999999999999 0.0
-0.2857142857142858 1.1 0.0
-0.14285714285714302 -1.1 0.0
-0.14285714285714302 -0.9625000000000001 0.0
-0.14285714285714302 -0.8250000000000001 0.0
-0.14285714285714302 -0.6875 0.0
-0.14285714285714302 -0.55 0.0
-0.14285714285714302 -0.4125000000000001 0.0
-0.14285714285714302 -0.275 0.0
-0.14285714285714302 -0.13749999999999996 0.0
-0.14285714285714302 0.0 0.0
-0.14285714285714302 0.13749999999999996 0.0
-0.14285714285714302 0.2749999999999999 0.0
-0.14285714285714302 0.4125000000000001 0.0
-0.14285714285714302 0.55 0.0
-0.14285714285714302 0.6875 0.0
-0.14285714285714302 0.8250000000000002 0.0
-0.14285714285714302 0.9624999999999999 0.0
-0.14285714285714302 1.1 0.0
0.0 -1.1 0.0
0.0 -0.9625000000000001 0.0
0.0 -0.8250000000000001 0.0
0.0 -0.6875 0.0
0.0 -0.55 0.0
0.0 -0.4125000000000001 0.0
0.0 -0.275 0.0
0.0 -0.13749999999999996 0.0
0.0 0.0 0.0
0.0 0.13749999999999996 0.0
0.0 0.2749999999999999 0.0
0.0 0.4125000000000001 0.0
0.0 0.55 0.0
0.0 0.6875 0.0
0.0 0.8250000000000002 0.0
0.0 0.9624999999999999 0.0
0.0 1.1 0.0
0.1428571428571428 -1.1 0.0
0.1428571428571428 -0.9625000000000001 0.0
0.1428571428571428 -0.8250000000000001 0.0
0.1428571428571428 -0.6875 0.0
0.1428571428571428 -0.55 0.0
0.1428571428571428 -0.4125000000000001 0.0
0.1428571428571428 -0.275 0.0
0.1428571428571428 -0.13749999999999996 0.0
0.1428571428571428 0.0 0.0
0.1428571428571428 0.13749999999999996 0.0
0.1428571428571428 0.2749999999999999 0.0
0.1428571428571428 0.4125000000000001 0.0
0.1428571428571428 0.55 0.0
0.1428571428571428 0.6875 0.0
0.1428571428571428 0.8250000000000002 0.0
0.1428571428571428 0.9624999999999999 0.0
0.1428571428571428 1.1 0.0
0.2857142857142856 -1.1 0.0
0.2857142857142856 -0.9625000000000001 0.0
0.2857142857142856 -0.8250000000000001 0.0
0.2857142857142856 -0.6875 0.0
0.2857142857142856 -0.55 0.0
0.2857142857142856 -0.4125000000000001 0.0
0.2857142857142856 -0.275 0.0
0.2857142857142856 -0.13749999999999996 0.0
0.2857142857142856 0.0 0.0
0.2857142857142856 0.13749999999999996 0.0
0.2857142857142856 0.2749999999999999 0.0
0.2857142857142856 0.4125000000000001 0.0
0.2857142857142856 0.55 0.0
0.2857142857142856 0.6875 0.0
0.2857142857142856 0.8250000000000002 0.0
0.2857142857142856 0.9624999999999999 0.0
0.2857142857142856 1.1 0.0
0.4285714285714284 -1.1 0.0
0.4285714285714284 -0.9625000000000001 0.0
0.4285714285714284 -0.8250000000000001 0.0
0.4285714285714284 -0.6875 0.0
0.4285714285714284 -0.55 0.0
0.4285714285714284 -0.4125000000000001 0.0
0.4285714285714284 -0.275 0.0
0.4285714285714284 -0.13749999999999996 0.0
0.4285714285714284 0.0 0.0
0.4285714285714284 0.13749999999999996 0.0
0.4285714285714284 0.2749999999999999 0.0
0.4285714285714284 0.4125000000000001 0.0
0.4285714285714284 0.55 0.0
0.4285714285714284 0.6875 0.0
0.4285714285714284 0.8250000000000002 0.0
0.4285714285714284 0.9624999999999999 0.0
0.4285714285714284 1.1 0.0
0.5714285714285712 -1.1 0.0
0.5714285714285712 -0.9625000000000001 0.0
0.5714285714285712 -0.8250000000000001 0.0
0.5714285714285712 -0.6875 0.0
0.5714285714285712 -0.55 0.0
0.5714285714285712 -0.4125000000000001 0.0
0.5714285714285712 -0.275 0.0
0.5714285714285712 -0.13749999999999996 0.0
0.5714285714285712 0.0 0.0
0.5714285714285712 0.13749999999999996 0.0
0.5714285714285712 0.2749999999999999 0.0
0.5714285714285712 0.4125000000000001 0.0
0.5714285714285712 0.55 0.0
0.5714285714285712 0.6875 0.0
0.5714285714285712 0.8250000000000002 0.0
0.5714285714285712 0.9624999999999999 0.0
0.5714285714285712 1.1 0.0
0.714285714285714 -1.1 0.0
0.714285714285714 -0.9625000000000001 0.0
0.714285714285714 -0.8250000000000001 0.0
0.714285714285714 -0.6875 0.0
0.714285714285714 -0.55 0.0
0.714285714285714 -0.4125000000000001 0.0
0.714285714285714 -0.275 0.0
0.714285714285714 -0.13749999999999996 0.0
0.714285714285714 0.0 0.0
0.714285714285714 0.13749999999999996 0.0
0.714285714285714 0.2749999999999999 0.0
0.714285714285714 0.4125000000000001 0.0
0.714285714285714 0.55 0.0
0.714285714285714 0.6875 0.0
0.714285714285714 0.8250000000000002 0.0
0.714285714285714 0.9624999999999999 0.0
0.714285714285714 1.1 0.0
0.8571428571428568 -1.1 0.0
0.8571428571428568 -0.9625000000000001 0.0
0.8571428571428568 -0.8250000000000001 0.0
0.8571428571428568 -0.6875 0.0
0.8571428571428568 -0.55 0.0
0.8571428571428568 -0.4125000000000001 0.0
0.8571428571428568 -0.275 0.0
0.8571428571428568 -0.13749999999999996 0.0
0.8571428571428568 0.0 0.0
0.8571428571428568 0.13749999999999996 0.0
0.8571428571428568 0.2749999999999999 0.0
0.8571428571428568 0.4125000000000001 0.0
0.8571428571428568 0.55 0.0
0.8571428571428568 0.6875 0.0
0.8571428571428568 0.8250000000000002 0.0
0.8571428571428568 0.9624999999999999 0.0
0.8571428571428568 1.1 0.0
1.0 -1.1 0.0
1.0 -0.9625000000000001 0.0
1.0 -0.8250000000000001 0.0
1.0 -0.6875 0.0
1.0 -0.55 0.0
1.0 -0.4125000000000001 0.0
1.0 -0.275 0.0
1.0 -0.13749999999999996 0.0
1.0 0.0 0.0
1.0 0.13749999999999996 0.0
1.0 0.2749999999999999 0.0
1.0 0.4125000000000001 0.0
1.0 0.55 0.0
1.0 0.6875 0.0
1.0 0.8250000000000002 0.0
1.0 0.9624999999999999 0.0
1.0 1.1 0.0
1.1428571428571428 -1.1 0.0
1.1428571428571428 -0.9625000000000001 0.0
1.1428571428571428 -0.8250000000000001 0.0
1.1428571428571428 -0.6875 0.0
1.1428571428571428 -0.55 0.0
1.1428571428571428 -0.4125000000000001 0.0
1.1428571428571428 -0.275 0.0
1.1428571428571428 -0.13749999999999996 0.0
1.1428571428571428 0.0 0.0
1.1428571428571428 0.13749999999999996 0.0
1.1428571428571428 0.2749999999999999 0.0
1.1428571428571428 0.4125000000000001 0.0
1.1428571428571428 0.55 0.0
1.1428571428571428 0.6875 0.0
1.1428571428571428 0.8250000000000002 0.0
1.1428571428571428 0.9624999999999999 0.0
1.1428571428571428 1.1 0.0
1.2857142857142856 -1.1 0.0
1.2857142857142856 -0.9625000000000001 0.0
1.2857142857142856 -0.8250000000000001 0.0
1.2857142857142856 -0.6875 0.0
1.2857142857142856 -0.55 0.0
1.2857142857142856 -0.4125000000000001 0.0
1.2857142857142856 -0.275 0.0
1.2857142857142856 -0.13749999999999996 0.0
1.2857142857142856 0.0 0.0
1.2857142857142856 0.13749999999999996 0.0
1.2857142857142856 0.2749999999999999 0.0
1.2857142857142856 0.4125000000000001 0.0
1.2857142857142856 0.55 0.0
1.2857142857142856 0.6875 0.0
1.2857142857142856 0.8250000000000002 0.0
1.2857142857142856 0.9624999999999999 0.0
1.2857142857142856 1.1 0.0
1.4285714285714284 -1.1 0.0
1.4285714285714284 -0.9625000000000001 0.0
1.4285714285714284 -0.8250000000000001 0.0
1.4285714285714284 -0.6875 0.0
1.4285714285714284 -0.55 0.0
1.4285714285714284 -0.4125000000000001 0.0
1.4285714285714284 -0.275 0.0
1.4285714285714284 -0.13749999999999996 0.0
1.4285714285714284 0.0 0.0
1.4285714285714284 0.13749999999999996 0.0
1.4285714285714284 0.2749999999999999 0.0
1.4285714285714284 0.4125000000000001 0.0
1.4285714285714284 0.55 0.0
1.4285714285714284 0.6875 0.0
1.4285714285714284 0.8250000000000002 0.0
1.4285714285714284 0.9624999999999999 0.0
1.4285714285714284 1.1 0.0
1.5714285714285712 -1.1 0.0
1.5714285714285712 -0.9625000000000001 0.0
1.5714285714285712 -0.8250000000000001 0.0
1.5714285714285712 -0.6875 0.0
1.5714285714285712 -0.55 0.0
1.5714285714285712 -0.4125000000000001 0.0
1.5714285714285712 -0.275 0.0
1.5714285714285712 -0.13749999999999996 0.0
1.5714285714285712 0.0 0.0
1.5714285714285712 0.13749999999999996 0.0
1.5714285714285712 0.2749999999999999 0.0
1.5714285714285712 0.4125000000000001 0.0
1.5714285714285712 0.55 0.0
1.5714285714285712 0.6875 0.0
1.5714285714285712 0.8250000000000002 0.0
1.5714285714285712 0.9624999999999999 0.0
1.5714285714285712 1.1 0.0
1.714285714285714 -1.1 0.0
1.714285714285714 -0.9625000000000001 0.0
1.714285714285714 -0.8250000000000001 0.0
1.714285714285714 -0.6875 0.0
1.714285714285714 -0.55 0.0
1.714285714285714 -0.4125000000000001 0.0
1.714285714285714 -0.275 0.0
1.714285714285714 -0.13749999999999996 0.0
1.714285714285714 0.0 0.0
1.714285714285714 0.13749999999999996 0.0
1.714285714285714 0.2749999999999999 0.0
1.714285714285714 0.4125000000000001 0.0
1.714285714285714 0.55 0.0
1.714285714285714 0.6875 0.0
1.714285714285714 0.8250000000000002 0.0
1.714285714285714 0.9624999999999999 0.0
1.714285714285714 1.1 0.0
1.8571428571428568 -1.1 0.0
1.8571428571428568 -0.9625000000000001 0.0
1.8571428571428568 -0.8250000000000001 0.0
1.8571428571428568 -0.6875 0.0
1.8571428571428568 -0.55 0.0
1.8571428571428568 -0.4125000000000001 0.0
1.8571428571428568 -0.275 0.0
1.8571428571428568 -0.13749999999999996 0.0
1.8571428571428568 0.0 0.0
1.8571428571428568 0.13749999999999996 0.0
1.8571428571428568 0.2749999999999999 0.0
1.8571428571428568 0.4125000000000001 0.0
1.8571428571428568 0.55 0.0
1.8571428571428568 0.6875 0.0
1.8571428571428568 0.8250000000000002 0.0
1.8571428571428568 0.9624999999999999 0.0
1.8571428571428568 1.1 0.0
2.0 -1.1 0.0
2.0 -0.9625000000000001 0.0
2.0 -0.8250000000000001 0.0
2.0 -0.6875 0.0
2.0 -0.55 0.0
2.0 -0.4125000000000001 0.0
2.0 -0.275 0.0
2.0 -0.13749999999999996 0.0
2.0 0.0 0.0
2.0 0.13749999999999996 0.0
2.0 0.2749999999999999 0.0
2.0 0.4125000000000001 0.0
2.0 0.55 0.0
2.0 0.6875 0.0
2.0 0.8250000000000002 0.0
2.0 0.9624999999999999 0.0
2.0 1.1 0.0
-2.0 -0.9625000000000001 0.12
-2.0 -1.1 0.12
-2.0 -0.9625000000000001 0.24
-2.0 -1.1 0.24
-2.0 -0.9625000000000001 0.36
-2.0 -1.1 0.36
-2.0 -0.9625000000000001 0.48
-2.0 -1.1 0.48
-2.0 -0.9625000000000001 0.6
-2.0 -1.1 0.6
-2.0 -0.9625000000000001 0.72
-2.0 -1.1 0.72
-2.0 -0.9625000000000001 0.84
-2.0 -1.1 0.84
-2.0 -0.9625000000000001 0.96
-2.0 -1.1 0.96
-2.0 -0.9625000000000001 1.08
-2.0 -1.1 1.08
-2.0 -0.9625000000000001 1.2
-2.0 -1.1 1.2
-2.0 -0.8250000000000001 0.12
-2.0 -0.8250000000000001 0.24
-2.0 -0.8250000000000001 0.36
-2.0 -0.8250000000000001 0.48
-2.0 -0.8250000000000001 0.6
-2.0 -0.8250000000000001 0.72
-2.0 -0.8250000000000001 0.84
-2.0 -0.8250000000000001 0.96
-2.0 -0.8250000000000001 1.08
-2.0 -0.8250000000000001 1.2
-2.0 -0.6875 0.12
-2.0 -0.6875 0.24
-2.0 -0.6875 0.36
-2.0 -0.6875 0.48
-2.0 -0.6875 0.6
-2.0 -0.6875 0.72
-2.0 -0.6875 0.84
-2.0 -0.6875 0.96
-2.0 -0.6875 1.08
-2.0 -0.6875 1.2
-2.0 -0.55 0.12
-2.0 -0.55 0.24
-2.0 -0.55 0.36
-2.0 -0.55 0.48
-2.0 -0.55 0.6
-2.0 -0.55 0.72
-2.0 -0.55 0.84
-2.0 -0.55 0.96
-2.0 -0.55 1.08
-2.0 -0.55 1.2
-2.0 -0.4125000000000001 0.12
-2.0 -0.4125000000000001 0.24
-2.0 -0.4125000000000001 0.36
-2.0 -0.4125000000000001 0.48
-2.0 -0.4125000000000001 0.6
-2.0 -0.4125000000000001 0.72
-2.0 -0.4125000000000001 0.84
-2.0 -0.4125000000000001 0.96
-2.0 -0.4125000000000001 1.08
-2.0 -0.4125000000000001 1.2
-2.0 -0.275 0.12
-2.0 -0.275 0.24
-2.0 -0.275 0.36
-2.0 -0.275 0.48
-2.0 -0.275 0.6
-2.0 -0.275 0.72
-2.0 -0.275 0.84
-2.0 -0.275 0.96
-2.0 -0.275 1.08
-2.0 -0.275 1.2
-2.0 -0.13749999999999996 0.12
-2.0 -0.13749999999999996 0.24
-2.0 -0.13749999999999996 0.36
-2.0 -0.13749999999999996 0.48
-2.0 -0.13749999999999996 0.6
-2.0 -0.13749999999999996 0.72
-2.0 -0.13749999999999996 0.84
-2.0 -0.13749999999999996 0.96
-2.0 -0.13749999999999996 1.08
-2.0 -0.13749999999999996 1.2
-2.0 0.0 0.12
-2.0 0.0 0.24
-2.0 0.0 0.36
-2.0 0.0 0.48
-2.0 0.0 0.6
-2.0 0.0 0.72
-2.0 0.0 0.84
-2.0 0.0 0.96
-2.0 0.0 1.08
-2.0 0.0 1.2
-2.0 0.13749999999999996 0.12
-2.0 0.13749999999999996 0.24
-2.0 0.13749999999999996 0.36
-2.0 0.13749999999999996 0.48
-2.0 0.13749999999999996 0.6
-2.0 0.13749999999999996 0.72
-2.0 0.13749999999999996 0.84
-2.0 0.13749999999999996 0.96
-2.0 0.13749999999999996 1.08
-2.0 0.13749999999999996 1.2
-2.0 0.2749999999999999 0.12
-2.0 0.2749999999999999 0.24
-2.0 0.2749999999999999 0.36
-2.0 0.2749999999999999 0.48
-2.0 0.2749999999999999 0.6
-2.0 0.2749999999999999 0.72
-2.0 0.2749999999999999 0.84
-2.0 0.2749999999999999 0.96
-2.0 0.2749999999999999 1.08
-2.0 0.2749999999999999 1.2
-2.0 0.4125000000000001 0.12
-2.0 0.4125000000000001 0.24
-2.0 0.4125000000000001 0.36
-2.0 0.4125000000000001 0.48
-2.0 0.4125000000000001 0.6
-2.0 0.4125000000000001 0.72
-2.0 0.4125000000000001 0.84
-2.0 0.4125000000000001 0.96
-2.0 0.4125000000000001 1.08
-2.0 0.4125000000000001 1.2
-2.0 0.55 0.12
-2.0 0.55 0.24
-2.0 0.55 0.36
-2.0 0.55 0.48
-2.0 0.55 0.6
-2.0 0.55 0.72
-2.0 0.55 0.84
-2.0 0.55 0.96
-2.0 0.55 1.08
-2.0 0.55 1.2
-2.0 0.6875 0.12
-2.0 0.6875 0.24
-2.0 0.6875 0.36
-2.0 0.6875 0.48
-2.0 0.6875 0.6
-2.0 0.6875 0.72
-2.0 0.6875 0.84
-2.0 0.6875 0.96
-2.0 0.6875 1.08
-2.0 0.6875 1.2
-2.0 0.8250000000000002 0.12
-2.0 0.8250000000000002 0.24
-2.0 0.8250000000000002 0.36
-2.0 0.8250000000000002 0.48
-2.0 0.8250000000000002 0.6
-2.0 0.8250000000000002 0.72
-2.0 0.8250000000000002 0.84
-2.0 0.8250000000000002 0.96
-2.0 0.8250000000000002 1.08
-2.0 0.8250000000000002 1.2
-2.0 0.9624999999999999 0.12
-2.0 0.9624999999999999 0.24
-2.0 0.9624999999999999 0.36
-2.0 0.9624999999999999 0.48
-2.0 0.9624999999999999 0.6
-2.0 0.9624999999999999 0.72
-2.0 0.9624999999999999 0.84
-2.0 0.9624999999999999 0.96
-2.0 0.9624999999999999 1.08
-2.0 0.9624999999999999 1.2
-2.0 1.1 0.12
-2.0 1.1 0.24
-2.0 1.1 0.36
-2.0 1.1 0.48
-2.0 1.1 0.6
-2.0 1.1 0.72
-2.0 1.1 0.84
-2.0 1.1 0.96
-2.0 1.1 1.08
-2.0 1.1 1.2
2.0 -0.9625000000000001 0.12
2.0 -1.1 0.12
2.0 -0.9625000000000001 0.24
2.0 -1.1 0.24
2.0 -0.9625000000000001 0.36
2.0 -1.1 0.36
2.0 -0.9625000000000001 0.48
2.0 -1.1 0.48
2.0 -0.9625000000000001 0.6
2.0 -1.1 0.6
2.0 -0.9625000000000001 0.72
2.0 -1.1 0.72
2.0 -0.9625000000000001 0.84
2.0 -1.1 0.84
2.0 -0.9625000000000001 0.96
2.0 -1.1 0.96
2.0 -0.9625000000000001 1.08
2.0 -1.1 1.08
2.0 -0.9625000000000001 1.2
2.0 -1.1 1.2
2.0 -0.8250000000000001 0.12
2.0 -0.8250000000000001 0.24
2.0 -0.8250000000000001 0.36
2.0 -0.8250000000000001 0.48
2.0 -0.8250000000000001 0.6
2.0 -0.8250000000000001 0.72
2.0 -0.8250000000000001 0.84
2.0 -0.8250000000000001 0.96
2.0 -0.8250000000000001 1.08
2.0 -0.8250000000000001 1.2
2.0 -0.6875 0.12
2.0 -0.6875 0.24
2.0 -0.6875 0.36
2.0 -0.6875 0.48
2.0 -0.6875 0.6
2.0 -0.6875 0.72
2.0 -0.6875 0.84
2.0 -0.6875 0.96
2.0 -0.6875 1.08
2.0 -0.6875 1.2
2.0 -0.55 0.12
2.0 -0.55 0.24
2.0 -0.55 0.36
2.0 -0.55 0.48
2.0 -0.55 0.6
2.0 -0.55 0.72
2.0 -0.55 0.84
2.0 -0.55 0.96
2.0 -0.55 1.08
2.0 -0.55 1.2
2.0 -0.4125000000000001 0.12
2.0 -0.4125000000000001 0.24
2.0 -0.4125000000000001 0.36
2.0 -0.4125000000000001 0.48
2.0 -0.4125000000000001 0.6
2.0 -0.4125000000000001 0.72
2.0 -0.4125000000000001 0.84
2.0 -0.4125000000000001 0.96
2.0 -0.4125000000000001 1.08
2.0 -0.4125000000000001 1.2
2.0 -0.275 0.12
2.0 -0.275 0.24
2.0 -0.275 0.36
2.0 -0.275 0.48
2.0 -0.275 0.6
2.0 -0.275 0.72
2.0 -0.275 0.84
2.0 -0.275 0.96
2.0 -0.275 1.08
2.0 -0.275 1.2
2.0 -0.13749999999999996 0.12
2.0 -0.13749999999999996 0.24
2.0 -0.13749999999999996 0.36
2.0 -0.13749999999999996 0.48
2.0 -0.13749999999999996 0.6
2.0 -0.13749999999999996 0.72
2.0 -0.13749999999999996 0.84
2.0 -0.13749999999999996 0.96
2.0 -0.13749999999999996 1.08
2.0 -0.13749999999999996 1.2
2.0 0.0 0.12
2.0 0.0 0.24
2.0 0.0 0.36
2.0 0.0 0.48
2.0 0.0 0.6
2.0 0.0 0.72
2.0 0.0 0.84
2.0 0.0 0.96
2.0 0.0 1.08
2.0 0.0 1.2
2.0 0.13749999999999996 0.12
2.0 0.13749999999999996 0.24
2.0 0.13749999999999996 0.36
2.0 0.13749999999999996 0.48
2.0 0.13749999999999996 0.6
2.0 0.13749999999999996 0.72
2.0 0.13749999999999996 0.84
2.0 0.13749999999999996 0.96
2.0 0.13749999999999996 1.08
2.0 0.13749999999999996 1.2
2.0 0.2749999999999999 0.12
2.0 0.2749999999999999 0.24
2.0 0.2749999999999999 0.36
2.0 0.2749999999999999 0.48
2.0 0.2749999999999999 0.6
2.0 0.2749999999999999 0.72
2.0 0.2749999999999999 0.84
2.0 0.2749999999999999 0.96
2.0 0.2749999999999999 1.08
2.0 0.2749999999999999 1.2
2.0 0.4125000000000001 0.12
2.0 0.4125000000000001 0.24
2.0 0.4125000000000001 0.36
2.0 0.4125000000000001 0.48
2.0 0.4125000000000001 0.6
2.0 0.4125000000000001 0.72
2.0 0.4125000000000001 0.84
2.0 0.4125000000000001 0.96
2.0 0.4125000000000001 1.08
2.0 0.4125000000000001 1.2
2.0 0.55 0.12
2.0 0.55 0.24
2.0 0.55 0.36
2.0 0.55 0.48
2.0 0.55 0.6
2.0 0.55 0.72
2.0 0.55 0.84
2.0 0.55 0.96
2.0 0.55 1.08
2.0 0.55 1.2
2.0 0.6875 0.12
2.0 0.6875 0.24
2.0 0.6875 0.36
2.0 0.6875 0.48
2.0 0.6875 0.6
2.0 0.6875 0.72
2.0 0.6875 0.84
2.0 0.6875 0.96
2.0 0.6875 1.08
2.0 0.6875 1.2
2.0 0.8250000000000002 0.12
2.0 0.8250000000000002 0.24
2.0 0.8250000000000002 0.36
2.0 0.8250000000000002 0.48
2.0 0.8250000000000002 0.6
2.0 0.8250000000000002 0.72
2.0 0.8250000000000002 0.84
2.0 0.8250000000000002 0.96
2.0 0.8250000000000002 1.08
2.0 0.8250000000000002 1.2
2.0 0.9624999999999999 0.12
2.0 0.9624999999999999 0.24
2.0 0.9624999999999999 0.36
2.0 0.9624999999999999 0.48
2.0 0.9624999999999999 0.6
2.0 0.9624999999999999 0.72
2.0 0.9624999999999999 0.84
2.0 0.9624999999999999 0.96
2.0 0.9624999999999999 1.08
2.0 0.9624999999999999 1.2
2.0 1.1 0.12
2.0 1.1 0.24
2.0 1.1 0.36
2.0 1.1 0.48
2.0 1.1 0.6
2.0 1.1 0.72
2.0 1.1 0.84
2.0 1.1 0.96
2.0 1.1 1.08
2.0 1.1 1.2
-1.8571428571428572 -1.1 0.12
-1.8571428571428572 -1.1 0.24
-1.8571428571428572 -1.1 0.36
-1.8571428571428572 -1.1 0.48
-1.8571428571428572 -1.1 0.6
-1.8571428571428572 -1.1 0.72
-1.8571428571428572 -1.1 0.84
-1.8571428571428572 -1.1 0.96
-1.8571428571428572 -1.1 1.08
-1.8571428571428572 -1.1 1.2
-1.7142857142857144 -1.1 0.12
-1.7142857142857144 -1.1 0.24
-1.7142857142857144 -1.1 0.36
-1.7142857142857144 -1.1 0.48
-1.7142857142857144 -1.1 0.6
-1.7142857142857144 -1.1 0.72
-1.7142857142857144 -1.1 0.84
-1.7142857142857144 -1.1 0.96
-1.7142857142857144 -1.1 1.08
-1.7142857142857144 -1.1 1.2
-1.5714285714285714 -1.1 0.12
-1.5714285714285714 -1.1 0.24
-1.5714285714285714 -1.1 0.36
-1.5714285714285714 -1.1 0.48
-1.5714285714285714 -1.1 0.6
-1.5714285714285714 -1.1 0.72
-1.5714285714285714 -1.1 0.84
-1.5714285714285714 -1.1 0.96
-1.5714285714285714 -1.1 1.08
-1.5714285714285714 -1.1 1.2
-1.4285714285714286 -1.1 0.12
-1.4285714285714286 -1.1 0.24
-1.4285714285714286 -1.1 0.36
-1.4285714285714286 -1.1 0.48
-1.4285714285714286 -1.1 0.6
-1.4285714285714286 -1.1 0.72
-1.4285714285714286 -1.1 0.84
-1.4285714285714286 -1.1 0.96
-1.4285714285714286 -1.1 1.08
-1.4285714285714286 -1.1 1.2
-1.2857142857142858 -1.1 0.12
-1.2857142857142858 -1.1 0.24
-1.2857142857142858 -1.1 0.36
-1.2857142857142858 -1.1 0.48
-1.2857142857142858 -1.1 0.6
-1.2857142857142858 -1.1 0.72
-1.2857142857142858 -1.1 0.84
-1.2857142857142858 -1.1 0.96
-1.2857142857142858 -1.1 1.08
-1.2857142857142858 -1.1 1.2
-1.1428571428571428 -1.1 0.12
-1.1428571428571428 -1.1 0.24
-1.1428571428571428 -1.1 0.36
-1.1428571428571428 -1.1 0.48
-1.1428571428571428 -1.1 0.6
-1.1428571428571428 -1.1 0.72
-1.1428571428571428 -1.1 0.84
-1.1428571428571428 -1.1 0.96
-1.1428571428571428 -1.1 1.08
-1.1428571428571428 -1.1 1.2
-1.0 -1.1 0.12
-1.0 -1.1 0.24
-1.0 -1.1 0.36
-1.0 -1.1 0.48
-1.0 -1.1 0.6
-1.0 -1.1 0.72
-1.0 -1.1 0.84
-1.0 -1.1 0.96
-1.0 -1.1 1.08
-1.0 -1.1 1.2
-0.8571428571428572 -1.1 0.12
-0.8571428571428572 -1.1 0.24
-0.8571428571428572 -1.1 0.36
-0.8571428571428572 -1.1 0.48
-0.8571428571428572 -1.1 0.6
-0.8571428571428572 -1.1 0.72
-0.8571428571428572 -1.1 0.84
-0.8571428571428572 -1.1 0.96
-0.8571428571428572 -1.1 1.08
-0.8571428571428572 -1.1 1.2
-0.7142857142857144 -1.1 0.12
-0.7142857142857144 -1.1 0.24
-0.7142857142857144 -1.1 0.36
-0.7142857142857144 -1.1 0.48
-0.7142857142857144 -1.1 0.6
-0.7142857142857144 -1.1 0.72
-0.7142857142857144 -1.1 0.84
-0.7142857142857144 -1.1 0.96
-0.7142857142857144 -1.1 1.08
-0.7142857142857144 -1.1 1.2
-0.5714285714285716 -1.1 0.12
-0.5714285714285716 -1.1 0.24
-0.5714285714285716 -1.1 0.36
-0.5714285714285716 -1.1 0.48
-0.5714285714285716 -1.1 0.6
-0.5714285714285716 -1.1 0.72
-0.5714285714285716 -1.1 0.84
-0.5714285714285716 -1.1 0.96
-0.5714285714285716 -1.1 1.08
-0.5714285714285716 -1.1 1.2
-0.4285714285714286 -1.1 0.12
-0.4285714285714286 -1.1 0.24
-0.4285714285714286 -1.1 0.36
-0.4285714285714286 -1.1 0.48
-0.4285714285714286 -1.1 0.6
-0.4285714285714286 -1.1 0.72
-0.4285714285714286 -1.1 0.84
-0.4285714285714286 -1.1 0.96
-0.4285714285714286 -1.1 1.08
-0.4285714285714286 -1.1 1.2
-0.2857142857142858 -1.1 0.12
-0.2857142857142858 -1.1 0.24
-0.2857142857142858 -1.1 0.36
-0.2857142857142858 -1.1 0.48
-0.2857142857142858 -1.1 0.6
-0.2857142857142858 -1.1 0.72
-0.2857142857142858 -1.1 0.84
-0.2857142857142858 -1.1 0.96
-0.2857142857142858 -1.1 1.08
-0.2857142857142858 -1.1 1.2
-0.14285714285714302 -1.1 0.12
-0.14285714285714302 -1.1 0.24
-0.14285714285714302 -1.1 0.36
-0.14285714285714302 -1.1 0.48
-0.14285714285714302 -1.1 0.6
-0.14285714285714302 -1.1 0.72
-0.14285714285714302 -1.1 0.84
-0.14285714285714302 -1.1 0.96
-0.14285714285714302 -1.1 1.08
-0.14285714285714302 -1.1 1.2
0.0 -1.1 0.12
0.0 -1.1 0.24
0.0 -1.1 0.36
0.0 -1.1 0.48
0.0 -1.1 0.6
0.0 -1.1 0.72
0.0 -1.1 0.84
0.0 -1.1 0.96
0.0 -1.1 1.08
0.0 -1.1 1.2
0.1428571428571428 -1.1 0.12
0.1428571428571428 -1.1 0.24
0.1428571428571428 -1.1 0.36
0.1428571428571428 -1.1 0.48
0.1428571428571428 -1.1 0.6
0.1428571428571428 -1.1 0.72
0.1428571428571428 -1.1 0.84
0.1428571428571428 -1.1 0.96
0.1428571428571428 -1.1 1.08
0.1428571428571428 -1.1 1.2
0.2857142857142856 -1.1 0.12
0.2857142857142856 -1.1 0.24
0.2857142857142856 -1.1 0.36
0.2857142857142856 -1.1 0.48
0.2857142857142856 -1.1 0.6
0.2857142857142856 -1.1 0.72
0.2857142857142856 -1.1 0.84
0.2857142857142856 -1.1 0.96
0.2857142857142856 -1.1 1.08
0.2857142857142856 -1.1 1.2
0.4285714285714284 -1.1 0.12
0.4285714285714284 -1.1 0.24
0.4285714285714284 -1.1 0.36
0.4285714285714284 -1.1 0.48
0.4285714285714284 -1.1 0.6
0.4285714285714284 -1.1 0.72
0.4285714285714284 -1.1 0.84
0.4285714285714284 -1.1 0.96
0.4285714285714284 -1.1 1.08
0.4285714285714284 -1.1 1.2
0.5714285714285712 -1.1 0.12
0.5714285714285712 -1.1 0.24
0.5714285714285712 -1.1 0.36
0.5714285714285712 -1.1 0.48
0.5714285714285712 -1.1 0.6
0.5714285714285712 -1.1 0.72
0.5714285714285712 -1.1 0.84
0.5714285714285712 -1.1 0.96
0.5714285714285712 -1.1 1.08
0.5714285714285712 -1.1 1.2
0.714285714285714 -1.1 0.12
0.714285714285714 -1.1 0.24
0.714285714285714 -1.1 0.36
0.714285714285714 -1.1 0.48
0.714285714285714 -1.1 0.6
0.714285714285714 -1.1 0.72
0.714285714285714 -1.1 0.84
0.714285714285714 -1.1 0.96
0.714285714285714 -1.1 1.08
0.714285714285714 -1.1 1.2
0.8571428571428568 -1.1 0.12
0.8571428571428568 -1.1 0.24
0.8571428571428568 -1.1 0.36
0.8571428571428568 -1.1 0.48
0.8571428571428568 -1.1 0.6
0.8571428571428568 -1.1 0.72
0.8571428571428568 -1.1 0.84
0.8571428571428568 -1.1 0.96
0.8571428571428568 -1.1 1.08
0.8571428571428568 -1.1 1.2
1.0 -1.1 0.12
1.0 -1.1 0.24
1.0 -1.1 0.36
1.0 -1.1 0.48
1.0 -1.1 0.6
1.0 -1.1 0.72
1.0 -1.1 0.84
1.0 -1.1 0.96
1.0 -1.1 1.08
1.0 -1.1 1.2
1.1428571428571428 -1.1 0.12
1.1428571428571428 -1.1 0.24
1.1428571428571428 -1.1 0.36
1.1428571428571428 -1.1 0.48
1.1428571428571428 -1.1 0.6
1.1428571428571428 -1.1 0.72
1.1428571428571428 -1.1 0.84
1.1428571428571428 -1.1 0.96
1.1428571428571428 -1.1 1.08
1.1428571428571428 -1.1 1.2
1.2857142857142856 -1.1 0.12
1.2857142857142856 -1.1 0.24
1.2857142857142856 -1.1 0.36
1.2857142857142856 -1.1 0.48
1.2857142857142856 -1.1 0.6
1.2857142857142856 -1.1 0.72
1.2857142857142856 -1.1 0.84
1.2857142857142856 -1.1 0.96
1.2857142857142856 -1.1 1.08
1.2857142857142856 -1.1 1.2
1.4285714285714284 -1.1 0.12
1.4285714285714284 -1.1 0.24
1.4285714285714284 -1.1 0.36
1.4285714285714284 -1.1 0.48
1.4285714285714284 -1.1 0.6
1.4285714285714284 -1.1 0.72
1.4285714285714284 -1.1 0.84
1.4285714285714284 -1.1 0.96
1.4285714285714284 -1.1 1.08
1.4285714285714284 -1.1 1.2
1.5714285714285712 -1.1 0.12
1.5714285714285712 -1.1 0.24
1.5714285714285712 -1.1 0.36
1.5714285714285712 -1.1 0.48
1.5714285714285712 -1.1 0.6
1.5714285714285712 -1.1 0.72
1.5714285714285712 -1.1 0.84
1.5714285714285712 -1.1 0.96
1.5714285714285712 -1.1 1.08
1.5714285714285712 -1.1 1.2
1.714285714285714 -1.1 0.12
1.714285714285714 -1.1 0.24
1.714285714285714 -1.1 0.36
1.714285714285714 -1.1 0.48
1.714285714285714 -1.1 0.6
1.714285714285714 -1.1 0.72
1.714285714285714 -1.1 0.84
1.714285714285714 -1.1 0.96
1.714285714285714 -1.1 1.08
1.714285714285714 -1.1 1.2
1.8571428571428568 -1.1 0.12
1.8571428571428568 -1.1 0.24
1.8571428571428568 -1.1 0.36
1.8571428571428568 -1.1 0.48
1.8571428571428568 -1.1 0.6
1.8571428571428568 -1.1 0.72
1.8571428571428568 -1.1 0.84
1.8571428571428568 -1.1 0.96
1.8571428571428568 -1.1 1.08
1.8571428571428568 -1.1 1.2
-1.8571428571428572 1.1 0.12
-1.8571428571428572 1.1 0.24
-1.8571428571428572 1.1 0.36
-1.8571428571428572 1.1 0.48
-1.8571428571428572 1.1 0.6
-1.8571428571428572 1.1 0.72
-1.8571428571428572 1.1 0.84
-1.8571428571428572 1.1 0.96
-1.8571428571428572 1.1 1.08
-1.8571428571428572 1.1 1.2
-1.7142857142857144 1.1 0.12
-1.7142857142857144 1.1 0.24
-1.7142857142857144 1.1 0.36
-1.7142857142857144 1.1 0.48
-1.7142857142857144 1.1 0.6
-1.7142857142857144 1.1 0.72
-1.7142857142857144 1.1 0.84
-1.7142857142857144 1.1 0.96
-1.7142857142857144 1.1 1.08
-1.7142857142857144 1.1 1.2
-1.5714285714285714 1.1 0.12
-1.5714285714285714 1.1 0.24
-1.5714285714285714 1.1 0.36
-1.5714285714285714 1.1 0.48
-1.5714285714285714 1.1 0.6
-1.5714285714285714 1.1 0.72
-1.5714285714285714 1.1 0.84
-1.5714285714285714 1.1 0.96
-1.5714285714285714 1.1 1.08
-1.5714285714285714 1.1 1.2
-1.4285714285714286 1.1 0.12
-1.4285714285714286 1.1 0.24
-1.4285714285714286 1.1 0.36
-1.4285714285714286 1.1 0.48
-1.4285714285714286 1.1 0.6
-1.4285714285714286 1.1 0.72
-1.4285714285714286 1.1 0.84
-1.4285714285714286 1.1 0.96
-1.4285714285714286 1.1 1.08
-1.4285714285714286 1.1 1.2
-1.2857142857142858 1.1 0.12
-1.2857142857142858 1.1 0.24
-1.2857142857142858 1.1 0.36
-1.2857142857142858 1.1 0.48
-1.2857142857142858 1.1 0.6
-1.2857142857142858 1.1 0.72
-1.2857142857142858 1.1 0.84
-1.2857142857142858 1.1 0.96
-1.2857142857142858 1.1 1.08
-1.2857142857142858 1.1 1.2
-1.1428571428571428 1.1 0.12
-1.1428571428571428 1.1 0.24
-1.1428571428571428 1.1 0.36
-1.1428571428571428 1.1 0.48
-1.1428571428571428 1.1 0.6
-1.1428571428571428 1.1 0.72
-1.1428571428571428 1.1 0.84
-1.1428571428571428 1.1 0.96
-1.1428571428571428 1.1 1.08
-1.1428571428571428 1.1 1.2
-1.0 1.1 0.12
-1.0 1.1 0.24
-1.0 1.1 0.36
-1.0 1.1 0.48
-1.0 1.1 0.6
-1.0 1.1 0.72
-1.0 1.1 0.84
-1.0 1.1 0.96
-1.0 1.1 1.08
-1.0 1.1 1.2
-0.8571428571428572 1.1 0.12
-0.8571428571428572 1.1 0.24
-0.8571428571428572 1.1 0.36
-0.8571428571428572 1.1 0.48
-0.8571428571428572 1.1 0.6
-0.8571428571428572 1.1 0.72
-0.8571428571428572 1.1 0.84
-0.8571428571428572 1.1 0.96
-0.8571428571428572 1.1 1.08
-0.8571428571428572 1.1 1.2
-0.7142857142857144 1.1 0.12
-0.7142857142857144 1.1 0.24
-0.7142857142857144 1.1 0.36
-0.7142857142857144 1.1 0.48
-0.7142857142857144 1.1 0.6
-0.7142857142857144 1.1 0.72
-0.7142857142857144 1.1 0.84
-0.7142857142857144 1.1 0.96
-0.7142857142857144 1.1 1.08
-0.7142857142857144 1.1 1.2
-0.5714285714285716 1.1 0.12
-0.5714285714285716 1.1 0.24
-0.5714285714285716 1.1 0.36
-0.5714285714285716 1.1 0.48
-0.5714285714285716 1.1 0.6
-0.5714285714285716 1.1 0.72
-0.5714285714285716 1.1 0.84
-0.5714285714285716 1.1 0.96
-0.5714285714285716 1.1 1.08
-0.5714285714285716 1.1 1.2
-0.4285714285714286 1.1 0.12
-0.4285714285714286 1.1 0.24
-0.4285714285714286 1.1 0.36
-0.4285714285714286 1.1 0.48
-0.4285714285714286 1.1 0.6
-0.4285714285714286 1.1 0.72
-0.4285714285714286 1.1 0.84
-0.4285714285714286 1.1 0.96
-0.4285714285714286 1.1 1.08
-0.4285714285714286 1.1 1.2
-0.2857142857142858 1.1 0.12
-0.2857142857142858 1.1 0.24
-0.2857142857142858 1.1 0.36
-0.2857142857142858 1.1 0.48
-0.2857142857142858 1.1 0.6
-0.2857142857142858 1.1 0.72
-0.2857142857142858 1.1 0.84
-0.2857142857142858 1.1 0.96
-0.2857142857142858 1.1 1.08
-0.2857142857142858 1.1 1.2
-0.14285714285714302 1.1 0.12
-0.14285714285714302 1.1 0.24
-0.14285714285714302 1.1 0.36
-0.14285714285714302 1.1 0.48
-0.14285714285714302 1.1 0.6
-0.14285714285714302 1.1 0.72
-0.14285714285714302 1.1 0.84
-0.14285714285714302 1.1 0.96
-0.14285714285714302 1.1 1.08
-0.14285714285714302 1.1 1.2
0.0 1.1 0.12
0.0 1.1 0.24
0.0 1.1 0.36
0.0 1.1 0.48
0.0 1.1 0.6
0.0 1.1 0.72
0.0 1.1 0.84
0.0 1.1 0.96
0.0 1.1 1.08
0.0 1.1 1.2
0.1428571428571428 1.1 0.12
0.1428571428571428 1.1 0.24
0.1428571428571428 1.1 0.36
0.1428571428571428 1.1 0.48
0.1428571428571428 1.1 0.6
0.1428571428571428 1.1 0.72
0.1428571428571428 1.1 0.84
0.1428571428571428 1.1 0.96
0.1428571428571428 1.1 1.08
0.1428571428571428 1.1 1.2
0.2857142857142856 1.1 0.12
0.2857142857142856 1.1 0.24
0.2857142857142856 1.1 0.36
0.2857142857142856 1.1 0.48
0.2857142857142856 1.1 0.6
0.2857142857142856 1.1 0.72
0.2857142857142856 1.1 0.84
0.2857142857142856 1.1 0.96
0.2857142857142856 1.1 1.08
0.2857142857142856 1.1 1.2
0.4285714285714284 1.1 0.12
0.4285714285714284 1.1 0.24
0.4285714285714284 1.1 0.36
0.4285714285714284 1.1 0.48
0.4285714285714284 1.1 0.6
0.4285714285714284 1.1 0.72
0.4285714285714284 1.1 0.84
0.4285714285714284 1.1 0.96
0.4285714285714284 1.1 1.08
0.4285714285714284 1.1 1.2
0.5714285714285712 1.1 0.12
0.5714285714285712 1.1 0.24
0.5714285714285712 1.1 0.36
0.5714285714285712 1.1 0.48
0.5714285714285712 1.1 0.6
0.5714285714285712 1.1 0.72
0.5714285714285712 1.1 0.84
0.5714285714285712 1.1 0.96
0.5714285714285712 1.1 1.08
0.5714285714285712 1.1 1.2
0.714285714285714 1.1 0.12
0.714285714285714 1.1 0.24
0.714285714285714 1.1 0.36
0.714285714285714 1.1 0.48
0.714285714285714 1.1 0.6
0.714285714285714 1.1 0.72
0.714285714285714 1.1 0.84
0.714285714285714 1.1 0.96
0.714285714285714 1.1 1.08
0.714285714285714 1.1 1.2
0.8571428571428568 1.1 0.12
0.8571428571428568 1.1 0.24
0.8571428571428568 1.1 0.36
0.8571428571428568 1.1 0.48
0.8571428571428568 1.1 0.6
0.8571428571428568 1.1 0.72
0.8571428571428568 1.1 0.84
0.8571428571428568 1.1 0.96
0.8571428571428568 1.1 1.08
0.8571428571428568 1.1 1.2
1.0 1.1 0.12
1.0 1.1 0.24
1.0 1.1 0.36
1.0 1.1 0.48
1.0 1.1 0.6
1.0 1.1 0.72
1.0 1.1 0.84
1.0 1.1 0.96
1.0 1.1 1.08
1.0 1.1 1.2
1.1428571428571428 1.1 0.12
1.1428571428571428 1.1 0.24
1.1428571428571428 1.1 0.36
1.1428571428571428 1.1 0.48
1.1428571428571428 1.1 0.6
1.1428571428571428 1.1 0.72
1.1428571428571428 1.1 0.84
1.1428571428571428 1.1 0.96
1.1428571428571428 1.1 1.08
1.1428571428571428 1.1 1.2
1.2857142857142856 1.1 0.12
1.2857142857142856 1.1 0.24
1.2857142857142856 1.1 0.36
1.2857142857142856 1.1 0.48
1.2857142857142856 1.1 0.6
1.2857142857142856 1.1 0.72
1.2857142857142856 1.1 0.84
1.2857142857142856 1.1 0.96
1.2857142857142856 1.1 1.08
1.2857142857142856 1.1 1.2
1.4285714285714284 1.1 0.12
1.4285714285714284 1.1 0.24
1.4285714285714284 1.1 0.36
1.4285714285714284 1.1 0.48
1.4285714285714284 1.1 0.6
1.4285714285714284 1.1 0.72
1.4285714285714284 1.1 0.84
1.4285714285714284 1.1 0.96
1.4285714285714284 1.1 1.08
1.4285714285714284 1.1 1.2
1.5714285714285712 1.1 0.12
1.5714285714285712 1.1 0.24
1.5714285714285712 1.1 0.36
1.5714285714285712 1.1 0.48
1.5714285714285712 1.1 0.6
1.5714285714285712 1.1 0.72
1.5714285714285712 1.1 0.84
1.5714285714285712 1.1 0.96
1.5714285714285712 1.1 1.08
1.5714285714285712 1.1 1.2
1.714285714285714 1.1 0.12
1.714285714285714 1.1 0.24
1.714285714285714 1.1 0.36
1.714285714285714 1.1 0.48
1.714285714285714 1.1 0.6
1.714285714285714 1.1 0.72
1.714285714285714 1.1 0.84
1.714285714285714 1.1 0.96
1.714285714285714 1.1 1.08
1.714285714285714 1.1 1.2
1.8571428571428568 1.1 0.12
1.8571428571428568 1.1 0.24
1.8571428571428568 1.1 0.36
1.8571428571428568 1.1 0.48
1.8571428571428568 1.1 0.6
1.8571428571428568 1.1 0.72
1.8571428571428568 1.1 0.84
1.8571428571428568 1.1 0.96
1.8571428571428568 1.1 1.08
1.8571428571428568 1.1 1.2
-1.7 -0.85 1.2
-1.5785714285714285 -0.85 1.2
-1.5785714285714285 -0.74375 1.2
-1.7 -0.74375 1.2
-1.5785714285714285 -0.6375 1.2
-1.7 -0.6375 1.2
-1.5785714285714285 -0.53125 1.2
-1.7 -0.53125 1.2
-1.5785714285714285 -0.425 1.2
-1.7 -0.425 1.2
-1.5785714285714285 -0.31875 1.2
-1.7 -0.31875 1.2
-1.5785714285714285 -0.21250000000000002 1.2
-1.7 -0.21250000000000002 1.2
-1.5785714285714285 -0.10624999999999996 1.2
-1.7 -0.10624999999999996 1.2
-1.5785714285714285 0.0 1.2
-1.7 0.0 1.2
-1.5785714285714285 0.10624999999999996 1.2
-1.7 0.10624999999999996 1.2
-1.5785714285714285 0.21250000000000002 1.2
-1.7 0.21250000000000002 1.2
-1.5785714285714285 0.31875 1.2
-1.7 0.31875 1.2
-1.5785714285714285 0.42499999999999993 1.2
-1.7 0.42499999999999993 1.2
-1.5785714285714285 0.5312499999999999 1.2
-1.7 0.5312499999999999 1.2
-1.5785714285714285 0.6375000000000001 1.2
-1.7 0.6375000000000001 1.2
-1.5785714285714285 0.74375 1.2
-1.7 0.74375 1.2
-1.5785714285714285 0.85 1.2
-1.7 0.85 1.2
-1.457142857142857 -0.85 1.2
-1.457142857142857 -0.74375 1.2
-1.457142857142857 -0.6375 1.2
-1.457142857142857 -0.53125 1.2
-1.457142857142857 -0.425 1.2
-1.457142857142857 -0.31875 1.2
-1.457142857142857 -0.21250000000000002 1.2
-1.457142857142857 -0.10624999999999996 1.2
-1.457142857142857 0.0 1.2
-1.457142857142857 0.10624999999999996 1.2
-1.457142857142857 0.21250000000000002 1.2
-1.457142857142857 0.31875 1.2
-1.457142857142857 0.42499999999999993 1.2
-1.457142857142857 0.5312499999999999 1.2
-1.457142857142857 0.6375000000000001 1.2
-1.457142857142857 0.74375 1.2
-1.457142857142857 0.85 1.2
-1.3357142857142856 -0.85 1.2
-1.3357142857142856 -0.74375 1.2
-1.3357142857142856 -0.6375 1.2
-1.3357142857142856 -0.53125 1.2
-1.3357142857142856 -0.425 1.2
-1.3357142857142856 -0.31875 1.2
-1.3357142857142856 -0.21250000000000002 1.2
-1.3357142857142856 -0.10624999999999996 1.2
-1.3357142857142856 0.0 1.2
-1.3357142857142856 0.10624999999999996 1.2
-1.3357142857142856 0.21250000000000002 1.2
-1.3357142857142856 0.31875 1.2
-1.3357142857142856 0.42499999999999993 1.2
-1.3357142857142856 0.5312499999999999 1.2
-1.3357142857142856 0.6375000000000001 1.2
-1.3357142857142856 0.74375 1.2
-1.3357142857142856 0.85 1.2
-1.2142857142857142 -0.85 1.2
-1.2142857142857142 -0.74375 1.2
-1.2142857142857142 -0.6375 1.2
-1.2142857142857142 -0.53125 1.2
-1.2142857142857142 -0.425 1.2
-1.2142857142857142 -0.31875 1.2
-1.2142857142857142 -0.21250000000000002 1.2
-1.2142857142857142 -0.10624999999999996 1.2
-1.2142857142857142 0.0 1.2
-1.2142857142857142 0.10624999999999996 1.2
-1.2142857142857142 0.21250000000000002 1.2
-1.2142857142857142 0.31875 1.2
-1.2142857142857142 0.42499999999999993 1.2
-1.2142857142857142 0.5312499999999999 1.2
-1.2142857142857142 0.6375000000000001 1.2
-1.2142857142857142 0.74375 1.2
-1.2142857142857142 0.85 1.2
-1.092857142857143 -0.85 1.2
-1.092857142857143 -0.74375 1.2
-1.092857142857143 -0.6375 1.2
-1.092857142857143 -0.53125 1.2
-1.092857142857143 -0.425 1.2
-1.092857142857143 -0.31875 1.2
-1.092857142857143 -0.21250000000000002 1.2
-1.092857142857143 -0.10624999999999996 1.2
-1.092857142857143 0.0 1.2
-1.092857142857143 0.10624999999999996 1.2
-1.092857142857143 0.21250000000000002 1.2
-1.092857142857143 0.31875 1.2
-1.092857142857143 0.42499999999999993 1.2
-1.092857142857143 0.5312499999999999 1.2
-1.092857142857143 0.6375000000000001 1.2
-1.092857142857143 0.74375 1.2
-1.092857142857143 0.85 1.2
-0.9714285714285714 -0.85 1.2
-0.9714285714285714 -0.74375 1.2
-0.9714285714285714 -0.6375 1.2
-0.9714285714285714 -0.53125 1.2
-0.9714285714285714 -0.425 1.2
-0.9714285714285714 -0.31875 1.2
-0.9714285714285714 -0.21250000000000002 1.2
-0.9714285714285714 -0.10624999999999996 1.2
-0.9714285714285714 0.0 1.2
-0.9714285714285714 0.10624999999999996 1.2
-0.9714285714285714 0.21250000000000002 1.2
-0.9714285714285714 0.31875 1.2
-0.9714285714285714 0.42499999999999993 1.2
-0.9714285714285714 0.5312499999999999 1.2
-0.9714285714285714 0.6375000000000001 1.2
-0.9714285714285714 0.74375 1.2
-0.9714285714285714 0.85 1.2
-0.85 -0.85 1.2
-0.85 -0.74375 1.2
-0.85 -0.6375 1.2
-0.85 -0.53125 1.2
-0.85 -0.425 1.2
-0.85 -0.31875 1.2
-0.85 -0.21250000000000002 1.2
-0.85 -0.10624999999999996 1.2
-0.85 0.0 1.2
-0.85 0.10624999999999996 1.2
-0.85 0.21250000000000002 1.2
-0.85 0.31875 1.2
-0.85 0.42499999999999993 1.2
-0.85 0.5312499999999999 1.2
-0.85 0.6375000000000001 1.2
-0.85 0.74375 1.2
-0.85 0.85 1.2
-0.7285714285714285 -0.85 1.2
-0.7285714285714285 -0.74375 1.2
-0.7285714285714285 -0.6375 1.2
-0.7285714285714285 -0.53125 1.2
-0.7285714285714285 -0.425 1.2
-0.7285714285714285 -0.31875 1.2
-0.7285714285714285 -0.21250000000000002 1.2
-0.7285714285714285 -0.10624999999999996 1.2
-0.7285714285714285 0.0 1.2
-0.7285714285714285 0.10624999999999996 1.2
-0.7285714285714285 0.21250000000000002 1.2
-0.7285714285714285 0.31875 1.2
-0.7285714285714285 0.42499999999999993 1.2
-0.7285714285714285 0.5312499999999999 1.2
-0.7285714285714285 0.6375000000000001 1.2
-0.7285714285714285 0.74375 1.2
-0.7285714285714285 0.85 1.2
-0.6071428571428572 -0.85 1.2
-0.6071428571428572 -0.74375 1.2
-0.6071428571428572 -0.6375 1.2
-0.6071428571428572 -0.53125 1.2
-0.6071428571428572 -0.425 1.2
-0.6071428571428572 -0.31875 1.2
-0.6071428571428572 -0.21250000000000002 1.2
-0.6071428571428572 -0.10624999999999996 1.2
-0.6071428571428572 0.0 1.2
-0.6071428571428572 0.10624999999999996 1.2
-0.6071428571428572 0.21250000000000002 1.2
-0.6071428571428572 0.31875 1.2
-0.6071428571428572 0.42499999999999993 1.2
-0.6071428571428572 0.5312499999999999 1.2
-0.6071428571428572 0.6375000000000001 1.2
-0.6071428571428572 0.74375 1.2
-0.6071428571428572 0.85 1.2
-0.48571428571428577 -0.85 1.2
-0.48571428571428577 -0.74375 1.2
-0.48571428571428577 -0.6375 1.2
-0.48571428571428577 -0.53125 1.2
-0.48571428571428577 -0.425 1.2
-0.48571428571428577 -0.31875 1.2
-0.48571428571428577 -0.21250000000000002 1.2
-0.48571428571428577 -0.10624999999999996 1.2
-0.48571428571428577 0.0 1.2
-0.48571428571428577 0.10624999999999996 1.2
-0.48571428571428577 0.21250000000000002 1.2
-0.48571428571428577 0.31875 1.2
-0.48571428571428577 0.42499999999999993 1.2
-0.48571428571428577 0.5312499999999999 1.2
-0.48571428571428577 0.6375000000000001 1.2
-0.48571428571428577 0.74375 1.2
-0.48571428571428577 0.85 1.2
-0.3642857142857143 -0.85 1.2
-0.3642857142857143 -0.74375 1.2
-0.3642857142857143 -0.6375 1.2
-0.3642857142857143 -0.53125 1.2
-0.3642857142857143 -0.425 1.2
-0.3642857142857143 -0.31875 1.2
-0.3642857142857143 -0.21250000000000002 1.2
-0.3642857142857143 -0.10624999999999996 1.2
-0.3642857142857143 0.0 1.2
-0.3642857142857143 0.10624999999999996 1.2
-0.3642857142857143 0.21250000000000002 1.2
-0.3642857142857143 0.31875 1.2
-0.3642857142857143 0.42499999999999993 1.2
-0.3642857142857143 0.5312499999999999 1.2
-0.3642857142857143 0.6375000000000001 1.2
-0.3642857142857143 0.74375 1.2
-0.3642857142857143 0.85 1.2
-0.24285714285714288 -0.85 1.2
-0.24285714285714288 -0.74375 1.2
-0.24285714285714288 -0.6375 1.2
-0.24285714285714288 -0.53125 1.2
-0.24285714285714288 -0.425 1.2
-0.24285714285714288 -0.31875 1.2
-0.24285714285714288 -0.21250000000000002 1.2
-0.24285714285714288 -0.10624999999999996 1.2
-0.24285714285714288 0.0 1.2
-0.24285714285714288 0.10624999999999996 1.2
-0.24285714285714288 0.21250000000000002 1.2
-0.24285714285714288 0.31875 1.2
-0.24285714285714288 0.42499999999999993 1.2
-0.24285714285714288 0.5312499999999999 1.2
-0.24285714285714288 0.6375000000000001 1.2
-0.24285714285714288 0.74375 1.2
-0.24285714285714288 0.85 1.2
-0.12142857142857144 -0.85 1.2
-0.12142857142857144 -0.74375 1.2
-0.12142857142857144 -0.6375 1.2
-0.12142857142857144 -0.53125 1.2
-0.12142857142857144 -0.425 1.2
-0.12142857142857144 -0.31875 1.2
-0.12142857142857144 -0.21250000000000002 1.2
-0.12142857142857144 -0.10624999999999996 1.2
-0.12142857142857144 0.0 1.2
-0.12142857142857144 0.10624999999999996 1.2
-0.12142857142857144 0.21250000000000002 1.2
-0.12142857142857144 0.31875 1.2
-0.12142857142857144 0.42499999999999993 1.2
-0.12142857142857144 0.5312499999999999 1.2
-0.12142857142857144 0.6375000000000001 1.2
-0.12142857142857144 0.74375 1.2
-0.12142857142857144 0.85 1.2
0.0 -0.85 1.2
0.0 -0.74375 1.2
0.0 -0.6375 1.2
0.0 -0.53125 1.2
0.0 -0.425 1.2
0.0 -0.31875 1.2
0.0 -0.21250000000000002 1.2
0.0 -0.10624999999999996 1.2
0.0 0.0 1.2
0.0 0.10624999999999996 1.2
0.0 0.21250000000000002 1.2
0.0 0.31875 1.2
0.0 0.42499999999999993 1.2
0.0 0.5312499999999999 1.2
0.0 0.6375000000000001 1.2
0.0 0.74375 1.2
0.0 0.85 1.2
0.12142857142857144 -0.85 1.2
0.12142857142857144 -0.74375 1.2
0.12142857142857144 -0.6375 1.2
0.12142857142857144 -0.53125 1.2
0.12142857142857144 -0.425 1.2
0.12142857142857144 -0.31875 1.2
0.12142857142857144 -0.21250000000000002 1.2
0.12142857142857144 -0.10624999999999996 1.2
0.12142857142857144 0.0 1.2
0.12142857142857144 0.10624999999999996 1.2
0.12142857142857144 0.21250000000000002 1.2
0.12142857142857144 0.31875 1.2
0.12142857142857144 0.42499999999999993 1.2
0.12142857142857144 0.5312499999999999 1.2
0.12142857142857144 0.6375000000000001 1.2
0.12142857142857144 0.74375 1.2
0.12142857142857144 0.85 1.2
0.24285714285714288 -0.85 1.2
0.24285714285714288 -0.74375 1.2
0.24285714285714288 -0.6375 1.2
0.24285714285714288 -0.53125 1.2
0.24285714285714288 -0.425 1.2
0.24285714285714288 -0.31875 1.2
0.24285714285714288 -0.21250000000000002 1.2
0.24285714285714288 -0.10624999999999996 1.2
0.24285714285714288 0.0 1.2
0.24285714285714288 0.10624999999999996 1.2
0.24285714285714288 0.21250000000000002 1.2
0.24285714285714288 0.31875 1.2
0.24285714285714288 0.42499999999999993 1.2
0.24285714285714288 0.5312499999999999 1.2
0.24285714285714288 0.6375000000000001 1.2
0.24285714285714288 0.74375 1.2
0.24285714285714288 0.85 1.2
0.3642857142857141 -0.85 1.2
0.3642857142857141 -0.74375 1.2
0.3642857142857141 -0.6375 1.2
0.3642857142857141 -0.53125 1.2
0.3642857142857141 -0.425 1.2
0.3642857142857141 -0.31875 1.2
0.3642857142857141 -0.21250000000000002 1.2
0.3642857142857141 -0.10624999999999996 1.2
0.3642857142857141 0.0 1.2
0.3642857142857141 0.10624999999999996 1.2
0.3642857142857141 0.21250000000000002 1.2
0.3642857142857141 0.31875 1.2
0.3642857142857141 0.42499999999999993 1.2
0.3642857142857141 0.5312499999999999 1.2
0.3642857142857141 0.6375000000000001 1.2
0.3642857142857141 0.74375 1.2
0.3642857142857141 0.85 1.2
0.48571428571428554 -0.85 1.2
0.48571428571428554 -0.74375 1.2
0.48571428571428554 -0.6375 1.2
0.48571428571428554 -0.53125 1.2
0.48571428571428554 -0.425 1.2
0.48571428571428554 -0.31875 1.2
0.48571428571428554 -0.21250000000000002 1.2
0.48571428571428554 -0.10624999999999996 1.2
0.48571428571428554 0.0 1.2
0.48571428571428554 0.10624999999999996 1.2
0.48571428571428554 0.21250000000000002 1.2
0.48571428571428554 0.31875 1.2
0.48571428571428554 0.42499999999999993 1.2
0.48571428571428554 0.5312499999999999 1.2
0.48571428571428554 0.6375000000000001 1.2
0.48571428571428554 0.74375 1.2
0.48571428571428554 0.85 1.2
0.607142857142857 -0.85 1.2
0.607142857142857 -0.74375 1.2
0.607142857142857 -0.6375 1.2
0.607142857142857 -0.53125 1.2
0.607142857142857 -0.425 1.2
0.607142857142857 -0.31875 1.2
0.607142857142857 -0.21250000000000002 1.2
0.607142857142857 -0.10624999999999996 1.2
0.607142857142857 0.0 1.2
0.607142857142857 0.10624999999999996 1.2
0.607142857142857 0.21250000000000002 1.2
0.607142857142857 0.31875 1.2
0.607142857142857 0.42499999999999993 1.2
0.607142857142857 0.5312499999999999 1.2
0.607142857142857 0.6375000000000001 1.2
0.607142857142857 0.74375 1.2
0.607142857142857 0.85 1.2
0.7285714285714284 -0.85 1.2
0.7285714285714284 -0.74375 1.2
0.7285714285714284 -0.6375 1.2
0.7285714285714284 -0.53125 1.2
0.7285714285714284 -0.425 1.2
0.7285714285714284 -0.31875 1.2
0.7285714285714284 -0.21250000000000002 1.2
0.7285714285714284 -0.10624999999999996 1.2
0.7285714285714284 0.0 1.2
0.7285714285714284 0.10624999999999996 1.2
0.7285714285714284 0.21250000000000002 1.2
0.7285714285714284 0.31875 1.2
0.7285714285714284 0.42499999999999993 1.2
0.7285714285714284 0.5312499999999999 1.2
0.7285714285714284 0.6375000000000001 1.2
0.7285714285714284 0.74375 1.2
0.7285714285714284 0.85 1.2
0.8499999999999999 -0.85 1.2
0.8499999999999999 -0.74375 1.2
0.8499999999999999 -0.6375 1.2
0.8499999999999999 -0.53125 1.2
0.8499999999999999 -0.425 1.2
0.8499999999999999 -0.31875 1.2
0.8499999999999999 -0.21250000000000002 1.2
0.8499999999999999 -0.10624999999999996 1.2
0.8499999999999999 0.0 1.2
0.8499999999999999 0.10624999999999996 1.2
0.8499999999999999 0.21250000000000002 1.2
0.8499999999999999 0.31875 1.2
0.8499999999999999 0.42499999999999993 1.2
0.8499999999999999 0.5312499999999999 1.2
0.8499999999999999 0.6375000000000001 1.2
0.8499999999999999 0.74375 1.2
0.8499999999999999 0.85 1.2
0.9714285714285713 -0.85 1.2
0.9714285714285713 -0.74375 1.2
0.9714285714285713 -0.6375 1.2
0.9714285714285713 -0.53125 1.2
0.9714285714285713 -0.425 1.2
0.9714285714285713 -0.31875 1.2
0.9714285714285713 -0.21250000000000002 1.2
0.9714285714285713 -0.10624999999999996 1.2
0.9714285714285713 0.0 1.2
0.9714285714285713 0.10624999999999996 1.2
0.9714285714285713 0.21250000000000002 1.2
0.9714285714285713 0.31875 1.2
0.9714285714285713 0.42499999999999993 1.2
0.9714285714285713 0.5312499999999999 1.2
0.9714285714285713 0.6375000000000001 1.2
0.9714285714285713 0.74375 1.2
0.9714285714285713 0.85 1.2
1.0928571428571427 -0.85 1.2
1.0928571428571427 -0.74375 1.2
1.0928571428571427 -0.6375 1.2
1.0928571428571427 -0.53125 1.2
1.0928571428571427 -0.425 1.2
1.0928571428571427 -0.31875 1.2
1.0928571428571427 -0.21250000000000002 1.2
1.0928571428571427 -0.10624999999999996 1.2
1.0928571428571427 0.0 1.2
1.0928571428571427 0.10624999999999996 1.2
1.0928571428571427 0.21250000000000002 1.2
1.0928571428571427 0.31875 1.2
1.0928571428571427 0.42499999999999993 1.2
1.0928571428571427 0.5312499999999999 1.2
1.0928571428571427 0.6375000000000001 1.2
1.0928571428571427 0.74375 1.2
1.0928571428571427 0.85 1.2
1.2142857142857142 -0.85 1.2
1.2142857142857142 -0.74375 1.2
1.2142857142857142 -0.6375 1.2
1.2142857142857142 -0.53125 1.2
1.2142857142857142 -0.425 1.2
1.2142857142857142 -0.31875 1.2
1.2142857142857142 -0.21250000000000002 1.2
1.2142857142857142 -0.10624999999999996 1.2
1.2142857142857142 0.0 1.2
1.2142857142857142 0.10624999999999996 1.2
1.2142857142857142 0.21250000000000002 1.2
1.2142857142857142 0.31875 1.2
1.2142857142857142 0.42499999999999993 1.2
1.2142857142857142 0.5312499999999999 1.2
1.2142857142857142 0.6375000000000001 1.2
1.2142857142857142 0.74375 1.2
1.2142857142857142 0.85 1.2
1.3357142857142856 -0.85 1.2
1.3357142857142856 -0.74375 1.2
1.3357142857142856 -0.6375 1.2
1.3357142857142856 -0.53125 1.2
1.3357142857142856 -0.425 1.2
1.3357142857142856 -0.31875 1.2
1.3357142857142856 -0.21250000000000002 1.2
1.3357142857142856 -0.10624999999999996 1.2
1.3357142857142856 0.0 1.2
1.3357142857142856 0.10624999999999996 1.2
1.3357142857142856 0.21250000000000002 1.2
1.3357142857142856 0.31875 1.2
1.3357142857142856 0.42499999999999993 1.2
1.3357142857142856 0.5312499999999999 1.2
1.3357142857142856 0.6375000000000001 1.2
1.3357142857142856 0.74375 1.2
1.3357142857142856 0.85 1.2
1.457142857142857 -0.85 1.2
1.457142857142857 -0.74375 1.2
1.457142857142857 -0.6375 1.2
1.457142857142857 -0.53125 1.2
1.457142857142857 -0.425 1.2
1.457142857142857 -0.31875 1.2
1.457142857142857 -0.21250000000000002 1.2
1.457142857142857 -0.10624999999999996 1.2
1.457142857142857 0.0 1.2
1.457142857142857 0.10624999999999996 1.2
1.457142857142857 0.21250000000000002 1.2
1.457142857142857 0.31875 1.2
1.457142857142857 0.42499999999999993 1.2
1.457142857142857 0.5312499999999999 1.2
1.457142857142857 0.6375000000000001 1.2
1.457142857142857 0.74375 1.2
1.457142857142857 0.85 1.2
1.5785714285714285 -0.85 1.2
1.5785714285714285 -0.74375 1.2
1.5785714285714285 -0.6375 1.2
1.5785714285714285 -0.53125 1.2
1.5785714285714285 -0.425 1.2
1.5785714285714285 -0.31875 1.2
1.5785714285714285 -0.21250000000000002 1.2
1.5785714285714285 -0.10624999999999996 1.2
1.5785714285714285 0.0 1.2
1.5785714285714285 0.10624999999999996 1.2
1.5785714285714285 0.21250000000000002 1.2
1.5785714285714285 0.31875 1.2
1.5785714285714285 0.42499999999999993 1.2
1.5785714285714285 0.5312499999999999 1.2
1.5785714285714285 0.6375000000000001 1.2
1.5785714285714285 0.74375 1.2
1.5785714285714285 0.85 1.2
1.7 -0.85 1.2
1.7 -0.74375 1.2
1.7 -0.6375 1.2
1.7 -0.53125 1.2
1.7 -0.425 1.2
1.7 -0.31875 1.2
1.7 -0.21250000000000002 1.2
1.7 -0.10624999999999996 1.2
1.7 0.0 1.2
1.7 0.10624999999999996 1.2
1.7 0.21250000000000002 1.2
1.7 0.31875 1.2
1.7 0.42499999999999993 1.2
1.7 0.5312499999999999 1.2
1.7 0.6375000000000001 1.2
1.7 0.74375 1.2
1.7 0.85 1.2
-1.7 -0.85 0.19999999999999996
-1.7 -0.74375 0.19999999999999996
-1.7 -0.74375 0.29999999999999993
-1.7 -0.85 0.29999999999999993
-1.7 -0.74375 0.39999999999999997
-1.7 -0.85 0.39999999999999997
-1.7 -0.74375 0.5
-1.7 -0.85 0.5
-1.7 -0.74375 0.6
-1.7 -0.85 0.6
-1.7 -0.74375 0.7
-1.7 -0.85 0.7
-1.7 -0.74375 0.8
-1.7 -0.85 0.8
-1.7 -0.74375 0.9
-1.7 -0.85 0.9
-1.7 -0.74375 1.0
-1.7 -0.85 1.0
-1.7 -0.74375 1.1
-1.7 -0.85 1.1
-1.7 -0.6375 0.19999999999999996
-1.7 -0.6375 0.29999999999999993
-1.7 -0.6375 0.39999999999999997
-1.7 -0.6375 0.5
-1.7 -0.6375 0.6
-1.7 -0.6375 0.7
-1.7 -0.6375 0.8
-1.7 -0.6375 0.9
-1.7 -0.6375 1.0
-1.7 -0.6375 1.1
-1.7 -0.53125 0.19999999999999996
-1.7 -0.53125 0.29999999999999993
-1.7 -0.53125 0.39999999999999997
-1.7 -0.53125 0.5
-1.7 -0.53125 0.6
-1.7 -0.53125 0.7
-1.7 -0.53125 0.8
-1.7 -0.53125 0.9
-1.7 -0.53125 1.0
-1.7 -0.53125 1.1
-1.7 -0.425 0.19999999999999996
-1.7 -0.425 0.29999999999999993
-1.7 -0.425 0.39999999999999997
-1.7 -0.425 0.5
-1.7 -0.425 0.6
-1.7 -0.425 0.7
-1.7 -0.425 0.8
-1.7 -0.425 0.9
-1.7 -0.425 1.0
-1.7 -0.425 1.1
-1.7 -0.31875 0.19999999999999996
-1.7 -0.31875 0.29999999999999993
-1.7 -0.31875 0.39999999999999997
-1.7 -0.31875 0.5
-1.7 -0.31875 0.6
-1.7 -0.31875 0.7
-1.7 -0.31875 0.8
-1.7 -0.31875 0.9
-1.7 -0.31875 1.0
-1.7 -0.31875 1.1
-1.7 -0.21250000000000002 0.19999999999999996
-1.7 -0.21250000000000002 0.29999999999999993
-1.7 -0.21250000000000002 0.39999999999999997
-1.7 -0.21250000000000002 0.5
-1.7 -0.21250000000000002 0.6
-1.7 -0.21250000000000002 0.7
-1.7 -0.21250000000000002 0.8
-1.7 -0.21250000000000002 0.9
-1.7 -0.21250000000000002 1.0
-1.7 -0.21250000000000002 1.1
-1.7 -0.10624999999999996 0.19999999999999996
-1.7 -0.10624999999999996 0.29999999999999993
-1.7 -0.10624999999999996 0.39999999999999997
-1.7 -0.10624999999999996 0.5
-1.7 -0.10624999999999996 0.6
-1.7 -0.10624999999999996 0.7
-1.7 -0.10624999999999996 0.8
-1.7 -0.10624999999999996 0.9
-1.7 -0.10624999999999996 1.0
-1.7 -0.10624999999999996 1.1
-1.7 0.0 0.19999999999999996
-1.7 0.0 0.29999999999999993
-1.7 0.0 0.39999999999999997
-1.7 0.0 0.5
-1.7 0.0 0.6
-1.7 0.0 0.7
-1.7 0.0 0.8
-1.7 0.0 0.9
-1.7 0.0 1.0
-1.7 0.0 1.1
-1.7 0.10624999999999996 0.19999999999999996
-1.7 0.10624999999999996 0.29999999999999993
-1.7 0.10624999999999996 0.39999999999999997
-1.7 0.10624999999999996 0.5
-1.7 0.10624999999999996 0.6
-1.7 0.10624999999999996 0.7
-1.7 0.10624999999999996 0.8
-1.7 0.10624999999999996 0.9
-1.7 0.10624999999999996 1.0
-1.7 0.10624999999999996 1.1
-1.7 0.21250000000000002 0.19999999999999996
-1.7 0.21250000000000002 0.29999999999999993
-1.7 0.21250000000000002 0.39999999999999997
-1.7 0.21250000000000002 0.5
-1.7 0.21250000000000002 0.6
-1.7 0.21250000000000002 0.7
-1.7 0.21250000000000002 0.8
-1.7 0.21250000000000002 0.9
-1.7 0.21250000000000002 1.0
-1.7 0.21250000000000002 1.1
-1.7 0.31875 0.19999999999999996
-1.7 0.31875 0.29999999999999993
-1.7 0.31875 0.39999999999999997
-1.7 0.31875 0.5
-1.7 0.31875 0.6
-1.7 0.31875 0.7
-1.7 0.31875 0.8
-1.7 0.31875 0.9
-1.7 0.31875 1.0
-1.7 0.31875 1.1
-1.7 0.42499999999999993 0.19999999999999996
-1.7 0.42499999999999993 0.29999999999999993
-1.7 0.42499999999999993 0.39999999999999997
-1.7 0.42499999999999993 0.5
-1.7 0.42499999999999993 0.6
-1.7 0.42499999999999993 0.7
-1.7 0.42499999999999993 0.8
-1.7 0.42499999999999993 0.9
-1.7 0.42499999999999993 1.0
-1.7 0.42499999999999993 1.1
-1.7 0.5312499999999999 0.19999999999999996
-1.7 0.5312499999999999 0.29999999999999993
-1.7 0.5312499999999999 0.39999999999999997
-1.7 0.5312499999999999 0.5
-1.7 0.5312499999999999 0.6
-1.7 0.5312499999999999 0.7
-1.7 0.5312499999999999 0.8
-1.7 0.5312499999999999 0.9
-1.7 0.5312499999999999 1.0
-1.7 0.5312499999999999 1.1
-1.7 0.6375000000000001 0.19999999999999996
-1.7 0.6375000000000001 0.29999999999999993
-1.7 0.6375000000000001 0.39999999999999997
-1.7 0.6375000000000001 0.5
-1.7 0.6375000000000001 0.6
-1.7 0.6375000000000001 0.7
-1.7 0.6375000000000001 0.8
-1.7 0.6375000000000001 0.9
-1.7 0.6375000000000001 1.0
-1.7 0.6375000000000001 1.1
-1.7 0.74375 0.19999999999999996
-1.7 0.74375 0.29999999999999993
-1.7 0.74375 0.39999999999999997
-1.7 0.74375 0.5
-1.7 0.74375 0.6
-1.7 0.74375 0.7
-1.7 0.74375 0.8
-1.7 0.74375 0.9
-1.7 0.74375 1.0
-1.7 0.74375 1.1
-1.7 0.85 0.19999999999999996
-1.7 0.85 0.29999999999999993
-1.7 0.85 0.39999999999999997
-1.7 0.85 0.5
-1.7 0.85 0.6
-1.7 0.85 0.7
-1.7 0.85 0.8
-1.7 0.85 0.9
-1.7 0.85 1.0
-1.7 0.85 1.1
1.7 -0.85 0.19999999999999996
1.7 -0.74375 0.19999999999999996
1.7 -0.74375 0.29999999999999993
1.7 -0.85 0.29999999999999993
1.7 -0.74375 0.39999999999999997
1.7 -0.85 0.39999999999999997
1.7 -0.74375 0.5
1.7 -0.85 0.5
1.7 -0.74375 0.6
1.7 -0.85 0.6
1.7 -0.74375 0.7
1.7 -0.85 0.7
1.7 -0.74375 0.8
1.7 -0.85 0.8
1.7 -0.74375 0.9
1.7 -0.85 0.9
1.7 -0.74375 1.0
1.7 -0.85 1.0
1.7 -0.74375 1.1
1.7 -0.85 1.1
1.7 -0.6375 0.19999999999999996
1.7 -0.6375 0.29999999999999993
1.7 -0.6375 0.39999999999999997
1.7 -0.6375 0.5
1.7 -0.6375 0.6
1.7 -0.6375 0.7
1.7 -0.6375 0.8
1.7 -0.6375 0.9
1.7 -0.6375 1.0
1.7 -0.6375 1.1
1.7 -0.53125 0.19999999999999996
1.7 -0.53125 0.29999999999999993
1.7 -0.53125 0.39999999999999997
1.7 -0.53125 0.5
1.7 -0.53125 0.6
1.7 -0.53125 0.7
1.7 -0.53125 0.8
1.7 -0.53125 0.9
1.7 -0.53125 1.0
1.7 -0.53125 1.1
1.7 -0.425 0.19999999999999996
1.7 -0.425 0.29999999999999993
1.7 -0.425 0.39999999999999997
1.7 -0.425 0.5
1.7 -0.425 0.6
1.7 -0.425 0.7
1.7 -0.425 0.8
1.7 -0.425 0.9
1.7 -0.425 1.0
1.7 -0.425 1.1
1.7 -0.31875 0.19999999999999996
1.7 -0.31875 0.29999999999999993
1.7 -0.31875 0.39999999999999997
1.7 -0.31875 0.5
1.7 -0.31875 0.6
1.7 -0.31875 0.7
1.7 -0.31875 0.8
1.7 -0.31875 0.9
1.7 -0.31875 1.0
1.7 -0.31875 1.1
1.7 -0.21250000000000002 0.19999999999999996
1.7 -0.21250000000000002 0.29999999999999993
1.7 -0.21250000000000002 0.39999999999999997
1.7 -0.21250000000000002 0.5
1.7 -0.21250000000000002 0.6
1.7 -0.21250000000000002 0.7
1.7 -0.21250000000000002 0.8
1.7 -0.21250000000000002 0.9
1.7 -0.21250000000000002 1.0
1.7 -0.21250000000000002 1.1
1.7 -0.10624999999999996 0.19999999999999996
1.7 -0.10624999999999996 0.29999999999999993
1.7 -0.10624999999999996 0.39999999999999997
1.7 -0.10624999999999996 0.5
1.7 -0.10624999999999996 0.6
1.7 -0.10624999999999996 0.7
1.7 -0.10624999999999996 0.8
1.7 -0.10624999999999996 0.9
1.7 -0.10624999999999996 1.0
1.7 -0.10624999999999996 1.1
1.7 0.0 0.19999999999999996
1.7 0.0 0.29999999999999993
1.7 0.0 0.39999999999999997
1.7 0.0 0.5
1.7 0.0 0.6
1.7 0.0 0.7
1.7 0.0 0.8
1.7 0.0 0.9
1.7 0.0 1.0
1.7 0.0 1.1
1.7 0.10624999999999996 0.19999999999999996
1.7 0.10624999999999996 0.29999999999999993
1.7 0.10624999999999996 0.39999999999999997
1.7 0.10624999999999996 0.5
1.7 0.10624999999999996 0.6
1.7 0.10624999999999996 0.7
1.7 0.10624999999999996 0.8
1.7 0.10624999999999996 0.9
1.7 0.10624999999999996 1.0
1.7 0.10624999999999996 1.1
1.7 0.21250000000000002 0.19999999999999996
1.7 0.21250000000000002 0.29999999999999993
1.7 0.21250000000000002 0.39999999999999997
1.7 0.21250000000000002 0.5
1.7 0.21250000000000002 0.6
1.7 0.21250000000000002 0.7
1.7 0.21250000000000002 0.8
1.7 0.21250000000000002 0.9
1.7 0.21250000000000002 1.0
1.7 0.21250000000000002 1.1
1.7 0.31875 0.19999999999999996
1.7 0.31875 0.29999999999999993
1.7 0.31875 0.39999999999999997
1.7 0.31875 0.5
1.7 0.31875 0.6
1.7 0.31875 0.7
1.7 0.31875 0.8
1.7 0.31875 0.9
1.7 0.31875 1.0
1.7 0.31875 1.1
1.7 0.42499999999999993 0.19999999999999996
1.7 0.42499999999999993 0.29999999999999993
1.7 0.42499999999999993 0.39999999999999997
1.7 0.42499999999999993 0.5
1.7 0.42499999999999993 0.6
1.7 0.42499999999999993 0.7
1.7 0.42499999999999993 0.8
1.7 0.42499999999999993 0.9
1.7 0.42499999999999993 1.0
1.7 0.42499999999999993 1.1
1.7 0.5312499999999999 0.19999999999999996
1.7 0.5312499999999999 0.29999999999999993
1.7 0.5312499999999999 0.39999999999999997
1.7 0.5312499999999999 0.5
1.7 0.5312499999999999 0.6
1.7 0.5312499999999999 0.7
1.7 0.5312499999999999 0.8
1.7 0.5312499999999999 0.9
1.7 0.5312499999999999 1.0
1.7 0.5312499999999999 1.1
1.7 0.6375000000000001 0.19999999999999996
1.7 0.6375000000000001 0.29999999999999993
1.7 0.6375000000000001 0.39999999999999997
1.7 0.6375000000000001 0.5
1.7 0.6375000000000001 0.6
1.7 0.6375000000000001 0.7
1.7 0.6375000000000001 0.8
1.7 0.6375000000000001 0.9
1.7 0.6375000000000001 1.0
1.7 0.6375000000000001 1.1
1.7 0.74375 0.19999999999999996
1.7 0.74375 0.29999999999999993
1.7 0.74375 0.39999999999999997
1.7 0.74375 0.5
1.7 0.74375 0.6
1.7 0.74375 0.7
1.7 0.74375 0.8
1.7 0.74375 0.9
1.7 0.74375 1.0
1.7 0.74375 1.1
1.7 0.85 0.19999999999999996
1.7 0.85 0.29999999999999993
1.7 0.85 0.39999999999999997
1.7 0.85 0.5
1.7 0.85 0.6
1.7 0.85 0.7
1.7 0.85 0.8
1.7 0.85 0.9
1.7 0.85 1.0
1.7 0.85 1.1
-1.5785714285714285 -0.85 0.19999999999999996
-1.5785714285714285 -0.85 0.29999999999999993
-1.5785714285714285 -0.85 0.39999999999999997
-1.5785714285714285 -0.85 0.5
-1.5785714285714285 -0.85 0.6
-1.5785714285714285 -0.85 0.7
-1.5785714285714285 -0.85 0.8
-1.5785714285714285 -0.85 0.9
-1.5785714285714285 -0.85 1.0
-1.5785714285714285 -0.85 1.1
-1.457142857142857 -0.85 0.19999999999999996
-1.457142857142857 -0.85 0.29999999999999993
-1.457142857142857 -0.85 0.39999999999999997
-1.457142857142857 -0.85 0.5
-1.457142857142857 -0.85 0.6
-1.457142857142857 -0.85 0.7
-1.457142857142857 -0.85 0.8
-1.457142857142857 -0.85 0.9
-1.457142857142857 -0.85 1.0
-1.457142857142857 -0.85 1.1
-1.3357142857142856 -0.85 0.19999999999999996
-1.3357142857142856 -0.85 0.29999999999999993
-1.3357142857142856 -0.85 0.39999999999999997
-1.3357142857142856 -0.85 0.5
-1.3357142857142856 -0.85 0.6
-1.3357142857142856 -0.85 0.7
-1.3357142857142856 -0.85 0.8
-1.3357142857142856 -0.85 0.9
-1.3357142857142856 -0.85 1.0
-1.3357142857142856 -0.85 1.1
-1.2142857142857142 -0.85 0.19999999999999996
-1.2142857142857142 -0.85 0.29999999999999993
-1.2142857142857142 -0.85 0.39999999999999997
-1.2142857142857142 -0.85 0.5
-1.2142857142857142 -0.85 0.6
-1.2142857142857142 -0.85 0.7
-1.2142857142857142 -0.85 0.8
-1.2142857142857142 -0.85 0.9
-1.2142857142857142 -0.85 1.0
-1.2142857142857142 -0.85 1.1
-1.092857142857143 -0.85 0.19999999999999996
-1.092857142857143 -0.85 0.29999999999999993
-1.092857142857143 -0.85 0.39999999999999997
-1.092857142857143 -0.85 0.5
-1.092857142857143 -0.85 0.6
-1.092857142857143 -0.85 0.7
-1.092857142857143 -0.85 0.8
-1.092857142857143 -0.85 0.9
-1.092857142857143 -0.85 1.0
-1.092857142857143 -0.85 1.1
-0.9714285714285714 -0.85 0.19999999999999996
-0.9714285714285714 -0.85 0.29999999999999993
-0.9714285714285714 -0.85 0.39999999999999997
-0.9714285714285714 -0.85 0.5
-0.9714285714285714 -0.85 0.6
-0.9714285714285714 -0.85 0.7
-0.9714285714285714 -0.85 0.8
-0.9714285714285714 -0.85 0.9
-0.9714285714285714 -0.85 1.0
-0.9714285714285714 -0.85 1.1
-0.85 -0.85 0.19999999999999996
-0.85 -0.85 0.29999999999999993
-0.85 -0.85 0.39999999999999997
-0.85 -0.85 0.5
-0.85 -0.85 0.6
-0.85 -0.85 0.7
-0.85 -0.85 0.8
-0.85 -0.85 0.9
-0.85 -0.85 1.0
-0.85 -0.85 1.1
-0.7285714285714285 -0.85 0.19999999999999996
-0.7285714285714285 -0.85 0.29999999999999993
-0.7285714285714285 -0.85 0.39999999999999997
-0.7285714285714285 -0.85 0.5
-0.7285714285714285 -0.85 0.6
-0.7285714285714285 -0.85 0.7
-0.7285714285714285 -0.85 0.8
-0.7285714285714285 -0.85 0.9
-0.7285714285714285 -0.85 1.0
-0.7285714285714285 -0.85 1.1
-0.6071428571428572 -0.85 0.19999999999999996
-0.6071428571428572 -0.85 0.29999999999999993
-0.6071428571428572 -0.85 0.39999999999999997
-0.6071428571428572 -0.85 0.5
-0.6071428571428572 -0.85 0.6
-0.6071428571428572 -0.85 0.7
-0.6071428571428572 -0.85 0.8
-0.6071428571428572 -0.85 0.9
-0.6071428571428572 -0.85 1.0
-0.6071428571428572 -0.85 1.1
-0.48571428571428577 -0.85 0.19999999999999996
-0.48571428571428577 -0.85 0.29999999999999993
-0.48571428571428577 -0.85 0.39999999999999997
-0.48571428571428577 -0.85 0.5
-0.48571428571428577 -0.85 0.6
-0.48571428571428577 -0.85 0.7
-0.48571428571428577 -0.85 0.8
-0.48571428571428577 -0.85 0.9
-0.48571428571428577 -0.85 1.0
-0.48571428571428577 -0.85 1.1
-0.3642857142857143 -0.85 0.19999999999999996
-0.3642857142857143 -0.85 0.29999999999999993
-0.3642857142857143 -0.85 0.39999999999999997
-0.3642857142857143 -0.85 0.5
-0.3642857142857143 -0.85 0.6
-0.3642857142857143 -0.85 0.7
-0.3642857142857143 -0.85 0.8
-0.3642857142857143 -0.85 0.9
-0.3642857142857143 -0.85 1.0
-0.3642857142857143 -0.85 1.1
-0.24285714285714288 -0.85 0.19999999999999996
-0.24285714285714288 -0.85 0.29999999999999993
-0.24285714285714288 -0.85 0.39999999999999997
-0.24285714285714288 -0.85 0.5
-0.24285714285714288 -0.85 0.6
-0.24285714285714288 -0.85 0.7
-0.24285714285714288 -0.85 0.8
-0.24285714285714288 -0.85 0.9
-0.24285714285714288 -0.85 1.0
-0.24285714285714288 -0.85 1.1
-0.12142857142857144 -0.85 0.19999999999999996
-0.12142857142857144 -0.85 0.29999999999999993
-0.12142857142857144 -0.85 0.39999999999999997
-0.12142857142857144 -0.85 0.5
-0.12142857142857144 -0.85 0.6
-0.12142857142857144 -0.85 0.7
-0.12142857142857144 -0.85 0.8
-0.12142857142857144 -0.85 0.9
-0.12142857142857144 -0.85 1.0
-0.12142857142857144 -0.85 1.1
0.0 -0.85 0.19999999999999996
0.0 -0.85 0.29999999999999993
0.0 -0.85 0.39999999999999997
0.0 -0.85 0.5
0.0 -0.85 0.6
0.0 -0.85 0.7
0.0 -0.85 0.8
0.0 -0.85 0.9
0.0 -0.85 1.0
0.0 -0.85 1.1
0.12142857142857144 -0.85 0.19999999999999996
0.12142857142857144 -0.85 0.29999999999999993
0.12142857142857144 -0.85 0.39999999999999997
0.12142857142857144 -0.85 0.5
0.12142857142857144 -0.85 0.6
0.12142857142857144 -0.85 0.7
0.12142857142857144 -0.85 0.8
0.12142857142857144 -0.85 0.9
0.12142857142857144 -0.85 1.0
0.12142857142857144 -0.85 1.1
0.24285714285714288 -0.85 0.19999999999999996
0.24285714285714288 -0.85 0.29999999999999993
0.24285714285714288 -0.85 0.39999999999999997
0.24285714285714288 -0.85 0.5
0.24285714285714288 -0.85 0.6
0.24285714285714288 -0.85 0.7
0.24285714285714288 -0.85 0.8
0.24285714285714288 -0.85 0.9
0.24285714285714288 -0.85 1.0
0.24285714285714288 -0.85 1.1
0.3642857142857141 -0.85 0.19999999999999996
0.3642857142857141 -0.85 0.29999999999999993
0.3642857142857141 -0.85 0.39999999999999997
0.3642857142857141 -0.85 0.5
0.3642857142857141 -0.85 0.6
0.3642857142857141 -0.85 0.7
0.3642857142857141 -0.85 0.8
0.3642857142857141 -0.85 0.9
0.3642857142857141 -0.85 1.0
0.3642857142857141 -0.85 1.1
0.48571428571428554 -0.85 0.19999999999999996
0.48571428571428554 -0.85 0.29999999999999993
0.48571428571428554 -0.85 0.39999999999999997
0.48571428571428554 -0.85 0.5
0.48571428571428554 -0.85 0.6
0.48571428571428554 -0.85 0.7
0.48571428571428554 -0.85 0.8
0.48571428571428554 -0.85 0.9
0.48571428571428554 -0.85 1.0
0.48571428571428554 -0.85 1.1
0.607142857142857 -0.85 0.19999999999999996
0.607142857142857 -0.85 0.29999999999999993
0.607142857142857 -0.85 0.39999999999999997
0.607142857142857 -0.85 0.5
0.607142857142857 -0.85 0.6
0.607142857142857 -0.85 0.7
0.607142857142857 -0.85 0.8
0.607142857142857 -0.85 0.9
0.607142857142857 -0.85 1.0
0.607142857142857 -0.85 1.1
0.7285714285714284 -0.85 0.19999999999999996
0.7285714285714284 -0.85 0.29999999999999993
0.7285714285714284 -0.85 0.39999999999999997
0.7285714285714284 -0.85 0.5
0.7285714285714284 -0.85 0.6
0.7285714285714284 -0.85 0.7
0.7285714285714284 -0.85 0.8
0.7285714285714284 -0.85 0.9
0.7285714285714284 -0.85 1.0
0.7285714285714284 -0.85 1.1
0.8499999999999999 -0.85 0.19999999999999996
0.8499999999999999 -0.85 0.29999999999999993
0.8499999999999999 -0.85 0.39999999999999997
0.8499999999999999 -0.85 0.5
0.8499999999999999 -0.85 0.6
0.8499999999999999 -0.85 0.7
0.8499999999999999 -0.85 0.8
0.8499999999999999 -0.85 0.9
0.8499999999999999 -0.85 1.0
0.8499999999999999 -0.85 1.1
0.9714285714285713 -0.85 0.19999999999999996
0.9714285714285713 -0.85 0.29999999999999993
0.9714285714285713 -0.85 0.39999999999999997
0.9714285714285713 -0.85 0.5
0.9714285714285713 -0.85 0.6
0.9714285714285713 -0.85 0.7
0.9714285714285713 -0.85 0.8
0.9714285714285713 -0.85 0.9
0.9714285714285713 -0.85 1.0
0.9714285714285713 -0.85 1.1
1.0928571428571427 -0.85 0.19999999999999996
1.0928571428571427 -0.85 0.29999999999999993
1.0928571428571427 -0.85 0.39999999999999997
1.0928571428571427 -0.85 0.5
1.0928571428571427 -0.85 0.6
1.0928571428571427 -0.85 0.7
1.0928571428571427 -0.85 0.8
1.0928571428571427 -0.85 0.9
1.0928571428571427 -0.85 1.0
1.0928571428571427 -0.85 1.1
1.2142857142857142 -0.85 0.19999999999999996
1.2142857142857142 -0.85 0.29999999999999993
1.2142857142857142 -0.85 0.39999999999999997
1.2142857142857142 -0.85 0.5
1.2142857142857142 -0.85 0.6
1.2142857142857142 -0.85 0.7
1.2142857142857142 -0.85 0.8
1.2142857142857142 -0.85 0.9
1.2142857142857142 -0.85 1.0
1.2142857142857142 -0.85 1.1
1.3357142857142856 -0.85 0.19999999999999996
1.3357142857142856 -0.85 0.29999999999999993
1.3357142857142856 -0.85 0.39999999999999997
1.3357142857142856 -0.85 0.5
1.3357142857142856 -0.85 0.6
1.3357142857142856 -0.85 0.7
1.3357142857142856 -0.85 0.8
1.3357142857142856 -0.85 0.9
1.3357142857142856 -0.85 1.0
1.3357142857142856 -0.85 1.1
1.457142857142857 -0.85 0.19999999999999996
1.457142857142857 -0.85 0.29999999999999993
1.457142857142857 -0.85 0.39999999999999997
1.457142857142857 -0.85 0.5
1.457142857142857 -0.85 0.6
1.457142857142857 -0.85 0.7
1.457142857142857 -0.85 0.8
1.457142857142857 -0.85 0.9
1.457142857142857 -0.85 1.0
1.457142857142857 -0.85 1.1
1.5785714285714285 -0.85 0.19999999999999996
1.5785714285714285 -0.85 0.29999999999999993
1.5785714285714285 -0.85 0.39999999999999997
1.5785714285714285 -0.85 0.5
1.5785714285714285 -0.85 0.6
1.5785714285714285 -0.85 0.7
1.5785714285714285 -0.85 0.8
1.5785714285714285 -0.85 0.9
1.5785714285714285 -0.85 1.0
1.5785714285714285 -0.85 1.1
-1.5785714285714285 0.85 0.19999999999999996
-1.5785714285714285 0.85 0.29999999999999993
-1.5785714285714285 0.85 0.39999999999999997
-1.5785714285714285 0.85 0.5
-1.5785714285714285 0.85 0.6
-1.5785714285714285 0.85 0.7
-1.5785714285714285 0.85 0.8
-1.5785714285714285 0.85 0.9
-1.5785714285714285 0.85 1.0
-1.5785714285714285 0.85 1.1
-1.457142857142857 0.85 0.19999999999999996
-1.457142857142857 0.85 0.29999999999999993
-1.457142857142857 0.85 0.39999999999999997
-1.457142857142857 0.85 0.5
-1.457142857142857 0.85 0.6
-1.457142857142857 0.85 0.7
-1.457142857142857 0.85 0.8
-1.457142857142857 0.85 0.9
-1.457142857142857 0.85 1.0
-1.457142857142857 0.85 1.1
-1.3357142857142856 0.85 0.19999999999999996
-1.3357142857142856 0.85 0.29999999999999993
-1.3357142857142856 0.85 0.39999999999999997
-1.3357142857142856 0.85 0.5
-1.3357142857142856 0.85 0.6
-1.3357142857142856 0.85 0.7
-1.3357142857142856 0.85 0.8
-1.3357142857142856 0.85 0.9
-1.3357142857142856 0.85 1.0
-1.3357142857142856 0.85 1.1
-1.2142857142857142 0.85 0.19999999999999996
-1.2142857142857142 0.85 0.29999999999999993
-1.2142857142857142 0.85 0.39999999999999997
-1.2142857142857142 0.85 0.5
-1.2142857142857142 0.85 0.6
-1.2142857142857142 0.85 0.7
-1.2142857142857142 0.85 0.8
-1.2142857142857142 0.85 0.9
-1.2142857142857142 0.85 1.0
-1.2142857142857142 0.85 1.1
-1.092857142857143 0.85 0.19999999999999996
-1.092857142857143 0.85 0.29999999999999993
-1.092857142857143 0.85 0.39999999999999997
-1.092857142857143 0.85 0.5
-1.092857142857143 0.85 0.6
-1.092857142857143 0.85 0.7
-1.092857142857143 0.85 0.8
-1.092857142857143 0.85 0.9
-1.092857142857143 0.85 1.0
-1.092857142857143 0.85 1.1
-0.9714285714285714 0.85 0.19999999999999996
-0.9714285714285714 0.85 0.29999999999999993
-0.9714285714285714 0.85 0.39999999999999997
-0.9714285714285714 0.85 0.5
-0.9714285714285714 0.85 0.6
-0.9714285714285714 0.85 0.7
-0.9714285714285714 0.85 0.8
-0.9714285714285714 0.85 0.9
-0.9714285714285714 0.85 1.0
-0.9714285714285714 0.85 1.1
-0.85 0.85 0.19999999999999996
-0.85 0.85 0.29999999999999993
-0.85 0.85 0.39999999999999997
-0.85 0.85 0.5
-0.85 0.85 0.6
-0.85 0.85 0.7
-0.85 0.85 0.8
-0.85 0.85 0.9
-0.85 0.85 1.0
-0.85 0.85 1.1
-0.7285714285714285 0.85 0.19999999999999996
-0.7285714285714285 0.85 0.29999999999999993
-0.7285714285714285 0.85 0.39999999999999997
-0.7285714285714285 0.85 0.5
-0.7285714285714285 0.85 0.6
-0.7285714285714285 0.85 0.7
-0.7285714285714285 0.85 0.8
-0.7285714285714285 0.85 0.9
-0.7285714285714285 0.85 1.0
-0.7285714285714285 0.85 1.1
-0.6071428571428572 0.85 0.19999999999999996
-0.6071428571428572 0.85 0.29999999999999993
-0.6071428571428572 0.85 0.39999999999999997
-0.6071428571428572 0.85 0.5
-0.6071428571428572 0.85 0.6
-0.6071428571428572 0.85 0.7
-0.6071428571428572 0.85 0.8
-0.6071428571428572 0.85 0.9
-0.6071428571428572 0.85 1.0
-0.6071428571428572 0.85 1.1
-0.48571428571428577 0.85 0.19999999999999996
-0.48571428571428577 0.85 0.29999999999999993
-0.48571428571428577 0.85 0.39999999999999997
-0.48571428571428577 0.85 0.5
-0.48571428571428577 0.85 0.6
-0.48571428571428577 0.85 0.7
-0.48571428571428577 0.85 0.8
-0.48571428571428577 0.85 0.9
-0.48571428571428577 0.85 1.0
-0.48571428571428577 0.85 1.1
-0.3642857142857143 0.85 0.19999999999999996
-0.3642857142857143 0.85 0.29999999999999993
-0.3642857142857143 0.85 0.39999999999999997
-0.3642857142857143 0.85 0.5
-0.3642857142857143 0.85 0.6
-0.3642857142857143 0.85 0.7
-0.3642857142857143 0.85 0.8
-0.3642857142857143 0.85 0.9
-0.3642857142857143 0.85 1.0
-0.3642857142857143 0.85 1.1
-0.24285714285714288 0.85 0.19999999999999996
-0.24285714285714288 0.85 0.29999999999999993
-0.24285714285714288 0.85 0.39999999999999997
-0.24285714285714288 0.85 0.5
-0.24285714285714288 0.85 0.6
-0.24285714285714288 0.85 0.7
-0.24285714285714288 0.85 0.8
-0.24285714285714288 0.85 0.9
-0.24285714285714288 0.85 1.0
-0.24285714285714288 0.85 1.1
-0.12142857142857144 0.85 0.19999999999999996
-0.12142857142857144 0.85 0.29999999999999993
-0.12142857142857144 0.85 0.39999999999999997
-0.12142857142857144 0.85 0.5
-0.12142857142857144 0.85 0.6
-0.12142857142857144 0.85 0.7
-0.12142857142857144 0.85 0.8
-0.12142857142857144 0.85 0.9
-0.12142857142857144 0.85 1.0
-0.12142857142857144 0.85 1.1
0.0 0.85 0.19999999999999996
0.0 0.85 0.29999999999999993
0.0 0.85 0.39999999999999997
0.0 0.85 0.5
0.0 0.85 0.6
0.0 0.85 0.7
0.0 0.85 0.8
0.0 0.85 0.9
0.0 0.85 1.0
0.0 0.85 1.1
0.12142857142857144 0.85 0.19999999999999996
0.12142857142857144 0.85 0.29999999999999993
0.12142857142857144 0.85 0.39999999999999997
0.12142857142857144 0.85 0.5
0.12142857142857144 0.85 0.6
0.12142857142857144 0.85 0.7
0.12142857142857144 0.85 0.8
0.12142857142857144 0.85 0.9
0.12142857142857144 0.85 1.0
0.12142857142857144 0.85 1.1
0.24285714285714288 0.85 0.19999999999999996
0.24285714285714288 0.85 0.29999999999999993
0.24285714285714288 0.85 0.39999999999999997
0.24285714285714288 0.85 0.5
0.24285714285714288 0.85 0.6
0.24285714285714288 0.85 0.7
0.24285714285714288 0.85 0.8
0.24285714285714288 0.85 0.9
0.24285714285714288 0.85 1.0
0.24285714285714288 0.85 1.1
0.3642857142857141 0.85 0.19999999999999996
0.3642857142857141 0.85 0.29999999999999993
0.3642857142857141 0.85 0.39999999999999997
0.3642857142857141 0.85 0.5
0.3642857142857141 0.85 0.6
0.3642857142857141 0.85 0.7
0.3642857142857141 0.85 0.8
0.3642857142857141 0.85 0.9
0.3642857142857141 0.85 1.0
0.3642857142857141 0.85 1.1
0.48571428571428554 0.85 0.19999999999999996
0.48571428571428554 0.85 0.29999999999999993
0.48571428571428554 0.85 0.39999999999999997
0.48571428571428554 0.85 0.5
0.48571428571428554 0.85 0.6
0.48571428571428554 0.85 0.7
0.48571428571428554 0.85 0.8
0.48571428571428554 0.85 0.9
0.48571428571428554 0.85 1.0
0.48571428571428554 0.85 1.1
0.607142857142857 0.85 0.19999999999999996
0.607142857142857 0.85 0.29999999999999993
0.607142857142857 0.85 0.39999999999999997
0.607142857142857 0.85 0.5
0.607142857142857 0.85 0.6
0.607142857142857 0.85 0.7
0.607142857142857 0.85 0.8
0.607142857142857 0.85 0.9
0.607142857142857 0.85 1.0
0.607142857142857 0.85 1.1
0.7285714285714284 0.85 0.19999999999999996
0.7285714285714284 0.85 0.29999999999999993
0.7285714285714284 0.85 0.39999999999999997
0.7285714285714284 0.85 0.5
0.7285714285714284 0.85 0.6
0.7285714285714284 0.85 0.7
0.7285714285714284 0.85 0.8
0.7285714285714284 0.85 0.9
0.7285714285714284 0.85 1.0
0.7285714285714284 0.85 1.1
0.8499999999999999 0.85 0.19999999999999996
0.8499999999999999 0.85 0.29999999999999993
0.8499999999999999 0.85 0.39999999999999997
0.8499999999999999 0.85 0.5
0.8499999999999999 0.85 0.6
0.8499999999999999 0.85 0.7
0.8499999999999999 0.85 0.8
0.8499999999999999 0.85 0.9
0.8499999999999999 0.85 1.0
0.8499999999999999 0.85 1.1
0.9714285714285713 0.85 0.19999999999999996
0.9714285714285713 0.85 0.29999999999999993
0.9714285714285713 0.85 0.39999999999999997
0.9714285714285713 0.85 0.5
0.9714285714285713 0.85 0.6
0.9714285714285713 0.85 0.7
0.9714285714285713 0.85 0.8
0.9714285714285713 0.85 0.9
0.9714285714285713 0.85 1.0
0.9714285714285713 0.85 1.1
1.0928571428571427 0.85 0.19999999999999996
1.0928571428571427 0.85 0.29999999999999993
1.0928571428571427 0.85 0.39999999999999997
1.0928571428571427 0.85 0.5
1.0928571428571427 0.85 0.6
1.0928571428571427 0.85 0.7
1.0928571428571427 0.85 0.8
1.0928571428571427 0.85 0.9
1.0928571428571427 0.85 1.0
1.0928571428571427 0.85 1.1
1.2142857142857142 0.85 0.19999999999999996
1.2142857142857142 0.85 0.29999999999999993
1.2142857142857142 0.85 0.39999999999999997
1.2142857142857142 0.85 0.5
1.2142857142857142 0.85 0.6
1.2142857142857142 0.85 0.7
1.2142857142857142 0.85 0.8
1.2142857142857142 0.85 0.9
1.2142857142857142 0.85 1.0
1.2142857142857142 0.85 1.1
1.3357142857142856 0.85 0.19999999999999996
1.3357142857142856 0.85 0.29999999999999993
1.3357142857142856 0.85 0.39999999999999997
1.3357142857142856 0.85 0.5
1.3357142857142856 0.85 0.6
1.3357142857142856 0.85 0.7
1.3357142857142856 0.85 0.8
1.3357142857142856 0.85 0.9
1.3357142857142856 0.85 1.0
1.3357142857142856 0.85 1.1
1.457142857142857 0.85 0.19999999999999996
1.457142857142857 0.85 0.29999999999999993
1.457142857142857 0.85 0.39999999999999997
1.457142857142857 0.85 0.5
1.457142857142857 0.85 0.6
1.457142857142857 0.85 0.7
1.457142857142857 0.85 0.8
1.457142857142857 0.85 0.9
1.457142857142857 0.85 1.0
1.457142857142857 0.85 1.1
1.5785714285714285 0.85 0.19999999999999996
1.5785714285714285 0.85 0.29999999999999993
1.5785714285714285 0.85 0.39999999999999997
1.5785714285714285 0.85 0.5
1.5785714285714285 0.85 0.6
1.5785714285714285 0.85 0.7
1.5785714285714285 0.85 0.8
1.5785714285714285 0.85 0.9
1.5785714285714285 0.85 1.0
1.5785714285714285 0.85 1.1
3 0 2 1
3 0 3 2
3 3 4 2
3 3 5 4
3 5 6 4
3 5 7 6
3 7 8 6
3 7 9 8
3 9 10 8
3 9 11 10
3 11 12 10
3 11 13 12
3 13 14 12
3 13 15 14
3 15 16 14
3 15 17 16
3 17 18 16
3 17 19 18
3 19 20 18
3 19 21 20
3 21 22 20
3 21 23 22
3 23 24 22
3 23 25 24
3 25 26 24
3 25 27 26
3 27 28 26
3 27 29 28
3 29 30 28
3 29 31 30
3 31 32 30
3 31 33 32
3 1 35 34
3 1 2 35
3 2 36 35
3 2 4 36
3 4 37 36
3 4 6 37
3 6 38 37
3 6 8 38
3 8 39 38
3 8 10 39
3 10 40 39
3 10 12 40
3 12 41 40
3 12 14 41
3 14 42 41
3 14 16 42
3 16 43 42
3 16 18 43
3 18 44 43
3 18 20 44
3 20 45 44
3 20 22 45
3 22 46 45
3 22 24 46
3 24 47 46
3 24 26 47
3 26 48 47
3 26 28 48
3 28 49 48
3 28 30 49
3 30 50 49
3 30 32 50
3 34 52 51
3 34 35 52
3 35 53 52
3 35 36 53
3 36 54 53
3 36 37 54
3 37 55 54
3 37 38 55
3 38 56 55
3 38 39 56
3 39 57 56
3 39 40 57
3 40 58 57
3 40 41 58
3 41 59 58
3 41 42 59
3 42 60 59
3 42 43 60
3 43 61 60
3 43 44 61
3 44 62 61
3 44 45 62
3 45 63 62
3 45 46 63
3 46 64 63
3 46 47 64
3 47 65 64
3 47 48 65
3 48 66 65
3 48 49 66
3 49 67 66
3 49 50 67
3 51 69 68
3 51 52 69
3 52 70 69
3 52 53 70
3 53 71 70
3 53 54 71
3 54 72 71
3 54 55 72
3 55 73 72
3 55 56 73
3 56 74 73
3 56 57 74
3 57 75 74
3 57 58 75
3 58 76 75
3 58 59 76
3 59 77 76
3 59 60 77
3 60 78 77
3 60 61 78
3 61 79 78
3 61 62 79
3 62 80 79
3 62 63 80
3 63 81 80
3 63 64 81
3 64 82 81
3 64 65 82
3 65 83 82
3 65 66 83
3 66 84 83
3 66 67 84
3 68 86 85
3 68 69 86
3 69 87 86
3 69 70 87
3 70 88 87
3 70 71 88
3 71 89 88
3 71 72 89
3 72 90 89
3 72 73 90
3 73 91 90
3 73 74 91
3 74 92 91
3 74 75 92
3 75 93 92
3 75 76 93
3 76 94 93
3 76 77 94
3 77 95 94
3 77 78 95
3 78 96 95
3 78 79 96
3 79 97 96
3 79 80 97
3 80 98 97
3 80 81 98
3 81 99 98
3 81 82 99
3 82 100 99
3 82 83 100
3 83 101 100
3 83 84 101
3 85 103 102
3 85 86 103
3 86 104 103
3 86 87 104
3 87 105 104
3 87 88 105
3 88 106 105
3 88 89 106
3 89 107 106
3 89 90 107
3 90 108 107
3 90 91 108
3 91 109 108
3 91 92 109
3 92 110 109
3 92 93 110
3 93 111 110
3 93 94 111
3 94 112 111
3 94 95 112
3 95 113 112
3 95 96 113
3 96 114 113
3 96 97 114
3 97 115 114
3 97 98 115
3 98 116 115
3 98 99 116
3 99 117 116
3 99 100 117
3 100 118 117
3 100 101 118
3 102 120 119
3 102 103 120
3 103 121 120
3 103 104 121
3 104 122 121
3 104 105 122
3 105 123 122
3 105 106 123
3 106 124 123
3 106 107 124
3 107 125 124
3 107 108 125
3 108 126 125
3 108 109 126
3 109 127 126
3 109 110 127
3 110 128 127
3 110 111 128
3 111 129 128
3 111 112 129
3 112 130 129
3 112 113 130
3 113 131 130
3 113 114 131
3 114 132 131
3 114 115 132
3 115 133 132
3 115 116 133
3 116 134 133
3 116 117 134
3 117 135 134
3 117 118 135
3 119 137 136
3 119 120 137
3 120 138 137
3 120 121 138
3 121 139 138
3 121 122 139
3 122 140 139
3 122 123 140
3 123 141 140
3 123 124 141
3 124 142 141
3 124 125 142
3 125 143 142
3 125 126 143
3 126 144 143
3 126 127 144
3 127 145 144
3 127 128 145
3 128 146 145
3 128 129 146
3 129 147 146
3 129 130 147
3 130 148 147
3 130 131 148
3 131 149 148
3 131 132 149
3 132 150 149
3 132 133 150
3 133 151 150
3 133 134 151
3 134 152 151
3 134 135 152
3 136 154 153
3 136 137 154
3 137 155 154
3 137 138 155
3 138 156 155
3 138 139 156
3 139 157 156
3 139 140 157
3 140 158 157
3 140 141 158
3 141 159 158
3 141 142 159
3 142 160 159
3 142 143 160
3 143 161 160
3 143 144 161
3 144 162 161
3 144 145 162
3 145 163 162
3 145 146 163
3 146 164 163
3 146 147 164
3 147 165 164
3 147 148 165
3 148 166 165
3 148 149 166
3 149 167 166
3 149 150 167
3 150 168 167
3 150 151 168
3 151 169 168
3 151 152 169
3 153 171 170
3 153 154 171
3 154 172 171
3 154 155 172
3 155 173 172
3 155 156 173
3 156 174 173
3 156 157 174
3 157 175 174
3 157 158 175
3 158 176 175
3 158 159 176
3 159 177 176
3 159 160 177
3 160 178 177
3 160 161 178
3 161 179 178
3 161 162 179
3 162 180 179
3 162 163 180
3 163 181 180
3 163 164 181
3 164 182 181
3 164 165 182
3 165 183 182
3 165 166 183
3 166 184 183
3 166 167 184
3 167 185 184
3 167 168 185
3 168 186 185
3 168 169 186
3 170 188 187
3 170 171 188
3 171 189 188
3 171 172 189
3 172 190 189
3 172 173 190
3 173 191 190
3 173 174 191
3 174 192 191
3 174 175 192
3 175 193 192
3 175 176 193
3 176 194 193
3 176 177 194
3 177 195 194
3 177 178 195
3 178 196 195
3 178 179 196
3 179 197 196
3 179 180 197
3 180 198 197
3 180 181 198
3 181 199 198
3 181 182 199
3 182 200 199
3 182 183 200
3 183 201 200
3 183 184 201
3 184 202 201
3 184 185 202
3 185 203 202
3 185 186 203
3 187 205 204
3 187 188 205
3 188 206 205
3 188 189 206
3 189 207 206
3 189 190 207
3 190 208 207
3 190 191 208
3 191 209 208
3 191 192 209
3 192 210 209
3 192 193 210
3 193 211 210
3 193 194 211
3 194 212 211
3 194 195 212
3 195 213 212
3 195 196 213
3 196 214 213
3 196 197 214
3 197 215 214
3 197 198 215
3 198 216 215
3 198 199 216
3 199 217 216
3 199 200 217
3 200 218 217
3 200 201 218
3 201 219 218
3 201 202 219
3 202 220 219
3 202 203 220
3 204 222 221
3 204 205 222
3 205 223 222
3 205 206 223
3 206 224 223
3 206 207 224
3 207 225 224
3 207 208 225
3 208 226 225
3 208 209 226
3 209 227 226
3 209 210 227
3 210 228 227
3 210 211 228
3 211 229 228
3 211 212 229
3 212 230 229
3 212 213 230
3 213 231 230
3 213 214 231
3 214 232 231
3 214 215 232
3 215 233 232
3 215 216 233
3 216 234 233
3 216 217 234
3 217 235 234
3 217 218 235
3 218 236 235
3 218 219 236
3 219 237 236
3 219 220 237
3 221 239 238
3 221 222 239
3 222 240 239
3 222 223 240
3 223 241 240
3 223 224 241
3 224 242 241
3 224 225 242
3 225 243 242
3 225 226 243
3 226 244 243
3 226 227 244
3 227 245 244
3 227 228 245
3 228 246 245
3 228 229 246
3 229 247 246
3 229 230 247
3 230 248 247
3 230 231 248
3 231 249 248
3 231 232 249
3 232 250 249
3 232 233 250
3 233 251 250
3 233 234 251
3 234 252 251
3 234 235 252
3 235 253 252
3 235 236 253
3 236 254 253
3 236 237 254
3 238 256 255
3 238 239 256
3 239 257 256
3 239 240 257
3 240 258 257
3 240 241 258
3 241 259 258
3 241 242 259
3 242 260 259
3 242 243 260
3 243 261 260
3 243 244 261
3 244 262 261
3 244 245 262
3 245 263 262
3 245 246 263
3 246 264 263
3 246 247 264
3 247 265 264
3 247 248 265
3 248 266 265
3 248 249 266
3 249 267 266
3 249 250 267
3 250 268 267
3 250 251 268
3 251 269 268
3 251 252 269
3 252 270 269
3 252 253 270
3 253 271 270
3 253 254 271
3 255 273 272
3 255 256 273
3 256 274 273
3 256 257 274
3 257 275 274
3 257 258 275
3 258 276 275
3 258 259 276
3 259 277 276
3 259 260 277
3 260 278 277
3 260 261 278
3 261 279 278
3 261 262 279
3 262 280 279
3 262 263 280
3 263 281 280
3 263 264 281
3 264 282 281
3 264 265 282
3 265 283 282
3 265 266 283
3 266 284 283
3 266 267 284
3 267 285 284
3 267 268 285
3 268 286 285
3 268 269 286
3 269 287 286
3 269 270 287
3 270 288 287
3 270 271 288
3 272 290 289
3 272 273 290
3 273 291 290
3 273 274 291
3 274 292 291
3 274 275 292
3 275 293 292
3 275 276 293
3 276 294 293
3 276 277 294
3 277 295 294
3 277 278 295
3 278 296 295
3 278 279 296
3 279 297 296
3 279 280 297
3 280 298 297
3 280 281 298
3 281 299 298
3 281 282 299
3 282 300 299
3 282 283 300
3 283 301 300
3 283 284 301
3 284 302 301
3 284 285 302
3 285 303 302
3 285 286 303
3 286 304 303
3 286 287 304
3 287 305 304
3 287 288 305
3 289 307 306
3 289 290 307
3 290 308 307
3 290 291 308
3 291 309 308
3 291 292 309
3 292 310 309
3 292 293 310
3 293 311 310
3 293 294 311
3 294 312 311
3 294 295 312
3 295 313 312
3 295 296 313
3 296 314 313
3 296 297 314
3 297 315 314
3 297 298 315
3 298 316 315
3 298 299 316
3 299 317 316
3 299 300 317
3 300 318 317
3 300 301 318
3 301 319 318
3 301 302 319
3 302 320 319
3 302 303 320
3 303 321 320
3 303 304 321
3 304 322 321
3 304 305 322
3 306 324 323
3 306 307 324
3 307 325 324
3 307 308 325
3 308 326 325
3 308 309 326
3 309 327 326
3 309 310 327
3 310 328 327
3 310 311 328
3 311 329 328
3 311 312 329
3 312 330 329
3 312 313 330
3 313 331 330
3 313 314 331
3 314 332 331
3 314 315 332
3 315 333 332
3 315 316 333
3 316 334 333
3 316 317 334
3 317 335 334
3 317 318 335
3 318 336 335
3 318 319 336
3 319 337 336
3 319 320 337
3 320 338 337
3 320 321 338
3 321 339 338
3 321 322 339
3 323 341 340
3 323 324 341
3 324 342 341
3 324 325 342
3 325 343 342
3 325 326 343
3 326 344 343
3 326 327 344
3 327 345 344
3 327 328 345
3 328 346 345
3 328 329 346
3 329 347 346
3 329 330 347
3 330 348 347
3 330 331 348
3 331 349 348
3 331 332 349
3 332 350 349
3 332 333 350
3 333 351 350
3 333 334 351
3 334 352 351
3 334 335 352
3 335 353 352
3 335 336 353
3 336 354 353
3 336 337 354
3 337 355 354
3 337 338 355
3 338 356 355
3 338 339 356
3 340 358 357
3 340 341 358
3 341 359 358
3 341 342 359
3 342 360 359
3 342 343 360
3 343 361 360
3 343 344 361
3 344 362 361
3 344 345 362
3 345 363 362
3 345 346 363
3 346 364 363
3 346 347 364
3 347 365 364
3 347 348 365
3 348 366 365
3 348 349 366
3 349 367 366
3 349 350 367
3 350 368 367
3 350 351 368
3 351 369 368
3 351 352 369
3 352 370 369
3 352 353 370
3 353 371 370
3 353 354 371
3 354 372 371
3 354 355 372
3 355 373 372
3 355 356 373
3 357 375 374
3 357 358 375
3 358 376 375
3 358 359 376
3 359 377 376
3 359 360 377
3 360 378 377
3 360 361 378
3 361 379 378
3 361 362 379
3 362 380 379
3 362 363 380
3 363 381 380
3 363 364 381
3 364 382 381
3 364 365 382
3 365 383 382
3 365 366 383
3 366 384 383
3 366 367 384
3 367 385 384
3 367 368 385
3 368 386 385
3 368 369 386
3 369 387 386
3 369 370 387
3 370 388 387
3 370 371 388
3 371 389 388
3 371 372 389
3 372 390 389
3 372 373 390
3 374 392 391
3 374 375 392
3 375 393 392
3 375 376 393
3 376 394 393
3 376 377 394
3 377 395 394
3 377 378 395
3 378 396 395
3 378 379 396
3 379 397 396
3 379 380 397
3 380 398 397
3 380 381 398
3 381 399 398
3 381 382 399
3 382 400 399
3 382 383 400
3 383 401 400
3 383 384 401
3 384 402 401
3 384 385 402
3 385 403 402
3 385 386 403
3 386 404 403
3 386 387 404
3 387 405 404
3 387 388 405
3 388 406 405
3 388 389 406
3 389 407 406
3 389 390 407
3 391 409 408
3 391 392 409
3 392 410 409
3 392 393 410
3 393 411 410
3 393 394 411
3 394 412 411
3 394 395 412
3 395 413 412
3 395 396 413
3 396 414 413
3 396 397 414
3 397 415 414
3 397 398 415
3 398 416 415
3 398 399 416
3 399 417 416
3 399 400 417
3 400 418 417
3 400 401 418
3 401 419 418
3 401 402 419
3 402 420 419
3 402 403 420
3 403 421 420
3 403 404 421
3 404 422 421
3 404 405 422
3 405 423 422
3 405 406 423
3 406 424 423
3 406 407 424
3 408 426 425
3 408 409 426
3 409 427 426
3 409 410 427
3 410 428 427
3 410 411 428
3 411 429 428
3 411 412 429
3 412 430 429
3 412 413 430
3 413 431 430
3 413 414 431
3 414 432 431
3 414 415 432
3 415 433 432
3 415 416 433
3 416 434 433
3 416 417 434
3 417 435 434
3 417 418 435
3 418 436 435
3 418 419 436
3 419 437 436
3 419 420 437
3 420 438 437
3 420 421 438
3 421 439 438
3 421 422 439
3 422 440 439
3 422 423 440
3 423 441 440
3 423 424 441
3 425 443 442
3 425 426 443
3 426 444 443
3 426 427 444
3 427 445 444
3 427 428 445
3 428 446 445
3 428 429 446
3 429 447 446
3 429 430 447
3 430 448 447
3 430 431 448
3 431 449 448
3 431 432 449
3 432 450 449
3 432 433 450
3 433 451 450
3 433 434 451
3 434 452 451
3 434 435 452
3 435 453 452
3 435 436 453
3 436 454 453
3 436 437 454
3 437 455 454
3 437 438 455
3 438 456 455
3 438 439 456
3 439 457 456
3 439 440 457
3 440 458 457
3 440 441 458
3 442 460 459
3 442 443 460
3 443 461 460
3 443 444 461
3 444 462 461
3 444 445 462
3 445 463 462
3 445 446 463
3 446 464 463
3 446 447 464
3 447 465 464
3 447 448 465
3 448 466 465
3 448 449 466
3 449 467 466
3 449 450 467
3 450 468 467
3 450 451 468
3 451 469 468
3 451 452 469
3 452 470 469
3 452 453 470
3 453 471 470
3 453 454 471
3 454 472 471
3 454 455 472
3 455 473 472
3 455 456 473
3 456 474 473
3 456 457 474
3 457 475 474
3 457 458 475
3 459 477 476
3 459 460 477
3 460 478 477
3 460 461 478
3 461 479 478
3 461 462 479
3 462 480 479
3 462 463 480
3 463 481 480
3 463 464 481
3 464 482 481
3 464 465 482
3 465 483 482
3 465 466 483
3 466 484 483
3 466 467 484
3 467 485 484
3 467 468 485
3 468 486 485
3 468 469 486
3 469 487 486
3 469 470 487
3 470 488 487
3 470 471 488
3 471 489 488
3 471 472 489
3 472 490 489
3 472 473 490
3 473 491 490
3 473 474 491
3 474 492 491
3 474 475 492
3 0 493 3
3 0 494 493
3 494 495 493
3 494 496 495
3 496 497 495
3 496 498 497
3 498 499 497
3 498 500 499
3 500 501 499
3 500 502 501
3 502 503 501
3 502 504 503
3 504 505 503
3 504 506 505
3 506 507 505
3 506 508 507
3 508 509 507
3 508 510 509
3 510 511 509
3 510 512 511
3 3 513 5
3 3 493 513
3 493 514 513
3 493 495 514
3 495 515 514
3 495 497 515
3 497 516 515
3 497 499 516
3 499 517 516
3 499 501 517
3 501 518 517
3 501 503 518
3 503 519 518
3 503 505 519
3 505 520 519
3 505 507 520
3 507 521 520
3 507 509 521
3 509 522 521
3 509 511 522
3 5 523 7
3 5 513 523
3 513 524 523
3 513 514 524
3 514 525 524
3 514 515 525
3 515 526 525
3 515 516 526
3 516 527 526
3 516 517 527
3 517 528 527
3 517 518 528
3 518 529 528
3 518 519 529
3 519 530 529
3 519 520 530
3 520 531 530
3 520 521 531
3 521 532 531
3 521 522 532
3 7 533 9
3 7 523 533
3 523 534 533
3 523 524 534
3 524 535 534
3 524 525 535
3 525 536 535
3 525 526 536
3 526 537 536
3 526 527 537
3 527 538 537
3 527 528 538
3 528 539 538
3 528 529 539
3 529 540 539
3 529 530 540
3 530 541 540
3 530 531 541
3 531 542 541
3 531 532 542
3 9 543 11
3 9 533 543
3 533 544 543
3 533 534 544
3 534 545 544
3 534 535 545
3 535 546 545
3 535 536 546
3 536 547 546
3 536 537 547
3 537 548 547
3 537 538 548
3 538 549 548
3 538 539 549
3 539 550 549
3 539 540 550
3 540 551 550
3 540 541 551
3 541 552 551
3 541 542 552
3 11 553 13
3 11 543 553
3 543 554 553
3 543 544 554
3 544 555 554
3 544 545 555
3 545 556 555
3 545 546 556
3 546 557 556
3 546 547 557
3 547 558 557
3 547 548 558
3 548 559 558
3 548 549 559
3 549 560 559
3 549 550 560
3 550 561 560
3 550 551 561
3 551 562 561
3 551 552 562
3 13 563 15
3 13 553 563
3 553 564 563
3 553 554 564
3 554 565 564
3 554 555 565
3 555 566 565
3 555 556 566
3 556 567 566
3 556 557 567
3 557 568 567
3 557 558 568
3 558 569 568
3 558 559 569
3 559 570 569
3 559 560 570
3 560 571 570
3 560 561 571
3 561 572 571
3 561 562 572
3 15 573 17
3 15 563 573
3 563 574 573
3 563 564 574
3 564 575 574
3 564 565 575
3 565 576 575
3 565 566 576
3 566 577 576
3 566 567 577
3 567 578 577
3 567 568 578
3 568 579 578
3 568 569 579
3 569 580 579
3 569 570 580
3 570 581 580
3 570 571 581
3 571 582 581
3 571 572 582
3 17 583 19
3 17 573 583
3 573 584 583
3 573 574 584
3 574 585 584
3 574 575 585
3 575 586 585
3 575 576 586
3 576 587 586
3 576 577 587
3 577 588 587
3 577 578 588
3 578 589 588
3 578 579 589
3 579 590 589
3 579 580 590
3 580 591 590
3 580 581 591
3 581 592 591
3 581 582 592
3 19 593 21
3 19 583 593
3 583 594 593
3 583 584 594
3 584 595 594
3 584 585 595
3 585 596 595
3 585 586 596
3 586 597 596
3 586 587 597
3 587 598 597
3 587 588 598
3 588 599 598
3 588 589 599
3 589 600 599
3 589 590 600
3 590 601 600
3 590 591 601
3 591 602 601
3 591 592 602
3 21 603 23
3 21 593 603
3 593 604 603
3 593 594 604
3 594 605 604
3 594 595 605
3 595 606 605
3 595 596 606
3 596 607 606
3 596 597 607
3 597 608 607
3 597 598 608
3 598 609 608
3 598 599 609
3 599 610 609
3 599 600 610
3 600 611 610
3 600 601 611
3 601 612 611
3 601 602 612
3 23 613 25
3 23 603 613
3 603 614 613
3 603 604 614
3 604 615 614
3 604 605 615
3 605 616 615
3 605 606 616
3 606 617 616
3 606 607 617
3 607 618 617
3 607 608 618
3 608 619 618
3 608 609 619
3 609 620 619
3 609 610 620
3 610 621 620
3 610 611 621
3 611 622 621
3 611 612 622
3 25 623 27
3 25 613 623
3 613 624 623
3 613 614 624
3 614 625 624
3 614 615 625
3 615 626 625
3 615 616 626
3 616 627 626
3 616 617 627
3 617 628 627
3 617 618 628
3 618 629 628
3 618 619 629
3 619 630 629
3 619 620 630
3 620 631 630
3 620 621 631
3 621 632 631
3 621 622 632
3 27 633 29
3 27 623 633
3 623 634 633
3 623 624 634
3 624 635 634
3 624 625 635
3 625 636 635
3 625 626 636
3 626 637 636
3 626 627 637
3 627 638 637
3 627 628 638
3 628 639 638
3 628 629 639
3 629 640 639
3 629 630 640
3 630 641 640
3 630 631 641
3 631 642 641
3 631 632 642
3 29 643 31
3 29 633 643
3 633 644 643
3 633 634 644
3 634 645 644
3 634 635 645
3 635 646 645
3 635 636 646
3 636 647 646
3 636 637 647
3 637 648 647
3 637 638 648
3 638 649 648
3 638 639 649
3 639 650 649
3 639 640 650
3 640 651 650
3 640 641 651
3 641 652 651
3 641 642 652
3 31 653 33
3 31 643 653
3 643 654 653
3 643 644 654
3 644 655 654
3 644 645 655
3 645 656 655
3 645 646 656
3 646 657 656
3 646 647 657
3 647 658 657
3 647 648 658
3 648 659 658
3 648 649 659
3 649 660 659
3 649 650 660
3 650 661 660
3 650 651 661
3 651 662 661
3 651 652 662
3 476 477 663
3 476 663 664
3 664 663 665
3 664 665 666
3 666 665 667
3 666 667 668
3 668 667 669
3 668 669 670
3 670 669 671
3 670 671 672
3 672 671 673
3 672 673 674
3 674 673 675
3 674 675 676
3 676 675 677
3 676 677 678
3 678 677 679
3 678 679 680
3 680 679 681
3 680 681 682
3 477 478 683
3 477 683 663
3 663 683 684
3 663 684 665
3 665 684 685
3 665 685 667
3 667 685 686
3 667 686 669
3 669 686 687
3 669 687 671
3 671 687 688
3 671 688 673
3 673 688 689
3 673 689 675
3 675 689 690
3 675 690 677
3 677 690 691
3 677 691 679
3 679 691 692
3 679 692 681
3 478 479 693
3 478 693 683
3 683 693 694
3 683 694 684
3 684 694 695
3 684 695 685
3 685 695 696
3 685 696 686
3 686 696 697
3 686 697 687
3 687 697 698
3 687 698 688
3 688 698 699
3 688 699 689
3 689 699 700
3 689 700 690
3 690 700 701
3 690 701 691
3 691 701 702
3 691 702 692
3 479 480 703
3 479 703 693
3 693 703 704
3 693 704 694
3 694 704 705
3 694 705 695
3 695 705 706
3 695 706 696
3 696 706 707
3 696 707 697
3 697 707 708
3 697 708 698
3 698 708 709
3 698 709 699
3 699 709 710
3 699 710 700
3 700 710 711
3 700 711 701
3 701 711 712
3 701 712 702
3 480 481 713
3 480 713 703
3 703 713 714
3 703 714 704
3 704 714 715
3 704 715 705
3 705 715 716
3 705 716 706
3 706 716 717
3 706 717 707
3 707 717 718
3 707 718 708
3 708 718 719
3 708 719 709
3 709 719 720
3 709 720 710
3 710 720 721
3 710 721 711
3 711 721 722
3 711 722 712
3 481 482 723
3 481 723 713
3 713 723 724
3 713 724 714
3 714 724 725
3 714 725 715
3 715 725 726
3 715 726 716
3 716 726 727
3 716 727 717
3 717 727 728
3 717 728 718
3 718 728 729
3 718 729 719
3 719 729 730
3 719 730 720
3 720 730 731
3 720 731 721
3 721 731 732
3 721 732 722
3 482 483 733
3 482 733 723
3 723 733 734
3 723 734 724
3 724 734 735
3 724 735 725
3 725 735 736
3 725 736 726
3 726 736 737
3 726 737 727
3 727 737 738
3 727 738 728
3 728 738 739
3 728 739 729
3 729 739 740
3 729 740 730
3 730 740 741
3 730 741 731
3 731 741 742
3 731 742 732
3 483 484 743
3 483 743 733
3 733 743 744
3 733 744 734
3 734 744 745
3 734 745 735
3 735 745 746
3 735 746 736
3 736 746 747
3 736 747 737
3 737 747 748
3 737 748 738
3 738 748 749
3 738 749 739
3 739 749 750
3 739 750 740
3 740 750 751
3 740 751 741
3 741 751 752
3 741 752 742
3 484 485 753
3 484 753 743
3 743 753 754
3 743 754 744
3 744 754 755
3 744 755 745
3 745 755 756
3 745 756 746
3 746 756 757
3 746 757 747
3 747 757 758
3 747 758 748
3 748 758 759
3 748 759 749
3 749 759 760
3 749 760 750
3 750 760 761
3 750 761 751
3 751 761 762
3 751 762 752
3 485 486 763
3 485 763 753
3 753 763 764
3 753 764 754
3 754 764 765
3 754 765 755
3 755 765 766
3 755 766 756
3 756 766 767
3 756 767 757
3 757 767 768
3 757 768 758
3 758 768 769
3 758 769 759
3 759 769 770
3 759 770 760
3 760 770 771
3 760 771 761
3 761 771 772
3 761 772 762
3 486 487 773
3 486 773 763
3 763 773 774
3 763 774 764
3 764 774 775
3 764 775 765
3 765 775 776
3 765 776 766
3 766 776 777
3 766 777 767
3 767 777 778
3 767 778 768
3 768 778 779
3 768 779 769
3 769 779 780
3 769 780 770
3 770 780 781
3 770 781 771
3 771 781 782
3 771 782 772
3 487 488 783
3 487 783 773
3 773 783 784
3 773 784 774
3 774 784 785
3 774 785 775
3 775 785 786
3 775 786 776
3 776 786 787
3 776 787 777
3 777 787 788
3 777 788 778
3 778 788 789
3 778 789 779
3 779 789 790
3 779 790 780
3 780 790 791
3 780 791 781
3 781 791 792
3 781 792 782
3 488 489 793
3 488 793 783
3 783 793 794
3 783 794 784
3 784 794 795
3 784 795 785
3 785 795 796
3 785 796 786
3 786 796 797
3 786 797 787
3 787 797 798
3 787 798 788
3 788 798 799
3 788 799 789
3 789 799 800
3 789 800 790
3 790 800 801
3 790 801 791
3 791 801 802
3 791 802 792
3 489 490 803
3 489 803 793
3 793 803 804
3 793 804 794
3 794 804 805
3 794 805 795
3 795 805 806
3 795 806 796
3 796 806 807
3 796 807 797
3 797 807 808
3 797 808 798
3 798 808 809
3 798 809 799
3 799 809 810
3 799 810 800
3 800 810 811
3 800 811 801
3 801 811 812
3 801 812 802
3 490 491 813
3 490 813 803
3 803 813 814
3 803 814 804
3 804 814 815
3 804 815 805
3 805 815 816
3 805 816 806
3 806 816 817
3 806 817 807
3 807 817 818
3 807 818 808
3 808 818 819
3 808 819 809
3 809 819 820
3 809 820 810
3 810 820 821
3 810 821 811
3 811 821 822
3 811 822 812
3 491 492 823
3 491 823 813
3 813 823 824
3 813 824 814
3 814 824 825
3 814 825 815
3 815 825 826
3 815 826 816
3 816 826 827
3 816 827 817
3 817 827 828
3 817 828 818
3 818 828 829
3 818 829 819
3 819 829 830
3 819 830 820
3 820 830 831
3 820 831 821
3 821 831 832
3 821 832 822
3 0 1 833
3 0 833 494
3 494 833 834
3 494 834 496
3 496 834 835
3 496 835 498
3 498 835 836
3 498 836 500
3 500 836 837
3 500 837 502
3 502 837 838
3 502 838 504
3 504 838 839
3 504 839 506
3 506 839 840
3 506 840 508
3 508 840 841
3 508 841 510
3 510 841 842
3 510 842 512
3 1 34 843
3 1 843 833
3 833 843 844
3 833 844 834
3 834 844 845
3 834 845 835
3 835 845 846
3 835 846 836
3 836 846 847
3 836 847 837
3 837 847 848
3 837 848 838
3 838 848 849
3 838 849 839
3 839 849 850
3 839 850 840
3 840 850 851
3 840 851 841
3 841 851 852
3 841 852 842
3 34 51 853
3 34 853 843
3 843 853 854
3 843 854 844
3 844 854 855
3 844 855 845
3 845 855 856
3 845 856 846
3 846 856 857
3 846 857 847
3 847 857 858
3 847 858 848
3 848 858 859
3 848 859 849
3 849 859 860
3 849 860 850
3 850 860 861
3 850 861 851
3 851 861 862
3 851 862 852
3 51 68 863
3 51 863 853
3 853 863 864
3 853 864 854
3 854 864 865
3 854 865 855
3 855 865 866
3 855 866 856
3 856 866 867
3 856 867 857
3 857 867 868
3 857 868 858
3 858 868 869
3 858 869 859
3 859 869 870
3 859 870 860
3 860 870 871
3 860 871 861
3 861 871 872
3 861 872 862
3 68 85 873
3 68 873 863
3 863 873 874
3 863 874 864
3 864 874 875
3 864 875 865
3 865 875 876
3 865 876 866
3 866 876 877
3 866 877 867
3 867 877 878
3 867 878 868
3 868 878 879
3 868 879 869
3 869 879 880
3 869 880 870
3 870 880 881
3 870 881 871
3 871 881 882
3 871 882 872
3 85 102 883
3 85 883 873
3 873 883 884
3 873 884 874
3 874 884 885
3 874 885 875
3 875 885 886
3 875 886 876
3 876 886 887
3 876 887 877
3 877 887 888
3 877 888 878
3 878 888 889
3 878 889 879
3 879 889 890
3 879 890 880
3 880 890 891
3 880 891 881
3 881 891 892
3 881 892 882
3 102 119 893
3 102 893 883
3 883 893 894
3 883 894 884
3 884 894 895
3 884 895 885
3 885 895 896
3 885 896 886
3 886 896 897
3 886 897 887
3 887 897 898
3 887 898 888
3 888 898 899
3 888 899 889
3 889 899 900
3 889 900 890
3 890 900 901
3 890 901 891
3 891 901 902
3 891 902 892
3 119 136 903
3 119 903 893
3 893 903 904
3 893 904 894
3 894 904 905
3 894 905 895
3 895 905 906
3 895 906 896
3 896 906 907
3 896 907 897
3 897 907 908
3 897 908 898
3 898 908 909
3 898 909 899
3 899 909 910
3 899 910 900
3 900 910 911
3 900 911 901
3 901 911 912
3 901 912 902
3 136 153 913
3 136 913 903
3 903 913 914
3 903 914 904
3 904 914 915
3 904 915 905
3 905 915 916
3 905 916 906
3 906 916 917
3 906 917 907
3 907 917 918
3 907 918 908
3 908 918 919
3 908 919 909
3 909 919 920
3 909 920 910
3 910 920 921
3 910 921 911
3 911 921 922
3 911 922 912
3 153 170 923
3 153 923 913
3 913 923 924
3 913 924 914
3 914 924 925
3 914 925 915
3 915 925 926
3 915 926 916
3 916 926 927
3 916 927 917
3 917 927 928
3 917 928 918
3 918 928 929
3 918 929 919
3 919 929 930
3 919 930 920
3 920 930 931
3 920 931 921
3 921 931 932
3 921 932 922
3 170 187 933
3 170 933 923
3 923 933 934
3 923 934 924
3 924 934 935
3 924 935 925
3 925 935 936
3 925 936 926
3 926 936 937
3 926 937 927
3 927 937 938
3 927 938 928
3 928 938 939
3 928 939 929
3 929 939 940
3 929 940 930
3 930 940 941
3 930 941 931
3 931 941 942
3 931 942 932
3 187 204 943
3 187 943 933
3 933 943 944
3 933 944 934
3 934 944 945
3 934 945 935
3 935 945 946
3 935 946 936
3 936 946 947
3 936 947 937
3 937 947 948
3 937 948 938
3 938 948 949
3 938 949 939
3 939 949 950
3 939 950 940
3 940 950 951
3 940 951 941
3 941 951 952
3 941 952 942
3 204 221 953
3 204 953 943
3 943 953 954
3 943 954 944
3 944 954 955
3 944 955 945
3 945 955 956
3 945 956 946
3 946 956 957
3 946 957 947
3 947 957 958
3 947 958 948
3 948 958 959
3 948 959 949
3 949 959 960
3 949 960 950
3 950 960 961
3 950 961 951
3 951 961 962
3 951 962 952
3 221 238 963
3 221 963 953
3 953 963 964
3 953 964 954
3 954 964 965
3 954 965 955
3 955 965 966
3 955 966 956
3 956 966 967
3 956 967 957
3 957 967 968
3 957 968 958
3 958 968 969
3 958 969 959
3 959 969 970
3 959 970 960
3 960 970 971
3 960 971 961
3 961 971 972
3 961 972 962
3 238 255 973
3 238 973 963
3 963 973 974
3 963 974 964
3 964 974 975
3 964 975 965
3 965 975 976
3 965 976 966
3 966 976 977
3 966 977 967
3 967 977 978
3 967 978 968
3 968 978 979
3 968 979 969
3 969 979 980
3 969 980 970
3 970 980 981
3 970 981 971
3 971 981 982
3 971 982 972
3 255 272 983
3 255 983 973
3 973 983 984
3 973 984 974
3 974 984 985
3 974 985 975
3 975 985 986
3 975 986 976
3 976 986 987
3 976 987 977
3 977 987 988
3 977 988 978
3 978 988 989
3 978 989 979
3 979 989 990
3 979 990 980
3 980 990 991
3 980 991 981
3 981 991 992
3 981 992 982
3 272 289 993
3 272 993 983
3 983 993 994
3 983 994 984
3 984 994 995
3 984 995 985
3 985 995 996
3 985 996 986
3 986 996 997
3 986 997 987
3 987 997 998
3 987 998 988
3 988 998 999
3 988 999 989
3 989 999 1000
3 989 1000 990
3 990 1000 1001
3 990 1001 991
3 991 1001 1002
3 991 1002 992
3 289 306 1003
3 289 1003 993
3 993 1003 1004
3 993 1004 994
3 994 1004 1005
3 994 1005 995
3 995 1005 1006
3 995 1006 996
3 996 1006 1007
3 996 1007 997
3 997 1007 1008
3 997 1008 998
3 998 1008 1009
3 998 1009 999
3 999 1009 1010
3 999 1010 1000
3 1000 1010 1011
3 1000 1011 1001
3 1001 1011 1012
3 1001 1012 1002
3 306 323 1013
3 306 1013 1003
3 1003 1013 1014
3 1003 1014 1004
3 1004 1014 1015
3 1004 1015 1005
3 1005 1015 1016
3 1005 1016 1006
3 1006 1016 1017
3 1006 1017 1007
3 1007 1017 1018
3 1007 1018 1008
3 1008 1018 1019
3 1008 1019 1009
3 1009 1019 1020
3 1009 1020 1010
3 1010 1020 1021
3 1010 1021 1011
3 1011 1021 1022
3 1011 1022 1012
3 323 340 1023
3 323 1023 1013
3 1013 1023 1024
3 1013 1024 1014
3 1014 1024 1025
3 1014 1025 1015
3 1015 1025 1026
3 1015 1026 1016
3 1016 1026 1027
3 1016 1027 1017
3 1017 1027 1028
3 1017 1028 1018
3 1018 1028 1029
3 1018 1029 1019
3 1019 1029 1030
3 1019 1030 1020
3 1020 1030 1031
3 1020 1031 1021
3 1021 1031 1032
3 1021 1032 1022
3 340 357 1033
3 340 1033 1023
3 1023 1033 1034
3 1023 1034 1024
3 1024 1034 1035
3 1024 1035 1025
3 1025 1035 1036
3 1025 1036 1026
3 1026 1036 1037
3 1026 1037 1027
3 1027 1037 1038
3 1027 1038 1028
3 1028 1038 1039
3 1028 1039 1029
3 1029 1039 1040
3 1029 1040 1030
3 1030 1040 1041
3 1030 1041 1031
3 1031 1041 1042
3 1031 1042 1032
3 357 374 1043
3 357 1043 1033
3 1033 1043 1044
3 1033 1044 1034
3 1034 1044 1045
3 1034 1045 1035
3 1035 1045 1046
3 1035 1046 1036
3 1036 1046 1047
3 1036 1047 1037
3 1037 1047 1048
3 1037 1048 1038
3 1038 1048 1049
3 1038 1049 1039
3 1039 1049 1050
3 1039 1050 1040
3 1040 1050 1051
3 1040 1051 1041
3 1041 1051 1052
3 1041 1052 1042
3 374 391 1053
3 374 1053 1043
3 1043 1053 1054
3 1043 1054 1044
3 1044 1054 1055
3 1044 1055 1045
3 1045 1055 1056
3 1045 1056 1046
3 1046 1056 1057
3 1046 1057 1047
3 1047 1057 1058
3 1047 1058 1048
3 1048 1058 1059
3 1048 1059 1049
3 1049 1059 1060
3 1049 1060 1050
3 1050 1060 1061
3 1050 1061 1051
3 1051 1061 1062
3 1051 1062 1052
3 391 408 1063
3 391 1063 1053
3 1053 1063 1064
3 1053 1064 1054
3 1054 1064 1065
3 1054 1065 1055
3 1055 1065 1066
3 1055 1066 1056
3 1056 1066 1067
3 1056 1067 1057
3 1057 1067 1068
3 1057 1068 1058
3 1058 1068 1069
3 1058 1069 1059
3 1059 1069 1070
3 1059 1070 1060
3 1060 1070 1071
3 1060 1071 1061
3 1061 1071 1072
3 1061 1072 1062
3 408 425 1073
3 408 1073 1063
3 1063 1073 1074
3 1063 1074 1064
3 1064 1074 1075
3 1064 1075 1065
3 1065 1075 1076
3 1065 1076 1066
3 1066 1076 1077
3 1066 1077 1067
3 1067 1077 1078
3 1067 1078 1068
3 1068 1078 1079
3 1068 1079 1069
3 1069 1079 1080
3 1069 1080 1070
3 1070 1080 1081
3 1070 1081 1071
3 1071 1081 1082
3 1071 1082 1072
3 425 442 1083
3 425 1083 1073
3 1073 1083 1084
3 1073 1084 1074
3 1074 1084 1085
3 1074 1085 1075
3 1075 1085 1086
3 1075 1086 1076
3 1076 1086 1087
3 1076 1087 1077
3 1077 1087 1088
3 1077 1088 1078
3 1078 1088 1089
3 1078 1089 1079
3 1079 1089 1090
3 1079 1090 1080
3 1080 1090 1091
3 1080 1091 1081
3 1081 1091 1092
3 1081 1092 1082
3 442 459 1093
3 442 1093 1083
3 1083 1093 1094
3 1083 1094 1084
3 1084 1094 1095
3 1084 1095 1085
3 1085 1095 1096
3 1085 1096 1086
3 1086 1096 1097
3 1086 1097 1087
3 1087 1097 1098
3 1087 1098 1088
3 1088 1098 1099
3 1088 1099 1089
3 1089 1099 1100
3 1089 1100 1090
3 1090 1100 1101
3 1090 1101 1091
3 1091 1101 1102
3 1091 1102 1092
3 459 476 664
3 459 664 1093
3 1093 664 666
3 1093 666 1094
3 1094 666 668
3 1094 668 1095
3 1095 668 670
3 1095 670 1096
3 1096 670 672
3 1096 672 1097
3 1097 672 674
3 1097 674 1098
3 1098 674 676
3 1098 676 1099
3 1099 676 678
3 1099 678 1100
3 1100 678 680
3 1100 680 1101
3 1101 680 682
3 1101 682 1102
3 33 1103 32
3 33 653 1103
3 653 1104 1103
3 653 654 1104
3 654 1105 1104
3 654 655 1105
3 655 1106 1105
3 655 656 1106
3 656 1107 1106
3 656 657 1107
3 657 1108 1107
3 657 658 1108
3 658 1109 1108
3 658 659 1109
3 659 1110 1109
3 659 660 1110
3 660 1111 1110
3 660 661 1111
3 661 1112 1111
3 661 662 1112
3 32 1113 50
3 32 1103 1113
3 1103 1114 1113
3 1103 1104 1114
3 1104 1115 1114
3 1104 1105 1115
3 1105 1116 1115
3 1105 1106 1116
3 1106 1117 1116
3 1106 1107 1117
3 1107 1118 1117
3 1107 1108 1118
3 1108 1119 1118
3 1108 1109 1119
3 1109 1120 1119
3 1109 1110 1120
3 1110 1121 1120
3 1110 1111 1121
3 1111 1122 1121
3 1111 1112 1122
3 50 1123 67
3 50 1113 1123
3 1113 1124 1123
3 1113 1114 1124
3 1114 1125 1124
3 1114 1115 1125
3 1115 1126 1125
3 1115 1116 1126
3 1116 1127 1126
3 1116 1117 1127
3 1117 1128 1127
3 1117 1118 1128
3 1118 1129 1128
3 1118 1119 1129
3 1119 1130 1129
3 1119 1120 1130
3 1120 1131 1130
3 1120 1121 1131
3 1121 1132 1131
3 1121 1122 1132
3 67 1133 84
3 67 1123 1133
3 1123 1134 1133
3 1123 1124 1134
3 1124 1135 1134
3 1124 1125 1135
3 1125 1136 1135
3 1125 1126 1136
3 1126 1137 1136
3 1126 1127 1137
3 1127 1138 1137
3 1127 1128 1138
3 1128 1139 1138
3 1128 1129 1139
3 1129 1140 1139
3 1129 1130 1140
3 1130 1141 1140
3 1130 1131 1141
3 1131 1142 1141
3 1131 1132 1142
3 84 1143 101
3 84 1133 1143
3 1133 1144 1143
3 1133 1134 1144
3 1134 1145 1144
3 1134 1135 1145
3 1135 1146 1145
3 1135 1136 1146
3 1136 1147 1146
3 1136 1137 1147
3 1137 1148 1147
3 1137 1138 1148
3 1138 1149 1148
3 1138 1139 1149
3 1139 1150 1149
3 1139 1140 1150
3 1140 1151 1150
3 1140 1141 1151
3 1141 1152 1151
3 1141 1142 1152
3 101 1153 118
3 101 1143 1153
3 1143 1154 1153
3 1143 1144 1154
3 1144 1155 1154
3 1144 1145 1155
3 1145 1156 1155
3 1145 1146 1156
3 1146 1157 1156
3 1146 1147 1157
3 1147 1158 1157
3 1147 1148 1158
3 1148 1159 1158
3 1148 1149 1159
3 1149 1160 1159
3 1149 1150 1160
3 1150 1161 1160
3 1150 1151 1161
3 1151 1162 1161
3 1151 1152 1162
3 118 1163 135
3 118 1153 1163
3 1153 1164 1163
3 1153 1154 1164
3 1154 1165 1164
3 1154 1155 1165
3 1155 1166 1165
3 1155 1156 1166
3 1156 1167 1166
3 1156 1157 1167
3 1157 1168 1167
3 1157 1158 1168
3 1158 1169 1168
3 1158 1159 1169
3 1159 1170 1169
3 1159 1160 1170
3 1160 1171 1170
3 1160 1161 1171
3 1161 1172 1171
3 1161 1162 1172
3 135 1173 152
3 135 1163 1173
3 1163 1174 1173
3 1163 1164 1174
3 1164 1175 1174
3 1164 1165 1175
3 1165 1176 1175
3 1165 1166 1176
3 1166 1177 1176
3 1166 1167 1177
3 1167 1178 1177
3 1167 1168 1178
3 1168 1179 1178
3 1168 1169 1179
3 1169 1180 1179
3 1169 1170 1180
3 1170 1181 1180
3 1170 1171 1181
3 1171 1182 1181
3 1171 1172 1182
3 152 1183 169
3 152 1173 1183
3 1173 1184 1183
3 1173 1174 1184
3 1174 1185 1184
3 1174 1175 1185
3 1175 1186 1185
3 1175 1176 1186
3 1176 1187 1186
3 1176 1177 1187
3 1177 1188 1187
3 1177 1178 1188
3 1178 1189 1188
3 1178 1179 1189
3 1179 1190 1189
3 1179 1180 1190
3 1180 1191 1190
3 1180 1181 1191
3 1181 1192 1191
3 1181 1182 1192
3 169 1193 186
3 169 1183 1193
3 1183 1194 1193
3 1183 1184 1194
3 1184 1195 1194
3 1184 1185 1195
3 1185 1196 1195
3 1185 1186 1196
3 1186 1197 1196
3 1186 1187 1197
3 1187 1198 1197
3 1187 1188 1198
3 1188 1199 1198
3 1188 1189 1199
3 1189 1200 1199
3 1189 1190 1200
3 1190 1201 1200
3 1190 1191 1201
3 1191 1202 1201
3 1191 1192 1202
3 186 1203 203
3 186 1193 1203
3 1193 1204 1203
3 1193 1194 1204
3 1194 1205 1204
3 1194 1195 1205
3 1195 1206 1205
3 1195 1196 1206
3 1196 1207 1206
3 1196 1197 1207
3 1197 1208 1207
3 1197 1198 1208
3 1198 1209 1208
3 1198 1199 1209
3 1199 1210 1209
3 1199 1200 1210
3 1200 1211 1210
3 1200 1201 1211
3 1201 1212 1211
3 1201 1202 1212
3 203 1213 220
3 203 1203 1213
3 1203 1214 1213
3 1203 1204 1214
3 1204 1215 1214
3 1204 1205 1215
3 1205 1216 1215
3 1205 1206 1216
3 1206 1217 1216
3 1206 1207 1217
3 1207 1218 1217
3 1207 1208 1218
3 1208 1219 1218
3 1208 1209 1219
3 1209 1220 1219
3 1209 1210 1220
3 1210 1221 1220
3 1210 1211 1221
3 1211 1222 1221
3 1211 1212 1222
3 220 1223 237
3 220 1213 1223
3 1213 1224 1223
3 1213 1214 1224
3 1214 1225 1224
3 1214 1215 1225
3 1215 1226 1225
3 1215 1216 1226
3 1216 1227 1226
3 1216 1217 1227
3 1217 1228 1227
3 1217 1218 1228
3 1218 1229 1228
3 1218 1219 1229
3 1219 1230 1229
3 1219 1220 1230
3 1220 1231 1230
3 1220 1221 1231
3 1221 1232 1231
3 1221 1222 1232
3 237 1233 254
3 237 1223 1233
3 1223 1234 1233
3 1223 1224 1234
3 1224 1235 1234
3 1224 1225 1235
3 1225 1236 1235
3 1225 1226 1236
3 1226 1237 1236
3 1226 1227 1237
3 1227 1238 1237
3 1227 1228 1238
3 1228 1239 1238
3 1228 1229 1239
3 1229 1240 1239
3 1229 1230 1240
3 1230 1241 1240
3 1230 1231 1241
3 1231 1242 1241
3 1231 1232 1242
3 254 1243 271
3 254 1233 1243
3 1233 1244 1243
3 1233 1234 1244
3 1234 1245 1244
3 1234 1235 1245
3 1235 1246 1245
3 1235 1236 1246
3 1236 1247 1246
3 1236 1237 1247
3 1237 1248 1247
3 1237 1238 1248
3 1238 1249 1248
3 1238 1239 1249
3 1239 1250 1249
3 1239 1240 1250
3 1240 1251 1250
3 1240 1241 1251
3 1241 1252 1251
3 1241 1242 1252
3 271 1253 288
3 271 1243 1253
3 1243 1254 1253
3 1243 1244 1254
3 1244 1255 1254
3 1244 1245 1255
3 1245 1256 1255
3 1245 1246 1256
3 1246 1257 1256
3 1246 1247 1257
3 1247 1258 1257
3 1247 1248 1258
3 1248 1259 1258
3 1248 1249 1259
3 1249 1260 1259
3 1249 1250 1260
3 1250 1261 1260
3 1250 1251 1261
3 1251 1262 1261
3 1251 1252 1262
3 288 1263 305
3 288 1253 1263
3 1253 1264 1263
3 1253 1254 1264
3 1254 1265 1264
3 1254 1255 1265
3 1255 1266 1265
3 1255 1256 1266
3 1256 1267 1266
3 1256 1257 1267
3 1257 1268 1267
3 1257 1258 1268
3 1258 1269 1268
3 1258 1259 1269
3 1259 1270 1269
3 1259 1260 1270
3 1260 1271 1270
3 1260 1261 1271
3 1261 1272 1271
3 1261 1262 1272
3 305 1273 322
3 305 1263 1273
3 1263 1274 1273
3 1263 1264 1274
3 1264 1275 1274
3 1264 1265 1275
3 1265 1276 1275
3 1265 1266 1276
3 1266 1277 1276
3 1266 1267 1277
3 1267 1278 1277
3 1267 1268 1278
3 1268 1279 1278
3 1268 1269 1279
3 1269 1280 1279
3 1269 1270 1280
3 1270 1281 1280
3 1270 1271 1281
3 1271 1282 1281
3 1271 1272 1282
3 322 1283 339
3 322 1273 1283
3 1273 1284 1283
3 1273 1274 1284
3 1274 1285 1284
3 1274 1275 1285
3 1275 1286 1285
3 1275 1276 1286
3 1276 1287 1286
3 1276 1277 1287
3 1277 1288 1287
3 1277 1278 1288
3 1278 1289 1288
3 1278 1279 1289
3 1279 1290 1289
3 1279 1280 1290
3 1280 1291 1290
3 1280 1281 1291
3 1281 1292 1291
3 1281 1282 1292
3 339 1293 356
3 339 1283 1293
3 1283 1294 1293
3 1283 1284 1294
3 1284 1295 1294
3 1284 1285 1295
3 1285 1296 1295
3 1285 1286 1296
3 1286 1297 1296
3 1286 1287 1297
3 1287 1298 1297
3 1287 1288 1298
3 1288 1299 1298
3 1288 1289 1299
3 1289 1300 1299
3 1289 1290 1300
3 1290 1301 1300
3 1290 1291 1301
3 1291 1302 1301
3 1291 1292 1302
3 356 1303 373
3 356 1293 1303
3 1293 1304 1303
3 1293 1294 1304
3 1294 1305 1304
3 1294 1295 1305
3 1295 1306 1305
3 1295 1296 1306
3 1296 1307 1306
3 1296 1297 1307
3 1297 1308 1307
3 1297 1298 1308
3 1298 1309 1308
3 1298 1299 1309
3 1299 1310 1309
3 1299 1300 1310
3 1300 1311 1310
3 1300 1301 1311
3 1301 1312 1311
3 1301 1302 1312
3 373 1313 390
3 373 1303 1313
3 1303 1314 1313
3 1303 1304 1314
3 1304 1315 1314
3 1304 1305 1315
3 1305 1316 1315
3 1305 1306 1316
3 1306 1317 1316
3 1306 1307 1317
3 1307 1318 1317
3 1307 1308 1318
3 1308 1319 1318
3 1308 1309 1319
3 1309 1320 1319
3 1309 1310 1320
3 1310 1321 1320
3 1310 1311 1321
3 1311 1322 1321
3 1311 1312 1322
3 390 1323 407
3 390 1313 1323
3 1313 1324 1323
3 1313 1314 1324
3 1314 1325 1324
3 1314 1315 1325
3 1315 1326 1325
3 1315 1316 1326
3 1316 1327 1326
3 1316 1317 1327
3 1317 1328 1327
3 1317 1318 1328
3 1318 1329 1328
3 1318 1319 1329
3 1319 1330 1329
3 1319 1320 1330
3 1320 1331 1330
3 1320 1321 1331
3 1321 1332 1331
3 1321 1322 1332
3 407 1333 424
3 407 1323 1333
3 1323 1334 1333
3 1323 1324 1334
3 1324 1335 1334
3 1324 1325 1335
3 1325 1336 1335
3 1325 1326 1336
3 1326 1337 1336
3 1326 1327 1337
3 1327 1338 1337
3 1327 1328 1338
3 1328 1339 1338
3 1328 1329 1339
3 1329 1340 1339
3 1329 1330 1340
3 1330 1341 1340
3 1330 1331 1341
3 1331 1342 1341
3 1331 1332 1342
3 424 1343 441
3 424 1333 1343
3 1333 1344 1343
3 1333 1334 1344
3 1334 1345 1344
3 1334 1335 1345
3 1335 1346 1345
3 1335 1336 1346
3 1336 1347 1346
3 1336 1337 1347
3 1337 1348 1347
3 1337 1338 1348
3 1338 1349 1348
3 1338 1339 1349
3 1339 1350 1349
3 1339 1340 1350
3 1340 1351 1350
3 1340 1341 1351
3 1341 1352 1351
3 1341 1342 1352
3 441 1353 458
3 441 1343 1353
3 1343 1354 1353
3 1343 1344 1354
3 1344 1355 1354
3 1344 1345 1355
3 1345 1356 1355
3 1345 1346 1356
3 1346 1357 1356
3 1346 1347 1357
3 1347 1358 1357
3 1347 1348 1358
3 1348 1359 1358
3 1348 1349 1359
3 1349 1360 1359
3 1349 1350 1360
3 1350 1361 1360
3 1350 1351 1361
3 1351 1362 1361
3 1351 1352 1362
3 458 1363 475
3 458 1353 1363
3 1353 1364 1363
3 1353 1354 1364
3 1354 1365 1364
3 1354 1355 1365
3 1355 1366 1365
3 1355 1356 1366
3 1356 1367 1366
3 1356 1357 1367
3 1357 1368 1367
3 1357 1358 1368
3 1358 1369 1368
3 1358 1359 1369
3 1359 1370 1369
3 1359 1360 1370
3 1360 1371 1370
3 1360 1361 1371
3 1361 1372 1371
3 1361 1362 1372
3 475 823 492
3 475 1363 823
3 1363 824 823
3 1363 1364 824
3 1364 825 824
3 1364 1365 825
3 1365 826 825
3 1365 1366 826
3 1366 827 826
3 1366 1367 827
3 1367 828 827
3 1367 1368 828
3 1368 829 828
3 1368 1369 829
3 1369 830 829
3 1369 1370 830
3 1370 831 830
3 1370 1371 831
3 1371 832 831
3 1371 1372 832
3 1373 1374 1375
3 1373 1375 1376
3 1376 1375 1377
3 1376 1377 1378
3 1378 1377 1379
3 1378 1379 1380
3 1380 1379 1381
3 1380 1381 1382
3 1382 1381 1383
3 1382 1383 1384
3 1384 1383 1385
3 1384 1385 1386
3 1386 1385 1387
3 1386 1387 1388
3 1388 1387 1389
3 1388 1389 1390
3 1390 1389 1391
3 1390 1391 1392
3 1392 1391 1393
3 1392 1393 1394
3 1394 1393 1395
3 1394 1395 1396
3 1396 1395 1397
3 1396 1397 1398
3 1398 1397 1399
3 1398 1399 1400
3 1400 1399 1401
3 1400 1401 1402
3 1402 1401 1403
3 1402 1403 1404
3 1404 1403 1405
3 1404 1405 1406
3 1374 1407 1408
3 1374 1408 1375
3 1375 1408 1409
3 1375 1409 1377
3 1377 1409 1410
3 1377 1410 1379
3 1379 1410 1411
3 1379 1411 1381
3 1381 1411 1412
3 1381 1412 1383
3 1383 1412 1413
3 1383 1413 1385
3 1385 1413 1414
3 1385 1414 1387
3 1387 1414 1415
3 1387 1415 1389
3 1389 1415 1416
3 1389 1416 1391
3 1391 1416 1417
3 1391 1417 1393
3 1393 1417 1418
3 1393 1418 1395
3 1395 1418 1419
3 1395 1419 1397
3 1397 1419 1420
3 1397 1420 1399
3 1399 1420 1421
3 1399 1421 1401
3 1401 1421 1422
3 1401 1422 1403
3 1403 1422 1423
3 1403 1423 1405
3 1407 1424 1425
3 1407 1425 1408
3 1408 1425 1426
3 1408 1426 1409
3 1409 1426 1427
3 1409 1427 1410
3 1410 1427 1428
3 1410 1428 1411
3 1411 1428 1429
3 1411 1429 1412
3 1412 1429 1430
3 1412 1430 1413
3 1413 1430 1431
3 1413 1431 1414
3 1414 1431 1432
3 1414 1432 1415
3 1415 1432 1433
3 1415 1433 1416
3 1416 1433 1434
3 1416 1434 1417
3 1417 1434 1435
3 1417 1435 1418
3 1418 1435 1436
3 1418 1436 1419
3 1419 1436 1437
3 1419 1437 1420
3 1420 1437 1438
3 1420 1438 1421
3 1421 1438 1439
3 1421 1439 1422
3 1422 1439 1440
3 1422 1440 1423
3 1424 1441 1442
3 1424 1442 1425
3 1425 1442 1443
3 1425 1443 1426
3 1426 1443 1444
3 1426 1444 1427
3 1427 1444 1445
3 1427 1445 1428
3 1428 1445 1446
3 1428 1446 1429
3 1429 1446 1447
3 1429 1447 1430
3 1430 1447 1448
3 1430 1448 1431
3 1431 1448 1449
3 1431 1449 1432
3 1432 1449 1450
3 1432 1450 1433
3 1433 1450 1451
3 1433 1451 1434
3 1434 1451 1452
3 1434 1452 1435
3 1435 1452 1453
3 1435 1453 1436
3 1436 1453 1454
3 1436 1454 1437
3 1437 1454 1455
3 1437 1455 1438
3 1438 1455 1456
3 1438 1456 1439
3 1439 1456 1457
3 1439 1457 1440
3 1441 1458 1459
3 1441 1459 1442
3 1442 1459 1460
3 1442 1460 1443
3 1443 1460 1461
3 1443 1461 1444
3 1444 1461 1462
3 1444 1462 1445
3 1445 1462 1463
3 1445 1463 1446
3 1446 1463 1464
3 1446 1464 1447
3 1447 1464 1465
3 1447 1465 1448
3 1448 1465 1466
3 1448 1466 1449
3 1449 1466 1467
3 1449 1467 1450
3 1450 1467 1468
3 1450 1468 1451
3 1451 1468 1469
3 1451 1469 1452
3 1452 1469 1470
3 1452 1470 1453
3 1453 1470 1471
3 1453 1471 1454
3 1454 1471 1472
3 1454 1472 1455
3 1455 1472 1473
3 1455 1473 1456
3 1456 1473 1474
3 1456 1474 1457
3 1458 1475 1476
3 1458 1476 1459
3 1459 1476 1477
3 1459 1477 1460
3 1460 1477 1478
3 1460 1478 1461
3 1461 1478 1479
3 1461 1479 1462
3 1462 1479 1480
3 1462 1480 1463
3 1463 1480 1481
3 1463 1481 1464
3 1464 1481 1482
3 1464 1482 1465
3 1465 1482 1483
3 1465 1483 1466
3 1466 1483 1484
3 1466 1484 1467
3 1467 1484 1485
3 1467 1485 1468
3 1468 1485 1486
3 1468 1486 1469
3 1469 1486 1487
3 1469 1487 1470
3 1470 1487 1488
3 1470 1488 1471
3 1471 1488 1489
3 1471 1489 1472
3 1472 1489 1490
3 1472 1490 1473
3 1473 1490 1491
3 1473 1491 1474
3 1475 1492 1493
3 1475 1493 1476
3 1476 1493 1494
3 1476 1494 1477
3 1477 1494 1495
3 1477 1495 1478
3 1478 1495 1496
3 1478 1496 1479
3 1479 1496 1497
3 1479 1497 1480
3 1480 1497 1498
3 1480 1498 1481
3 1481 1498 1499
3 1481 1499 1482
3 1482 1499 1500
3 1482 1500 1483
3 1483 1500 1501
3 1483 1501 1484
3 1484 1501 1502
3 1484 1502 1485
3 1485 1502 1503
3 1485 1503 1486
3 1486 1503 1504
3 1486 1504 1487
3 1487 1504 1505
3 1487 1505 1488
3 1488 1505 1506
3 1488 1506 1489
3 1489 1506 1507
3 1489 1507 1490
3 1490 1507 1508
3 1490 1508 1491
3 1492 1509 1510
3 1492 1510 1493
3 1493 1510 1511
3 1493 1511 1494
3 1494 1511 1512
3 1494 1512 1495
3 1495 1512 1513
3 1495 1513 1496
3 1496 1513 1514
3 1496 1514 1497
3 1497 1514 1515
3 1497 1515 1498
3 1498 1515 1516
3 1498 1516 1499
3 1499 1516 1517
3 1499 1517 1500
3 1500 1517 1518
3 1500 1518 1501
3 1501 1518 1519
3 1501 1519 1502
3 1502 1519 1520
3 1502 1520 1503
3 1503 1520 1521
3 1503 1521 1504
3 1504 1521 1522
3 1504 1522 1505
3 1505 1522 1523
3 1505 1523 1506
3 1506 1523 1524
3 1506 1524 1507
3 1507 1524 1525
3 1507 1525 1508
3 1509 1526 1527
3 1509 1527 1510
3 1510 1527 1528
3 1510 1528 1511
3 1511 1528 1529
3 1511 1529 1512
3 1512 1529 1530
3 1512 1530 1513
3 1513 1530 1531
3 1513 1531 1514
3 1514 1531 1532
3 1514 1532 1515
3 1515 1532 1533
3 1515 1533 1516
3 1516 1533 1534
3 1516 1534 1517
3 1517 1534 1535
3 1517 1535 1518
3 1518 1535 1536
3 1518 1536 1519
3 1519 1536 1537
3 1519 1537 1520
3 1520 1537 1538
3 1520 1538 1521
3 1521 1538 1539
3 1521 1539 1522
3 1522 1539 1540
3 1522 1540 1523
3 1523 1540 1541
3 1523 1541 1524
3 1524 1541 1542
3 1524 1542 1525
3 1526 1543 1544
3 1526 1544 1527
3 1527 1544 1545
3 1527 1545 1528
3 1528 1545 1546
3 1528 1546 1529
3 1529 1546 1547
3 1529 1547 1530
3 1530 1547 1548
3 1530 1548 1531
3 1531 1548 1549
3 1531 1549 1532
3 1532 1549 1550
3 1532 1550 1533
3 1533 1550 1551
3 1533 1551 1534
3 1534 1551 1552
3 1534 1552 1535
3 1535 1552 1553
3 1535 1553 1536
3 1536 1553 1554
3 1536 1554 1537
3 1537 1554 1555
3 1537 1555 1538
3 1538 1555 1556
3 1538 1556 1539
3 1539 1556 1557
3 1539 1557 1540
3 1540 1557 1558
3 1540 1558 1541
3 1541 1558 1559
3 1541 1559 1542
3 1543 1560 1561
3 1543 1561 1544
3 1544 1561 1562
3 1544 1562 1545
3 1545 1562 1563
3 1545 1563 1546
3 1546 1563 1564
3 1546 1564 1547
3 1547 1564 1565
3 1547 1565 1548
3 1548 1565 1566
3 1548 1566 1549
3 1549 1566 1567
3 1549 1567 1550
3 1550 1567 1568
3 1550 1568 1551
3 1551 1568 1569
3 1551 1569 1552
3 1552 1569 1570
3 1552 1570 1553
3 1553 1570 1571
3 1553 1571 1554
3 1554 1571 1572
3 1554 1572 1555
3 1555 1572 1573
3 1555 1573 1556
3 1556 1573 1574
3 1556 1574 1557
3 1557 1574 1575
3 1557 1575 1558
3 1558 1575 1576
3 1558 1576 1559
3 1560 1577 1578
3 1560 1578 1561
3 1561 1578 1579
3 1561 1579 1562
3 1562 1579 1580
3 1562 1580 1563
3 1563 1580 1581
3 1563 1581 1564
3 1564 1581 1582
3 1564 1582 1565
3 1565 1582 1583
3 1565 1583 1566
3 1566 1583 1584
3 1566 1584 1567
3 1567 1584 1585
3 1567 1585 1568
3 1568 1585 1586
3 1568 1586 1569
3 1569 1586 1587
3 1569 1587 1570
3 1570 1587 1588
3 1570 1588 1571
3 1571 1588 1589
3 1571 1589 1572
3 1572 1589 1590
3 1572 1590 1573
3 1573 1590 1591
3 1573 1591 1574
3 1574 1591 1592
3 1574 1592 1575
3 1575 1592 1593
3 1575 1593 1576
3 1577 1594 1595
3 1577 1595 1578
3 1578 1595 1596
3 1578 1596 1579
3 1579 1596 1597
3 1579 1597 1580
3 1580 1597 1598
3 1580 1598 1581
3 1581 1598 1599
3 1581 1599 1582
3 1582 1599 1600
3 1582 1600 1583
3 1583 1600 1601
3 1583 1601 1584
3 1584 1601 1602
3 1584 1602 1585
3 1585 1602 1603
3 1585 1603 1586
3 1586 1603 1604
3 1586 1604 1587
3 1587 1604 1605
3 1587 1605 1588
3 1588 1605 1606
3 1588 1606 1589
3 1589 1606 1607
3 1589 1607 1590
3 1590 1607 1608
3 1590 1608 1591
3 1591 1608 1609
3 1591 1609 1592
3 1592 1609 1610
3 1592 1610 1593
3 1594 1611 1612
3 1594 1612 1595
3 1595 1612 1613
3 1595 1613 1596
3 1596 1613 1614
3 1596 1614 1597
3 1597 1614 1615
3 1597 1615 1598
3 1598 1615 1616
3 1598 1616 1599
3 1599 1616 1617
3 1599 1617 1600
3 1600 1617 1618
3 1600 1618 1601
3 1601 1618 1619
3 1601 1619 1602
3 1602 1619 1620
3 1602 1620 1603
3 1603 1620 1621
3 1603 1621 1604
3 1604 1621 1622
3 1604 1622 1605
3 1605 1622 1623
3 1605 1623 1606
3 1606 1623 1624
3 1606 1624 1607
3 1607 1624 1625
3 1607 1625 1608
3 1608 1625 1626
3 1608 1626 1609
3 1609 1626 1627
3 1609 1627 1610
3 1611 1628 1629
3 1611 1629 1612
3 1612 1629 1630
3 1612 1630 1613
3 1613 1630 1631
3 1613 1631 1614
3 1614 1631 1632
3 1614 1632 1615
3 1615 1632 1633
3 1615 1633 1616
3 1616 1633 1634
3 1616 1634 1617
3 1617 1634 1635
3 1617 1635 1618
3 1618 1635 1636
3 1618 1636 1619
3 1619 1636 1637
3 1619 1637 1620
3 1620 1637 1638
3 1620 1638 1621
3 1621 1638 1639
3 1621 1639 1622
3 1622 1639 1640
3 1622 1640 1623
3 1623 1640 1641
3 1623 1641 1624
3 1624 1641 1642
3 1624 1642 1625
3 1625 1642 1643
3 1625 1643 1626
3 1626 1643 1644
3 1626 1644 1627
3 1628 1645 1646
3 1628 1646 1629
3 1629 1646 1647
3 1629 1647 1630
3 1630 1647 1648
3 1630 1648 1631
3 1631 1648 1649
3 1631 1649 1632
3 1632 1649 1650
3 1632 1650 1633
3 1633 1650 1651
3 1633 1651 1634
3 1634 1651 1652
3 1634 1652 1635
3 1635 1652 1653
3 1635 1653 1636
3 1636 1653 1654
3 1636 1654 1637
3 1637 1654 1655
3 1637 1655 1638
3 1638 1655 1656
3 1638 1656 1639
3 1639 1656 1657
3 1639 1657 1640
3 1640 1657 1658
3 1640 1658 1641
3 1641 1658 1659
3 1641 1659 1642
3 1642 1659 1660
3 1642 1660 1643
3 1643 1660 1661
3 1643 1661 1644
3 1645 1662 1663
3 1645 1663 1646
3 1646 1663 1664
3 1646 1664 1647
3 1647 1664 1665
3 1647 1665 1648
3 1648 1665 1666
3 1648 1666 1649
3 1649 1666 1667
3 1649 1667 1650
3 1650 1667 1668
3 1650 1668 1651
3 1651 1668 1669
3 1651 1669 1652
3 1652 1669 1670
3 1652 1670 1653
3 1653 1670 1671
3 1653 1671 1654
3 1654 1671 1672
3 1654 1672 1655
3 1655 1672 1673
3 1655 1673 1656
3 1656 1673 1674
3 1656 1674 1657
3 1657 1674 1675
3 1657 1675 1658
3 1658 1675 1676
3 1658 1676 1659
3 1659 1676 1677
3 1659 1677 1660
3 1660 1677 1678
3 1660 1678 1661
3 1662 1679 1680
3 1662 1680 1663
3 1663 1680 1681
3 1663 1681 1664
3 1664 1681 1682
3 1664 1682 1665
3 1665 1682 1683
3 1665 1683 1666
3 1666 1683 1684
3 1666 1684 1667
3 1667 1684 1685
3 1667 1685 1668
3 1668 1685 1686
3 1668 1686 1669
3 1669 1686 1687
3 1669 1687 1670
3 1670 1687 1688
3 1670 1688 1671
3 1671 1688 1689
3 1671 1689 1672
3 1672 1689 1690
3 1672 1690 1673
3 1673 1690 1691
3 1673 1691 1674
3 1674 1691 1692
3 1674 1692 1675
3 1675 1692 1693
3 1675 1693 1676
3 1676 1693 1694
3 1676 1694 1677
3 1677 1694 1695
3 1677 1695 1678
3 1679 1696 1697
3 1679 1697 1680
3 1680 1697 1698
3 1680 1698 1681
3 1681 1698 1699
3 1681 1699 1682
3 1682 1699 1700
3 1682 1700 1683
3 1683 1700 1701
3 1683 1701 1684
3 1684 1701 1702
3 1684 1702 1685
3 1685 1702 1703
3 1685 1703 1686
3 1686 1703 1704
3 1686 1704 1687
3 1687 1704 1705
3 1687 1705 1688
3 1688 1705 1706
3 1688 1706 1689
3 1689 1706 1707
3 1689 1707 1690
3 1690 1707 1708
3 1690 1708 1691
3 1691 1708 1709
3 1691 1709 1692
3 1692 1709 1710
3 1692 1710 1693
3 1693 1710 1711
3 1693 1711 1694
3 1694 1711 1712
3 1694 1712 1695
3 1696 1713 1714
3 1696 1714 1697
3 1697 1714 1715
3 1697 1715 1698
3 1698 1715 1716
3 1698 1716 1699
3 1699 1716 1717
3 1699 1717 1700
3 1700 1717 1718
3 1700 1718 1701
3 1701 1718 1719
3 1701 1719 1702
3 1702 1719 1720
3 1702 1720 1703
3 1703 1720 1721
3 1703 1721 1704
3 1704 1721 1722
3 1704 1722 1705
3 1705 1722 1723
3 1705 1723 1706
3 1706 1723 1724
3 1706 1724 1707
3 1707 1724 1725
3 1707 1725 1708
3 1708 1725 1726
3 1708 1726 1709
3 1709 1726 1727
3 1709 1727 1710
3 1710 1727 1728
3 1710 1728 1711
3 1711 1728 1729
3 1711 1729 1712
3 1713 1730 1731
3 1713 1731 1714
3 1714 1731 1732
3 1714 1732 1715
3 1715 1732 1733
3 1715 1733 1716
3 1716 1733 1734
3 1716 1734 1717
3 1717 1734 1735
3 1717 1735 1718
3 1718 1735 1736
3 1718 1736 1719
3 1719 1736 1737
3 1719 1737 1720
3 1720 1737 1738
3 1720 1738 1721
3 1721 1738 1739
3 1721 1739 1722
3 1722 1739 1740
3 1722 1740 1723
3 1723 1740 1741
3 1723 1741 1724
3 1724 1741 1742
3 1724 1742 1725
3 1725 1742 1743
3 1725 1743 1726
3 1726 1743 1744
3 1726 1744 1727
3 1727 1744 1745
3 1727 1745 1728
3 1728 1745 1746
3 1728 1746 1729
3 1730 1747 1748
3 1730 1748 1731
3 1731 1748 1749
3 1731 1749 1732
3 1732 1749 1750
3 1732 1750 1733
3 1733 1750 1751
3 1733 1751 1734
3 1734 1751 1752
3 1734 1752 1735
3 1735 1752 1753
3 1735 1753 1736
3 1736 1753 1754
3 1736 1754 1737
3 1737 1754 1755
3 1737 1755 1738
3 1738 1755 1756
3 1738 1756 1739
3 1739 1756 1757
3 1739 1757 1740
3 1740 1757 1758
3 1740 1758 1741
3 1741 1758 1759
3 1741 1759 1742
3 1742 1759 1760
3 1742 1760 1743
3 1743 1760 1761
3 1743 1761 1744
3 1744 1761 1762
3 1744 1762 1745
3 1745 1762 1763
3 1745 1763 1746
3 1747 1764 1765
3 1747 1765 1748
3 1748 1765 1766
3 1748 1766 1749
3 1749 1766 1767
3 1749 1767 1750
3 1750 1767 1768
3 1750 1768 1751
3 1751 1768 1769
3 1751 1769 1752
3 1752 1769 1770
3 1752 1770 1753
3 1753 1770 1771
3 1753 1771 1754
3 1754 1771 1772
3 1754 1772 1755
3 1755 1772 1773
3 1755 1773 1756
3 1756 1773 1774
3 1756 1774 1757
3 1757 1774 1775
3 1757 1775 1758
3 1758 1775 1776
3 1758 1776 1759
3 1759 1776 1777
3 1759 1777 1760
3 1760 1777 1778
3 1760 1778 1761
3 1761 1778 1779
3 1761 1779 1762
3 1762 1779 1780
3 1762 1780 1763
3 1764 1781 1782
3 1764 1782 1765
3 1765 1782 1783
3 1765 1783 1766
3 1766 1783 1784
3 1766 1784 1767
3 1767 1784 1785
3 1767 1785 1768
3 1768 1785 1786
3 1768 1786 1769
3 1769 1786 1787
3 1769 1787 1770
3 1770 1787 1788
3 1770 1788 1771
3 1771 1788 1789
3 1771 1789 1772
3 1772 1789 1790
3 1772 1790 1773
3 1773 1790 1791
3 1773 1791 1774
3 1774 1791 1792
3 1774 1792 1775
3 1775 1792 1793
3 1775 1793 1776
3 1776 1793 1794
3 1776 1794 1777
3 1777 1794 1795
3 1777 1795 1778
3 1778 1795 1796
3 1778 1796 1779
3 1779 1796 1797
3 1779 1797 1780
3 1781 1798 1799
3 1781 1799 1782
3 1782 1799 1800
3 1782 1800 1783
3 1783 1800 1801
3 1783 1801 1784
3 1784 1801 1802
3 1784 1802 1785
3 1785 1802 1803
3 1785 1803 1786
3 1786 1803 1804
3 1786 1804 1787
3 1787 1804 1805
3 1787 1805 1788
3 1788 1805 1806
3 1788 1806 1789
3 1789 1806 1807
3 1789 1807 1790
3 1790 1807 1808
3 1790 1808 1791
3 1791 1808 1809
3 1791 1809 1792
3 1792 1809 1810
3 1792 1810 1793
3 1793 1810 1811
3 1793 1811 1794
3 1794 1811 1812
3 1794 1812 1795
3 1795 1812 1813
3 1795 1813 1796
3 1796 1813 1814
3 1796 1814 1797
3 1798 1815 1816
3 1798 1816 1799
3 1799 1816 1817
3 1799 1817 1800
3 1800 1817 1818
3 1800 1818 1801
3 1801 1818 1819
3 1801 1819 1802
3 1802 1819 1820
3 1802 1820 1803
3 1803 1820 1821
3 1803 1821 1804
3 1804 1821 1822
3 1804 1822 1805
3 1805 1822 1823
3 1805 1823 1806
3 1806 1823 1824
3 1806 1824 1807
3 1807 1824 1825
3 1807 1825 1808
3 1808 1825 1826
3 1808 1826 1809
3 1809 1826 1827
3 1809 1827 1810
3 1810 1827 1828
3 1810 1828 1811
3 1811 1828 1829
3 1811 1829 1812
3 1812 1829 1830
3 1812 1830 1813
3 1813 1830 1831
3 1813 1831 1814
3 1815 1832 1833
3 1815 1833 1816
3 1816 1833 1834
3 1816 1834 1817
3 1817 1834 1835
3 1817 1835 1818
3 1818 1835 1836
3 1818 1836 1819
3 1819 1836 1837
3 1819 1837 1820
3 1820 1837 1838
3 1820 1838 1821
3 1821 1838 1839
3 1821 1839 1822
3 1822 1839 1840
3 1822 1840 1823
3 1823 1840 1841
3 1823 1841 1824
3 1824 1841 1842
3 1824 1842 1825
3 1825 1842 1843
3 1825 1843 1826
3 1826 1843 1844
3 1826 1844 1827
3 1827 1844 1845
3 1827 1845 1828
3 1828 1845 1846
3 1828 1846 1829
3 1829 1846 1847
3 1829 1847 1830
3 1830 1847 1848
3 1830 1848 1831
3 1832 1849 1850
3 1832 1850 1833
3 1833 1850 1851
3 1833 1851 1834
3 1834 1851 1852
3 1834 1852 1835
3 1835 1852 1853
3 1835 1853 1836
3 1836 1853 1854
3 1836 1854 1837
3 1837 1854 1855
3 1837 1855 1838
3 1838 1855 1856
3 1838 1856 1839
3 1839 1856 1857
3 1839 1857 1840
3 1840 1857 1858
3 1840 1858 1841
3 1841 1858 1859
3 1841 1859 1842
3 1842 1859 1860
3 1842 1860 1843
3 1843 1860 1861
3 1843 1861 1844
3 1844 1861 1862
3 1844 1862 1845
3 1845 1862 1863
3 1845 1863 1846
3 1846 1863 1864
3 1846 1864 1847
3 1847 1864 1865
3 1847 1865 1848
3 1866 1868 1867
3 1866 1869 1868
3 1869 1870 1868
3 1869 1871 1870
3 1871 1872 1870
3 1871 1873 1872
3 1873 1874 1872
3 1873 1875 1874
3 1875 1876 1874
3 1875 1877 1876
3 1877 1878 1876
3 1877 1879 1878
3 1879 1880 1878
3 1879 1881 1880
3 1881 1882 1880
3 1881 1883 1882
3 1883 1884 1882
3 1883 1885 1884
3 1885 1376 1884
3 1885 1373 1376
3 1867 1887 1886
3 1867 1868 1887
3 1868 1888 1887
3 1868 1870 1888
3 1870 1889 1888
3 1870 1872 1889
3 1872 1890 1889
3 1872 1874 1890
3 1874 1891 1890
3 1874 1876 1891
3 1876 1892 1891
3 1876 1878 1892
3 1878 1893 1892
3 1878 1880 1893
3 1880 1894 1893
3 1880 1882 1894
3 1882 1895 1894
3 1882 1884 1895
3 1884 1378 1895
3 1884 1376 1378
3 1886 1897 1896
3 1886 1887 1897
3 1887 1898 1897
3 1887 1888 1898
3 1888 1899 1898
3 1888 1889 1899
3 1889 1900 1899
3 1889 1890 1900
3 1890 1901 1900
3 1890 1891 1901
3 1891 1902 1901
3 1891 1892 1902
3 1892 1903 1902
3 1892 1893 1903
3 1893 1904 1903
3 1893 1894 1904
3 1894 1905 1904
3 1894 1895 1905
3 1895 1380 1905
3 1895 1378 1380
3 1896 1907 1906
3 1896 1897 1907
3 1897 1908 1907
3 1897 1898 1908
3 1898 1909 1908
3 1898 1899 1909
3 1899 1910 1909
3 1899 1900 1910
3 1900 1911 1910
3 1900 1901 1911
3 1901 1912 1911
3 1901 1902 1912
3 1902 1913 1912
3 1902 1903 1913
3 1903 1914 1913
3 1903 1904 1914
3 1904 1915 1914
3 1904 1905 1915
3 1905 1382 1915
3 1905 1380 1382
3 1906 1917 1916
3 1906 1907 1917
3 1907 1918 1917
3 1907 1908 1918
3 1908 1919 1918
3 1908 1909 1919
3 1909 1920 1919
3 1909 1910 1920
3 1910 1921 1920
3 1910 1911 1921
3 1911 1922 1921
3 1911 1912 1922
3 1912 1923 1922
3 1912 1913 1923
3 1913 1924 1923
3 1913 1914 1924
3 1914 1925 1924
3 1914 1915 1925
3 1915 1384 1925
3 1915 1382 1384
3 1916 1927 1926
3 1916 1917 1927
3 1917 1928 1927
3 1917 1918 1928
3 1918 1929 1928
3 1918 1919 1929
3 1919 1930 1929
3 1919 1920 1930
3 1920 1931 1930
3 1920 1921 1931
3 1921 1932 1931
3 1921 1922 1932
3 1922 1933 1932
3 1922 1923 1933
3 1923 1934 1933
3 1923 1924 1934
3 1924 1935 1934
3 1924 1925 1935
3 1925 1386 1935
3 1925 1384 1386
3 1926 1937 1936
3 1926 1927 1937
3 1927 1938 1937
3 1927 1928 1938
3 1928 1939 1938
3 1928 1929 1939
3 1929 1940 1939
3 1929 1930 1940
3 1930 1941 1940
3 1930 1931 1941
3 1931 1942 1941
3 1931 1932 1942
3 1932 1943 1942
3 1932 1933 1943
3 1933 1944 1943
3 1933 1934 1944
3 1934 1945 1944
3 1934 1935 1945
3 1935 1388 1945
3 1935 1386 1388
3 1936 1947 1946
3 1936 1937 1947
3 1937 1948 1947
3 1937 1938 1948
3 1938 1949 1948
3 1938 1939 1949
3 1939 1950 1949
3 1939 1940 1950
3 1940 1951 1950
3 1940 1941 1951
3 1941 1952 1951
3 1941 1942 1952
3 1942 1953 1952
3 1942 1943 1953
3 1943 1954 1953
3 1943 1944 1954
3 1944 1955 1954
3 1944 1945 1955
3 1945 1390 1955
3 1945 1388 1390
3 1946 1957 1956
3 1946 1947 1957
3 1947 1958 1957
3 1947 1948 1958
3 1948 1959 1958
3 1948 1949 1959
3 1949 1960 1959
3 1949 1950 1960
3 1950 1961 1960
3 1950 1951 1961
3 1951 1962 1961
3 1951 1952 1962
3 1952 1963 1962
3 1952 1953 1963
3 1953 1964 1963
3 1953 1954 1964
3 1954 1965 1964
3 1954 1955 1965
3 1955 1392 1965
3 1955 1390 1392
3 1956 1967 1966
3 1956 1957 1967
3 1957 1968 1967
3 1957 1958 1968
3 1958 1969 1968
3 1958 1959 1969
3 1959 1970 1969
3 1959 1960 1970
3 1960 1971 1970
3 1960 1961 1971
3 1961 1972 1971
3 1961 1962 1972
3 1962 1973 1972
3 1962 1963 1973
3 1963 1974 1973
3 1963 1964 1974
3 1964 1975 1974
3 1964 1965 1975
3 1965 1394 1975
3 1965 1392 1394
3 1966 1977 1976
3 1966 1967 1977
3 1967 1978 1977
3 1967 1968 1978
3 1968 1979 1978
3 1968 1969 1979
3 1969 1980 1979
3 1969 1970 1980
3 1970 1981 1980
3 1970 1971 1981
3 1971 1982 1981
3 1971 1972 1982
3 1972 1983 1982
3 1972 1973 1983
3 1973 1984 1983
3 1973 1974 1984
3 1974 1985 1984
3 1974 1975 1985
3 1975 1396 1985
3 1975 1394 1396
3 1976 1987 1986
3 1976 1977 1987
3 1977 1988 1987
3 1977 1978 1988
3 1978 1989 1988
3 1978 1979 1989
3 1979 1990 1989
3 1979 1980 1990
3 1980 1991 1990
3 1980 1981 1991
3 1981 1992 1991
3 1981 1982 1992
3 1982 1993 1992
3 1982 1983 1993
3 1983 1994 1993
3 1983 1984 1994
3 1984 1995 1994
3 1984 1985 1995
3 1985 1398 1995
3 1985 1396 1398
3 1986 1997 1996
3 1986 1987 1997
3 1987 1998 1997
3 1987 1988 1998
3 1988 1999 1998
3 1988 1989 1999
3 1989 2000 1999
3 1989 1990 2000
3 1990 2001 2000
3 1990 1991 2001
3 1991 2002 2001
3 1991 1992 2002
3 1992 2003 2002
3 1992 1993 2003
3 1993 2004 2003
3 1993 1994 2004
3 1994 2005 2004
3 1994 1995 2005
3 1995 1400 2005
3 1995 1398 1400
3 1996 2007 2006
3 1996 1997 2007
3 1997 2008 2007
3 1997 1998 2008
3 1998 2009 2008
3 1998 1999 2009
3 1999 2010 2009
3 1999 2000 2010
3 2000 2011 2010
3 2000 2001 2011
3 2001 2012 2011
3 2001 2002 2012
3 2002 2013 2012
3 2002 2003 2013
3 2003 2014 2013
3 2003 2004 2014
3 2004 2015 2014
3 2004 2005 2015
3 2005 1402 2015
3 2005 1400 1402
3 2006 2017 2016
3 2006 2007 2017
3 2007 2018 2017
3 2007 2008 2018
3 2008 2019 2018
3 2008 2009 2019
3 2009 2020 2019
3 2009 2010 2020
3 2010 2021 2020
3 2010 2011 2021
3 2011 2022 2021
3 2011 2012 2022
3 2012 2023 2022
3 2012 2013 2023
3 2013 2024 2023
3 2013 2014 2024
3 2014 2025 2024
3 2014 2015 2025
3 2015 1404 2025
3 2015 1402 1404
3 2016 2027 2026
3 2016 2017 2027
3 2017 2028 2027
3 2017 2018 2028
3 2018 2029 2028
3 2018 2019 2029
3 2019 2030 2029
3 2019 2020 2030
3 2020 2031 2030
3 2020 2021 2031
3 2021 2032 2031
3 2021 2022 2032
3 2022 2033 2032
3 2022 2023 2033
3 2023 2034 2033
3 2023 2024 2034
3 2024 2035 2034
3 2024 2025 2035
3 2025 1406 2035
3 2025 1404 1406
3 2036 2037 2038
3 2036 2038 2039
3 2039 2038 2040
3 2039 2040 2041
3 2041 2040 2042
3 2041 2042 2043
3 2043 2042 2044
3 2043 2044 2045
3 2045 2044 2046
3 2045 2046 2047
3 2047 2046 2048
3 2047 2048 2049
3 2049 2048 2050
3 2049 2050 2051
3 2051 2050 2052
3 2051 2052 2053
3 2053 2052 2054
3 2053 2054 2055
3 2055 2054 1850
3 2055 1850 1849
3 2037 2056 2057
3 2037 2057 2038
3 2038 2057 2058
3 2038 2058 2040
3 2040 2058 2059
3 2040 2059 2042
3 2042 2059 2060
3 2042 2060 2044
3 2044 2060 2061
3 2044 2061 2046
3 2046 2061 2062
3 2046 2062 2048
3 2048 2062 2063
3 2048 2063 2050
3 2050 2063 2064
3 2050 2064 2052
3 2052 2064 2065
3 2052 2065 2054
3 2054 2065 1851
3 2054 1851 1850
3 2056 2066 2067
3 2056 2067 2057
3 2057 2067 2068
3 2057 2068 2058
3 2058 2068 2069
3 2058 2069 2059
3 2059 2069 2070
3 2059 2070 2060
3 2060 2070 2071
3 2060 2071 2061
3 2061 2071 2072
3 2061 2072 2062
3 2062 2072 2073
3 2062 2073 2063
3 2063 2073 2074
3 2063 2074 2064
3 2064 2074 2075
3 2064 2075 2065
3 2065 2075 1852
3 2065 1852 1851
3 2066 2076 2077
3 2066 2077 2067
3 2067 2077 2078
3 2067 2078 2068
3 2068 2078 2079
3 2068 2079 2069
3 2069 2079 2080
3 2069 2080 2070
3 2070 2080 2081
3 2070 2081 2071
3 2071 2081 2082
3 2071 2082 2072
3 2072 2082 2083
3 2072 2083 2073
3 2073 2083 2084
3 2073 2084 2074
3 2074 2084 2085
3 2074 2085 2075
3 2075 2085 1853
3 2075 1853 1852
3 2076 2086 2087
3 2076 2087 2077
3 2077 2087 2088
3 2077 2088 2078
3 2078 2088 2089
3 2078 2089 2079
3 2079 2089 2090
3 2079 2090 2080
3 2080 2090 2091
3 2080 2091 2081
3 2081 2091 2092
3 2081 2092 2082
3 2082 2092 2093
3 2082 2093 2083
3 2083 2093 2094
3 2083 2094 2084
3 2084 2094 2095
3 2084 2095 2085
3 2085 2095 1854
3 2085 1854 1853
3 2086 2096 2097
3 2086 2097 2087
3 2087 2097 2098
3 2087 2098 2088
3 2088 2098 2099
3 2088 2099 2089
3 2089 2099 2100
3 2089 2100 2090
3 2090 2100 2101
3 2090 2101 2091
3 2091 2101 2102
3 2091 2102 2092
3 2092 2102 2103
3 2092 2103 2093
3 2093 2103 2104
3 2093 2104 2094
3 2094 2104 2105
3 2094 2105 2095
3 2095 2105 1855
3 2095 1855 1854
3 2096 2106 2107
3 2096 2107 2097
3 2097 2107 2108
3 2097 2108 2098
3 2098 2108 2109
3 2098 2109 2099
3 2099 2109 2110
3 2099 2110 2100
3 2100 2110 2111
3 2100 2111 2101
3 2101 2111 2112
3 2101 2112 2102
3 2102 2112 2113
3 2102 2113 2103
3 2103 2113 2114
3 2103 2114 2104
3 2104 2114 2115
3 2104 2115 2105
3 2105 2115 1856
3 2105 1856 1855
3 2106 2116 2117
3 2106 2117 2107
3 2107 2117 2118
3 2107 2118 2108
3 2108 2118 2119
3 2108 2119 2109
3 2109 2119 2120
3 2109 2120 2110
3 2110 2120 2121
3 2110 2121 2111
3 2111 2121 2122
3 2111 2122 2112
3 2112 2122 2123
3 2112 2123 2113
3 2113 2123 2124
3 2113 2124 2114
3 2114 2124 2125
3 2114 2125 2115
3 2115 2125 1857
3 2115 1857 1856
3 2116 2126 2127
3 2116 2127 2117
3 2117 2127 2128
3 2117 2128 2118
3 2118 2128 2129
3 2118 2129 2119
3 2119 2129 2130
3 2119 2130 2120
3 2120 2130 2131
3 2120 2131 2121
3 2121 2131 2132
3 2121 2132 2122
3 2122 2132 2133
3 2122 2133 2123
3 2123 2133 2134
3 2123 2134 2124
3 2124 2134 2135
3 2124 2135 2125
3 2125 2135 1858
3 2125 1858 1857
3 2126 2136 2137
3 2126 2137 2127
3 2127 2137 2138
3 2127 2138 2128
3 2128 2138 2139
3 2128 2139 2129
3 2129 2139 2140
3 2129 2140 2130
3 2130 2140 2141
3 2130 2141 2131
3 2131 2141 2142
3 2131 2142 2132
3 2132 2142 2143
3 2132 2143 2133
3 2133 2143 2144
3 2133 2144 2134
3 2134 2144 2145
3 2134 2145 2135
3 2135 2145 1859
3 2135 1859 1858
3 2136 2146 2147
3 2136 2147 2137
3 2137 2147 2148
3 2137 2148 2138
3 2138 2148 2149
3 2138 2149 2139
3 2139 2149 2150
3 2139 2150 2140
3 2140 2150 2151
3 2140 2151 2141
3 2141 2151 2152
3 2141 2152 2142
3 2142 2152 2153
3 2142 2153 2143
3 2143 2153 2154
3 2143 2154 2144
3 2144 2154 2155
3 2144 2155 2145
3 2145 2155 1860
3 2145 1860 1859
3 2146 2156 2157
3 2146 2157 2147
3 2147 2157 2158
3 2147 2158 2148
3 2148 2158 2159
3 2148 2159 2149
3 2149 2159 2160
3 2149 2160 2150
3 2150 2160 2161
3 2150 2161 2151
3 2151 2161 2162
3 2151 2162 2152
3 2152 2162 2163
3 2152 2163 2153
3 2153 2163 2164
3 2153 2164 2154
3 2154 2164 2165
3 2154 2165 2155
3 2155 2165 1861
3 2155 1861 1860
3 2156 2166 2167
3 2156 2167 2157
3 2157 2167 2168
3 2157 2168 2158
3 2158 2168 2169
3 2158 2169 2159
3 2159 2169 2170
3 2159 2170 2160
3 2160 2170 2171
3 2160 2171 2161
3 2161 2171 2172
3 2161 2172 2162
3 2162 2172 2173
3 2162 2173 2163
3 2163 2173 2174
3 2163 2174 2164
3 2164 2174 2175
3 2164 2175 2165
3 2165 2175 1862
3 2165 1862 1861
3 2166 2176 2177
3 2166 2177 2167
3 2167 2177 2178
3 2167 2178 2168
3 2168 2178 2179
3 2168 2179 2169
3 2169 2179 2180
3 2169 2180 2170
3 2170 2180 2181
3 2170 2181 2171
3 2171 2181 2182
3 2171 2182 2172
3 2172 2182 2183
3 2172 2183 2173
3 2173 2183 2184
3 2173 2184 2174
3 2174 2184 2185
3 2174 2185 2175
3 2175 2185 1863
3 2175 1863 1862
3 2176 2186 2187
3 2176 2187 2177
3 2177 2187 2188
3 2177 2188 2178
3 2178 2188 2189
3 2178 2189 2179
3 2179 2189 2190
3 2179 2190 2180
3 2180 2190 2191
3 2180 2191 2181
3 2181 2191 2192
3 2181 2192 2182
3 2182 2192 2193
3 2182 2193 2183
3 2183 2193 2194
3 2183 2194 2184
3 2184 2194 2195
3 2184 2195 2185
3 2185 2195 1864
3 2185 1864 1863
3 2186 2196 2197
3 2186 2197 2187
3 2187 2197 2198
3 2187 2198 2188
3 2188 2198 2199
3 2188 2199 2189
3 2189 2199 2200
3 2189 2200 2190
3 2190 2200 2201
3 2190 2201 2191
3 2191 2201 2202
3 2191 2202 2192
3 2192 2202 2203
3 2192 2203 2193
3 2193 2203 2204
3 2193 2204 2194
3 2194 2204 2205
3 2194 2205 2195
3 2195 2205 1865
3 2195 1865 1864
3 1866 2206 2207
3 1866 2207 1869
3 1869 2207 2208
3 1869 2208 1871
3 1871 2208 2209
3 1871 2209 1873
3 1873 2209 2210
3 1873 2210 1875
3 1875 2210 2211
3 1875 2211 1877
3 1877 2211 2212
3 1877 2212 1879
3 1879 2212 2213
3 1879 2213 1881
3 1881 2213 2214
3 1881 2214 1883
3 1883 2214 2215
3 1883 2215 1885
3 1885 2215 1374
3 1885 1374 1373
3 2206 2216 2217
3 2206 2217 2207
3 2207 2217 2218
3 2207 2218 2208
3 2208 2218 2219
3 2208 2219 2209
3 2209 2219 2220
3 2209 2220 2210
3 2210 2220 2221
3 2210 2221 2211
3 2211 2221 2222
3 2211 2222 2212
3 2212 2222 2223
3 2212 2223 2213
3 2213 2223 2224
3 2213 2224 2214
3 2214 2224 2225
3 2214 2225 2215
3 2215 2225 1407
3 2215 1407 1374
3 2216 2226 2227
3 2216 2227 2217
3 2217 2227 2228
3 2217 2228 2218
3 2218 2228 2229
3 2218 2229 2219
3 2219 2229 2230
3 2219 2230 2220
3 2220 2230 2231
3 2220 2231 2221
3 2221 2231 2232
3 2221 2232 2222
3 2222 2232 2233
3 2222 2233 2223
3 2223 2233 2234
3 2223 2234 2224
3 2224 2234 2235
3 2224 2235 2225
3 2225 2235 1424
3 2225 1424 1407
3 2226 2236 2237
3 2226 2237 2227
3 2227 2237 2238
3 2227 2238 2228
3 2228 2238 2239
3 2228 2239 2229
3 2229 2239 2240
3 2229 2240 2230
3 2230 2240 2241
3 2230 2241 2231
3 2231 2241 2242
3 2231 2242 2232
3 2232 2242 2243
3 2232 2243 2233
3 2233 2243 2244
3 2233 2244 2234
3 2234 2244 2245
3 2234 2245 2235
3 2235 2245 1441
3 2235 1441 1424
3 2236 2246 2247
3 2236 2247 2237
3 2237 2247 2248
3 2237 2248 2238
3 2238 2248 2249
3 2238 2249 2239
3 2239 2249 2250
3 2239 2250 2240
3 2240 2250 2251
3 2240 2251 2241
3 2241 2251 2252
3 2241 2252 2242
3 2242 2252 2253
3 2242 2253 2243
3 2243 2253 2254
3 2243 2254 2244
3 2244 2254 2255
3 2244 2255 2245
3 2245 2255 1458
3 2245 1458 1441
3 2246 2256 2257
3 2246 2257 2247
3 2247 2257 2258
3 2247 2258 2248
3 2248 2258 2259
3 2248 2259 2249
3 2249 2259 2260
3 2249 2260 2250
3 2250 2260 2261
3 2250 2261 2251
3 2251 2261 2262
3 2251 2262 2252
3 2252 2262 2263
3 2252 2263 2253
3 2253 2263 2264
3 2253 2264 2254
3 2254 2264 2265
3 2254 2265 2255
3 2255 2265 1475
3 2255 1475 1458
3 2256 2266 2267
3 2256 2267 2257
3 2257 2267 2268
3 2257 2268 2258
3 2258 2268 2269
3 2258 2269 2259
3 2259 2269 2270
3 2259 2270 2260
3 2260 2270 2271
3 2260 2271 2261
3 2261 2271 2272
3 2261 2272 2262
3 2262 2272 2273
3 2262 2273 2263
3 2263 2273 2274
3 2263 2274 2264
3 2264 2274 2275
3 2264 2275 2265
3 2265 2275 1492
3 2265 1492 1475
3 2266 2276 2277
3 2266 2277 2267
3 2267 2277 2278
3 2267 2278 2268
3 2268 2278 2279
3 2268 2279 2269
3 2269 2279 2280
3 2269 2280 2270
3 2270 2280 2281
3 2270 2281 2271
3 2271 2281 2282
3 2271 2282 2272
3 2272 2282 2283
3 2272 2283 2273
3 2273 2283 2284
3 2273 2284 2274
3 2274 2284 2285
3 2274 2285 2275
3 2275 2285 1509
3 2275 1509 1492
3 2276 2286 2287
3 2276 2287 2277
3 2277 2287 2288
3 2277 2288 2278
3 2278 2288 2289
3 2278 2289 2279
3 2279 2289 2290
3 2279 2290 2280
3 2280 2290 2291
3 2280 2291 2281
3 2281 2291 2292
3 2281 2292 2282
3 2282 2292 2293
3 2282 2293 2283
3 2283 2293 2294
3 2283 2294 2284
3 2284 2294 2295
3 2284 2295 2285
3 2285 2295 1526
3 2285 1526 1509
3 2286 2296 2297
3 2286 2297 2287
3 2287 2297 2298
3 2287 2298 2288
3 2288 2298 2299
3 2288 2299 2289
3 2289 2299 2300
3 2289 2300 2290
3 2290 2300 2301
3 2290 2301 2291
3 2291 2301 2302
3 2291 2302 2292
3 2292 2302 2303
3 2292 2303 2293
3 2293 2303 2304
3 2293 2304 2294
3 2294 2304 2305
3 2294 2305 2295
3 2295 2305 1543
3 2295 1543 1526
3 2296 2306 2307
3 2296 2307 2297
3 2297 2307 2308
3 2297 2308 2298
3 2298 2308 2309
3 2298 2309 2299
3 2299 2309 2310
3 2299 2310 2300
3 2300 2310 2311
3 2300 2311 2301
3 2301 2311 2312
3 2301 2312 2302
3 2302 2312 2313
3 2302 2313 2303
3 2303 2313 2314
3 2303 2314 2304
3 2304 2314 2315
3 2304 2315 2305
3 2305 2315 1560
3 2305 1560 1543
3 2306 2316 2317
3 2306 2317 2307
3 2307 2317 2318
3 2307 2318 2308
3 2308 2318 2319
3 2308 2319 2309
3 2309 2319 2320
3 2309 2320 2310
3 2310 2320 2321
3 2310 2321 2311
3 2311 2321 2322
3 2311 2322 2312
3 2312 2322 2323
3 2312 2323 2313
3 2313 2323 2324
3 2313 2324 2314
3 2314 2324 2325
3 2314 2325 2315
3 2315 2325 1577
3 2315 1577 1560
3 2316 2326 2327
3 2316 2327 2317
3 2317 2327 2328
3 2317 2328 2318
3 2318 2328 2329
3 2318 2329 2319
3 2319 2329 2330
3 2319 2330 2320
3 2320 2330 2331
3 2320 2331 2321
3 2321 2331 2332
3 2321 2332 2322
3 2322 2332 2333
3 2322 2333 2323
3 2323 2333 2334
3 2323 2334 2324
3 2324 2334 2335
3 2324 2335 2325
3 2325 2335 1594
3 2325 1594 1577
3 2326 2336 2337
3 2326 2337 2327
3 2327 2337 2338
3 2327 2338 2328
3 2328 2338 2339
3 2328 2339 2329
3 2329 2339 2340
3 2329 2340 2330
3 2330 2340 2341
3 2330 2341 2331
3 2331 2341 2342
3 2331 2342 2332
3 2332 2342 2343
3 2332 2343 2333
3 2333 2343 2344
3 2333 2344 2334
3 2334 2344 2345
3 2334 2345 2335
3 2335 2345 1611
3 2335 1611 1594
3 2336 2346 2347
3 2336 2347 2337
3 2337 2347 2348
3 2337 2348 2338
3 2338 2348 2349
3 2338 2349 2339
3 2339 2349 2350
3 2339 2350 2340
3 2340 2350 2351
3 2340 2351 2341
3 2341 2351 2352
3 2341 2352 2342
3 2342 2352 2353
3 2342 2353 2343
3 2343 2353 2354
3 2343 2354 2344
3 2344 2354 2355
3 2344 2355 2345
3 2345 2355 1628
3 2345 1628 1611
3 2346 2356 2357
3 2346 2357 2347
3 2347 2357 2358
3 2347 2358 2348
3 2348 2358 2359
3 2348 2359 2349
3 2349 2359 2360
3 2349 2360 2350
3 2350 2360 2361
3 2350 2361 2351
3 2351 2361 2362
3 2351 2362 2352
3 2352 2362 2363
3 2352 2363 2353
3 2353 2363 2364
3 2353 2364 2354
3 2354 2364 2365
3 2354 2365 2355
3 2355 2365 1645
3 2355 1645 1628
3 2356 2366 2367
3 2356 2367 2357
3 2357 2367 2368
3 2357 2368 2358
3 2358 2368 2369
3 2358 2369 2359
3 2359 2369 2370
3 2359 2370 2360
3 2360 2370 2371
3 2360 2371 2361
3 2361 2371 2372
3 2361 2372 2362
3 2362 2372 2373
3 2362 2373 2363
3 2363 2373 2374
3 2363 2374 2364
3 2364 2374 2375
3 2364 2375 2365
3 2365 2375 1662
3 2365 1662 1645
3 2366 2376 2377
3 2366 2377 2367
3 2367 2377 2378
3 2367 2378 2368
3 2368 2378 2379
3 2368 2379 2369
3 2369 2379 2380
3 2369 2380 2370
3 2370 2380 2381
3 2370 2381 2371
3 2371 2381 2382
3 2371 2382 2372
3 2372 2382 2383
3 2372 2383 2373
3 2373 2383 2384
3 2373 2384 2374
3 2374 2384 2385
3 2374 2385 2375
3 2375 2385 1679
3 2375 1679 1662
3 2376 2386 2387
3 2376 2387 2377
3 2377 2387 2388
3 2377 2388 2378
3 2378 2388 2389
3 2378 2389 2379
3 2379 2389 2390
3 2379 2390 2380
3 2380 2390 2391
3 2380 2391 2381
3 2381 2391 2392
3 2381 2392 2382
3 2382 2392 2393
3 2382 2393 2383
3 2383 2393 2394
3 2383 2394 2384
3 2384 2394 2395
3 2384 2395 2385
3 2385 2395 1696
3 2385 1696 1679
3 2386 2396 2397
3 2386 2397 2387
3 2387 2397 2398
3 2387 2398 2388
3 2388 2398 2399
3 2388 2399 2389
3 2389 2399 2400
3 2389 2400 2390
3 2390 2400 2401
3 2390 2401 2391
3 2391 2401 2402
3 2391 2402 2392
3 2392 2402 2403
3 2392 2403 2393
3 2393 2403 2404
3 2393 2404 2394
3 2394 2404 2405
3 2394 2405 2395
3 2395 2405 1713
3 2395 1713 1696
3 2396 2406 2407
3 2396 2407 2397
3 2397 2407 2408
3 2397 2408 2398
3 2398 2408 2409
3 2398 2409 2399
3 2399 2409 2410
3 2399 2410 2400
3 2400 2410 2411
3 2400 2411 2401
3 2401 2411 2412
3 2401 2412 2402
3 2402 2412 2413
3 2402 2413 2403
3 2403 2413 2414
3 2403 2414 2404
3 2404 2414 2415
3 2404 2415 2405
3 2405 2415 1730
3 2405 1730 1713
3 2406 2416 2417
3 2406 2417 2407
3 2407 2417 2418
3 2407 2418 2408
3 2408 2418 2419
3 2408 2419 2409
3 2409 2419 2420
3 2409 2420 2410
3 2410 2420 2421
3 2410 2421 2411
3 2411 2421 2422
3 2411 2422 2412
3 2412 2422 2423
3 2412 2423 2413
3 2413 2423 2424
3 2413 2424 2414
3 2414 2424 2425
3 2414 2425 2415
3 2415 2425 1747
3 2415 1747 1730
3 2416 2426 2427
3 2416 2427 2417
3 2417 2427 2428
3 2417 2428 2418
3 2418 2428 2429
3 2418 2429 2419
3 2419 2429 2430
3 2419 2430 2420
3 2420 2430 2431
3 2420 2431 2421
3 2421 2431 2432
3 2421 2432 2422
3 2422 2432 2433
3 2422 2433 2423
3 2423 2433 2434
3 2423 2434 2424
3 2424 2434 2435
3 2424 2435 2425
3 2425 2435 1764
3 2425 1764 1747
3 2426 2436 2437
3 2426 2437 2427
3 2427 2437 2438
3 2427 2438 2428
3 2428 2438 2439
3 2428 2439 2429
3 2429 2439 2440
3 2429 2440 2430
3 2430 2440 2441
3 2430 2441 2431
3 2431 2441 2442
3 2431 2442 2432
3 2432 2442 2443
3 2432 2443 2433
3 2433 2443 2444
3 2433 2444 2434
3 2434 2444 2445
3 2434 2445 2435
3 2435 2445 1781
3 2435 1781 1764
3 2436 2446 2447
3 2436 2447 2437
3 2437 2447 2448
3 2437 2448 2438
3 2438 2448 2449
3 2438 2449 2439
3 2439 2449 2450
3 2439 2450 2440
3 2440 2450 2451
3 2440 2451 2441
3 2441 2451 2452
3 2441 2452 2442
3 2442 2452 2453
3 2442 2453 2443
3 2443 2453 2454
3 2443 2454 2444
3 2444 2454 2455
3 2444 2455 2445
3 2445 2455 1798
3 2445 1798 1781
3 2446 2456 2457
3 2446 2457 2447
3 2447 2457 2458
3 2447 2458 2448
3 2448 2458 2459
3 2448 2459 2449
3 2449 2459 2460
3 2449 2460 2450
3 2450 2460 2461
3 2450 2461 2451
3 2451 2461 2462
3 2451 2462 2452
3 2452 2462 2463
3 2452 2463 2453
3 2453 2463 2464
3 2453 2464 2454
3 2454 2464 2465
3 2454 2465 2455
3 2455 2465 1815
3 2455 1815 1798
3 2456 2466 2467
3 2456 2467 2457
3 2457 2467 2468
3 2457 2468 2458
3 2458 2468 2469
3 2458 2469 2459
3 2459 2469 2470
3 2459 2470 2460
3 2460 2470 2471
3 2460 2471 2461
3 2461 2471 2472
3 2461 2472 2462
3 2462 2472 2473
3 2462 2473 2463
3 2463 2473 2474
3 2463 2474 2464
3 2464 2474 2475
3 2464 2475 2465
3 2465 2475 1832
3 2465 1832 1815
3 2466 2036 2039
3 2466 2039 2467
3 2467 2039 2041
3 2467 2041 2468
3 2468 2041 2043
3 2468 2043 2469
3 2469 2043 2045
3 2469 2045 2470
3 2470 2045 2047
3 2470 2047 2471
3 2471 2047 2049
3 2471 2049 2472
3 2472 2049 2051
3 2472 2051 2473
3 2473 2051 2053
3 2473 2053 2474
3 2474 2053 2055
3 2474 2055 2475
3 2475 2055 1849
3 2475 1849 1832
3 2026 2477 2476
3 2026 2027 2477
3 2027 2478 2477
3 2027 2028 2478
3 2028 2479 2478
3 2028 2029 2479
3 2029 2480 2479
3 2029 2030 2480
3 2030 2481 2480
3 2030 2031 2481
3 2031 2482 2481
3 2031 2032 2482
3 2032 2483 2482
3 2032 2033 2483
3 2033 2484 2483
3 2033 2034 2484
3 2034 2485 2484
3 2034 2035 2485
3 2035 1405 2485
3 2035 1406 1405
3 2476 2487 2486
3 2476 2477 2487
3 2477 2488 2487
3 2477 2478 2488
3 2478 2489 2488
3 2478 2479 2489
3 2479 2490 2489
3 2479 2480 2490
3 2480 2491 2490
3 2480 2481 2491
3 2481 2492 2491
3 2481 2482 2492
3 2482 2493 2492
3 2482 2483 2493
3 2483 2494 2493
3 2483 2484 2494
3 2484 2495 2494
3 2484 2485 2495
3 2485 1423 2495
3 2485 1405 1423
3 2486 2497 2496
3 2486 2487 2497
3 2487 2498 2497
3 2487 2488 2498
3 2488 2499 2498
3 2488 2489 2499
3 2489 2500 2499
3 2489 2490 2500
3 2490 2501 2500
3 2490 2491 2501
3 2491 2502 2501
3 2491 2492 2502
3 2492 2503 2502
3 2492 2493 2503
3 2493 2504 2503
3 2493 2494 2504
3 2494 2505 2504
3 2494 2495 2505
3 2495 1440 2505
3 2495 1423 1440
3 2496 2507 2506
3 2496 2497 2507
3 2497 2508 2507
3 2497 2498 2508
3 2498 2509 2508
3 2498 2499 2509
3 2499 2510 2509
3 2499 2500 2510
3 2500 2511 2510
3 2500 2501 2511
3 2501 2512 2511
3 2501 2502 2512
3 2502 2513 2512
3 2502 2503 2513
3 2503 2514 2513
3 2503 2504 2514
3 2504 2515 2514
3 2504 2505 2515
3 2505 1457 2515
3 2505 1440 1457
3 2506 2517 2516
3 2506 2507 2517
3 2507 2518 2517
3 2507 2508 2518
3 2508 2519 2518
3 2508 2509 2519
3 2509 2520 2519
3 2509 2510 2520
3 2510 2521 2520
3 2510 2511 2521
3 2511 2522 2521
3 2511 2512 2522
3 2512 2523 2522
3 2512 2513 2523
3 2513 2524 2523
3 2513 2514 2524
3 2514 2525 2524
3 2514 2515 2525
3 2515 1474 2525
3 2515 1457 1474
3 2516 2527 2526
3 2516 2517 2527
3 2517 2528 2527
3 2517 2518 2528
3 2518 2529 2528
3 2518 2519 2529
3 2519 2530 2529
3 2519 2520 2530
3 2520 2531 2530
3 2520 2521 2531
3 2521 2532 2531
3 2521 2522 2532
3 2522 2533 2532
3 2522 2523 2533
3 2523 2534 2533
3 2523 2524 2534
3 2524 2535 2534
3 2524 2525 2535
3 2525 1491 2535
3 2525 1474 1491
3 2526 2537 2536
3 2526 2527 2537
3 2527 2538 2537
3 2527 2528 2538
3 2528 2539 2538
3 2528 2529 2539
3 2529 2540 2539
3 2529 2530 2540
3 2530 2541 2540
3 2530 2531 2541
3 2531 2542 2541
3 2531 2532 2542
3 2532 2543 2542
3 2532 2533 2543
3 2533 2544 2543
3 2533 2534 2544
3 2534 2545 2544
3 2534 2535 2545
3 2535 1508 2545
3 2535 1491 1508
3 2536 2547 2546
3 2536 2537 2547
3 2537 2548 2547
3 2537 2538 2548
3 2538 2549 2548
3 2538 2539 2549
3 2539 2550 2549
3 2539 2540 2550
3 2540 2551 2550
3 2540 2541 2551
3 2541 2552 2551
3 2541 2542 2552
3 2542 2553 2552
3 2542 2543 2553
3 2543 2554 2553
3 2543 2544 2554
3 2544 2555 2554
3 2544 2545 2555
3 2545 1525 2555
3 2545 1508 1525
3 2546 2557 2556
3 2546 2547 2557
3 2547 2558 2557
3 2547 2548 2558
3 2548 2559 2558
3 2548 2549 2559
3 2549 2560 2559
3 2549 2550 2560
3 2550 2561 2560
3 2550 2551 2561
3 2551 2562 2561
3 2551 2552 2562
3 2552 2563 2562
3 2552 2553 2563
3 2553 2564 2563
3 2553 2554 2564
3 2554 2565 2564
3 2554 2555 2565
3 2555 1542 2565
3 2555 1525 1542
3 2556 2567 2566
3 2556 2557 2567
3 2557 2568 2567
3 2557 2558 2568
3 2558 2569 2568
3 2558 2559 2569
3 2559 2570 2569
3 2559 2560 2570
3 2560 2571 2570
3 2560 2561 2571
3 2561 2572 2571
3 2561 2562 2572
3 2562 2573 2572
3 2562 2563 2573
3 2563 2574 2573
3 2563 2564 2574
3 2564 2575 2574
3 2564 2565 2575
3 2565 1559 2575
3 2565 1542 1559
3 2566 2577 2576
3 2566 2567 2577
3 2567 2578 2577
3 2567 2568 2578
3 2568 2579 2578
3 2568 2569 2579
3 2569 2580 2579
3 2569 2570 2580
3 2570 2581 2580
3 2570 2571 2581
3 2571 2582 2581
3 2571 2572 2582
3 2572 2583 2582
3 2572 2573 2583
3 2573 2584 2583
3 2573 2574 2584
3 2574 2585 2584
3 2574 2575 2585
3 2575 1576 2585
3 2575 1559 1576
3 2576 2587 2586
3 2576 2577 2587
3 2577 2588 2587
3 2577 2578 2588
3 2578 2589 2588
3 2578 2579 2589
3 2579 2590 2589
3 2579 2580 2590
3 2580 2591 2590
3 2580 2581 2591
3 2581 2592 2591
3 2581 2582 2592
3 2582 2593 2592
3 2582 2583 2593
3 2583 2594 2593
3 2583 2584 2594
3 2584 2595 2594
3 2584 2585 2595
3 2585 1593 2595
3 2585 1576 1593
3 2586 2597 2596
3 2586 2587 2597
3 2587 2598 2597
3 2587 2588 2598
3 2588 2599 2598
3 2588 2589 2599
3 2589 2600 2599
3 2589 2590 2600
3 2590 2601 2600
3 2590 2591 2601
3 2591 2602 2601
3 2591 2592 2602
3 2592 2603 2602
3 2592 2593 2603
3 2593 2604 2603
3 2593 2594 2604
3 2594 2605 2604
3 2594 2595 2605
3 2595 1610 2605
3 2595 1593 1610
3 2596 2607 2606
3 2596 2597 2607
3 2597 2608 2607
3 2597 2598 2608
3 2598 2609 2608
3 2598 2599 2609
3 2599 2610 2609
3 2599 2600 2610
3 2600 2611 2610
3 2600 2601 2611
3 2601 2612 2611
3 2601 2602 2612
3 2602 2613 2612
3 2602 2603 2613
3 2603 2614 2613
3 2603 2604 2614
3 2604 2615 2614
3 2604 2605 2615
3 2605 1627 2615
3 2605 1610 1627
3 2606 2617 2616
3 2606 2607 2617
3 2607 2618 2617
3 2607 2608 2618
3 2608 2619 2618
3 2608 2609 2619
3 2609 2620 2619
3 2609 2610 2620
3 2610 2621 2620
3 2610 2611 2621
3 2611 2622 2621
3 2611 2612 2622
3 2612 2623 2622
3 2612 2613 2623
3 2613 2624 2623
3 2613 2614 2624
3 2614 2625 2624
3 2614 2615 2625
3 2615 1644 2625
3 2615 1627 1644
3 2616 2627 2626
3 2616 2617 2627
3 2617 2628 2627
3 2617 2618 2628
3 2618 2629 2628
3 2618 2619 2629
3 2619 2630 2629
3 2619 2620 2630
3 2620 2631 2630
3 2620 2621 2631
3 2621 2632 2631
3 2621 2622 2632
3 2622 2633 2632
3 2622 2623 2633
3 2623 2634 2633
3 2623 2624 2634
3 2624 2635 2634
3 2624 2625 2635
3 2625 1661 2635
3 2625 1644 1661
3 2626 2637 2636
3 2626 2627 2637
3 2627 2638 2637
3 2627 2628 2638
3 2628 2639 2638
3 2628 2629 2639
3 2629 2640 2639
3 2629 2630 2640
3 2630 2641 2640
3 2630 2631 2641
3 2631 2642 2641
3 2631 2632 2642
3 2632 2643 2642
3 2632 2633 2643
3 2633 2644 2643
3 2633 2634 2644
3 2634 2645 2644
3 2634 2635 2645
3 2635 1678 2645
3 2635 1661 1678
3 2636 2647 2646
3 2636 2637 2647
3 2637 2648 2647
3 2637 2638 2648
3 2638 2649 2648
3 2638 2639 2649
3 2639 2650 2649
3 2639 2640 2650
3 2640 2651 2650
3 2640 2641 2651
3 2641 2652 2651
3 2641 2642 2652
3 2642 2653 2652
3 2642 2643 2653
3 2643 2654 2653
3 2643 2644 2654
3 2644 2655 2654
3 2644 2645 2655
3 2645 1695 2655
3 2645 1678 1695
3 2646 2657 2656
3 2646 2647 2657
3 2647 2658 2657
3 2647 2648 2658
3 2648 2659 2658
3 2648 2649 2659
3 2649 2660 2659
3 2649 2650 2660
3 2650 2661 2660
3 2650 2651 2661
3 2651 2662 2661
3 2651 2652 2662
3 2652 2663 2662
3 2652 2653 2663
3 2653 2664 2663
3 2653 2654 2664
3 2654 2665 2664
3 2654 2655 2665
3 2655 1712 2665
3 2655 1695 1712
3 2656 2667 2666
3 2656 2657 2667
3 2657 2668 2667
3 2657 2658 2668
3 2658 2669 2668
3 2658 2659 2669
3 2659 2670 2669
3 2659 2660 2670
3 2660 2671 2670
3 2660 2661 2671
3 2661 2672 2671
3 2661 2662 2672
3 2662 2673 2672
3 2662 2663 2673
3 2663 2674 2673
3 2663 2664 2674
3 2664 2675 2674
3 2664 2665 2675
3 2665 1729 2675
3 2665 1712 1729
3 2666 2677 2676
3 2666 2667 2677
3 2667 2678 2677
3 2667 2668 2678
3 2668 2679 2678
3 2668 2669 2679
3 2669 2680 2679
3 2669 2670 2680
3 2670 2681 2680
3 2670 2671 2681
3 2671 2682 2681
3 2671 2672 2682
3 2672 2683 2682
3 2672 2673 2683
3 2673 2684 2683
3 2673 2674 2684
3 2674 2685 2684
3 2674 2675 2685
3 2675 1746 2685
3 2675 1729 1746
3 2676 2687 2686
3 2676 2677 2687
3 2677 2688 2687
3 2677 2678 2688
3 2678 2689 2688
3 2678 2679 2689
3 2679 2690 2689
3 2679 2680 2690
3 2680 2691 2690
3 2680 2681 2691
3 2681 2692 2691
3 2681 2682 2692
3 2682 2693 2692
3 2682 2683 2693
3 2683 2694 2693
3 2683 2684 2694
3 2684 2695 2694
3 2684 2685 2695
3 2685 1763 2695
3 2685 1746 1763
3 2686 2697 2696
3 2686 2687 2697
3 2687 2698 2697
3 2687 2688 2698
3 2688 2699 2698
3 2688 2689 2699
3 2689 2700 2699
3 2689 2690 2700
3 2690 2701 2700
3 2690 2691 2701
3 2691 2702 2701
3 2691 2692 2702
3 2692 2703 2702
3 2692 2693 2703
3 2693 2704 2703
3 2693 2694 2704
3 2694 2705 2704
3 2694 2695 2705
3 2695 1780 2705
3 2695 1763 1780
3 2696 2707 2706
3 2696 2697 2707
3 2697 2708 2707
3 2697 2698 2708
3 2698 2709 2708
3 2698 2699 2709
3 2699 2710 2709
3 2699 2700 2710
3 2700 2711 2710
3 2700 2701 2711
3 2701 2712 2711
3 2701 2702 2712
3 2702 2713 2712
3 2702 2703 2713
3 2703 2714 2713
3 2703 2704 2714
3 2704 2715 2714
3 2704 2705 2715
3 2705 1797 2715
3 2705 1780 1797
3 2706 2717 2716
3 2706 2707 2717
3 2707 2718 2717
3 2707 2708 2718
3 2708 2719 2718
3 2708 2709 2719
3 2709 2720 2719
3 2709 2710 2720
3 2710 2721 2720
3 2710 2711 2721
3 2711 2722 2721
3 2711 2712 2722
3 2712 2723 2722
3 2712 2713 2723
3 2713 2724 2723
3 2713 2714 2724
3 2714 2725 2724
3 2714 2715 2725
3 2715 1814 2725
3 2715 1797 1814
3 2716 2727 2726
3 2716 2717 2727
3 2717 2728 2727
3 2717 2718 2728
3 2718 2729 2728
3 2718 2719 2729
3 2719 2730 2729
3 2719 2720 2730
3 2720 2731 2730
3 2720 2721 2731
3 2721 2732 2731
3 2721 2722 2732
3 2722 2733 2732
3 2722 2723 2733
3 2723 2734 2733
3 2723 2724 2734
3 2724 2735 2734
3 2724 2725 2735
3 2725 1831 2735
3 2725 1814 1831
3 2726 2737 2736
3 2726 2727 2737
3 2727 2738 2737
3 2727 2728 2738
3 2728 2739 2738
3 2728 2729 2739
3 2729 2740 2739
3 2729 2730 2740
3 2730 2741 2740
3 2730 2731 2741
3 2731 2742 2741
3 2731 2732 2742
3 2732 2743 2742
3 2732 2733 2743
3 2733 2744 2743
3 2733 2734 2744
3 2734 2745 2744
3 2734 2735 2745
3 2735 1848 2745
3 2735 1831 1848
3 2736 2197 2196
3 2736 2737 2197
3 2737 2198 2197
3 2737 2738 2198
3 2738 2199 2198
3 2738 2739 2199
3 2739 2200 2199
3 2739 2740 2200
3 2740 2201 2200
3 2740 2741 2201
3 2741 2202 2201
3 2741 2742 2202
3 2742 2203 2202
3 2742 2743 2203
3 2743 2204 2203
3 2743 2744 2204
3 2744 2205 2204
3 2744 2745 2205
3 2745 1865 2205
3 2745 1848 1865
