ply
format ascii 1.0
element vertex 9801
property float x
property float y
property float z
element face 19200
property list uchar int vertex_indices
end_header
0.7200817765318392 0.6042203531053468 -1.2
0.6863341187105633 0.6437596426414091 -1.2
0.6504149109864252 0.6814135627990688 -1.2
0.6124295095753632 0.7170628255608292 -1.2
0.5724898246164799 0.7505940318911362 -1.2
0.530713990910401 0.7819000318787275 -1.2
0.4872260188649113 0.8108802664641981 -1.2
0.44215542667806573 0.8374410896649014 -1.2
0.3956368548487634 0.8614960702669389 -1.2
0.34780966416135833 0.8829662720149412 -1.2
0.298817518344033 0.9017805113943822 -1.2
0.24880795265025948 0.917875592168125 -1.2
0.19793192965850678 0.931196515898583 -1.2
0.14634338362733337 0.9416966677590524 -1.2
0.09419875478091831 0.9493379770122569 -1.2
0.04165651493389588 0.9540910516106742 -1.2
-0.01112331410613536 0.9559352864515966 -1.2
-0.06397964789488085 0.954858944899846 -1.2
-0.11675083098213117 0.9508592132723865 -1.2
-0.16927513131660052 0.9439422280615205 -1.2
-0.2213912359127425 0.9341230757566308 -1.2
-0.27293874626046943 0.9214257652083336 -1.2
-0.3237586719563732 0.9058831725631321 -1.2
-0.373693921037365 0.8875369588809919 -1.2
-0.4225897855046707 0.8664374606323969 -1.2
-0.4702944205377888 0.8426435533551688 -1.2
-0.5166593159143195 0.8162224888343541 -1.2
-0.5615397581724787 0.7872497062505607 -1.2
-0.6047952820785533 0.7558086178230062 -1.2
-0.6462901099914711 0.7219903695529547 -1.2
-0.6858935777509511 0.6858935777509512 -1.2
-0.7234805457543023 0.6476240421070366 -1.2
-0.7589317939297126 0.6072944361367296 -1.2
-0.7921343993606985 0.5650239759067445 -1.2
-0.8229820953671435 0.5209380680129894 -1.2
-0.8513756109028908 0.47516793784906136 -1.2
-0.8772229891879868 0.4278502392661398 -1.2
-0.9004398845552742 0.3791266467845335 -1.2
-0.9209498365558659 0.32914343157311177 -1.2
-0.938684520435961 0.2780510224651402 -1.2
-0.9535839731682273 0.22600355332759153 -1.2
-0.9655967942944229 0.17315839814555295 -1.2
-0.9746803209117781 0.11967569522385532 -1.2
-0.9808007762137393 0.06571786194427194 -1.2
-0.983933391075702 0.01144910154857509 -1.2
-0.98406249825813 -0.04296509655485579 -1.2
-0.9811815988826891 -0.09735846144023637 -1.2
-0.9752934009214951 -0.15156444873051192 -1.2
-0.9664098295249999 -0.2054167505279464 -1.2
-0.9545520091001848 -0.2587498056478508 -1.2
-0.9397502171373037 -0.31139930859009735 -1.2
-0.9220438098701864 -0.36320271568377827 -1.2
-0.9014811199417758 -0.41399974684596325 -1.2
-0.8781193263328906 -0.46363288140582787 -1.2
-0.8520242968978996 -0.5119478464605939 -1.2
-0.8232704039358031 -0.5587940962495753 -1.2
-0.7919403133088684 -0.6040252810572182 -1.2
-0.7581247477032312 -0.6474997041851926 -1.2
-0.7219222247064447 -0.6890807655673589 -1.2
-0.6834387704556514 -0.728637390639588 -1.2
-0.6427876096865395 -0.7660444431189779 -1.2
-0.6000888330873877 -0.8011831203937194 -1.2
-0.55546904293395 -0.8339413302757224 -1.2
-0.5090609780495863 -0.8642140479228505 -1.2
-0.4610031192005606 -0.8919036517961757 -1.2
-0.411439276098724 -0.9169202375797787 -1.2
-0.3605181572425725 -0.9391819090561848 -1.2
-0.3083929238827865 -0.9586150449993082 -1.2
-0.25522072944964097 -0.9751545412185666 -1.2
-0.2011622458269529 -0.9887440269624167 -1.2
-0.14638117790031954 -0.9993360549667539 -1.2
-0.09104376784622296 -1.006892264513122 -1.2
-0.03531829066293167 -1.0113835169433247 -1.2
0.020625457526015297 -1.0127900031604984 -1.2
0.07661667683979685 -1.011101322731815 -1.2
0.13248408510335202 -1.0063165342944176 -1.2
0.1880564418134295 -0.998444177053716 -1.2
0.24316307300477755 -0.9875022632515194 -1.2
0.297634395407746 -0.97351824157037 -1.2
0.35130243828761654 -0.9565289315296089 -1.2
0.40400136135993964 -0.9365804290178797 -1.2
0.45556796718511505 -0.9137279831956673 -1.2
0.5058422064592815 -0.8880358450898285 -1.2
0.5546676746373391 -0.8595770882895883 -1.2
0.6018920983474916 -0.8284334022399469 -1.2
0.6473678100850596 -0.7946948587135028 -1.2
0.6909522097063913 -0.758459652125184 -1.2
0.7325082112813438 -0.7198338144359474 -1.2
0.7719046739049805 -0.6789309054709807 -1.2
0.8090168151156828 -0.6358716795549845 -1.2
0.8437266056176613 -0.5907837294415779 -1.2
0.875923144060743 -0.5438011085854302 -1.2
0.9055030106891286 -0.49506393287425404 -1.2
0.932370598733406 -0.4447179630029689 -1.2
0.9564384224862753 -0.39291416873404433 -1.2
0.9776274010719707 -0.3398082763460361 -1.2
0.9958671169920984 -0.2855603006264109 -1.2
1.0110960486062748 -0.23033406281481106 -1.2
1.023261775784361 -0.17429669594870764 -1.2
1.032321158047974 -0.11761813910485629 -1.2
1.038240484602119 -0.06047062206689535 -1.2
1.0409955957429111 -0.0030281419817214566 -1.2
1.0405719752142661 0.0545340664051466 -1.2
1.0369648131747693 0.11204006532225727 -1.2
1.0301790395255328 0.1693137517222121 -1.2
1.0202293274403305 0.226179396565317 -1.2
1.00714006703048 0.28246218398546813 -1.2
0.9909453091684712 0.3379887486840398 -1.2
0.9716886795859933 0.3925877098998757 -1.2
0.9494232634534563 0.4460902003108663 -1.2
0.9242114607391171 0.49833038823502196 -1.2
0.8961248127361507 0.5491459915164624 -1.2
0.8652438002352567 0.5983787815042001 -1.2
0.8316576139082908 0.6458750755590187 -1.2
0.7954638975548025 0.6914862165559937 -1.2
0.7567684649478508 0.7350690378872405 -1.2
0.7156849910978939 0.7764863125111785 -1.2
0.6723346788335972 0.8156071846408194 -1.2
0.6268459016758596 0.8523075827142327 -1.2
0.5793538240559293 0.8864706123452549 -1.2
0.5300000000000005 0.9179869280115047 -1.2
0.7200817765318392 0.6042203531053468 -1.17
0.6863341187105633 0.6437596426414091 -1.17
0.6504149109864252 0.6814135627990688 -1.17
0.6124295095753632 0.7170628255608292 -1.17
0.5724898246164799 0.7505940318911362 -1.17
0.530713990910401 0.7819000318787275 -1.17
0.4872260188649113 0.8108802664641981 -1.17
0.44215542667806573 0.8374410896649014 -1.17
0.3956368548487634 0.8614960702669389 -1.17
0.34780966416135833 0.8829662720149412 -1.17
0.298817518344033 0.9017805113943822 -1.17
0.24880795265025948 0.917875592168125 -1.17
0.19793192965850678 0.931196515898583 -1.17
0.14634338362733337 0.9416966677590524 -1.17
0.09419875478091831 0.9493379770122569 -1.17
0.04165651493389588 0.9540910516106742 -1.17
-0.01112331410613536 0.9559352864515966 -1.17
-0.06397964789488085 0.954858944899846 -1.17
-0.11675083098213117 0.9508592132723865 -1.17
-0.16927513131660052 0.9439422280615205 -1.17
-0.2213912359127425 0.9341230757566308 -1.17
-0.27293874626046943 0.9214257652083336 -1.17
-0.3237586719563732 0.9058831725631321 -1.17
-0.373693921037365 0.8875369588809919 -1.17
-0.4225897855046707 0.8664374606323969 -1.17
-0.4702944205377888 0.8426435533551688 -1.17
-0.5166593159143195 0.8162224888343541 -1.17
-0.5615397581724787 0.7872497062505607 -1.17
-0.6047952820785533 0.7558086178230062 -1.17
-0.6462901099914711 0.7219903695529547 -1.17
-0.6858935777509511 0.6858935777509512 -1.17
-0.7234805457543023 0.6476240421070366 -1.17
-0.7589317939297126 0.6072944361367296 -1.17
-0.7921343993606985 0.5650239759067445 -1.17
-0.8229820953671435 0.5209380680129894 -1.17
-0.8513756109028908 0.47516793784906136 -1.17
-0.8772229891879868 0.4278502392661398 -1.17
-0.9004398845552742 0.3791266467845335 -1.17
-0.9209498365558659 0.32914343157311177 -1.17
-0.938684520435961 0.2780510224651402 -1.17
-0.9535839731682273 0.22600355332759153 -1.17
-0.9655967942944229 0.17315839814555295 -1.17
-0.9746803209117781 0.11967569522385532 -1.17
-0.9808007762137393 0.06571786194427194 -1.17
-0.983933391075702 0.01144910154857509 -1.17
-0.98406249825813 -0.04296509655485579 -1.17
-0.9811815988826891 -0.09735846144023637 -1.17
-0.9752934009214951 -0.15156444873051192 -1.17
-0.9664098295249999 -0.2054167505279464 -1.17
-0.9545520091001848 -0.2587498056478508 -1.17
-0.9397502171373037 -0.31139930859009735 -1.17
-0.9220438098701864 -0.36320271568377827 -1.17
-0.9014811199417758 -0.41399974684596325 -1.17
-0.8781193263328906 -0.46363288140582787 -1.17
-0.8520242968978996 -0.5119478464605939 -1.17
-0.8232704039358031 -0.5587940962495753 -1.17
-0.7919403133088684 -0.6040252810572182 -1.17
-0.7581247477032312 -0.6474997041851926 -1.17
-0.7219222247064447 -0.6890807655673589 -1.17
-0.6834387704556514 -0.728637390639588 -1.17
-0.6427876096865395 -0.7660444431189779 -1.17
-0.6000888330873877 -0.8011831203937194 -1.17
-0.55546904293395 -0.8339413302757224 -1.17
-0.5090609780495863 -0.8642140479228505 -1.17
-0.4610031192005606 -0.8919036517961757 -1.17
-0.411439276098724 -0.9169202375797787 -1.17
-0.3605181572425725 -0.9391819090561848 -1.17
-0.3083929238827865 -0.9586150449993082 -1.17
-0.25522072944964097 -0.9751545412185666 -1.17
-0.2011622458269529 -0.9887440269624167 -1.17
-0.14638117790031954 -0.9993360549667539 -1.17
-0.09104376784622296 -1.006892264513122 -1.17
-0.03531829066293167 -1.0113835169433247 -1.17
0.020625457526015297 -1.0127900031604984 -1.17
0.07661667683979685 -1.011101322731815 -1.17
0.13248408510335202 -1.0063165342944176 -1.17
0.1880564418134295 -0.998444177053716 -1.17
0.24316307300477755 -0.9875022632515194 -1.17
0.297634395407746 -0.97351824157037 -1.17
0.35130243828761654 -0.9565289315296089 -1.17
0.40400136135993964 -0.9365804290178797 -1.17
0.45556796718511505 -0.9137279831956673 -1.17
0.5058422064592815 -0.8880358450898285 -1.17
0.5546676746373391 -0.8595770882895883 -1.17
0.6018920983474916 -0.8284334022399469 -1.17
0.6473678100850596 -0.7946948587135028 -1.17
0.6909522097063913 -0.758459652125184 -1.17
0.7325082112813438 -0.7198338144359474 -1.17
0.7719046739049805 -0.6789309054709807 -1.17
0.8090168151156828 -0.6358716795549845 -1.17
0.8437266056176613 -0.5907837294415779 -1.17
0.875923144060743 -0.5438011085854302 -1.17
0.9055030106891286 -0.49506393287425404 -1.17
0.932370598733406 -0.4447179630029689 -1.17
0.9564384224862753 -0.39291416873404433 -1.17
0.9776274010719707 -0.3398082763460361 -1.17
0.9958671169920984 -0.2855603006264109 -1.17
1.0110960486062748 -0.23033406281481106 -1.17
1.023261775784361 -0.17429669594870764 -1.17
1.032321158047974 -0.11761813910485629 -1.17
1.038240484602119 -0.06047062206689535 -1.17
1.0409955957429111 -0.0030281419817214566 -1.17
1.0405719752142661 0.0545340664051466 -1.17
1.0369648131747693 0.11204006532225727 -1.17
1.0301790395255328 0.1693137517222121 -1.17
1.0202293274403305 0.226179396565317 -1.17
1.00714006703048 0.28246218398546813 -1.17
0.9909453091684712 0.3379887486840398 -1.17
0.9716886795859933 0.3925877098998757 -1.17
0.9494232634534563 0.4460902003108663 -1.17
0.9242114607391171 0.49833038823502196 -1.17
0.8961248127361507 0.5491459915164624 -1.17
0.8652438002352567 0.5983787815042001 -1.17
0.8316576139082908 0.6458750755590187 -1.17
0.7954638975548025 0.6914862165559937 -1.17
0.7567684649478508 0.7350690378872405 -1.17
0.7156849910978939 0.7764863125111785 -1.17
0.6723346788335972 0.8156071846408194 -1.17
0.6268459016758596 0.8523075827142327 -1.17
0.5793538240559293 0.8864706123452549 -1.17
0.5300000000000005 0.9179869280115047 -1.17
0.7200817765318392 0.6042203531053468 -1.14
0.6863341187105633 0.6437596426414091 -1.14
0.6504149109864252 0.6814135627990688 -1.14
0.6124295095753632 0.7170628255608292 -1.14
0.5724898246164799 0.7505940318911362 -1.14
0.530713990910401 0.7819000318787275 -1.14
0.4872260188649113 0.8108802664641981 -1.14
0.44215542667806573 0.8374410896649014 -1.14
0.3956368548487634 0.8614960702669389 -1.14
0.34780966416135833 0.8829662720149412 -1.14
0.298817518344033 0.9017805113943822 -1.14
0.24880795265025948 0.917875592168125 -1.14
0.19793192965850678 0.931196515898583 -1.14
0.14634338362733337 0.9416966677590524 -1.14
0.09419875478091831 0.9493379770122569 -1.14
0.04165651493389588 0.9540910516106742 -1.14
-0.01112331410613536 0.9559352864515966 -1.14
-0.06397964789488085 0.954858944899846 -1.14
-0.11675083098213117 0.9508592132723865 -1.14
-0.16927513131660052 0.9439422280615205 -1.14
-0.2213912359127425 0.9341230757566308 -1.14
-0.27293874626046943 0.9214257652083336 -1.14
-0.3237586719563732 0.9058831725631321 -1.14
-0.373693921037365 0.8875369588809919 -1.14
-0.4225897855046707 0.8664374606323969 -1.14
-0.4702944205377888 0.8426435533551688 -1.14
-0.5166593159143195 0.8162224888343541 -1.14
-0.5615397581724787 0.7872497062505607 -1.14
-0.6047952820785533 0.7558086178230062 -1.14
-0.6462901099914711 0.7219903695529547 -1.14
-0.6858935777509511 0.6858935777509512 -1.14
-0.7234805457543023 0.6476240421070366 -1.14
-0.7589317939297126 0.6072944361367296 -1.14
-0.7921343993606985 0.5650239759067445 -1.14
-0.8229820953671435 0.5209380680129894 -1.14
-0.8513756109028908 0.47516793784906136 -1.14
-0.8772229891879868 0.4278502392661398 -1.14
-0.9004398845552742 0.3791266467845335 -1.14
-0.9209498365558659 0.32914343157311177 -1.14
-0.938684520435961 0.2780510224651402 -1.14
-0.9535839731682273 0.22600355332759153 -1.14
-0.9655967942944229 0.17315839814555295 -1.14
-0.9746803209117781 0.11967569522385532 -1.14
-0.9808007762137393 0.06571786194427194 -1.14
-0.983933391075702 0.01144910154857509 -1.14
-0.98406249825813 -0.04296509655485579 -1.14
-0.9811815988826891 -0.09735846144023637 -1.14
-0.9752934009214951 -0.15156444873051192 -1.14
-0.9664098295249999 -0.2054167505279464 -1.14
-0.9545520091001848 -0.2587498056478508 -1.14
-0.9397502171373037 -0.31139930859009735 -1.14
-0.9220438098701864 -0.36320271568377827 -1.14
-0.9014811199417758 -0.41399974684596325 -1.14
-0.8781193263328906 -0.46363288140582787 -1.14
-0.8520242968978996 -0.5119478464605939 -1.14
-0.8232704039358031 -0.5587940962495753 -1.14
-0.7919403133088684 -0.6040252810572182 -1.14
-0.7581247477032312 -0.6474997041851926 -1.14
-0.7219222247064447 -0.6890807655673589 -1.14
-0.6834387704556514 -0.728637390639588 -1.14
-0.6427876096865395 -0.7660444431189779 -1.14
-0.6000888330873877 -0.8011831203937194 -1.14
-0.55546904293395 -0.8339413302757224 -1.14
-0.5090609780495863 -0.8642140479228505 -1.14
-0.4610031192005606 -0.8919036517961757 -1.14
-0.411439276098724 -0.9169202375797787 -1.14
-0.3605181572425725 -0.9391819090561848 -1.14
-0.3083929238827865 -0.9586150449993082 -1.14
-0.25522072944964097 -0.9751545412185666 -1.14
-0.2011622458269529 -0.9887440269624167 -1.14
-0.14638117790031954 -0.9993360549667539 -1.14
-0.09104376784622296 -1.006892264513122 -1.14
-0.03531829066293167 -1.0113835169433247 -1.14
0.020625457526015297 -1.0127900031604984 -1.14
0.07661667683979685 -1.011101322731815 -1.14
0.13248408510335202 -1.0063165342944176 -1.14
0.1880564418134295 -0.998444177053716 -1.14
0.24316307300477755 -0.9875022632515194 -1.14
0.297634395407746 -0.97351824157037 -1.14
0.35130243828761654 -0.9565289315296089 -1.14
0.40400136135993964 -0.9365804290178797 -1.14
0.45556796718511505 -0.9137279831956673 -1.14
0.5058422064592815 -0.8880358450898285 -1.14
0.5546676746373391 -0.8595770882895883 -1.14
0.6018920983474916 -0.8284334022399469 -1.14
0.6473678100850596 -0.7946948587135028 -1.14
0.6909522097063913 -0.758459652125184 -1.14
0.7325082112813438 -0.7198338144359474 -1.14
0.7719046739049805 -0.6789309054709807 -1.14
0.8090168151156828 -0.6358716795549845 -1.14
0.8437266056176613 -0.5907837294415779 -1.14
0.875923144060743 -0.5438011085854302 -1.14
0.9055030106891286 -0.49506393287425404 -1.14
0.932370598733406 -0.4447179630029689 -1.14
0.9564384224862753 -0.39291416873404433 -1.14
0.9776274010719707 -0.3398082763460361 -1.14
0.9958671169920984 -0.2855603006264109 -1.14
1.0110960486062748 -0.23033406281481106 -1.14
1.023261775784361 -0.17429669594870764 -1.14
1.032321158047974 -0.11761813910485629 -1.14
1.038240484602119 -0.06047062206689535 -1.14
1.0409955957429111 -0.0030281419817214566 -1.14
1.0405719752142661 0.0545340664051466 -1.14
1.0369648131747693 0.11204006532225727 -1.14
1.0301790395255328 0.1693137517222121 -1.14
1.0202293274403305 0.226179396565317 -1.14
1.00714006703048 0.28246218398546813 -1.14
0.9909453091684712 0.3379887486840398 -1.14
0.9716886795859933 0.3925877098998757 -1.14
0.9494232634534563 0.4460902003108663 -1.14
0.9242114607391171 0.49833038823502196 -1.14
0.8961248127361507 0.5491459915164624 -1.14
0.8652438002352567 0.5983787815042001 -1.14
0.8316576139082908 0.6458750755590187 -1.14
0.7954638975548025 0.6914862165559937 -1.14
0.7567684649478508 0.7350690378872405 -1.14
0.7156849910978939 0.7764863125111785 -1.14
0.6723346788335972 0.8156071846408194 -1.14
0.6268459016758596 0.8523075827142327 -1.14
0.5793538240559293 0.8864706123452549 -1.14
0.5300000000000005 0.9179869280115047 -1.14
0.7200817765318392 0.6042203531053468 -1.11
0.6863341187105633 0.6437596426414091 -1.11
0.6504149109864252 0.6814135627990688 -1.11
0.6124295095753632 0.7170628255608292 -1.11
0.5724898246164799 0.7505940318911362 -1.11
0.530713990910401 0.7819000318787275 -1.11
0.4872260188649113 0.8108802664641981 -1.11
0.44215542667806573 0.8374410896649014 -1.11
0.3956368548487634 0.8614960702669389 -1.11
0.34780966416135833 0.8829662720149412 -1.11
0.298817518344033 0.9017805113943822 -1.11
0.24880795265025948 0.917875592168125 -1.11
0.19793192965850678 0.931196515898583 -1.11
0.14634338362733337 0.9416966677590524 -1.11
0.09419875478091831 0.9493379770122569 -1.11
0.04165651493389588 0.9540910516106742 -1.11
-0.01112331410613536 0.9559352864515966 -1.11
-0.06397964789488085 0.954858944899846 -1.11
-0.11675083098213117 0.9508592132723865 -1.11
-0.16927513131660052 0.9439422280615205 -1.11
-0.2213912359127425 0.9341230757566308 -1.11
-0.27293874626046943 0.9214257652083336 -1.11
-0.3237586719563732 0.9058831725631321 -1.11
-0.373693921037365 0.8875369588809919 -1.11
-0.4225897855046707 0.8664374606323969 -1.11
-0.4702944205377888 0.8426435533551688 -1.11
-0.5166593159143195 0.8162224888343541 -1.11
-0.5615397581724787 0.7872497062505607 -1.11
-0.6047952820785533 0.7558086178230062 -1.11
-0.6462901099914711 0.7219903695529547 -1.11
-0.6858935777509511 0.6858935777509512 -1.11
-0.7234805457543023 0.6476240421070366 -1.11
-0.7589317939297126 0.6072944361367296 -1.11
-0.7921343993606985 0.5650239759067445 -1.11
-0.8229820953671435 0.5209380680129894 -1.11
-0.8513756109028908 0.47516793784906136 -1.11
-0.8772229891879868 0.4278502392661398 -1.11
-0.9004398845552742 0.3791266467845335 -1.11
-0.9209498365558659 0.32914343157311177 -1.11
-0.938684520435961 0.2780510224651402 -1.11
-0.9535839731682273 0.22600355332759153 -1.11
-0.9655967942944229 0.17315839814555295 -1.11
-0.9746803209117781 0.11967569522385532 -1.11
-0.9808007762137393 0.06571786194427194 -1.11
-0.983933391075702 0.01144910154857509 -1.11
-0.98406249825813 -0.04296509655485579 -1.11
-0.9811815988826891 -0.09735846144023637 -1.11
-0.9752934009214951 -0.15156444873051192 -1.11
-0.9664098295249999 -0.2054167505279464 -1.11
-0.9545520091001848 -0.2587498056478508 -1.11
-0.9397502171373037 -0.31139930859009735 -1.11
-0.9220438098701864 -0.36320271568377827 -1.11
-0.9014811199417758 -0.41399974684596325 -1.11
-0.8781193263328906 -0.46363288140582787 -1.11
-0.8520242968978996 -0.5119478464605939 -1.11
-0.8232704039358031 -0.5587940962495753 -1.11
-0.7919403133088684 -0.6040252810572182 -1.11
-0.7581247477032312 -0.6474997041851926 -1.11
-0.7219222247064447 -0.6890807655673589 -1.11
-0.6834387704556514 -0.728637390639588 -1.11
-0.6427876096865395 -0.7660444431189779 -1.11
-0.6000888330873877 -0.8011831203937194 -1.11
-0.55546904293395 -0.8339413302757224 -1.11
-0.5090609780495863 -0.8642140479228505 -1.11
-0.4610031192005606 -0.8919036517961757 -1.11
-0.411439276098724 -0.9169202375797787 -1.11
-0.3605181572425725 -0.9391819090561848 -1.11
-0.3083929238827865 -0.9586150449993082 -1.11
-0.25522072944964097 -0.9751545412185666 -1.11
-0.2011622458269529 -0.9887440269624167 -1.11
-0.14638117790031954 -0.9993360549667539 -1.11
-0.09104376784622296 -1.006892264513122 -1.11
-0.03531829066293167 -1.0113835169433247 -1.11
0.020625457526015297 -1.0127900031604984 -1.11
0.07661667683979685 -1.011101322731815 -1.11
0.13248408510335202 -1.0063165342944176 -1.11
0.1880564418134295 -0.998444177053716 -1.11
0.24316307300477755 -0.9875022632515194 -1.11
0.297634395407746 -0.97351824157037 -1.11
0.35130243828761654 -0.9565289315296089 -1.11
0.40400136135993964 -0.9365804290178797 -1.11
0.45556796718511505 -0.9137279831956673 -1.11
0.5058422064592815 -0.8880358450898285 -1.11
0.5546676746373391 -0.8595770882895883 -1.11
0.6018920983474916 -0.8284334022399469 -1.11
0.6473678100850596 -0.7946948587135028 -1.11
0.6909522097063913 -0.758459652125184 -1.11
0.7325082112813438 -0.7198338144359474 -1.11
0.7719046739049805 -0.6789309054709807 -1.11
0.8090168151156828 -0.6358716795549845 -1.11
0.8437266056176613 -0.5907837294415779 -1.11
0.875923144060743 -0.5438011085854302 -1.11
0.9055030106891286 -0.49506393287425404 -1.11
0.932370598733406 -0.4447179630029689 -1.11
0.9564384224862753 -0.39291416873404433 -1.11
0.9776274010719707 -0.3398082763460361 -1.11
0.9958671169920984 -0.2855603006264109 -1.11
1.0110960486062748 -0.23033406281481106 -1.11
1.023261775784361 -0.17429669594870764 -1.11
1.032321158047974 -0.11761813910485629 -1.11
1.038240484602119 -0.06047062206689535 -1.11
1.0409955957429111 -0.0030281419817214566 -1.11
1.0405719752142661 0.0545340664051466 -1.11
1.0369648131747693 0.11204006532225727 -1.11
1.0301790395255328 0.1693137517222121 -1.11
1.0202293274403305 0.226179396565317 -1.11
1.00714006703048 0.28246218398546813 -1.11
0.9909453091684712 0.3379887486840398 -1.11
0.9716886795859933 0.3925877098998757 -1.11
0.9494232634534563 0.4460902003108663 -1.11
0.9242114607391171 0.49833038823502196 -1.11
0.8961248127361507 0.5491459915164624 -1.11
0.8652438002352567 0.5983787815042001 -1.11
0.8316576139082908 0.6458750755590187 -1.11
0.7954638975548025 0.6914862165559937 -1.11
0.7567684649478508 0.7350690378872405 -1.11
0.7156849910978939 0.7764863125111785 -1.11
0.6723346788335972 0.8156071846408194 -1.11
0.6268459016758596 0.8523075827142327 -1.11
0.5793538240559293 0.8864706123452549 -1.11
0.5300000000000005 0.9179869280115047 -1.11
0.7200817765318392 0.6042203531053468 -1.08
0.6863341187105633 0.6437596426414091 -1.08
0.6504149109864252 0.6814135627990688 -1.08
0.6124295095753632 0.7170628255608292 -1.08
0.5724898246164799 0.7505940318911362 -1.08
0.530713990910401 0.7819000318787275 -1.08
0.4872260188649113 0.8108802664641981 -1.08
0.44215542667806573 0.8374410896649014 -1.08
0.3956368548487634 0.8614960702669389 -1.08
0.34780966416135833 0.8829662720149412 -1.08
0.298817518344033 0.9017805113943822 -1.08
0.24880795265025948 0.917875592168125 -1.08
0.19793192965850678 0.931196515898583 -1.08
0.14634338362733337 0.9416966677590524 -1.08
0.09419875478091831 0.9493379770122569 -1.08
0.04165651493389588 0.9540910516106742 -1.08
-0.01112331410613536 0.9559352864515966 -1.08
-0.06397964789488085 0.954858944899846 -1.08
-0.11675083098213117 0.9508592132723865 -1.08
-0.16927513131660052 0.9439422280615205 -1.08
-0.2213912359127425 0.9341230757566308 -1.08
-0.27293874626046943 0.9214257652083336 -1.08
-0.3237586719563732 0.9058831725631321 -1.08
-0.373693921037365 0.8875369588809919 -1.08
-0.4225897855046707 0.8664374606323969 -1.08
-0.4702944205377888 0.8426435533551688 -1.08
-0.5166593159143195 0.8162224888343541 -1.08
-0.5615397581724787 0.7872497062505607 -1.08
-0.6047952820785533 0.7558086178230062 -1.08
-0.6462901099914711 0.7219903695529547 -1.08
-0.6858935777509511 0.6858935777509512 -1.08
-0.7234805457543023 0.6476240421070366 -1.08
-0.7589317939297126 0.6072944361367296 -1.08
-0.7921343993606985 0.5650239759067445 -1.08
-0.8229820953671435 0.5209380680129894 -1.08
-0.8513756109028908 0.47516793784906136 -1.08
-0.8772229891879868 0.4278502392661398 -1.08
-0.9004398845552742 0.3791266467845335 -1.08
-0.9209498365558659 0.32914343157311177 -1.08
-0.938684520435961 0.2780510224651402 -1.08
-0.9535839731682273 0.22600355332759153 -1.08
-0.9655967942944229 0.17315839814555295 -1.08
-0.9746803209117781 0.11967569522385532 -1.08
-0.9808007762137393 0.06571786194427194 -1.08
-0.983933391075702 0.01144910154857509 -1.08
-0.98406249825813 -0.04296509655485579 -1.08
-0.9811815988826891 -0.09735846144023637 -1.08
-0.9752934009214951 -0.15156444873051192 -1.08
-0.9664098295249999 -0.2054167505279464 -1.08
-0.9545520091001848 -0.2587498056478508 -1.08
-0.9397502171373037 -0.31139930859009735 -1.08
-0.9220438098701864 -0.36320271568377827 -1.08
-0.9014811199417758 -0.41399974684596325 -1.08
-0.8781193263328906 -0.46363288140582787 -1.08
-0.8520242968978996 -0.5119478464605939 -1.08
-0.8232704039358031 -0.5587940962495753 -1.08
-0.7919403133088684 -0.6040252810572182 -1.08
-0.7581247477032312 -0.6474997041851926 -1.08
-0.7219222247064447 -0.6890807655673589 -1.08
-0.6834387704556514 -0.728637390639588 -1.08
-0.6427876096865395 -0.7660444431189779 -1.08
-0.6000888330873877 -0.8011831203937194 -1.08
-0.55546904293395 -0.8339413302757224 -1.08
-0.5090609780495863 -0.8642140479228505 -1.08
-0.4610031192005606 -0.8919036517961757 -1.08
-0.411439276098724 -0.9169202375797787 -1.08
-0.3605181572425725 -0.9391819090561848 -1.08
-0.3083929238827865 -0.9586150449993082 -1.08
-0.25522072944964097 -0.9751545412185666 -1.08
-0.2011622458269529 -0.9887440269624167 -1.08
-0.14638117790031954 -0.9993360549667539 -1.08
-0.09104376784622296 -1.006892264513122 -1.08
-0.03531829066293167 -1.0113835169433247 -1.08
0.020625457526015297 -1.0127900031604984 -1.08
0.07661667683979685 -1.011101322731815 -1.08
0.13248408510335202 -1.0063165342944176 -1.08
0.1880564418134295 -0.998444177053716 -1.08
0.24316307300477755 -0.9875022632515194 -1.08
0.297634395407746 -0.97351824157037 -1.08
0.35130243828761654 -0.9565289315296089 -1.08
0.40400136135993964 -0.9365804290178797 -1.08
0.45556796718511505 -0.9137279831956673 -1.08
0.5058422064592815 -0.8880358450898285 -1.08
0.5546676746373391 -0.8595770882895883 -1.08
0.6018920983474916 -0.8284334022399469 -1.08
0.6473678100850596 -0.7946948587135028 -1.08
0.6909522097063913 -0.758459652125184 -1.08
0.7325082112813438 -0.7198338144359474 -1.08
0.7719046739049805 -0.6789309054709807 -1.08
0.8090168151156828 -0.6358716795549845 -1.08
0.8437266056176613 -0.5907837294415779 -1.08
0.875923144060743 -0.5438011085854302 -1.08
0.9055030106891286 -0.49506393287425404 -1.08
0.932370598733406 -0.4447179630029689 -1.08
0.9564384224862753 -0.39291416873404433 -1.08
0.9776274010719707 -0.3398082763460361 -1.08
0.9958671169920984 -0.2855603006264109 -1.08
1.0110960486062748 -0.23033406281481106 -1.08
1.023261775784361 -0.17429669594870764 -1.08
1.032321158047974 -0.11761813910485629 -1.08
1.038240484602119 -0.06047062206689535 -1.08
1.0409955957429111 -0.0030281419817214566 -1.08
1.0405719752142661 0.0545340664051466 -1.08
1.0369648131747693 0.11204006532225727 -1.08
1.0301790395255328 0.1693137517222121 -1.08
1.0202293274403305 0.226179396565317 -1.08
1.00714006703048 0.28246218398546813 -1.08
0.9909453091684712 0.3379887486840398 -1.08
0.9716886795859933 0.3925877098998757 -1.08
0.9494232634534563 0.4460902003108663 -1.08
0.9242114607391171 0.49833038823502196 -1.08
0.8961248127361507 0.5491459915164624 -1.08
0.8652438002352567 0.5983787815042001 -1.08
0.8316576139082908 0.6458750755590187 -1.08
0.7954638975548025 0.6914862165559937 -1.08
0.7567684649478508 0.7350690378872405 -1.08
0.7156849910978939 0.7764863125111785 -1.08
0.6723346788335972 0.8156071846408194 -1.08
0.6268459016758596 0.8523075827142327 -1.08
0.5793538240559293 0.8864706123452549 -1.08
0.5300000000000005 0.9179869280115047 -1.08
0.7200817765318392 0.6042203531053468 -1.05
0.6863341187105633 0.6437596426414091 -1.05
0.6504149109864252 0.6814135627990688 -1.05
0.6124295095753632 0.7170628255608292 -1.05
0.5724898246164799 0.7505940318911362 -1.05
0.530713990910401 0.7819000318787275 -1.05
0.4872260188649113 0.8108802664641981 -1.05
0.44215542667806573 0.8374410896649014 -1.05
0.3956368548487634 0.8614960702669389 -1.05
0.34780966416135833 0.8829662720149412 -1.05
0.298817518344033 0.9017805113943822 -1.05
0.24880795265025948 0.917875592168125 -1.05
0.19793192965850678 0.931196515898583 -1.05
0.14634338362733337 0.9416966677590524 -1.05
0.09419875478091831 0.9493379770122569 -1.05
0.04165651493389588 0.9540910516106742 -1.05
-0.01112331410613536 0.9559352864515966 -1.05
-0.06397964789488085 0.954858944899846 -1.05
-0.11675083098213117 0.9508592132723865 -1.05
-0.16927513131660052 0.9439422280615205 -1.05
-0.2213912359127425 0.9341230757566308 -1.05
-0.27293874626046943 0.9214257652083336 -1.05
-0.3237586719563732 0.9058831725631321 -1.05
-0.373693921037365 0.8875369588809919 -1.05
-0.4225897855046707 0.8664374606323969 -1.05
-0.4702944205377888 0.8426435533551688 -1.05
-0.5166593159143195 0.8162224888343541 -1.05
-0.5615397581724787 0.7872497062505607 -1.05
-0.6047952820785533 0.7558086178230062 -1.05
-0.6462901099914711 0.7219903695529547 -1.05
-0.6858935777509511 0.6858935777509512 -1.05
-0.7234805457543023 0.6476240421070366 -1.05
-0.7589317939297126 0.6072944361367296 -1.05
-0.7921343993606985 0.5650239759067445 -1.05
-0.8229820953671435 0.5209380680129894 -1.05
-0.8513756109028908 0.47516793784906136 -1.05
-0.8772229891879868 0.4278502392661398 -1.05
-0.9004398845552742 0.3791266467845335 -1.05
-0.9209498365558659 0.32914343157311177 -1.05
-0.938684520435961 0.2780510224651402 -1.05
-0.9535839731682273 0.22600355332759153 -1.05
-0.9655967942944229 0.17315839814555295 -1.05
-0.9746803209117781 0.11967569522385532 -1.05
-0.9808007762137393 0.06571786194427194 -1.05
-0.983933391075702 0.01144910154857509 -1.05
-0.98406249825813 -0.04296509655485579 -1.05
-0.9811815988826891 -0.09735846144023637 -1.05
-0.9752934009214951 -0.15156444873051192 -1.05
-0.9664098295249999 -0.2054167505279464 -1.05
-0.9545520091001848 -0.2587498056478508 -1.05
-0.9397502171373037 -0.31139930859009735 -1.05
-0.9220438098701864 -0.36320271568377827 -1.05
-0.9014811199417758 -0.41399974684596325 -1.05
-0.8781193263328906 -0.46363288140582787 -1.05
-0.8520242968978996 -0.5119478464605939 -1.05
-0.8232704039358031 -0.5587940962495753 -1.05
-0.7919403133088684 -0.6040252810572182 -1.05
-0.7581247477032312 -0.6474997041851926 -1.05
-0.7219222247064447 -0.6890807655673589 -1.05
-0.6834387704556514 -0.728637390639588 -1.05
-0.6427876096865395 -0.7660444431189779 -1.05
-0.6000888330873877 -0.8011831203937194 -1.05
-0.55546904293395 -0.8339413302757224 -1.05
-0.5090609780495863 -0.8642140479228505 -1.05
-0.4610031192005606 -0.8919036517961757 -1.05
-0.411439276098724 -0.9169202375797787 -1.05
-0.3605181572425725 -0.9391819090561848 -1.05
-0.3083929238827865 -0.9586150449993082 -1.05
-0.25522072944964097 -0.9751545412185666 -1.05
-0.2011622458269529 -0.9887440269624167 -1.05
-0.14638117790031954 -0.9993360549667539 -1.05
-0.09104376784622296 -1.006892264513122 -1.05
-0.03531829066293167 -1.0113835169433247 -1.05
0.020625457526015297 -1.0127900031604984 -1.05
0.07661667683979685 -1.011101322731815 -1.05
0.13248408510335202 -1.0063165342944176 -1.05
0.1880564418134295 -0.998444177053716 -1.05
0.24316307300477755 -0.9875022632515194 -1.05
0.297634395407746 -0.97351824157037 -1.05
0.35130243828761654 -0.9565289315296089 -1.05
0.40400136135993964 -0.9365804290178797 -1.05
0.45556796718511505 -0.9137279831956673 -1.05
0.5058422064592815 -0.8880358450898285 -1.05
0.5546676746373391 -0.8595770882895883 -1.05
0.6018920983474916 -0.8284334022399469 -1.05
0.6473678100850596 -0.7946948587135028 -1.05
0.6909522097063913 -0.758459652125184 -1.05
0.7325082112813438 -0.7198338144359474 -1.05
0.7719046739049805 -0.6789309054709807 -1.05
0.8090168151156828 -0.6358716795549845 -1.05
0.8437266056176613 -0.5907837294415779 -1.05
0.875923144060743 -0.5438011085854302 -1.05
0.9055030106891286 -0.49506393287425404 -1.05
0.932370598733406 -0.4447179630029689 -1.05
0.9564384224862753 -0.39291416873404433 -1.05
0.9776274010719707 -0.3398082763460361 -1.05
0.9958671169920984 -0.2855603006264109 -1.05
1.0110960486062748 -0.23033406281481106 -1.05
1.023261775784361 -0.17429669594870764 -1.05
1.032321158047974 -0.11761813910485629 -1.05
1.038240484602119 -0.06047062206689535 -1.05
1.0409955957429111 -0.0030281419817214566 -1.05
1.0405719752142661 0.0545340664051466 -1.05
1.0369648131747693 0.11204006532225727 -1.05
1.0301790395255328 0.1693137517222121 -1.05
1.0202293274403305 0.226179396565317 -1.05
1.00714006703048 0.28246218398546813 -1.05
0.9909453091684712 0.3379887486840398 -1.05
0.9716886795859933 0.3925877098998757 -1.05
0.9494232634534563 0.4460902003108663 -1.05
0.9242114607391171 0.49833038823502196 -1.05
0.8961248127361507 0.5491459915164624 -1.05
0.8652438002352567 0.5983787815042001 -1.05
0.8316576139082908 0.6458750755590187 -1.05
0.7954638975548025 0.6914862165559937 -1.05
0.7567684649478508 0.7350690378872405 -1.05
0.7156849910978939 0.7764863125111785 -1.05
0.6723346788335972 0.8156071846408194 -1.05
0.6268459016758596 0.8523075827142327 -1.05
0.5793538240559293 0.8864706123452549 -1.05
0.5300000000000005 0.9179869280115047 -1.05
0.7200817765318392 0.6042203531053468 -1.02
0.6863341187105633 0.6437596426414091 -1.02
0.6504149109864252 0.6814135627990688 -1.02
0.6124295095753632 0.7170628255608292 -1.02
0.5724898246164799 0.7505940318911362 -1.02
0.530713990910401 0.7819000318787275 -1.02
0.4872260188649113 0.8108802664641981 -1.02
0.44215542667806573 0.8374410896649014 -1.02
0.3956368548487634 0.8614960702669389 -1.02
0.34780966416135833 0.8829662720149412 -1.02
0.298817518344033 0.9017805113943822 -1.02
0.24880795265025948 0.917875592168125 -1.02
0.19793192965850678 0.931196515898583 -1.02
0.14634338362733337 0.9416966677590524 -1.02
0.09419875478091831 0.9493379770122569 -1.02
0.04165651493389588 0.9540910516106742 -1.02
-0.01112331410613536 0.9559352864515966 -1.02
-0.06397964789488085 0.954858944899846 -1.02
-0.11675083098213117 0.9508592132723865 -1.02
-0.16927513131660052 0.9439422280615205 -1.02
-0.2213912359127425 0.9341230757566308 -1.02
-0.27293874626046943 0.9214257652083336 -1.02
-0.3237586719563732 0.9058831725631321 -1.02
-0.373693921037365 0.8875369588809919 -1.02
-0.4225897855046707 0.8664374606323969 -1.02
-0.4702944205377888 0.8426435533551688 -1.02
-0.5166593159143195 0.8162224888343541 -1.02
-0.5615397581724787 0.7872497062505607 -1.02
-0.6047952820785533 0.7558086178230062 -1.02
-0.6462901099914711 0.7219903695529547 -1.02
-0.6858935777509511 0.6858935777509512 -1.02
-0.7234805457543023 0.6476240421070366 -1.02
-0.7589317939297126 0.6072944361367296 -1.02
-0.7921343993606985 0.5650239759067445 -1.02
-0.8229820953671435 0.5209380680129894 -1.02
-0.8513756109028908 0.47516793784906136 -1.02
-0.8772229891879868 0.4278502392661398 -1.02
-0.9004398845552742 0.3791266467845335 -1.02
-0.9209498365558659 0.32914343157311177 -1.02
-0.938684520435961 0.2780510224651402 -1.02
-0.9535839731682273 0.22600355332759153 -1.02
-0.9655967942944229 0.17315839814555295 -1.02
-0.9746803209117781 0.11967569522385532 -1.02
-0.9808007762137393 0.06571786194427194 -1.02
-0.983933391075702 0.01144910154857509 -1.02
-0.98406249825813 -0.04296509655485579 -1.02
-0.9811815988826891 -0.09735846144023637 -1.02
-0.9752934009214951 -0.15156444873051192 -1.02
-0.9664098295249999 -0.2054167505279464 -1.02
-0.9545520091001848 -0.2587498056478508 -1.02
-0.9397502171373037 -0.31139930859009735 -1.02
-0.9220438098701864 -0.36320271568377827 -1.02
-0.9014811199417758 -0.41399974684596325 -1.02
-0.8781193263328906 -0.46363288140582787 -1.02
-0.8520242968978996 -0.5119478464605939 -1.02
-0.8232704039358031 -0.5587940962495753 -1.02
-0.7919403133088684 -0.6040252810572182 -1.02
-0.7581247477032312 -0.6474997041851926 -1.02
-0.7219222247064447 -0.6890807655673589 -1.02
-0.6834387704556514 -0.728637390639588 -1.02
-0.6427876096865395 -0.7660444431189779 -1.02
-0.6000888330873877 -0.8011831203937194 -1.02
-0.55546904293395 -0.8339413302757224 -1.02
-0.5090609780495863 -0.8642140479228505 -1.02
-0.4610031192005606 -0.8919036517961757 -1.02
-0.411439276098724 -0.9169202375797787 -1.02
-0.3605181572425725 -0.9391819090561848 -1.02
-0.3083929238827865 -0.9586150449993082 -1.02
-0.25522072944964097 -0.9751545412185666 -1.02
-0.2011622458269529 -0.9887440269624167 -1.02
-0.14638117790031954 -0.9993360549667539 -1.02
-0.09104376784622296 -1.006892264513122 -1.02
-0.03531829066293167 -1.0113835169433247 -1.02
0.020625457526015297 -1.0127900031604984 -1.02
0.07661667683979685 -1.011101322731815 -1.02
0.13248408510335202 -1.0063165342944176 -1.02
0.1880564418134295 -0.998444177053716 -1.02
0.24316307300477755 -0.9875022632515194 -1.02
0.297634395407746 -0.97351824157037 -1.02
0.35130243828761654 -0.9565289315296089 -1.02
0.40400136135993964 -0.9365804290178797 -1.02
0.45556796718511505 -0.9137279831956673 -1.02
0.5058422064592815 -0.8880358450898285 -1.02
0.5546676746373391 -0.8595770882895883 -1.02
0.6018920983474916 -0.8284334022399469 -1.02
0.6473678100850596 -0.7946948587135028 -1.02
0.6909522097063913 -0.758459652125184 -1.02
0.7325082112813438 -0.7198338144359474 -1.02
0.7719046739049805 -0.6789309054709807 -1.02
0.8090168151156828 -0.6358716795549845 -1.02
0.8437266056176613 -0.5907837294415779 -1.02
0.875923144060743 -0.5438011085854302 -1.02
0.9055030106891286 -0.49506393287425404 -1.02
0.932370598733406 -0.4447179630029689 -1.02
0.9564384224862753 -0.39291416873404433 -1.02
0.9776274010719707 -0.3398082763460361 -1.02
0.9958671169920984 -0.2855603006264109 -1.02
1.0110960486062748 -0.23033406281481106 -1.02
1.023261775784361 -0.17429669594870764 -1.02
1.032321158047974 -0.11761813910485629 -1.02
1.038240484602119 -0.06047062206689535 -1.02
1.0409955957429111 -0.0030281419817214566 -1.02
1.0405719752142661 0.0545340664051466 -1.02
1.0369648131747693 0.11204006532225727 -1.02
1.0301790395255328 0.1693137517222121 -1.02
1.0202293274403305 0.226179396565317 -1.02
1.00714006703048 0.28246218398546813 -1.02
0.9909453091684712 0.3379887486840398 -1.02
0.9716886795859933 0.3925877098998757 -1.02
0.9494232634534563 0.4460902003108663 -1.02
0.9242114607391171 0.49833038823502196 -1.02
0.8961248127361507 0.5491459915164624 -1.02
0.8652438002352567 0.5983787815042001 -1.02
0.8316576139082908 0.6458750755590187 -1.02
0.7954638975548025 0.6914862165559937 -1.02
0.7567684649478508 0.7350690378872405 -1.02
0.7156849910978939 0.7764863125111785 -1.02
0.6723346788335972 0.8156071846408194 -1.02
0.6268459016758596 0.8523075827142327 -1.02
0.5793538240559293 0.8864706123452549 -1.02
0.5300000000000005 0.9179869280115047 -1.02
0.7200817765318392 0.6042203531053468 -0.9899999999999999
0.6863341187105633 0.6437596426414091 -0.9899999999999999
0.6504149109864252 0.6814135627990688 -0.9899999999999999
0.6124295095753632 0.7170628255608292 -0.9899999999999999
0.5724898246164799 0.7505940318911362 -0.9899999999999999
0.530713990910401 0.7819000318787275 -0.9899999999999999
0.4872260188649113 0.8108802664641981 -0.9899999999999999
0.44215542667806573 0.8374410896649014 -0.9899999999999999
0.3956368548487634 0.8614960702669389 -0.9899999999999999
0.34780966416135833 0.8829662720149412 -0.9899999999999999
0.298817518344033 0.9017805113943822 -0.9899999999999999
0.24880795265025948 0.917875592168125 -0.9899999999999999
0.19793192965850678 0.931196515898583 -0.9899999999999999
0.14634338362733337 0.9416966677590524 -0.9899999999999999
0.09419875478091831 0.9493379770122569 -0.9899999999999999
0.04165651493389588 0.9540910516106742 -0.9899999999999999
-0.01112331410613536 0.9559352864515966 -0.9899999999999999
-0.06397964789488085 0.954858944899846 -0.9899999999999999
-0.11675083098213117 0.9508592132723865 -0.9899999999999999
-0.16927513131660052 0.9439422280615205 -0.9899999999999999
-0.2213912359127425 0.9341230757566308 -0.9899999999999999
-0.27293874626046943 0.9214257652083336 -0.9899999999999999
-0.3237586719563732 0.9058831725631321 -0.9899999999999999
-0.373693921037365 0.8875369588809919 -0.9899999999999999
-0.4225897855046707 0.8664374606323969 -0.9899999999999999
-0.4702944205377888 0.8426435533551688 -0.9899999999999999
-0.5166593159143195 0.8162224888343541 -0.9899999999999999
-0.5615397581724787 0.7872497062505607 -0.9899999999999999
-0.6047952820785533 0.7558086178230062 -0.9899999999999999
-0.6462901099914711 0.7219903695529547 -0.9899999999999999
-0.6858935777509511 0.6858935777509512 -0.9899999999999999
-0.7234805457543023 0.6476240421070366 -0.9899999999999999
-0.7589317939297126 0.6072944361367296 -0.9899999999999999
-0.7921343993606985 0.5650239759067445 -0.9899999999999999
-0.8229820953671435 0.5209380680129894 -0.9899999999999999
-0.8513756109028908 0.47516793784906136 -0.9899999999999999
-0.8772229891879868 0.4278502392661398 -0.9899999999999999
-0.9004398845552742 0.3791266467845335 -0.9899999999999999
-0.9209498365558659 0.32914343157311177 -0.9899999999999999
-0.938684520435961 0.2780510224651402 -0.9899999999999999
-0.9535839731682273 0.22600355332759153 -0.9899999999999999
-0.9655967942944229 0.17315839814555295 -0.9899999999999999
-0.9746803209117781 0.11967569522385532 -0.9899999999999999
-0.9808007762137393 0.06571786194427194 -0.9899999999999999
-0.983933391075702 0.01144910154857509 -0.9899999999999999
-0.98406249825813 -0.04296509655485579 -0.9899999999999999
-0.9811815988826891 -0.09735846144023637 -0.9899999999999999
-0.9752934009214951 -0.15156444873051192 -0.9899999999999999
-0.9664098295249999 -0.2054167505279464 -0.9899999999999999
-0.9545520091001848 -0.2587498056478508 -0.9899999999999999
-0.9397502171373037 -0.31139930859009735 -0.9899999999999999
-0.9220438098701864 -0.36320271568377827 -0.9899999999999999
-0.9014811199417758 -0.41399974684596325 -0.9899999999999999
-0.8781193263328906 -0.46363288140582787 -0.9899999999999999
-0.8520242968978996 -0.5119478464605939 -0.9899999999999999
-0.8232704039358031 -0.5587940962495753 -0.9899999999999999
-0.7919403133088684 -0.6040252810572182 -0.9899999999999999
-0.7581247477032312 -0.6474997041851926 -0.9899999999999999
-0.7219222247064447 -0.6890807655673589 -0.9899999999999999
-0.6834387704556514 -0.728637390639588 -0.9899999999999999
-0.6427876096865395 -0.7660444431189779 -0.9899999999999999
-0.6000888330873877 -0.8011831203937194 -0.9899999999999999
-0.55546904293395 -0.8339413302757224 -0.9899999999999999
-0.5090609780495863 -0.8642140479228505 -0.9899999999999999
-0.4610031192005606 -0.8919036517961757 -0.9899999999999999
-0.411439276098724 -0.9169202375797787 -0.9899999999999999
-0.3605181572425725 -0.9391819090561848 -0.9899999999999999
-0.3083929238827865 -0.9586150449993082 -0.9899999999999999
-0.25522072944964097 -0.9751545412185666 -0.9899999999999999
-0.2011622458269529 -0.9887440269624167 -0.9899999999999999
-0.14638117790031954 -0.9993360549667539 -0.9899999999999999
-0.09104376784622296 -1.006892264513122 -0.9899999999999999
-0.03531829066293167 -1.0113835169433247 -0.9899999999999999
0.020625457526015297 -1.0127900031604984 -0.9899999999999999
0.07661667683979685 -1.011101322731815 -0.9899999999999999
0.13248408510335202 -1.0063165342944176 -0.9899999999999999
0.1880564418134295 -0.998444177053716 -0.9899999999999999
0.24316307300477755 -0.9875022632515194 -0.9899999999999999
0.297634395407746 -0.97351824157037 -0.9899999999999999
0.35130243828761654 -0.9565289315296089 -0.9899999999999999
0.40400136135993964 -0.9365804290178797 -0.9899999999999999
0.45556796718511505 -0.9137279831956673 -0.9899999999999999
0.5058422064592815 -0.8880358450898285 -0.9899999999999999
0.5546676746373391 -0.8595770882895883 -0.9899999999999999
0.6018920983474916 -0.8284334022399469 -0.9899999999999999
0.6473678100850596 -0.7946948587135028 -0.9899999999999999
0.6909522097063913 -0.758459652125184 -0.9899999999999999
0.7325082112813438 -0.7198338144359474 -0.9899999999999999
0.7719046739049805 -0.6789309054709807 -0.9899999999999999
0.8090168151156828 -0.6358716795549845 -0.9899999999999999
0.8437266056176613 -0.5907837294415779 -0.9899999999999999
0.875923144060743 -0.5438011085854302 -0.9899999999999999
0.9055030106891286 -0.49506393287425404 -0.9899999999999999
0.932370598733406 -0.4447179630029689 -0.9899999999999999
0.9564384224862753 -0.39291416873404433 -0.9899999999999999
0.9776274010719707 -0.3398082763460361 -0.9899999999999999
0.9958671169920984 -0.2855603006264109 -0.9899999999999999
1.0110960486062748 -0.23033406281481106 -0.9899999999999999
1.023261775784361 -0.17429669594870764 -0.9899999999999999
1.032321158047974 -0.11761813910485629 -0.9899999999999999
1.038240484602119 -0.06047062206689535 -0.9899999999999999
1.0409955957429111 -0.0030281419817214566 -0.9899999999999999
1.0405719752142661 0.0545340664051466 -0.9899999999999999
1.0369648131747693 0.11204006532225727 -0.9899999999999999
1.0301790395255328 0.1693137517222121 -0.9899999999999999
1.0202293274403305 0.226179396565317 -0.9899999999999999
1.00714006703048 0.28246218398546813 -0.9899999999999999
0.9909453091684712 0.3379887486840398 -0.9899999999999999
0.9716886795859933 0.3925877098998757 -0.9899999999999999
0.9494232634534563 0.4460902003108663 -0.9899999999999999
0.9242114607391171 0.49833038823502196 -0.9899999999999999
0.8961248127361507 0.5491459915164624 -0.9899999999999999
0.8652438002352567 0.5983787815042001 -0.9899999999999999
0.8316576139082908 0.6458750755590187 -0.9899999999999999
0.7954638975548025 0.6914862165559937 -0.9899999999999999
0.7567684649478508 0.7350690378872405 -0.9899999999999999
0.7156849910978939 0.7764863125111785 -0.9899999999999999
0.6723346788335972 0.8156071846408194 -0.9899999999999999
0.6268459016758596 0.8523075827142327 -0.9899999999999999
0.5793538240559293 0.8864706123452549 -0.9899999999999999
0.5300000000000005 0.9179869280115047 -0.9899999999999999
0.7200817765318392 0.6042203531053468 -0.96
0.6863341187105633 0.6437596426414091 -0.96
0.6504149109864252 0.6814135627990688 -0.96
0.6124295095753632 0.7170628255608292 -0.96
0.5724898246164799 0.7505940318911362 -0.96
0.530713990910401 0.7819000318787275 -0.96
0.4872260188649113 0.8108802664641981 -0.96
0.44215542667806573 0.8374410896649014 -0.96
0.3956368548487634 0.8614960702669389 -0.96
0.34780966416135833 0.8829662720149412 -0.96
0.298817518344033 0.9017805113943822 -0.96
0.24880795265025948 0.917875592168125 -0.96
0.19793192965850678 0.931196515898583 -0.96
0.14634338362733337 0.9416966677590524 -0.96
0.09419875478091831 0.9493379770122569 -0.96
0.04165651493389588 0.9540910516106742 -0.96
-0.01112331410613536 0.9559352864515966 -0.96
-0.06397964789488085 0.954858944899846 -0.96
-0.11675083098213117 0.9508592132723865 -0.96
-0.16927513131660052 0.9439422280615205 -0.96
-0.2213912359127425 0.9341230757566308 -0.96
-0.27293874626046943 0.9214257652083336 -0.96
-0.3237586719563732 0.9058831725631321 -0.96
-0.373693921037365 0.8875369588809919 -0.96
-0.4225897855046707 0.8664374606323969 -0.96
-0.4702944205377888 0.8426435533551688 -0.96
-0.5166593159143195 0.8162224888343541 -0.96
-0.5615397581724787 0.7872497062505607 -0.96
-0.6047952820785533 0.7558086178230062 -0.96
-0.6462901099914711 0.7219903695529547 -0.96
-0.6858935777509511 0.6858935777509512 -0.96
-0.7234805457543023 0.6476240421070366 -0.96
-0.7589317939297126 0.6072944361367296 -0.96
-0.7921343993606985 0.5650239759067445 -0.96
-0.8229820953671435 0.5209380680129894 -0.96
-0.8513756109028908 0.47516793784906136 -0.96
-0.8772229891879868 0.4278502392661398 -0.96
-0.9004398845552742 0.3791266467845335 -0.96
-0.9209498365558659 0.32914343157311177 -0.96
-0.938684520435961 0.2780510224651402 -0.96
-0.9535839731682273 0.22600355332759153 -0.96
-0.9655967942944229 0.17315839814555295 -0.96
-0.9746803209117781 0.11967569522385532 -0.96
-0.9808007762137393 0.06571786194427194 -0.96
-0.983933391075702 0.01144910154857509 -0.96
-0.98406249825813 -0.04296509655485579 -0.96
-0.9811815988826891 -0.09735846144023637 -0.96
-0.9752934009214951 -0.15156444873051192 -0.96
-0.9664098295249999 -0.2054167505279464 -0.96
-0.9545520091001848 -0.2587498056478508 -0.96
-0.9397502171373037 -0.31139930859009735 -0.96
-0.9220438098701864 -0.36320271568377827 -0.96
-0.9014811199417758 -0.41399974684596325 -0.96
-0.8781193263328906 -0.46363288140582787 -0.96
-0.8520242968978996 -0.5119478464605939 -0.96
-0.8232704039358031 -0.5587940962495753 -0.96
-0.7919403133088684 -0.6040252810572182 -0.96
-0.7581247477032312 -0.6474997041851926 -0.96
-0.7219222247064447 -0.6890807655673589 -0.96
-0.6834387704556514 -0.728637390639588 -0.96
-0.6427876096865395 -0.7660444431189779 -0.96
-0.6000888330873877 -0.8011831203937194 -0.96
-0.55546904293395 -0.8339413302757224 -0.96
-0.5090609780495863 -0.8642140479228505 -0.96
-0.4610031192005606 -0.8919036517961757 -0.96
-0.411439276098724 -0.9169202375797787 -0.96
-0.3605181572425725 -0.9391819090561848 -0.96
-0.3083929238827865 -0.9586150449993082 -0.96
-0.25522072944964097 -0.9751545412185666 -0.96
-0.2011622458269529 -0.9887440269624167 -0.96
-0.14638117790031954 -0.9993360549667539 -0.96
-0.09104376784622296 -1.006892264513122 -0.96
-0.03531829066293167 -1.0113835169433247 -0.96
0.020625457526015297 -1.0127900031604984 -0.96
0.07661667683979685 -1.011101322731815 -0.96
0.13248408510335202 -1.0063165342944176 -0.96
0.1880564418134295 -0.998444177053716 -0.96
0.24316307300477755 -0.9875022632515194 -0.96
0.297634395407746 -0.97351824157037 -0.96
0.35130243828761654 -0.9565289315296089 -0.96
0.40400136135993964 -0.9365804290178797 -0.96
0.45556796718511505 -0.9137279831956673 -0.96
0.5058422064592815 -0.8880358450898285 -0.96
0.5546676746373391 -0.8595770882895883 -0.96
0.6018920983474916 -0.8284334022399469 -0.96
0.6473678100850596 -0.7946948587135028 -0.96
0.6909522097063913 -0.758459652125184 -0.96
0.7325082112813438 -0.7198338144359474 -0.96
0.7719046739049805 -0.6789309054709807 -0.96
0.8090168151156828 -0.6358716795549845 -0.96
0.8437266056176613 -0.5907837294415779 -0.96
0.875923144060743 -0.5438011085854302 -0.96
0.9055030106891286 -0.49506393287425404 -0.96
0.932370598733406 -0.4447179630029689 -0.96
0.9564384224862753 -0.39291416873404433 -0.96
0.9776274010719707 -0.3398082763460361 -0.96
0.9958671169920984 -0.2855603006264109 -0.96
1.0110960486062748 -0.23033406281481106 -0.96
1.023261775784361 -0.17429669594870764 -0.96
1.032321158047974 -0.11761813910485629 -0.96
1.038240484602119 -0.06047062206689535 -0.96
1.0409955957429111 -0.0030281419817214566 -0.96
1.0405719752142661 0.0545340664051466 -0.96
1.0369648131747693 0.11204006532225727 -0.96
1.0301790395255328 0.1693137517222121 -0.96
1.0202293274403305 0.226179396565317 -0.96
1.00714006703048 0.28246218398546813 -0.96
0.9909453091684712 0.3379887486840398 -0.96
0.9716886795859933 0.3925877098998757 -0.96
0.9494232634534563 0.4460902003108663 -0.96
0.9242114607391171 0.49833038823502196 -0.96
0.8961248127361507 0.5491459915164624 -0.96
0.8652438002352567 0.5983787815042001 -0.96
0.8316576139082908 0.6458750755590187 -0.96
0.7954638975548025 0.6914862165559937 -0.96
0.7567684649478508 0.7350690378872405 -0.96
0.7156849910978939 0.7764863125111785 -0.96
0.6723346788335972 0.8156071846408194 -0.96
0.6268459016758596 0.8523075827142327 -0.96
0.5793538240559293 0.8864706123452549 -0.96
0.5300000000000005 0.9179869280115047 -0.96
0.7200817765318392 0.6042203531053468 -0.9299999999999999
0.6863341187105633 0.6437596426414091 -0.9299999999999999
0.6504149109864252 0.6814135627990688 -0.9299999999999999
0.6124295095753632 0.7170628255608292 -0.9299999999999999
0.5724898246164799 0.7505940318911362 -0.9299999999999999
0.530713990910401 0.7819000318787275 -0.9299999999999999
0.4872260188649113 0.8108802664641981 -0.9299999999999999
0.44215542667806573 0.8374410896649014 -0.9299999999999999
0.3956368548487634 0.8614960702669389 -0.9299999999999999
0.34780966416135833 0.8829662720149412 -0.9299999999999999
0.298817518344033 0.9017805113943822 -0.9299999999999999
0.24880795265025948 0.917875592168125 -0.9299999999999999
0.19793192965850678 0.931196515898583 -0.9299999999999999
0.14634338362733337 0.9416966677590524 -0.9299999999999999
0.09419875478091831 0.9493379770122569 -0.9299999999999999
0.04165651493389588 0.9540910516106742 -0.9299999999999999
-0.01112331410613536 0.9559352864515966 -0.9299999999999999
-0.06397964789488085 0.954858944899846 -0.9299999999999999
-0.11675083098213117 0.9508592132723865 -0.9299999999999999
-0.16927513131660052 0.9439422280615205 -0.9299999999999999
-0.2213912359127425 0.9341230757566308 -0.9299999999999999
-0.27293874626046943 0.9214257652083336 -0.9299999999999999
-0.3237586719563732 0.9058831725631321 -0.9299999999999999
-0.373693921037365 0.8875369588809919 -0.9299999999999999
-0.4225897855046707 0.8664374606323969 -0.9299999999999999
-0.4702944205377888 0.8426435533551688 -0.9299999999999999
-0.5166593159143195 0.8162224888343541 -0.9299999999999999
-0.5615397581724787 0.7872497062505607 -0.9299999999999999
-0.6047952820785533 0.7558086178230062 -0.9299999999999999
-0.6462901099914711 0.7219903695529547 -0.9299999999999999
-0.6858935777509511 0.6858935777509512 -0.9299999999999999
-0.7234805457543023 0.6476240421070366 -0.9299999999999999
-0.7589317939297126 0.6072944361367296 -0.9299999999999999
-0.7921343993606985 0.5650239759067445 -0.9299999999999999
-0.8229820953671435 0.5209380680129894 -0.9299999999999999
-0.8513756109028908 0.47516793784906136 -0.9299999999999999
-0.8772229891879868 0.4278502392661398 -0.9299999999999999
-0.9004398845552742 0.3791266467845335 -0.9299999999999999
-0.9209498365558659 0.32914343157311177 -0.9299999999999999
-0.938684520435961 0.2780510224651402 -0.9299999999999999
-0.9535839731682273 0.22600355332759153 -0.9299999999999999
-0.9655967942944229 0.17315839814555295 -0.9299999999999999
-0.9746803209117781 0.11967569522385532 -0.9299999999999999
-0.9808007762137393 0.06571786194427194 -0.9299999999999999
-0.983933391075702 0.01144910154857509 -0.9299999999999999
-0.98406249825813 -0.04296509655485579 -0.9299999999999999
-0.9811815988826891 -0.09735846144023637 -0.9299999999999999
-0.9752934009214951 -0.15156444873051192 -0.9299999999999999
-0.9664098295249999 -0.2054167505279464 -0.9299999999999999
-0.9545520091001848 -0.2587498056478508 -0.9299999999999999
-0.9397502171373037 -0.31139930859009735 -0.9299999999999999
-0.9220438098701864 -0.36320271568377827 -0.9299999999999999
-0.9014811199417758 -0.41399974684596325 -0.9299999999999999
-0.8781193263328906 -0.46363288140582787 -0.9299999999999999
-0.8520242968978996 -0.5119478464605939 -0.9299999999999999
-0.8232704039358031 -0.5587940962495753 -0.9299999999999999
-0.7919403133088684 -0.6040252810572182 -0.9299999999999999
-0.7581247477032312 -0.6474997041851926 -0.9299999999999999
-0.7219222247064447 -0.6890807655673589 -0.9299999999999999
-0.6834387704556514 -0.728637390639588 -0.9299999999999999
-0.6427876096865395 -0.7660444431189779 -0.9299999999999999
-0.6000888330873877 -0.8011831203937194 -0.9299999999999999
-0.55546904293395 -0.8339413302757224 -0.9299999999999999
-0.5090609780495863 -0.8642140479228505 -0.9299999999999999
-0.4610031192005606 -0.8919036517961757 -0.9299999999999999
-0.411439276098724 -0.9169202375797787 -0.9299999999999999
-0.3605181572425725 -0.9391819090561848 -0.9299999999999999
-0.3083929238827865 -0.9586150449993082 -0.9299999999999999
-0.25522072944964097 -0.9751545412185666 -0.9299999999999999
-0.2011622458269529 -0.9887440269624167 -0.9299999999999999
-0.14638117790031954 -0.9993360549667539 -0.9299999999999999
-0.09104376784622296 -1.006892264513122 -0.9299999999999999
-0.03531829066293167 -1.0113835169433247 -0.9299999999999999
0.020625457526015297 -1.0127900031604984 -0.9299999999999999
0.07661667683979685 -1.011101322731815 -0.9299999999999999
0.13248408510335202 -1.0063165342944176 -0.9299999999999999
0.1880564418134295 -0.998444177053716 -0.9299999999999999
0.24316307300477755 -0.9875022632515194 -0.9299999999999999
0.297634395407746 -0.97351824157037 -0.9299999999999999
0.35130243828761654 -0.9565289315296089 -0.9299999999999999
0.40400136135993964 -0.9365804290178797 -0.9299999999999999
0.45556796718511505 -0.9137279831956673 -0.9299999999999999
0.5058422064592815 -0.8880358450898285 -0.9299999999999999
0.5546676746373391 -0.8595770882895883 -0.9299999999999999
0.6018920983474916 -0.8284334022399469 -0.9299999999999999
0.6473678100850596 -0.7946948587135028 -0.9299999999999999
0.6909522097063913 -0.758459652125184 -0.9299999999999999
0.7325082112813438 -0.7198338144359474 -0.9299999999999999
0.7719046739049805 -0.6789309054709807 -0.9299999999999999
0.8090168151156828 -0.6358716795549845 -0.9299999999999999
0.8437266056176613 -0.5907837294415779 -0.9299999999999999
0.875923144060743 -0.5438011085854302 -0.9299999999999999
0.9055030106891286 -0.49506393287425404 -0.9299999999999999
0.932370598733406 -0.4447179630029689 -0.9299999999999999
0.9564384224862753 -0.39291416873404433 -0.9299999999999999
0.9776274010719707 -0.3398082763460361 -0.9299999999999999
0.9958671169920984 -0.2855603006264109 -0.9299999999999999
1.0110960486062748 -0.23033406281481106 -0.9299999999999999
1.023261775784361 -0.17429669594870764 -0.9299999999999999
1.032321158047974 -0.11761813910485629 -0.9299999999999999
1.038240484602119 -0.06047062206689535 -0.9299999999999999
1.0409955957429111 -0.0030281419817214566 -0.9299999999999999
1.0405719752142661 0.0545340664051466 -0.9299999999999999
1.0369648131747693 0.11204006532225727 -0.9299999999999999
1.0301790395255328 0.1693137517222121 -0.9299999999999999
1.0202293274403305 0.226179396565317 -0.9299999999999999
1.00714006703048 0.28246218398546813 -0.9299999999999999
0.9909453091684712 0.3379887486840398 -0.9299999999999999
0.9716886795859933 0.3925877098998757 -0.9299999999999999
0.9494232634534563 0.4460902003108663 -0.9299999999999999
0.9242114607391171 0.49833038823502196 -0.9299999999999999
0.8961248127361507 0.5491459915164624 -0.9299999999999999
0.8652438002352567 0.5983787815042001 -0.9299999999999999
0.8316576139082908 0.6458750755590187 -0.9299999999999999
0.7954638975548025 0.6914862165559937 -0.9299999999999999
0.7567684649478508 0.7350690378872405 -0.9299999999999999
0.7156849910978939 0.7764863125111785 -0.9299999999999999
0.6723346788335972 0.8156071846408194 -0.9299999999999999
0.6268459016758596 0.8523075827142327 -0.9299999999999999
0.5793538240559293 0.8864706123452549 -0.9299999999999999
0.5300000000000005 0.9179869280115047 -0.9299999999999999
0.7200817765318392 0.6042203531053468 -0.8999999999999999
0.6863341187105633 0.6437596426414091 -0.8999999999999999
0.6504149109864252 0.6814135627990688 -0.8999999999999999
0.6124295095753632 0.7170628255608292 -0.8999999999999999
0.5724898246164799 0.7505940318911362 -0.8999999999999999
0.530713990910401 0.7819000318787275 -0.8999999999999999
0.4872260188649113 0.8108802664641981 -0.8999999999999999
0.44215542667806573 0.8374410896649014 -0.8999999999999999
0.3956368548487634 0.8614960702669389 -0.8999999999999999
0.34780966416135833 0.8829662720149412 -0.8999999999999999
0.298817518344033 0.9017805113943822 -0.8999999999999999
0.24880795265025948 0.917875592168125 -0.8999999999999999
0.19793192965850678 0.931196515898583 -0.8999999999999999
0.14634338362733337 0.9416966677590524 -0.8999999999999999
0.09419875478091831 0.9493379770122569 -0.8999999999999999
0.04165651493389588 0.9540910516106742 -0.8999999999999999
-0.01112331410613536 0.9559352864515966 -0.8999999999999999
-0.06397964789488085 0.954858944899846 -0.8999999999999999
-0.11675083098213117 0.9508592132723865 -0.8999999999999999
-0.16927513131660052 0.9439422280615205 -0.8999999999999999
-0.2213912359127425 0.9341230757566308 -0.8999999999999999
-0.27293874626046943 0.9214257652083336 -0.8999999999999999
-0.3237586719563732 0.9058831725631321 -0.8999999999999999
-0.373693921037365 0.8875369588809919 -0.8999999999999999
-0.4225897855046707 0.8664374606323969 -0.8999999999999999
-0.4702944205377888 0.8426435533551688 -0.8999999999999999
-0.5166593159143195 0.8162224888343541 -0.8999999999999999
-0.5615397581724787 0.7872497062505607 -0.8999999999999999
-0.6047952820785533 0.7558086178230062 -0.8999999999999999
-0.6462901099914711 0.7219903695529547 -0.8999999999999999
-0.6858935777509511 0.6858935777509512 -0.8999999999999999
-0.7234805457543023 0.6476240421070366 -0.8999999999999999
-0.7589317939297126 0.6072944361367296 -0.8999999999999999
-0.7921343993606985 0.5650239759067445 -0.8999999999999999
-0.8229820953671435 0.5209380680129894 -0.8999999999999999
-0.8513756109028908 0.47516793784906136 -0.8999999999999999
-0.8772229891879868 0.4278502392661398 -0.8999999999999999
-0.9004398845552742 0.3791266467845335 -0.8999999999999999
-0.9209498365558659 0.32914343157311177 -0.8999999999999999
-0.938684520435961 0.2780510224651402 -0.8999999999999999
-0.9535839731682273 0.22600355332759153 -0.8999999999999999
-0.9655967942944229 0.17315839814555295 -0.8999999999999999
-0.9746803209117781 0.11967569522385532 -0.8999999999999999
-0.9808007762137393 0.06571786194427194 -0.8999999999999999
-0.983933391075702 0.01144910154857509 -0.8999999999999999
-0.98406249825813 -0.04296509655485579 -0.8999999999999999
-0.9811815988826891 -0.09735846144023637 -0.8999999999999999
-0.9752934009214951 -0.15156444873051192 -0.8999999999999999
-0.9664098295249999 -0.2054167505279464 -0.8999999999999999
-0.9545520091001848 -0.2587498056478508 -0.8999999999999999
-0.9397502171373037 -0.31139930859009735 -0.8999999999999999
-0.9220438098701864 -0.36320271568377827 -0.8999999999999999
-0.9014811199417758 -0.41399974684596325 -0.8999999999999999
-0.8781193263328906 -0.46363288140582787 -0.8999999999999999
-0.8520242968978996 -0.5119478464605939 -0.8999999999999999
-0.8232704039358031 -0.5587940962495753 -0.8999999999999999
-0.7919403133088684 -0.6040252810572182 -0.8999999999999999
-0.7581247477032312 -0.6474997041851926 -0.8999999999999999
-0.7219222247064447 -0.6890807655673589 -0.8999999999999999
-0.6834387704556514 -0.728637390639588 -0.8999999999999999
-0.6427876096865395 -0.7660444431189779 -0.8999999999999999
-0.6000888330873877 -0.8011831203937194 -0.8999999999999999
-0.55546904293395 -0.8339413302757224 -0.8999999999999999
-0.5090609780495863 -0.8642140479228505 -0.8999999999999999
-0.4610031192005606 -0.8919036517961757 -0.8999999999999999
-0.411439276098724 -0.9169202375797787 -0.8999999999999999
-0.3605181572425725 -0.9391819090561848 -0.8999999999999999
-0.3083929238827865 -0.9586150449993082 -0.8999999999999999
-0.25522072944964097 -0.9751545412185666 -0.8999999999999999
-0.2011622458269529 -0.9887440269624167 -0.8999999999999999
-0.14638117790031954 -0.9993360549667539 -0.8999999999999999
-0.09104376784622296 -1.006892264513122 -0.8999999999999999
-0.03531829066293167 -1.0113835169433247 -0.8999999999999999
0.020625457526015297 -1.0127900031604984 -0.8999999999999999
0.07661667683979685 -1.011101322731815 -0.8999999999999999
0.13248408510335202 -1.0063165342944176 -0.8999999999999999
0.1880564418134295 -0.998444177053716 -0.8999999999999999
0.24316307300477755 -0.9875022632515194 -0.8999999999999999
0.297634395407746 -0.97351824157037 -0.8999999999999999
0.35130243828761654 -0.9565289315296089 -0.8999999999999999
0.40400136135993964 -0.9365804290178797 -0.8999999999999999
0.45556796718511505 -0.9137279831956673 -0.8999999999999999
0.5058422064592815 -0.8880358450898285 -0.8999999999999999
0.5546676746373391 -0.8595770882895883 -0.8999999999999999
0.6018920983474916 -0.8284334022399469 -0.8999999999999999
0.6473678100850596 -0.7946948587135028 -0.8999999999999999
0.6909522097063913 -0.758459652125184 -0.8999999999999999
0.7325082112813438 -0.7198338144359474 -0.8999999999999999
0.7719046739049805 -0.6789309054709807 -0.8999999999999999
0.8090168151156828 -0.6358716795549845 -0.8999999999999999
0.8437266056176613 -0.5907837294415779 -0.8999999999999999
0.875923144060743 -0.5438011085854302 -0.8999999999999999
0.9055030106891286 -0.49506393287425404 -0.8999999999999999
0.932370598733406 -0.4447179630029689 -0.8999999999999999
0.9564384224862753 -0.39291416873404433 -0.8999999999999999
0.9776274010719707 -0.3398082763460361 -0.8999999999999999
0.9958671169920984 -0.2855603006264109 -0.8999999999999999
1.0110960486062748 -0.23033406281481106 -0.8999999999999999
1.023261775784361 -0.17429669594870764 -0.8999999999999999
1.032321158047974 -0.11761813910485629 -0.8999999999999999
1.038240484602119 -0.06047062206689535 -0.8999999999999999
1.0409955957429111 -0.0030281419817214566 -0.8999999999999999
1.0405719752142661 0.0545340664051466 -0.8999999999999999
1.0369648131747693 0.11204006532225727 -0.8999999999999999
1.0301790395255328 0.1693137517222121 -0.8999999999999999
1.0202293274403305 0.226179396565317 -0.8999999999999999
1.00714006703048 0.28246218398546813 -0.8999999999999999
0.9909453091684712 0.3379887486840398 -0.8999999999999999
0.9716886795859933 0.3925877098998757 -0.8999999999999999
0.9494232634534563 0.4460902003108663 -0.8999999999999999
0.9242114607391171 0.49833038823502196 -0.8999999999999999
0.8961248127361507 0.5491459915164624 -0.8999999999999999
0.8652438002352567 0.5983787815042001 -0.8999999999999999
0.8316576139082908 0.6458750755590187 -0.8999999999999999
0.7954638975548025 0.6914862165559937 -0.8999999999999999
0.7567684649478508 0.7350690378872405 -0.8999999999999999
0.7156849910978939 0.7764863125111785 -0.8999999999999999
0.6723346788335972 0.8156071846408194 -0.8999999999999999
0.6268459016758596 0.8523075827142327 -0.8999999999999999
0.5793538240559293 0.8864706123452549 -0.8999999999999999
0.5300000000000005 0.9179869280115047 -0.8999999999999999
0.7200817765318392 0.6042203531053468 -0.87
0.6863341187105633 0.6437596426414091 -0.87
0.6504149109864252 0.6814135627990688 -0.87
0.6124295095753632 0.7170628255608292 -0.87
0.5724898246164799 0.7505940318911362 -0.87
0.530713990910401 0.7819000318787275 -0.87
0.4872260188649113 0.8108802664641981 -0.87
0.44215542667806573 0.8374410896649014 -0.87
0.3956368548487634 0.8614960702669389 -0.87
0.34780966416135833 0.8829662720149412 -0.87
0.298817518344033 0.9017805113943822 -0.87
0.24880795265025948 0.917875592168125 -0.87
0.19793192965850678 0.931196515898583 -0.87
0.14634338362733337 0.9416966677590524 -0.87
0.09419875478091831 0.9493379770122569 -0.87
0.04165651493389588 0.9540910516106742 -0.87
-0.01112331410613536 0.9559352864515966 -0.87
-0.06397964789488085 0.954858944899846 -0.87
-0.11675083098213117 0.9508592132723865 -0.87
-0.16927513131660052 0.9439422280615205 -0.87
-0.2213912359127425 0.9341230757566308 -0.87
-0.27293874626046943 0.9214257652083336 -0.87
-0.3237586719563732 0.9058831725631321 -0.87
-0.373693921037365 0.8875369588809919 -0.87
-0.4225897855046707 0.8664374606323969 -0.87
-0.4702944205377888 0.8426435533551688 -0.87
-0.5166593159143195 0.8162224888343541 -0.87
-0.5615397581724787 0.7872497062505607 -0.87
-0.6047952820785533 0.7558086178230062 -0.87
-0.6462901099914711 0.7219903695529547 -0.87
-0.6858935777509511 0.6858935777509512 -0.87
-0.7234805457543023 0.6476240421070366 -0.87
-0.7589317939297126 0.6072944361367296 -0.87
-0.7921343993606985 0.5650239759067445 -0.87
-0.8229820953671435 0.5209380680129894 -0.87
-0.8513756109028908 0.47516793784906136 -0.87
-0.8772229891879868 0.4278502392661398 -0.87
-0.9004398845552742 0.3791266467845335 -0.87
-0.9209498365558659 0.32914343157311177 -0.87
-0.938684520435961 0.2780510224651402 -0.87
-0.9535839731682273 0.22600355332759153 -0.87
-0.9655967942944229 0.17315839814555295 -0.87
-0.9746803209117781 0.11967569522385532 -0.87
-0.9808007762137393 0.06571786194427194 -0.87
-0.983933391075702 0.01144910154857509 -0.87
-0.98406249825813 -0.04296509655485579 -0.87
-0.9811815988826891 -0.09735846144023637 -0.87
-0.9752934009214951 -0.15156444873051192 -0.87
-0.9664098295249999 -0.2054167505279464 -0.87
-0.9545520091001848 -0.2587498056478508 -0.87
-0.9397502171373037 -0.31139930859009735 -0.87
-0.9220438098701864 -0.36320271568377827 -0.87
-0.9014811199417758 -0.41399974684596325 -0.87
-0.8781193263328906 -0.46363288140582787 -0.87
-0.8520242968978996 -0.5119478464605939 -0.87
-0.8232704039358031 -0.5587940962495753 -0.87
-0.7919403133088684 -0.6040252810572182 -0.87
-0.7581247477032312 -0.6474997041851926 -0.87
-0.7219222247064447 -0.6890807655673589 -0.87
-0.6834387704556514 -0.728637390639588 -0.87
-0.6427876096865395 -0.7660444431189779 -0.87
-0.6000888330873877 -0.8011831203937194 -0.87
-0.55546904293395 -0.8339413302757224 -0.87
-0.5090609780495863 -0.8642140479228505 -0.87
-0.4610031192005606 -0.8919036517961757 -0.87
-0.411439276098724 -0.9169202375797787 -0.87
-0.3605181572425725 -0.9391819090561848 -0.87
-0.3083929238827865 -0.9586150449993082 -0.87
-0.25522072944964097 -0.9751545412185666 -0.87
-0.2011622458269529 -0.9887440269624167 -0.87
-0.14638117790031954 -0.9993360549667539 -0.87
-0.09104376784622296 -1.006892264513122 -0.87
-0.03531829066293167 -1.0113835169433247 -0.87
0.020625457526015297 -1.0127900031604984 -0.87
0.07661667683979685 -1.011101322731815 -0.87
0.13248408510335202 -1.0063165342944176 -0.87
0.1880564418134295 -0.998444177053716 -0.87
0.24316307300477755 -0.9875022632515194 -0.87
0.297634395407746 -0.97351824157037 -0.87
0.35130243828761654 -0.9565289315296089 -0.87
0.40400136135993964 -0.9365804290178797 -0.87
0.45556796718511505 -0.9137279831956673 -0.87
0.5058422064592815 -0.8880358450898285 -0.87
0.5546676746373391 -0.8595770882895883 -0.87
0.6018920983474916 -0.8284334022399469 -0.87
0.6473678100850596 -0.7946948587135028 -0.87
0.6909522097063913 -0.758459652125184 -0.87
0.7325082112813438 -0.7198338144359474 -0.87
0.7719046739049805 -0.6789309054709807 -0.87
0.8090168151156828 -0.6358716795549845 -0.87
0.8437266056176613 -0.5907837294415779 -0.87
0.875923144060743 -0.5438011085854302 -0.87
0.9055030106891286 -0.49506393287425404 -0.87
0.932370598733406 -0.4447179630029689 -0.87
0.9564384224862753 -0.39291416873404433 -0.87
0.9776274010719707 -0.3398082763460361 -0.87
0.9958671169920984 -0.2855603006264109 -0.87
1.0110960486062748 -0.23033406281481106 -0.87
1.023261775784361 -0.17429669594870764 -0.87
1.032321158047974 -0.11761813910485629 -0.87
1.038240484602119 -0.06047062206689535 -0.87
1.0409955957429111 -0.0030281419817214566 -0.87
1.0405719752142661 0.0545340664051466 -0.87
1.0369648131747693 0.11204006532225727 -0.87
1.0301790395255328 0.1693137517222121 -0.87
1.0202293274403305 0.226179396565317 -0.87
1.00714006703048 0.28246218398546813 -0.87
0.9909453091684712 0.3379887486840398 -0.87
0.9716886795859933 0.3925877098998757 -0.87
0.9494232634534563 0.4460902003108663 -0.87
0.9242114607391171 0.49833038823502196 -0.87
0.8961248127361507 0.5491459915164624 -0.87
0.8652438002352567 0.5983787815042001 -0.87
0.8316576139082908 0.6458750755590187 -0.87
0.7954638975548025 0.6914862165559937 -0.87
0.7567684649478508 0.7350690378872405 -0.87
0.7156849910978939 0.7764863125111785 -0.87
0.6723346788335972 0.8156071846408194 -0.87
0.6268459016758596 0.8523075827142327 -0.87
0.5793538240559293 0.8864706123452549 -0.87
0.5300000000000005 0.9179869280115047 -0.87
0.7200817765318392 0.6042203531053468 -0.84
0.6863341187105633 0.6437596426414091 -0.84
0.6504149109864252 0.6814135627990688 -0.84
0.6124295095753632 0.7170628255608292 -0.84
0.5724898246164799 0.7505940318911362 -0.84
0.530713990910401 0.7819000318787275 -0.84
0.4872260188649113 0.8108802664641981 -0.84
0.44215542667806573 0.8374410896649014 -0.84
0.3956368548487634 0.8614960702669389 -0.84
0.34780966416135833 0.8829662720149412 -0.84
0.298817518344033 0.9017805113943822 -0.84
0.24880795265025948 0.917875592168125 -0.84
0.19793192965850678 0.931196515898583 -0.84
0.14634338362733337 0.9416966677590524 -0.84
0.09419875478091831 0.9493379770122569 -0.84
0.04165651493389588 0.9540910516106742 -0.84
-0.01112331410613536 0.9559352864515966 -0.84
-0.06397964789488085 0.954858944899846 -0.84
-0.11675083098213117 0.9508592132723865 -0.84
-0.16927513131660052 0.9439422280615205 -0.84
-0.2213912359127425 0.9341230757566308 -0.84
-0.27293874626046943 0.9214257652083336 -0.84
-0.3237586719563732 0.9058831725631321 -0.84
-0.373693921037365 0.8875369588809919 -0.84
-0.4225897855046707 0.8664374606323969 -0.84
-0.4702944205377888 0.8426435533551688 -0.84
-0.5166593159143195 0.8162224888343541 -0.84
-0.5615397581724787 0.7872497062505607 -0.84
-0.6047952820785533 0.7558086178230062 -0.84
-0.6462901099914711 0.7219903695529547 -0.84
-0.6858935777509511 0.6858935777509512 -0.84
-0.7234805457543023 0.6476240421070366 -0.84
-0.7589317939297126 0.6072944361367296 -0.84
-0.7921343993606985 0.5650239759067445 -0.84
-0.8229820953671435 0.5209380680129894 -0.84
-0.8513756109028908 0.47516793784906136 -0.84
-0.8772229891879868 0.4278502392661398 -0.84
-0.9004398845552742 0.3791266467845335 -0.84
-0.9209498365558659 0.32914343157311177 -0.84
-0.938684520435961 0.2780510224651402 -0.84
-0.9535839731682273 0.22600355332759153 -0.84
-0.9655967942944229 0.17315839814555295 -0.84
-0.9746803209117781 0.11967569522385532 -0.84
-0.9808007762137393 0.06571786194427194 -0.84
-0.983933391075702 0.01144910154857509 -0.84
-0.98406249825813 -0.04296509655485579 -0.84
-0.9811815988826891 -0.09735846144023637 -0.84
-0.9752934009214951 -0.15156444873051192 -0.84
-0.9664098295249999 -0.2054167505279464 -0.84
-0.9545520091001848 -0.2587498056478508 -0.84
-0.9397502171373037 -0.31139930859009735 -0.84
-0.9220438098701864 -0.36320271568377827 -0.84
-0.9014811199417758 -0.41399974684596325 -0.84
-0.8781193263328906 -0.46363288140582787 -0.84
-0.8520242968978996 -0.5119478464605939 -0.84
-0.8232704039358031 -0.5587940962495753 -0.84
-0.7919403133088684 -0.6040252810572182 -0.84
-0.7581247477032312 -0.6474997041851926 -0.84
-0.7219222247064447 -0.6890807655673589 -0.84
-0.6834387704556514 -0.728637390639588 -0.84
-0.6427876096865395 -0.7660444431189779 -0.84
-0.6000888330873877 -0.8011831203937194 -0.84
-0.55546904293395 -0.8339413302757224 -0.84
-0.5090609780495863 -0.8642140479228505 -0.84
-0.4610031192005606 -0.8919036517961757 -0.84
-0.411439276098724 -0.9169202375797787 -0.84
-0.3605181572425725 -0.9391819090561848 -0.84
-0.3083929238827865 -0.9586150449993082 -0.84
-0.25522072944964097 -0.9751545412185666 -0.84
-0.2011622458269529 -0.9887440269624167 -0.84
-0.14638117790031954 -0.9993360549667539 -0.84
-0.09104376784622296 -1.006892264513122 -0.84
-0.03531829066293167 -1.0113835169433247 -0.84
0.020625457526015297 -1.0127900031604984 -0.84
0.07661667683979685 -1.011101322731815 -0.84
0.13248408510335202 -1.0063165342944176 -0.84
0.1880564418134295 -0.998444177053716 -0.84
0.24316307300477755 -0.9875022632515194 -0.84
0.297634395407746 -0.97351824157037 -0.84
0.35130243828761654 -0.9565289315296089 -0.84
0.40400136135993964 -0.9365804290178797 -0.84
0.45556796718511505 -0.9137279831956673 -0.84
0.5058422064592815 -0.8880358450898285 -0.84
0.5546676746373391 -0.8595770882895883 -0.84
0.6018920983474916 -0.8284334022399469 -0.84
0.6473678100850596 -0.7946948587135028 -0.84
0.6909522097063913 -0.758459652125184 -0.84
0.7325082112813438 -0.7198338144359474 -0.84
0.7719046739049805 -0.6789309054709807 -0.84
0.8090168151156828 -0.6358716795549845 -0.84
0.8437266056176613 -0.5907837294415779 -0.84
0.875923144060743 -0.5438011085854302 -0.84
0.9055030106891286 -0.49506393287425404 -0.84
0.932370598733406 -0.4447179630029689 -0.84
0.9564384224862753 -0.39291416873404433 -0.84
0.9776274010719707 -0.3398082763460361 -0.84
0.9958671169920984 -0.2855603006264109 -0.84
1.0110960486062748 -0.23033406281481106 -0.84
1.023261775784361 -0.17429669594870764 -0.84
1.032321158047974 -0.11761813910485629 -0.84
1.038240484602119 -0.06047062206689535 -0.84
1.0409955957429111 -0.0030281419817214566 -0.84
1.0405719752142661 0.0545340664051466 -0.84
1.0369648131747693 0.11204006532225727 -0.84
1.0301790395255328 0.1693137517222121 -0.84
1.0202293274403305 0.226179396565317 -0.84
1.00714006703048 0.28246218398546813 -0.84
0.9909453091684712 0.3379887486840398 -0.84
0.9716886795859933 0.3925877098998757 -0.84
0.9494232634534563 0.4460902003108663 -0.84
0.9242114607391171 0.49833038823502196 -0.84
0.8961248127361507 0.5491459915164624 -0.84
0.8652438002352567 0.5983787815042001 -0.84
0.8316576139082908 0.6458750755590187 -0.84
0.7954638975548025 0.6914862165559937 -0.84
0.7567684649478508 0.7350690378872405 -0.84
0.7156849910978939 0.7764863125111785 -0.84
0.6723346788335972 0.8156071846408194 -0.84
0.6268459016758596 0.8523075827142327 -0.84
0.5793538240559293 0.8864706123452549 -0.84
0.5300000000000005 0.9179869280115047 -0.84
0.7200817765318392 0.6042203531053468 -0.81
0.6863341187105633 0.6437596426414091 -0.81
0.6504149109864252 0.6814135627990688 -0.81
0.6124295095753632 0.7170628255608292 -0.81
0.5724898246164799 0.7505940318911362 -0.81
0.530713990910401 0.7819000318787275 -0.81
0.4872260188649113 0.8108802664641981 -0.81
0.44215542667806573 0.8374410896649014 -0.81
0.3956368548487634 0.8614960702669389 -0.81
0.34780966416135833 0.8829662720149412 -0.81
0.298817518344033 0.9017805113943822 -0.81
0.24880795265025948 0.917875592168125 -0.81
0.19793192965850678 0.931196515898583 -0.81
0.14634338362733337 0.9416966677590524 -0.81
0.09419875478091831 0.9493379770122569 -0.81
0.04165651493389588 0.9540910516106742 -0.81
-0.01112331410613536 0.9559352864515966 -0.81
-0.06397964789488085 0.954858944899846 -0.81
-0.11675083098213117 0.9508592132723865 -0.81
-0.16927513131660052 0.9439422280615205 -0.81
-0.2213912359127425 0.9341230757566308 -0.81
-0.27293874626046943 0.9214257652083336 -0.81
-0.3237586719563732 0.9058831725631321 -0.81
-0.373693921037365 0.8875369588809919 -0.81
-0.4225897855046707 0.8664374606323969 -0.81
-0.4702944205377888 0.8426435533551688 -0.81
-0.5166593159143195 0.8162224888343541 -0.81
-0.5615397581724787 0.7872497062505607 -0.81
-0.6047952820785533 0.7558086178230062 -0.81
-0.6462901099914711 0.7219903695529547 -0.81
-0.6858935777509511 0.6858935777509512 -0.81
-0.7234805457543023 0.6476240421070366 -0.81
-0.7589317939297126 0.6072944361367296 -0.81
-0.7921343993606985 0.5650239759067445 -0.81
-0.8229820953671435 0.5209380680129894 -0.81
-0.8513756109028908 0.47516793784906136 -0.81
-0.8772229891879868 0.4278502392661398 -0.81
-0.9004398845552742 0.3791266467845335 -0.81
-0.9209498365558659 0.32914343157311177 -0.81
-0.938684520435961 0.2780510224651402 -0.81
-0.9535839731682273 0.22600355332759153 -0.81
-0.9655967942944229 0.17315839814555295 -0.81
-0.9746803209117781 0.11967569522385532 -0.81
-0.9808007762137393 0.06571786194427194 -0.81
-0.983933391075702 0.01144910154857509 -0.81
-0.98406249825813 -0.04296509655485579 -0.81
-0.9811815988826891 -0.09735846144023637 -0.81
-0.9752934009214951 -0.15156444873051192 -0.81
-0.9664098295249999 -0.2054167505279464 -0.81
-0.9545520091001848 -0.2587498056478508 -0.81
-0.9397502171373037 -0.31139930859009735 -0.81
-0.9220438098701864 -0.36320271568377827 -0.81
-0.9014811199417758 -0.41399974684596325 -0.81
-0.8781193263328906 -0.46363288140582787 -0.81
-0.8520242968978996 -0.5119478464605939 -0.81
-0.8232704039358031 -0.5587940962495753 -0.81
-0.7919403133088684 -0.6040252810572182 -0.81
-0.7581247477032312 -0.6474997041851926 -0.81
-0.7219222247064447 -0.6890807655673589 -0.81
-0.6834387704556514 -0.728637390639588 -0.81
-0.6427876096865395 -0.7660444431189779 -0.81
-0.6000888330873877 -0.8011831203937194 -0.81
-0.55546904293395 -0.8339413302757224 -0.81
-0.5090609780495863 -0.8642140479228505 -0.81
-0.4610031192005606 -0.8919036517961757 -0.81
-0.411439276098724 -0.9169202375797787 -0.81
-0.3605181572425725 -0.9391819090561848 -0.81
-0.3083929238827865 -0.9586150449993082 -0.81
-0.25522072944964097 -0.9751545412185666 -0.81
-0.2011622458269529 -0.9887440269624167 -0.81
-0.14638117790031954 -0.9993360549667539 -0.81
-0.09104376784622296 -1.006892264513122 -0.81
-0.03531829066293167 -1.0113835169433247 -0.81
0.020625457526015297 -1.0127900031604984 -0.81
0.07661667683979685 -1.011101322731815 -0.81
0.13248408510335202 -1.0063165342944176 -0.81
0.1880564418134295 -0.998444177053716 -0.81
0.24316307300477755 -0.9875022632515194 -0.81
0.297634395407746 -0.97351824157037 -0.81
0.35130243828761654 -0.9565289315296089 -0.81
0.40400136135993964 -0.9365804290178797 -0.81
0.45556796718511505 -0.9137279831956673 -0.81
0.5058422064592815 -0.8880358450898285 -0.81
0.5546676746373391 -0.8595770882895883 -0.81
0.6018920983474916 -0.8284334022399469 -0.81
0.6473678100850596 -0.7946948587135028 -0.81
0.6909522097063913 -0.758459652125184 -0.81
0.7325082112813438 -0.7198338144359474 -0.81
0.7719046739049805 -0.6789309054709807 -0.81
0.8090168151156828 -0.6358716795549845 -0.81
0.8437266056176613 -0.5907837294415779 -0.81
0.875923144060743 -0.5438011085854302 -0.81
0.9055030106891286 -0.49506393287425404 -0.81
0.932370598733406 -0.4447179630029689 -0.81
0.9564384224862753 -0.39291416873404433 -0.81
0.9776274010719707 -0.3398082763460361 -0.81
0.9958671169920984 -0.2855603006264109 -0.81
1.0110960486062748 -0.23033406281481106 -0.81
1.023261775784361 -0.17429669594870764 -0.81
1.032321158047974 -0.11761813910485629 -0.81
1.038240484602119 -0.06047062206689535 -0.81
1.0409955957429111 -0.0030281419817214566 -0.81
1.0405719752142661 0.0545340664051466 -0.81
1.0369648131747693 0.11204006532225727 -0.81
1.0301790395255328 0.1693137517222121 -0.81
1.0202293274403305 0.226179396565317 -0.81
1.00714006703048 0.28246218398546813 -0.81
0.9909453091684712 0.3379887486840398 -0.81
0.9716886795859933 0.3925877098998757 -0.81
0.9494232634534563 0.4460902003108663 -0.81
0.9242114607391171 0.49833038823502196 -0.81
0.8961248127361507 0.5491459915164624 -0.81
0.8652438002352567 0.5983787815042001 -0.81
0.8316576139082908 0.6458750755590187 -0.81
0.7954638975548025 0.6914862165559937 -0.81
0.7567684649478508 0.7350690378872405 -0.81
0.7156849910978939 0.7764863125111785 -0.81
0.6723346788335972 0.8156071846408194 -0.81
0.6268459016758596 0.8523075827142327 -0.81
0.5793538240559293 0.8864706123452549 -0.81
0.5300000000000005 0.9179869280115047 -0.81
0.7200817765318392 0.6042203531053468 -0.78
0.6863341187105633 0.6437596426414091 -0.78
0.6504149109864252 0.6814135627990688 -0.78
0.6124295095753632 0.7170628255608292 -0.78
0.5724898246164799 0.7505940318911362 -0.78
0.530713990910401 0.7819000318787275 -0.78
0.4872260188649113 0.8108802664641981 -0.78
0.44215542667806573 0.8374410896649014 -0.78
0.3956368548487634 0.8614960702669389 -0.78
0.34780966416135833 0.8829662720149412 -0.78
0.298817518344033 0.9017805113943822 -0.78
0.24880795265025948 0.917875592168125 -0.78
0.19793192965850678 0.931196515898583 -0.78
0.14634338362733337 0.9416966677590524 -0.78
0.09419875478091831 0.9493379770122569 -0.78
0.04165651493389588 0.9540910516106742 -0.78
-0.01112331410613536 0.9559352864515966 -0.78
-0.06397964789488085 0.954858944899846 -0.78
-0.11675083098213117 0.9508592132723865 -0.78
-0.16927513131660052 0.9439422280615205 -0.78
-0.2213912359127425 0.9341230757566308 -0.78
-0.27293874626046943 0.9214257652083336 -0.78
-0.3237586719563732 0.9058831725631321 -0.78
-0.373693921037365 0.8875369588809919 -0.78
-0.4225897855046707 0.8664374606323969 -0.78
-0.4702944205377888 0.8426435533551688 -0.78
-0.5166593159143195 0.8162224888343541 -0.78
-0.5615397581724787 0.7872497062505607 -0.78
-0.6047952820785533 0.7558086178230062 -0.78
-0.6462901099914711 0.7219903695529547 -0.78
-0.6858935777509511 0.6858935777509512 -0.78
-0.7234805457543023 0.6476240421070366 -0.78
-0.7589317939297126 0.6072944361367296 -0.78
-0.7921343993606985 0.5650239759067445 -0.78
-0.8229820953671435 0.5209380680129894 -0.78
-0.8513756109028908 0.47516793784906136 -0.78
-0.8772229891879868 0.4278502392661398 -0.78
-0.9004398845552742 0.3791266467845335 -0.78
-0.9209498365558659 0.32914343157311177 -0.78
-0.938684520435961 0.2780510224651402 -0.78
-0.9535839731682273 0.22600355332759153 -0.78
-0.9655967942944229 0.17315839814555295 -0.78
-0.9746803209117781 0.11967569522385532 -0.78
-0.9808007762137393 0.06571786194427194 -0.78
-0.983933391075702 0.01144910154857509 -0.78
-0.98406249825813 -0.04296509655485579 -0.78
-0.9811815988826891 -0.09735846144023637 -0.78
-0.9752934009214951 -0.15156444873051192 -0.78
-0.9664098295249999 -0.2054167505279464 -0.78
-0.9545520091001848 -0.2587498056478508 -0.78
-0.9397502171373037 -0.31139930859009735 -0.78
-0.9220438098701864 -0.36320271568377827 -0.78
-0.9014811199417758 -0.41399974684596325 -0.78
-0.8781193263328906 -0.46363288140582787 -0.78
-0.8520242968978996 -0.5119478464605939 -0.78
-0.8232704039358031 -0.5587940962495753 -0.78
-0.7919403133088684 -0.6040252810572182 -0.78
-0.7581247477032312 -0.6474997041851926 -0.78
-0.7219222247064447 -0.6890807655673589 -0.78
-0.6834387704556514 -0.728637390639588 -0.78
-0.6427876096865395 -0.7660444431189779 -0.78
-0.6000888330873877 -0.8011831203937194 -0.78
-0.55546904293395 -0.8339413302757224 -0.78
-0.5090609780495863 -0.8642140479228505 -0.78
-0.4610031192005606 -0.8919036517961757 -0.78
-0.411439276098724 -0.9169202375797787 -0.78
-0.3605181572425725 -0.9391819090561848 -0.78
-0.3083929238827865 -0.9586150449993082 -0.78
-0.25522072944964097 -0.9751545412185666 -0.78
-0.2011622458269529 -0.9887440269624167 -0.78
-0.14638117790031954 -0.9993360549667539 -0.78
-0.09104376784622296 -1.006892264513122 -0.78
-0.03531829066293167 -1.0113835169433247 -0.78
0.020625457526015297 -1.0127900031604984 -0.78
0.07661667683979685 -1.011101322731815 -0.78
0.13248408510335202 -1.0063165342944176 -0.78
0.1880564418134295 -0.998444177053716 -0.78
0.24316307300477755 -0.9875022632515194 -0.78
0.297634395407746 -0.97351824157037 -0.78
0.35130243828761654 -0.9565289315296089 -0.78
0.40400136135993964 -0.9365804290178797 -0.78
0.45556796718511505 -0.9137279831956673 -0.78
0.5058422064592815 -0.8880358450898285 -0.78
0.5546676746373391 -0.8595770882895883 -0.78
0.6018920983474916 -0.8284334022399469 -0.78
0.6473678100850596 -0.7946948587135028 -0.78
0.6909522097063913 -0.758459652125184 -0.78
0.7325082112813438 -0.7198338144359474 -0.78
0.7719046739049805 -0.6789309054709807 -0.78
0.8090168151156828 -0.6358716795549845 -0.78
0.8437266056176613 -0.5907837294415779 -0.78
0.875923144060743 -0.5438011085854302 -0.78
0.9055030106891286 -0.49506393287425404 -0.78
0.932370598733406 -0.4447179630029689 -0.78
0.9564384224862753 -0.39291416873404433 -0.78
0.9776274010719707 -0.3398082763460361 -0.78
0.9958671169920984 -0.2855603006264109 -0.78
1.0110960486062748 -0.23033406281481106 -0.78
1.023261775784361 -0.17429669594870764 -0.78
1.032321158047974 -0.11761813910485629 -0.78
1.038240484602119 -0.06047062206689535 -0.78
1.0409955957429111 -0.0030281419817214566 -0.78
1.0405719752142661 0.0545340664051466 -0.78
1.0369648131747693 0.11204006532225727 -0.78
1.0301790395255328 0.1693137517222121 -0.78
1.0202293274403305 0.226179396565317 -0.78
1.00714006703048 0.28246218398546813 -0.78
0.9909453091684712 0.3379887486840398 -0.78
0.9716886795859933 0.3925877098998757 -0.78
0.9494232634534563 0.4460902003108663 -0.78
0.9242114607391171 0.49833038823502196 -0.78
0.8961248127361507 0.5491459915164624 -0.78
0.8652438002352567 0.5983787815042001 -0.78
0.8316576139082908 0.6458750755590187 -0.78
0.7954638975548025 0.6914862165559937 -0.78
0.7567684649478508 0.7350690378872405 -0.78
0.7156849910978939 0.7764863125111785 -0.78
0.6723346788335972 0.8156071846408194 -0.78
0.6268459016758596 0.8523075827142327 -0.78
0.5793538240559293 0.8864706123452549 -0.78
0.5300000000000005 0.9179869280115047 -0.78
0.7200817765318392 0.6042203531053468 -0.75
0.6863341187105633 0.6437596426414091 -0.75
0.6504149109864252 0.6814135627990688 -0.75
0.6124295095753632 0.7170628255608292 -0.75
0.5724898246164799 0.7505940318911362 -0.75
0.530713990910401 0.7819000318787275 -0.75
0.4872260188649113 0.8108802664641981 -0.75
0.44215542667806573 0.8374410896649014 -0.75
0.3956368548487634 0.8614960702669389 -0.75
0.34780966416135833 0.8829662720149412 -0.75
0.298817518344033 0.9017805113943822 -0.75
0.24880795265025948 0.917875592168125 -0.75
0.19793192965850678 0.931196515898583 -0.75
0.14634338362733337 0.9416966677590524 -0.75
0.09419875478091831 0.9493379770122569 -0.75
0.04165651493389588 0.9540910516106742 -0.75
-0.01112331410613536 0.9559352864515966 -0.75
-0.06397964789488085 0.954858944899846 -0.75
-0.11675083098213117 0.9508592132723865 -0.75
-0.16927513131660052 0.9439422280615205 -0.75
-0.2213912359127425 0.9341230757566308 -0.75
-0.27293874626046943 0.9214257652083336 -0.75
-0.3237586719563732 0.9058831725631321 -0.75
-0.373693921037365 0.8875369588809919 -0.75
-0.4225897855046707 0.8664374606323969 -0.75
-0.4702944205377888 0.8426435533551688 -0.75
-0.5166593159143195 0.8162224888343541 -0.75
-0.5615397581724787 0.7872497062505607 -0.75
-0.6047952820785533 0.7558086178230062 -0.75
-0.6462901099914711 0.7219903695529547 -0.75
-0.6858935777509511 0.6858935777509512 -0.75
-0.7234805457543023 0.6476240421070366 -0.75
-0.7589317939297126 0.6072944361367296 -0.75
-0.7921343993606985 0.5650239759067445 -0.75
-0.8229820953671435 0.5209380680129894 -0.75
-0.8513756109028908 0.47516793784906136 -0.75
-0.8772229891879868 0.4278502392661398 -0.75
-0.9004398845552742 0.3791266467845335 -0.75
-0.9209498365558659 0.32914343157311177 -0.75
-0.938684520435961 0.2780510224651402 -0.75
-0.9535839731682273 0.22600355332759153 -0.75
-0.9655967942944229 0.17315839814555295 -0.75
-0.9746803209117781 0.11967569522385532 -0.75
-0.9808007762137393 0.06571786194427194 -0.75
-0.983933391075702 0.01144910154857509 -0.75
-0.98406249825813 -0.04296509655485579 -0.75
-0.9811815988826891 -0.09735846144023637 -0.75
-0.9752934009214951 -0.15156444873051192 -0.75
-0.9664098295249999 -0.2054167505279464 -0.75
-0.9545520091001848 -0.2587498056478508 -0.75
-0.9397502171373037 -0.31139930859009735 -0.75
-0.9220438098701864 -0.36320271568377827 -0.75
-0.9014811199417758 -0.41399974684596325 -0.75
-0.8781193263328906 -0.46363288140582787 -0.75
-0.8520242968978996 -0.5119478464605939 -0.75
-0.8232704039358031 -0.5587940962495753 -0.75
-0.7919403133088684 -0.6040252810572182 -0.75
-0.7581247477032312 -0.6474997041851926 -0.75
-0.7219222247064447 -0.6890807655673589 -0.75
-0.6834387704556514 -0.728637390639588 -0.75
-0.6427876096865395 -0.7660444431189779 -0.75
-0.6000888330873877 -0.8011831203937194 -0.75
-0.55546904293395 -0.8339413302757224 -0.75
-0.5090609780495863 -0.8642140479228505 -0.75
-0.4610031192005606 -0.8919036517961757 -0.75
-0.411439276098724 -0.9169202375797787 -0.75
-0.3605181572425725 -0.9391819090561848 -0.75
-0.3083929238827865 -0.9586150449993082 -0.75
-0.25522072944964097 -0.9751545412185666 -0.75
-0.2011622458269529 -0.9887440269624167 -0.75
-0.14638117790031954 -0.9993360549667539 -0.75
-0.09104376784622296 -1.006892264513122 -0.75
-0.03531829066293167 -1.0113835169433247 -0.75
0.020625457526015297 -1.0127900031604984 -0.75
0.07661667683979685 -1.011101322731815 -0.75
0.13248408510335202 -1.0063165342944176 -0.75
0.1880564418134295 -0.998444177053716 -0.75
0.24316307300477755 -0.9875022632515194 -0.75
0.297634395407746 -0.97351824157037 -0.75
0.35130243828761654 -0.9565289315296089 -0.75
0.40400136135993964 -0.9365804290178797 -0.75
0.45556796718511505 -0.9137279831956673 -0.75
0.5058422064592815 -0.8880358450898285 -0.75
0.5546676746373391 -0.8595770882895883 -0.75
0.6018920983474916 -0.8284334022399469 -0.75
0.6473678100850596 -0.7946948587135028 -0.75
0.6909522097063913 -0.758459652125184 -0.75
0.7325082112813438 -0.7198338144359474 -0.75
0.7719046739049805 -0.6789309054709807 -0.75
0.8090168151156828 -0.6358716795549845 -0.75
0.8437266056176613 -0.5907837294415779 -0.75
0.875923144060743 -0.5438011085854302 -0.75
0.9055030106891286 -0.49506393287425404 -0.75
0.932370598733406 -0.4447179630029689 -0.75
0.9564384224862753 -0.39291416873404433 -0.75
0.9776274010719707 -0.3398082763460361 -0.75
0.9958671169920984 -0.2855603006264109 -0.75
1.0110960486062748 -0.23033406281481106 -0.75
1.023261775784361 -0.17429669594870764 -0.75
1.032321158047974 -0.11761813910485629 -0.75
1.038240484602119 -0.06047062206689535 -0.75
1.0409955957429111 -0.0030281419817214566 -0.75
1.0405719752142661 0.0545340664051466 -0.75
1.0369648131747693 0.11204006532225727 -0.75
1.0301790395255328 0.1693137517222121 -0.75
1.0202293274403305 0.226179396565317 -0.75
1.00714006703048 0.28246218398546813 -0.75
0.9909453091684712 0.3379887486840398 -0.75
0.9716886795859933 0.3925877098998757 -0.75
0.9494232634534563 0.4460902003108663 -0.75
0.9242114607391171 0.49833038823502196 -0.75
0.8961248127361507 0.5491459915164624 -0.75
0.8652438002352567 0.5983787815042001 -0.75
0.8316576139082908 0.6458750755590187 -0.75
0.7954638975548025 0.6914862165559937 -0.75
0.7567684649478508 0.7350690378872405 -0.75
0.7156849910978939 0.7764863125111785 -0.75
0.6723346788335972 0.8156071846408194 -0.75
0.6268459016758596 0.8523075827142327 -0.75
0.5793538240559293 0.8864706123452549 -0.75
0.5300000000000005 0.9179869280115047 -0.75
0.7200817765318392 0.6042203531053468 -0.72
0.6863341187105633 0.6437596426414091 -0.72
0.6504149109864252 0.6814135627990688 -0.72
0.6124295095753632 0.7170628255608292 -0.72
0.5724898246164799 0.7505940318911362 -0.72
0.530713990910401 0.7819000318787275 -0.72
0.4872260188649113 0.8108802664641981 -0.72
0.44215542667806573 0.8374410896649014 -0.72
0.3956368548487634 0.8614960702669389 -0.72
0.34780966416135833 0.8829662720149412 -0.72
0.298817518344033 0.9017805113943822 -0.72
0.24880795265025948 0.917875592168125 -0.72
0.19793192965850678 0.931196515898583 -0.72
0.14634338362733337 0.9416966677590524 -0.72
0.09419875478091831 0.9493379770122569 -0.72
0.04165651493389588 0.9540910516106742 -0.72
-0.01112331410613536 0.9559352864515966 -0.72
-0.06397964789488085 0.954858944899846 -0.72
-0.11675083098213117 0.9508592132723865 -0.72
-0.16927513131660052 0.9439422280615205 -0.72
-0.2213912359127425 0.9341230757566308 -0.72
-0.27293874626046943 0.9214257652083336 -0.72
-0.3237586719563732 0.9058831725631321 -0.72
-0.373693921037365 0.8875369588809919 -0.72
-0.4225897855046707 0.8664374606323969 -0.72
-0.4702944205377888 0.8426435533551688 -0.72
-0.5166593159143195 0.8162224888343541 -0.72
-0.5615397581724787 0.7872497062505607 -0.72
-0.6047952820785533 0.7558086178230062 -0.72
-0.6462901099914711 0.7219903695529547 -0.72
-0.6858935777509511 0.6858935777509512 -0.72
-0.7234805457543023 0.6476240421070366 -0.72
-0.7589317939297126 0.6072944361367296 -0.72
-0.7921343993606985 0.5650239759067445 -0.72
-0.8229820953671435 0.5209380680129894 -0.72
-0.8513756109028908 0.47516793784906136 -0.72
-0.8772229891879868 0.4278502392661398 -0.72
-0.9004398845552742 0.3791266467845335 -0.72
-0.9209498365558659 0.32914343157311177 -0.72
-0.938684520435961 0.2780510224651402 -0.72
-0.9535839731682273 0.22600355332759153 -0.72
-0.9655967942944229 0.17315839814555295 -0.72
-0.9746803209117781 0.11967569522385532 -0.72
-0.9808007762137393 0.06571786194427194 -0.72
-0.983933391075702 0.01144910154857509 -0.72
-0.98406249825813 -0.04296509655485579 -0.72
-0.9811815988826891 -0.09735846144023637 -0.72
-0.9752934009214951 -0.15156444873051192 -0.72
-0.9664098295249999 -0.2054167505279464 -0.72
-0.9545520091001848 -0.2587498056478508 -0.72
-0.9397502171373037 -0.31139930859009735 -0.72
-0.9220438098701864 -0.36320271568377827 -0.72
-0.9014811199417758 -0.41399974684596325 -0.72
-0.8781193263328906 -0.46363288140582787 -0.72
-0.8520242968978996 -0.5119478464605939 -0.72
-0.8232704039358031 -0.5587940962495753 -0.72
-0.7919403133088684 -0.6040252810572182 -0.72
-0.7581247477032312 -0.6474997041851926 -0.72
-0.7219222247064447 -0.6890807655673589 -0.72
-0.6834387704556514 -0.728637390639588 -0.72
-0.6427876096865395 -0.7660444431189779 -0.72
-0.6000888330873877 -0.8011831203937194 -0.72
-0.55546904293395 -0.8339413302757224 -0.72
-0.5090609780495863 -0.8642140479228505 -0.72
-0.4610031192005606 -0.8919036517961757 -0.72
-0.411439276098724 -0.9169202375797787 -0.72
-0.3605181572425725 -0.9391819090561848 -0.72
-0.3083929238827865 -0.9586150449993082 -0.72
-0.25522072944964097 -0.9751545412185666 -0.72
-0.2011622458269529 -0.9887440269624167 -0.72
-0.14638117790031954 -0.9993360549667539 -0.72
-0.09104376784622296 -1.006892264513122 -0.72
-0.03531829066293167 -1.0113835169433247 -0.72
0.020625457526015297 -1.0127900031604984 -0.72
0.07661667683979685 -1.011101322731815 -0.72
0.13248408510335202 -1.0063165342944176 -0.72
0.1880564418134295 -0.998444177053716 -0.72
0.24316307300477755 -0.9875022632515194 -0.72
0.297634395407746 -0.97351824157037 -0.72
0.35130243828761654 -0.9565289315296089 -0.72
0.40400136135993964 -0.9365804290178797 -0.72
0.45556796718511505 -0.9137279831956673 -0.72
0.5058422064592815 -0.8880358450898285 -0.72
0.5546676746373391 -0.8595770882895883 -0.72
0.6018920983474916 -0.8284334022399469 -0.72
0.6473678100850596 -0.7946948587135028 -0.72
0.6909522097063913 -0.758459652125184 -0.72
0.7325082112813438 -0.7198338144359474 -0.72
0.7719046739049805 -0.6789309054709807 -0.72
0.8090168151156828 -0.6358716795549845 -0.72
0.8437266056176613 -0.5907837294415779 -0.72
0.875923144060743 -0.5438011085854302 -0.72
0.9055030106891286 -0.49506393287425404 -0.72
0.932370598733406 -0.4447179630029689 -0.72
0.9564384224862753 -0.39291416873404433 -0.72
0.9776274010719707 -0.3398082763460361 -0.72
0.9958671169920984 -0.2855603006264109 -0.72
1.0110960486062748 -0.23033406281481106 -0.72
1.023261775784361 -0.17429669594870764 -0.72
1.032321158047974 -0.11761813910485629 -0.72
1.038240484602119 -0.06047062206689535 -0.72
1.0409955957429111 -0.0030281419817214566 -0.72
1.0405719752142661 0.0545340664051466 -0.72
1.0369648131747693 0.11204006532225727 -0.72
1.0301790395255328 0.1693137517222121 -0.72
1.0202293274403305 0.226179396565317 -0.72
1.00714006703048 0.28246218398546813 -0.72
0.9909453091684712 0.3379887486840398 -0.72
0.9716886795859933 0.3925877098998757 -0.72
0.9494232634534563 0.4460902003108663 -0.72
0.9242114607391171 0.49833038823502196 -0.72
0.8961248127361507 0.5491459915164624 -0.72
0.8652438002352567 0.5983787815042001 -0.72
0.8316576139082908 0.6458750755590187 -0.72
0.7954638975548025 0.6914862165559937 -0.72
0.7567684649478508 0.7350690378872405 -0.72
0.7156849910978939 0.7764863125111785 -0.72
0.6723346788335972 0.8156071846408194 -0.72
0.6268459016758596 0.8523075827142327 -0.72
0.5793538240559293 0.8864706123452549 -0.72
0.5300000000000005 0.9179869280115047 -0.72
0.7200817765318392 0.6042203531053468 -0.69
0.6863341187105633 0.6437596426414091 -0.69
0.6504149109864252 0.6814135627990688 -0.69
0.6124295095753632 0.7170628255608292 -0.69
0.5724898246164799 0.7505940318911362 -0.69
0.530713990910401 0.7819000318787275 -0.69
0.4872260188649113 0.8108802664641981 -0.69
0.44215542667806573 0.8374410896649014 -0.69
0.3956368548487634 0.8614960702669389 -0.69
0.34780966416135833 0.8829662720149412 -0.69
0.298817518344033 0.9017805113943822 -0.69
0.24880795265025948 0.917875592168125 -0.69
0.19793192965850678 0.931196515898583 -0.69
0.14634338362733337 0.9416966677590524 -0.69
0.09419875478091831 0.9493379770122569 -0.69
0.04165651493389588 0.9540910516106742 -0.69
-0.01112331410613536 0.9559352864515966 -0.69
-0.06397964789488085 0.954858944899846 -0.69
-0.11675083098213117 0.9508592132723865 -0.69
-0.16927513131660052 0.9439422280615205 -0.69
-0.2213912359127425 0.9341230757566308 -0.69
-0.27293874626046943 0.9214257652083336 -0.69
-0.3237586719563732 0.9058831725631321 -0.69
-0.373693921037365 0.8875369588809919 -0.69
-0.4225897855046707 0.8664374606323969 -0.69
-0.4702944205377888 0.8426435533551688 -0.69
-0.5166593159143195 0.8162224888343541 -0.69
-0.5615397581724787 0.7872497062505607 -0.69
-0.6047952820785533 0.7558086178230062 -0.69
-0.6462901099914711 0.7219903695529547 -0.69
-0.6858935777509511 0.6858935777509512 -0.69
-0.7234805457543023 0.6476240421070366 -0.69
-0.7589317939297126 0.6072944361367296 -0.69
-0.7921343993606985 0.5650239759067445 -0.69
-0.8229820953671435 0.5209380680129894 -0.69
-0.8513756109028908 0.47516793784906136 -0.69
-0.8772229891879868 0.4278502392661398 -0.69
-0.9004398845552742 0.3791266467845335 -0.69
-0.9209498365558659 0.32914343157311177 -0.69
-0.938684520435961 0.2780510224651402 -0.69
-0.9535839731682273 0.22600355332759153 -0.69
-0.9655967942944229 0.17315839814555295 -0.69
-0.9746803209117781 0.11967569522385532 -0.69
-0.9808007762137393 0.06571786194427194 -0.69
-0.983933391075702 0.01144910154857509 -0.69
-0.98406249825813 -0.04296509655485579 -0.69
-0.9811815988826891 -0.09735846144023637 -0.69
-0.9752934009214951 -0.15156444873051192 -0.69
-0.9664098295249999 -0.2054167505279464 -0.69
-0.9545520091001848 -0.2587498056478508 -0.69
-0.9397502171373037 -0.31139930859009735 -0.69
-0.9220438098701864 -0.36320271568377827 -0.69
-0.9014811199417758 -0.41399974684596325 -0.69
-0.8781193263328906 -0.46363288140582787 -0.69
-0.8520242968978996 -0.5119478464605939 -0.69
-0.8232704039358031 -0.5587940962495753 -0.69
-0.7919403133088684 -0.6040252810572182 -0.69
-0.7581247477032312 -0.6474997041851926 -0.69
-0.7219222247064447 -0.6890807655673589 -0.69
-0.6834387704556514 -0.728637390639588 -0.69
-0.6427876096865395 -0.7660444431189779 -0.69
-0.6000888330873877 -0.8011831203937194 -0.69
-0.55546904293395 -0.8339413302757224 -0.69
-0.5090609780495863 -0.8642140479228505 -0.69
-0.4610031192005606 -0.8919036517961757 -0.69
-0.411439276098724 -0.9169202375797787 -0.69
-0.3605181572425725 -0.9391819090561848 -0.69
-0.3083929238827865 -0.9586150449993082 -0.69
-0.25522072944964097 -0.9751545412185666 -0.69
-0.2011622458269529 -0.9887440269624167 -0.69
-0.14638117790031954 -0.9993360549667539 -0.69
-0.09104376784622296 -1.006892264513122 -0.69
-0.03531829066293167 -1.0113835169433247 -0.69
0.020625457526015297 -1.0127900031604984 -0.69
0.07661667683979685 -1.011101322731815 -0.69
0.13248408510335202 -1.0063165342944176 -0.69
0.1880564418134295 -0.998444177053716 -0.69
0.24316307300477755 -0.9875022632515194 -0.69
0.297634395407746 -0.97351824157037 -0.69
0.35130243828761654 -0.9565289315296089 -0.69
0.40400136135993964 -0.9365804290178797 -0.69
0.45556796718511505 -0.9137279831956673 -0.69
0.5058422064592815 -0.8880358450898285 -0.69
0.5546676746373391 -0.8595770882895883 -0.69
0.6018920983474916 -0.8284334022399469 -0.69
0.6473678100850596 -0.7946948587135028 -0.69
0.6909522097063913 -0.758459652125184 -0.69
0.7325082112813438 -0.7198338144359474 -0.69
0.7719046739049805 -0.6789309054709807 -0.69
0.8090168151156828 -0.6358716795549845 -0.69
0.8437266056176613 -0.5907837294415779 -0.69
0.875923144060743 -0.5438011085854302 -0.69
0.9055030106891286 -0.49506393287425404 -0.69
0.932370598733406 -0.4447179630029689 -0.69
0.9564384224862753 -0.39291416873404433 -0.69
0.9776274010719707 -0.3398082763460361 -0.69
0.9958671169920984 -0.2855603006264109 -0.69
1.0110960486062748 -0.23033406281481106 -0.69
1.023261775784361 -0.17429669594870764 -0.69
1.032321158047974 -0.11761813910485629 -0.69
1.038240484602119 -0.06047062206689535 -0.69
1.0409955957429111 -0.0030281419817214566 -0.69
1.0405719752142661 0.0545340664051466 -0.69
1.0369648131747693 0.11204006532225727 -0.69
1.0301790395255328 0.1693137517222121 -0.69
1.0202293274403305 0.226179396565317 -0.69
1.00714006703048 0.28246218398546813 -0.69
0.9909453091684712 0.3379887486840398 -0.69
0.9716886795859933 0.3925877098998757 -0.69
0.9494232634534563 0.4460902003108663 -0.69
0.9242114607391171 0.49833038823502196 -0.69
0.8961248127361507 0.5491459915164624 -0.69
0.8652438002352567 0.5983787815042001 -0.69
0.8316576139082908 0.6458750755590187 -0.69
0.7954638975548025 0.6914862165559937 -0.69
0.7567684649478508 0.7350690378872405 -0.69
0.7156849910978939 0.7764863125111785 -0.69
0.6723346788335972 0.8156071846408194 -0.69
0.6268459016758596 0.8523075827142327 -0.69
0.5793538240559293 0.8864706123452549 -0.69
0.5300000000000005 0.9179869280115047 -0.69
0.7200817765318392 0.6042203531053468 -0.66
0.6863341187105633 0.6437596426414091 -0.66
0.6504149109864252 0.6814135627990688 -0.66
0.6124295095753632 0.7170628255608292 -0.66
0.5724898246164799 0.7505940318911362 -0.66
0.530713990910401 0.7819000318787275 -0.66
0.4872260188649113 0.8108802664641981 -0.66
0.44215542667806573 0.8374410896649014 -0.66
0.3956368548487634 0.8614960702669389 -0.66
0.34780966416135833 0.8829662720149412 -0.66
0.298817518344033 0.9017805113943822 -0.66
0.24880795265025948 0.917875592168125 -0.66
0.19793192965850678 0.931196515898583 -0.66
0.14634338362733337 0.9416966677590524 -0.66
0.09419875478091831 0.9493379770122569 -0.66
0.04165651493389588 0.9540910516106742 -0.66
-0.01112331410613536 0.9559352864515966 -0.66
-0.06397964789488085 0.954858944899846 -0.66
-0.11675083098213117 0.9508592132723865 -0.66
-0.16927513131660052 0.9439422280615205 -0.66
-0.2213912359127425 0.9341230757566308 -0.66
-0.27293874626046943 0.9214257652083336 -0.66
-0.3237586719563732 0.9058831725631321 -0.66
-0.373693921037365 0.8875369588809919 -0.66
-0.4225897855046707 0.8664374606323969 -0.66
-0.4702944205377888 0.8426435533551688 -0.66
-0.5166593159143195 0.8162224888343541 -0.66
-0.5615397581724787 0.7872497062505607 -0.66
-0.6047952820785533 0.7558086178230062 -0.66
-0.6462901099914711 0.7219903695529547 -0.66
-0.6858935777509511 0.6858935777509512 -0.66
-0.7234805457543023 0.6476240421070366 -0.66
-0.7589317939297126 0.6072944361367296 -0.66
-0.7921343993606985 0.5650239759067445 -0.66
-0.8229820953671435 0.5209380680129894 -0.66
-0.8513756109028908 0.47516793784906136 -0.66
-0.8772229891879868 0.4278502392661398 -0.66
-0.9004398845552742 0.3791266467845335 -0.66
-0.9209498365558659 0.32914343157311177 -0.66
-0.938684520435961 0.2780510224651402 -0.66
-0.9535839731682273 0.22600355332759153 -0.66
-0.9655967942944229 0.17315839814555295 -0.66
-0.9746803209117781 0.11967569522385532 -0.66
-0.9808007762137393 0.06571786194427194 -0.66
-0.983933391075702 0.01144910154857509 -0.66
-0.98406249825813 -0.04296509655485579 -0.66
-0.9811815988826891 -0.09735846144023637 -0.66
-0.9752934009214951 -0.15156444873051192 -0.66
-0.9664098295249999 -0.2054167505279464 -0.66
-0.9545520091001848 -0.2587498056478508 -0.66
-0.9397502171373037 -0.31139930859009735 -0.66
-0.9220438098701864 -0.36320271568377827 -0.66
-0.9014811199417758 -0.41399974684596325 -0.66
-0.8781193263328906 -0.46363288140582787 -0.66
-0.8520242968978996 -0.5119478464605939 -0.66
-0.8232704039358031 -0.5587940962495753 -0.66
-0.7919403133088684 -0.6040252810572182 -0.66
-0.7581247477032312 -0.6474997041851926 -0.66
-0.7219222247064447 -0.6890807655673589 -0.66
-0.6834387704556514 -0.728637390639588 -0.66
-0.6427876096865395 -0.7660444431189779 -0.66
-0.6000888330873877 -0.8011831203937194 -0.66
-0.55546904293395 -0.8339413302757224 -0.66
-0.5090609780495863 -0.8642140479228505 -0.66
-0.4610031192005606 -0.8919036517961757 -0.66
-0.411439276098724 -0.9169202375797787 -0.66
-0.3605181572425725 -0.9391819090561848 -0.66
-0.3083929238827865 -0.9586150449993082 -0.66
-0.25522072944964097 -0.9751545412185666 -0.66
-0.2011622458269529 -0.9887440269624167 -0.66
-0.14638117790031954 -0.9993360549667539 -0.66
-0.09104376784622296 -1.006892264513122 -0.66
-0.03531829066293167 -1.0113835169433247 -0.66
0.020625457526015297 -1.0127900031604984 -0.66
0.07661667683979685 -1.011101322731815 -0.66
0.13248408510335202 -1.0063165342944176 -0.66
0.1880564418134295 -0.998444177053716 -0.66
0.24316307300477755 -0.9875022632515194 -0.66
0.297634395407746 -0.97351824157037 -0.66
0.35130243828761654 -0.9565289315296089 -0.66
0.40400136135993964 -0.9365804290178797 -0.66
0.45556796718511505 -0.9137279831956673 -0.66
0.5058422064592815 -0.8880358450898285 -0.66
0.5546676746373391 -0.8595770882895883 -0.66
0.6018920983474916 -0.8284334022399469 -0.66
0.6473678100850596 -0.7946948587135028 -0.66
0.6909522097063913 -0.758459652125184 -0.66
0.7325082112813438 -0.7198338144359474 -0.66
0.7719046739049805 -0.6789309054709807 -0.66
0.8090168151156828 -0.6358716795549845 -0.66
0.8437266056176613 -0.5907837294415779 -0.66
0.875923144060743 -0.5438011085854302 -0.66
0.9055030106891286 -0.49506393287425404 -0.66
0.932370598733406 -0.4447179630029689 -0.66
0.9564384224862753 -0.39291416873404433 -0.66
0.9776274010719707 -0.3398082763460361 -0.66
0.9958671169920984 -0.2855603006264109 -0.66
1.0110960486062748 -0.23033406281481106 -0.66
1.023261775784361 -0.17429669594870764 -0.66
1.032321158047974 -0.11761813910485629 -0.66
1.038240484602119 -0.06047062206689535 -0.66
1.0409955957429111 -0.0030281419817214566 -0.66
1.0405719752142661 0.0545340664051466 -0.66
1.0369648131747693 0.11204006532225727 -0.66
1.0301790395255328 0.1693137517222121 -0.66
1.0202293274403305 0.226179396565317 -0.66
1.00714006703048 0.28246218398546813 -0.66
0.9909453091684712 0.3379887486840398 -0.66
0.9716886795859933 0.3925877098998757 -0.66
0.9494232634534563 0.4460902003108663 -0.66
0.9242114607391171 0.49833038823502196 -0.66
0.8961248127361507 0.5491459915164624 -0.66
0.8652438002352567 0.5983787815042001 -0.66
0.8316576139082908 0.6458750755590187 -0.66
0.7954638975548025 0.6914862165559937 -0.66
0.7567684649478508 0.7350690378872405 -0.66
0.7156849910978939 0.7764863125111785 -0.66
0.6723346788335972 0.8156071846408194 -0.66
0.6268459016758596 0.8523075827142327 -0.66
0.5793538240559293 0.8864706123452549 -0.66
0.5300000000000005 0.9179869280115047 -0.66
0.7200817765318392 0.6042203531053468 -0.63
0.6863341187105633 0.6437596426414091 -0.63
0.6504149109864252 0.6814135627990688 -0.63
0.6124295095753632 0.7170628255608292 -0.63
0.5724898246164799 0.7505940318911362 -0.63
0.530713990910401 0.7819000318787275 -0.63
0.4872260188649113 0.8108802664641981 -0.63
0.44215542667806573 0.8374410896649014 -0.63
0.3956368548487634 0.8614960702669389 -0.63
0.34780966416135833 0.8829662720149412 -0.63
0.298817518344033 0.9017805113943822 -0.63
0.24880795265025948 0.917875592168125 -0.63
0.19793192965850678 0.931196515898583 -0.63
0.14634338362733337 0.9416966677590524 -0.63
0.09419875478091831 0.9493379770122569 -0.63
0.04165651493389588 0.9540910516106742 -0.63
-0.01112331410613536 0.9559352864515966 -0.63
-0.06397964789488085 0.954858944899846 -0.63
-0.11675083098213117 0.9508592132723865 -0.63
-0.16927513131660052 0.9439422280615205 -0.63
-0.2213912359127425 0.9341230757566308 -0.63
-0.27293874626046943 0.9214257652083336 -0.63
-0.3237586719563732 0.9058831725631321 -0.63
-0.373693921037365 0.8875369588809919 -0.63
-0.4225897855046707 0.8664374606323969 -0.63
-0.4702944205377888 0.8426435533551688 -0.63
-0.5166593159143195 0.8162224888343541 -0.63
-0.5615397581724787 0.7872497062505607 -0.63
-0.6047952820785533 0.7558086178230062 -0.63
-0.6462901099914711 0.7219903695529547 -0.63
-0.6858935777509511 0.6858935777509512 -0.63
-0.7234805457543023 0.6476240421070366 -0.63
-0.7589317939297126 0.6072944361367296 -0.63
-0.7921343993606985 0.5650239759067445 -0.63
-0.8229820953671435 0.5209380680129894 -0.63
-0.8513756109028908 0.47516793784906136 -0.63
-0.8772229891879868 0.4278502392661398 -0.63
-0.9004398845552742 0.3791266467845335 -0.63
-0.9209498365558659 0.32914343157311177 -0.63
-0.938684520435961 0.2780510224651402 -0.63
-0.9535839731682273 0.22600355332759153 -0.63
-0.9655967942944229 0.17315839814555295 -0.63
-0.9746803209117781 0.11967569522385532 -0.63
-0.9808007762137393 0.06571786194427194 -0.63
-0.983933391075702 0.01144910154857509 -0.63
-0.98406249825813 -0.04296509655485579 -0.63
-0.9811815988826891 -0.09735846144023637 -0.63
-0.9752934009214951 -0.15156444873051192 -0.63
-0.9664098295249999 -0.2054167505279464 -0.63
-0.9545520091001848 -0.2587498056478508 -0.63
-0.9397502171373037 -0.31139930859009735 -0.63
-0.9220438098701864 -0.36320271568377827 -0.63
-0.9014811199417758 -0.41399974684596325 -0.63
-0.8781193263328906 -0.46363288140582787 -0.63
-0.8520242968978996 -0.5119478464605939 -0.63
-0.8232704039358031 -0.5587940962495753 -0.63
-0.7919403133088684 -0.6040252810572182 -0.63
-0.7581247477032312 -0.6474997041851926 -0.63
-0.7219222247064447 -0.6890807655673589 -0.63
-0.6834387704556514 -0.728637390639588 -0.63
-0.6427876096865395 -0.7660444431189779 -0.63
-0.6000888330873877 -0.8011831203937194 -0.63
-0.55546904293395 -0.8339413302757224 -0.63
-0.5090609780495863 -0.8642140479228505 -0.63
-0.4610031192005606 -0.8919036517961757 -0.63
-0.411439276098724 -0.9169202375797787 -0.63
-0.3605181572425725 -0.9391819090561848 -0.63
-0.3083929238827865 -0.9586150449993082 -0.63
-0.25522072944964097 -0.9751545412185666 -0.63
-0.2011622458269529 -0.9887440269624167 -0.63
-0.14638117790031954 -0.9993360549667539 -0.63
-0.09104376784622296 -1.006892264513122 -0.63
-0.03531829066293167 -1.0113835169433247 -0.63
0.020625457526015297 -1.0127900031604984 -0.63
0.07661667683979685 -1.011101322731815 -0.63
0.13248408510335202 -1.0063165342944176 -0.63
0.1880564418134295 -0.998444177053716 -0.63
0.24316307300477755 -0.9875022632515194 -0.63
0.297634395407746 -0.97351824157037 -0.63
0.35130243828761654 -0.9565289315296089 -0.63
0.40400136135993964 -0.9365804290178797 -0.63
0.45556796718511505 -0.9137279831956673 -0.63
0.5058422064592815 -0.8880358450898285 -0.63
0.5546676746373391 -0.8595770882895883 -0.63
0.6018920983474916 -0.8284334022399469 -0.63
0.6473678100850596 -0.7946948587135028 -0.63
0.6909522097063913 -0.758459652125184 -0.63
0.7325082112813438 -0.7198338144359474 -0.63
0.7719046739049805 -0.6789309054709807 -0.63
0.8090168151156828 -0.6358716795549845 -0.63
0.8437266056176613 -0.5907837294415779 -0.63
0.875923144060743 -0.5438011085854302 -0.63
0.9055030106891286 -0.49506393287425404 -0.63
0.932370598733406 -0.4447179630029689 -0.63
0.9564384224862753 -0.39291416873404433 -0.63
0.9776274010719707 -0.3398082763460361 -0.63
0.9958671169920984 -0.2855603006264109 -0.63
1.0110960486062748 -0.23033406281481106 -0.63
1.023261775784361 -0.17429669594870764 -0.63
1.032321158047974 -0.11761813910485629 -0.63
1.038240484602119 -0.06047062206689535 -0.63
1.0409955957429111 -0.0030281419817214566 -0.63
1.0405719752142661 0.0545340664051466 -0.63
1.0369648131747693 0.11204006532225727 -0.63
1.0301790395255328 0.1693137517222121 -0.63
1.0202293274403305 0.226179396565317 -0.63
1.00714006703048 0.28246218398546813 -0.63
0.9909453091684712 0.3379887486840398 -0.63
0.9716886795859933 0.3925877098998757 -0.63
0.9494232634534563 0.4460902003108663 -0.63
0.9242114607391171 0.49833038823502196 -0.63
0.8961248127361507 0.5491459915164624 -0.63
0.8652438002352567 0.5983787815042001 -0.63
0.8316576139082908 0.6458750755590187 -0.63
0.7954638975548025 0.6914862165559937 -0.63
0.7567684649478508 0.7350690378872405 -0.63
0.7156849910978939 0.7764863125111785 -0.63
0.6723346788335972 0.8156071846408194 -0.63
0.6268459016758596 0.8523075827142327 -0.63
0.5793538240559293 0.8864706123452549 -0.63
0.5300000000000005 0.9179869280115047 -0.63
0.7200817765318392 0.6042203531053468 -0.6
0.6863341187105633 0.6437596426414091 -0.6
0.6504149109864252 0.6814135627990688 -0.6
0.6124295095753632 0.7170628255608292 -0.6
0.5724898246164799 0.7505940318911362 -0.6
0.530713990910401 0.7819000318787275 -0.6
0.4872260188649113 0.8108802664641981 -0.6
0.44215542667806573 0.8374410896649014 -0.6
0.3956368548487634 0.8614960702669389 -0.6
0.34780966416135833 0.8829662720149412 -0.6
0.298817518344033 0.9017805113943822 -0.6
0.24880795265025948 0.917875592168125 -0.6
0.19793192965850678 0.931196515898583 -0.6
0.14634338362733337 0.9416966677590524 -0.6
0.09419875478091831 0.9493379770122569 -0.6
0.04165651493389588 0.9540910516106742 -0.6
-0.01112331410613536 0.9559352864515966 -0.6
-0.06397964789488085 0.954858944899846 -0.6
-0.11675083098213117 0.9508592132723865 -0.6
-0.16927513131660052 0.9439422280615205 -0.6
-0.2213912359127425 0.9341230757566308 -0.6
-0.27293874626046943 0.9214257652083336 -0.6
-0.3237586719563732 0.9058831725631321 -0.6
-0.373693921037365 0.8875369588809919 -0.6
-0.4225897855046707 0.8664374606323969 -0.6
-0.4702944205377888 0.8426435533551688 -0.6
-0.5166593159143195 0.8162224888343541 -0.6
-0.5615397581724787 0.7872497062505607 -0.6
-0.6047952820785533 0.7558086178230062 -0.6
-0.6462901099914711 0.7219903695529547 -0.6
-0.6858935777509511 0.6858935777509512 -0.6
-0.7234805457543023 0.6476240421070366 -0.6
-0.7589317939297126 0.6072944361367296 -0.6
-0.7921343993606985 0.5650239759067445 -0.6
-0.8229820953671435 0.5209380680129894 -0.6
-0.8513756109028908 0.47516793784906136 -0.6
-0.8772229891879868 0.4278502392661398 -0.6
-0.9004398845552742 0.3791266467845335 -0.6
-0.9209498365558659 0.32914343157311177 -0.6
-0.938684520435961 0.2780510224651402 -0.6
-0.9535839731682273 0.22600355332759153 -0.6
-0.9655967942944229 0.17315839814555295 -0.6
-0.9746803209117781 0.11967569522385532 -0.6
-0.9808007762137393 0.06571786194427194 -0.6
-0.983933391075702 0.01144910154857509 -0.6
-0.98406249825813 -0.04296509655485579 -0.6
-0.9811815988826891 -0.09735846144023637 -0.6
-0.9752934009214951 -0.15156444873051192 -0.6
-0.9664098295249999 -0.2054167505279464 -0.6
-0.9545520091001848 -0.2587498056478508 -0.6
-0.9397502171373037 -0.31139930859009735 -0.6
-0.9220438098701864 -0.36320271568377827 -0.6
-0.9014811199417758 -0.41399974684596325 -0.6
-0.8781193263328906 -0.46363288140582787 -0.6
-0.8520242968978996 -0.5119478464605939 -0.6
-0.8232704039358031 -0.5587940962495753 -0.6
-0.7919403133088684 -0.6040252810572182 -0.6
-0.7581247477032312 -0.6474997041851926 -0.6
-0.7219222247064447 -0.6890807655673589 -0.6
-0.6834387704556514 -0.728637390639588 -0.6
-0.6427876096865395 -0.7660444431189779 -0.6
-0.6000888330873877 -0.8011831203937194 -0.6
-0.55546904293395 -0.8339413302757224 -0.6
-0.5090609780495863 -0.8642140479228505 -0.6
-0.4610031192005606 -0.8919036517961757 -0.6
-0.411439276098724 -0.9169202375797787 -0.6
-0.3605181572425725 -0.9391819090561848 -0.6
-0.3083929238827865 -0.9586150449993082 -0.6
-0.25522072944964097 -0.9751545412185666 -0.6
-0.2011622458269529 -0.9887440269624167 -0.6
-0.14638117790031954 -0.9993360549667539 -0.6
-0.09104376784622296 -1.006892264513122 -0.6
-0.03531829066293167 -1.0113835169433247 -0.6
0.020625457526015297 -1.0127900031604984 -0.6
0.07661667683979685 -1.011101322731815 -0.6
0.13248408510335202 -1.0063165342944176 -0.6
0.1880564418134295 -0.998444177053716 -0.6
0.24316307300477755 -0.9875022632515194 -0.6
0.297634395407746 -0.97351824157037 -0.6
0.35130243828761654 -0.9565289315296089 -0.6
0.40400136135993964 -0.9365804290178797 -0.6
0.45556796718511505 -0.9137279831956673 -0.6
0.5058422064592815 -0.8880358450898285 -0.6
0.5546676746373391 -0.8595770882895883 -0.6
0.6018920983474916 -0.8284334022399469 -0.6
0.6473678100850596 -0.7946948587135028 -0.6
0.6909522097063913 -0.758459652125184 -0.6
0.7325082112813438 -0.7198338144359474 -0.6
0.7719046739049805 -0.6789309054709807 -0.6
0.8090168151156828 -0.6358716795549845 -0.6
0.8437266056176613 -0.5907837294415779 -0.6
0.875923144060743 -0.5438011085854302 -0.6
0.9055030106891286 -0.49506393287425404 -0.6
0.932370598733406 -0.4447179630029689 -0.6
0.9564384224862753 -0.39291416873404433 -0.6
0.9776274010719707 -0.3398082763460361 -0.6
0.9958671169920984 -0.2855603006264109 -0.6
1.0110960486062748 -0.23033406281481106 -0.6
1.023261775784361 -0.17429669594870764 -0.6
1.032321158047974 -0.11761813910485629 -0.6
1.038240484602119 -0.06047062206689535 -0.6
1.0409955957429111 -0.0030281419817214566 -0.6
1.0405719752142661 0.0545340664051466 -0.6
1.0369648131747693 0.11204006532225727 -0.6
1.0301790395255328 0.1693137517222121 -0.6
1.0202293274403305 0.226179396565317 -0.6
1.00714006703048 0.28246218398546813 -0.6
0.9909453091684712 0.3379887486840398 -0.6
0.9716886795859933 0.3925877098998757 -0.6
0.9494232634534563 0.4460902003108663 -0.6
0.9242114607391171 0.49833038823502196 -0.6
0.8961248127361507 0.5491459915164624 -0.6
0.8652438002352567 0.5983787815042001 -0.6
0.8316576139082908 0.6458750755590187 -0.6
0.7954638975548025 0.6914862165559937 -0.6
0.7567684649478508 0.7350690378872405 -0.6
0.7156849910978939 0.7764863125111785 -0.6
0.6723346788335972 0.8156071846408194 -0.6
0.6268459016758596 0.8523075827142327 -0.6
0.5793538240559293 0.8864706123452549 -0.6
0.5300000000000005 0.9179869280115047 -0.6
0.7200817765318392 0.6042203531053468 -0.57
0.6863341187105633 0.6437596426414091 -0.57
0.6504149109864252 0.6814135627990688 -0.57
0.6124295095753632 0.7170628255608292 -0.57
0.5724898246164799 0.7505940318911362 -0.57
0.530713990910401 0.7819000318787275 -0.57
0.4872260188649113 0.8108802664641981 -0.57
0.44215542667806573 0.8374410896649014 -0.57
0.3956368548487634 0.8614960702669389 -0.57
0.34780966416135833 0.8829662720149412 -0.57
0.298817518344033 0.9017805113943822 -0.57
0.24880795265025948 0.917875592168125 -0.57
0.19793192965850678 0.931196515898583 -0.57
0.14634338362733337 0.9416966677590524 -0.57
0.09419875478091831 0.9493379770122569 -0.57
0.04165651493389588 0.9540910516106742 -0.57
-0.01112331410613536 0.9559352864515966 -0.57
-0.06397964789488085 0.954858944899846 -0.57
-0.11675083098213117 0.9508592132723865 -0.57
-0.16927513131660052 0.9439422280615205 -0.57
-0.2213912359127425 0.9341230757566308 -0.57
-0.27293874626046943 0.9214257652083336 -0.57
-0.3237586719563732 0.9058831725631321 -0.57
-0.373693921037365 0.8875369588809919 -0.57
-0.4225897855046707 0.8664374606323969 -0.57
-0.4702944205377888 0.8426435533551688 -0.57
-0.5166593159143195 0.8162224888343541 -0.57
-0.5615397581724787 0.7872497062505607 -0.57
-0.6047952820785533 0.7558086178230062 -0.57
-0.6462901099914711 0.7219903695529547 -0.57
-0.6858935777509511 0.6858935777509512 -0.57
-0.7234805457543023 0.6476240421070366 -0.57
-0.7589317939297126 0.6072944361367296 -0.57
-0.7921343993606985 0.5650239759067445 -0.57
-0.8229820953671435 0.5209380680129894 -0.57
-0.8513756109028908 0.47516793784906136 -0.57
-0.8772229891879868 0.4278502392661398 -0.57
-0.9004398845552742 0.3791266467845335 -0.57
-0.9209498365558659 0.32914343157311177 -0.57
-0.938684520435961 0.2780510224651402 -0.57
-0.9535839731682273 0.22600355332759153 -0.57
-0.9655967942944229 0.17315839814555295 -0.57
-0.9746803209117781 0.11967569522385532 -0.57
-0.9808007762137393 0.06571786194427194 -0.57
-0.983933391075702 0.01144910154857509 -0.57
-0.98406249825813 -0.04296509655485579 -0.57
-0.9811815988826891 -0.09735846144023637 -0.57
-0.9752934009214951 -0.15156444873051192 -0.57
-0.9664098295249999 -0.2054167505279464 -0.57
-0.9545520091001848 -0.2587498056478508 -0.57
-0.9397502171373037 -0.31139930859009735 -0.57
-0.9220438098701864 -0.36320271568377827 -0.57
-0.9014811199417758 -0.41399974684596325 -0.57
-0.8781193263328906 -0.46363288140582787 -0.57
-0.8520242968978996 -0.5119478464605939 -0.57
-0.8232704039358031 -0.5587940962495753 -0.57
-0.7919403133088684 -0.6040252810572182 -0.57
-0.7581247477032312 -0.6474997041851926 -0.57
-0.7219222247064447 -0.6890807655673589 -0.57
-0.6834387704556514 -0.728637390639588 -0.57
-0.6427876096865395 -0.7660444431189779 -0.57
-0.6000888330873877 -0.8011831203937194 -0.57
-0.55546904293395 -0.8339413302757224 -0.57
-0.5090609780495863 -0.8642140479228505 -0.57
-0.4610031192005606 -0.8919036517961757 -0.57
-0.411439276098724 -0.9169202375797787 -0.57
-0.3605181572425725 -0.9391819090561848 -0.57
-0.3083929238827865 -0.9586150449993082 -0.57
-0.25522072944964097 -0.9751545412185666 -0.57
-0.2011622458269529 -0.9887440269624167 -0.57
-0.14638117790031954 -0.9993360549667539 -0.57
-0.09104376784622296 -1.006892264513122 -0.57
-0.03531829066293167 -1.0113835169433247 -0.57
0.020625457526015297 -1.0127900031604984 -0.57
0.07661667683979685 -1.011101322731815 -0.57
0.13248408510335202 -1.0063165342944176 -0.57
0.1880564418134295 -0.998444177053716 -0.57
0.24316307300477755 -0.9875022632515194 -0.57
0.297634395407746 -0.97351824157037 -0.57
0.35130243828761654 -0.9565289315296089 -0.57
0.40400136135993964 -0.9365804290178797 -0.57
0.45556796718511505 -0.9137279831956673 -0.57
0.5058422064592815 -0.8880358450898285 -0.57
0.5546676746373391 -0.8595770882895883 -0.57
0.6018920983474916 -0.8284334022399469 -0.57
0.6473678100850596 -0.7946948587135028 -0.57
0.6909522097063913 -0.758459652125184 -0.57
0.7325082112813438 -0.7198338144359474 -0.57
0.7719046739049805 -0.6789309054709807 -0.57
0.8090168151156828 -0.6358716795549845 -0.57
0.8437266056176613 -0.5907837294415779 -0.57
0.875923144060743 -0.5438011085854302 -0.57
0.9055030106891286 -0.49506393287425404 -0.57
0.932370598733406 -0.4447179630029689 -0.57
0.9564384224862753 -0.39291416873404433 -0.57
0.9776274010719707 -0.3398082763460361 -0.57
0.9958671169920984 -0.2855603006264109 -0.57
1.0110960486062748 -0.23033406281481106 -0.57
1.023261775784361 -0.17429669594870764 -0.57
1.032321158047974 -0.11761813910485629 -0.57
1.038240484602119 -0.06047062206689535 -0.57
1.0409955957429111 -0.0030281419817214566 -0.57
1.0405719752142661 0.0545340664051466 -0.57
1.0369648131747693 0.11204006532225727 -0.57
1.0301790395255328 0.1693137517222121 -0.57
1.0202293274403305 0.226179396565317 -0.57
1.00714006703048 0.28246218398546813 -0.57
0.9909453091684712 0.3379887486840398 -0.57
0.9716886795859933 0.3925877098998757 -0.57
0.9494232634534563 0.4460902003108663 -0.57
0.9242114607391171 0.49833038823502196 -0.57
0.8961248127361507 0.5491459915164624 -0.57
0.8652438002352567 0.5983787815042001 -0.57
0.8316576139082908 0.6458750755590187 -0.57
0.7954638975548025 0.6914862165559937 -0.57
0.7567684649478508 0.7350690378872405 -0.57
0.7156849910978939 0.7764863125111785 -0.57
0.6723346788335972 0.8156071846408194 -0.57
0.6268459016758596 0.8523075827142327 -0.57
0.5793538240559293 0.8864706123452549 -0.57
0.5300000000000005 0.9179869280115047 -0.57
0.7200817765318392 0.6042203531053468 -0.5399999999999999
0.6863341187105633 0.6437596426414091 -0.5399999999999999
0.6504149109864252 0.6814135627990688 -0.5399999999999999
0.6124295095753632 0.7170628255608292 -0.5399999999999999
0.5724898246164799 0.7505940318911362 -0.5399999999999999
0.530713990910401 0.7819000318787275 -0.5399999999999999
0.4872260188649113 0.8108802664641981 -0.5399999999999999
0.44215542667806573 0.8374410896649014 -0.5399999999999999
0.3956368548487634 0.8614960702669389 -0.5399999999999999
0.34780966416135833 0.8829662720149412 -0.5399999999999999
0.298817518344033 0.9017805113943822 -0.5399999999999999
0.24880795265025948 0.917875592168125 -0.5399999999999999
0.19793192965850678 0.931196515898583 -0.5399999999999999
0.14634338362733337 0.9416966677590524 -0.5399999999999999
0.09419875478091831 0.9493379770122569 -0.5399999999999999
0.04165651493389588 0.9540910516106742 -0.5399999999999999
-0.01112331410613536 0.9559352864515966 -0.5399999999999999
-0.06397964789488085 0.954858944899846 -0.5399999999999999
-0.11675083098213117 0.9508592132723865 -0.5399999999999999
-0.16927513131660052 0.9439422280615205 -0.5399999999999999
-0.2213912359127425 0.9341230757566308 -0.5399999999999999
-0.27293874626046943 0.9214257652083336 -0.5399999999999999
-0.3237586719563732 0.9058831725631321 -0.5399999999999999
-0.373693921037365 0.8875369588809919 -0.5399999999999999
-0.4225897855046707 0.8664374606323969 -0.5399999999999999
-0.4702944205377888 0.8426435533551688 -0.5399999999999999
-0.5166593159143195 0.8162224888343541 -0.5399999999999999
-0.5615397581724787 0.7872497062505607 -0.5399999999999999
-0.6047952820785533 0.7558086178230062 -0.5399999999999999
-0.6462901099914711 0.7219903695529547 -0.5399999999999999
-0.6858935777509511 0.6858935777509512 -0.5399999999999999
-0.7234805457543023 0.6476240421070366 -0.5399999999999999
-0.7589317939297126 0.6072944361367296 -0.5399999999999999
-0.7921343993606985 0.5650239759067445 -0.5399999999999999
-0.8229820953671435 0.5209380680129894 -0.5399999999999999
-0.8513756109028908 0.47516793784906136 -0.5399999999999999
-0.8772229891879868 0.4278502392661398 -0.5399999999999999
-0.9004398845552742 0.3791266467845335 -0.5399999999999999
-0.9209498365558659 0.32914343157311177 -0.5399999999999999
-0.938684520435961 0.2780510224651402 -0.5399999999999999
-0.9535839731682273 0.22600355332759153 -0.5399999999999999
-0.9655967942944229 0.17315839814555295 -0.5399999999999999
-0.9746803209117781 0.11967569522385532 -0.5399999999999999
-0.9808007762137393 0.06571786194427194 -0.5399999999999999
-0.983933391075702 0.01144910154857509 -0.5399999999999999
-0.98406249825813 -0.04296509655485579 -0.5399999999999999
-0.9811815988826891 -0.09735846144023637 -0.5399999999999999
-0.9752934009214951 -0.15156444873051192 -0.5399999999999999
-0.9664098295249999 -0.2054167505279464 -0.5399999999999999
-0.9545520091001848 -0.2587498056478508 -0.5399999999999999
-0.9397502171373037 -0.31139930859009735 -0.5399999999999999
-0.9220438098701864 -0.36320271568377827 -0.5399999999999999
-0.9014811199417758 -0.41399974684596325 -0.5399999999999999
-0.8781193263328906 -0.46363288140582787 -0.5399999999999999
-0.8520242968978996 -0.5119478464605939 -0.5399999999999999
-0.8232704039358031 -0.5587940962495753 -0.5399999999999999
-0.7919403133088684 -0.6040252810572182 -0.5399999999999999
-0.7581247477032312 -0.6474997041851926 -0.5399999999999999
-0.7219222247064447 -0.6890807655673589 -0.5399999999999999
-0.6834387704556514 -0.728637390639588 -0.5399999999999999
-0.6427876096865395 -0.7660444431189779 -0.5399999999999999
-0.6000888330873877 -0.8011831203937194 -0.5399999999999999
-0.55546904293395 -0.8339413302757224 -0.5399999999999999
-0.5090609780495863 -0.8642140479228505 -0.5399999999999999
-0.4610031192005606 -0.8919036517961757 -0.5399999999999999
-0.411439276098724 -0.9169202375797787 -0.5399999999999999
-0.3605181572425725 -0.9391819090561848 -0.5399999999999999
-0.3083929238827865 -0.9586150449993082 -0.5399999999999999
-0.25522072944964097 -0.9751545412185666 -0.5399999999999999
-0.2011622458269529 -0.9887440269624167 -0.5399999999999999
-0.14638117790031954 -0.9993360549667539 -0.5399999999999999
-0.09104376784622296 -1.006892264513122 -0.5399999999999999
-0.03531829066293167 -1.0113835169433247 -0.5399999999999999
0.020625457526015297 -1.0127900031604984 -0.5399999999999999
0.07661667683979685 -1.011101322731815 -0.5399999999999999
0.13248408510335202 -1.0063165342944176 -0.5399999999999999
0.1880564418134295 -0.998444177053716 -0.5399999999999999
0.24316307300477755 -0.9875022632515194 -0.5399999999999999
0.297634395407746 -0.97351824157037 -0.5399999999999999
0.35130243828761654 -0.9565289315296089 -0.5399999999999999
0.40400136135993964 -0.9365804290178797 -0.5399999999999999
0.45556796718511505 -0.9137279831956673 -0.5399999999999999
0.5058422064592815 -0.8880358450898285 -0.5399999999999999
0.5546676746373391 -0.8595770882895883 -0.5399999999999999
0.6018920983474916 -0.8284334022399469 -0.5399999999999999
0.6473678100850596 -0.7946948587135028 -0.5399999999999999
0.6909522097063913 -0.758459652125184 -0.5399999999999999
0.7325082112813438 -0.7198338144359474 -0.5399999999999999
0.7719046739049805 -0.6789309054709807 -0.5399999999999999
0.8090168151156828 -0.6358716795549845 -0.5399999999999999
0.8437266056176613 -0.5907837294415779 -0.5399999999999999
0.875923144060743 -0.5438011085854302 -0.5399999999999999
0.9055030106891286 -0.49506393287425404 -0.5399999999999999
0.932370598733406 -0.4447179630029689 -0.5399999999999999
0.9564384224862753 -0.39291416873404433 -0.5399999999999999
0.9776274010719707 -0.3398082763460361 -0.5399999999999999
0.9958671169920984 -0.2855603006264109 -0.5399999999999999
1.0110960486062748 -0.23033406281481106 -0.5399999999999999
1.023261775784361 -0.17429669594870764 -0.5399999999999999
1.032321158047974 -0.11761813910485629 -0.5399999999999999
1.038240484602119 -0.06047062206689535 -0.5399999999999999
1.0409955957429111 -0.0030281419817214566 -0.5399999999999999
1.0405719752142661 0.0545340664051466 -0.5399999999999999
1.0369648131747693 0.11204006532225727 -0.5399999999999999
1.0301790395255328 0.1693137517222121 -0.5399999999999999
1.0202293274403305 0.226179396565317 -0.5399999999999999
1.00714006703048 0.28246218398546813 -0.5399999999999999
0.9909453091684712 0.3379887486840398 -0.5399999999999999
0.9716886795859933 0.3925877098998757 -0.5399999999999999
0.9494232634534563 0.4460902003108663 -0.5399999999999999
0.9242114607391171 0.49833038823502196 -0.5399999999999999
0.8961248127361507 0.5491459915164624 -0.5399999999999999
0.8652438002352567 0.5983787815042001 -0.5399999999999999
0.8316576139082908 0.6458750755590187 -0.5399999999999999
0.7954638975548025 0.6914862165559937 -0.5399999999999999
0.7567684649478508 0.7350690378872405 -0.5399999999999999
0.7156849910978939 0.7764863125111785 -0.5399999999999999
0.6723346788335972 0.8156071846408194 -0.5399999999999999
0.6268459016758596 0.8523075827142327 -0.5399999999999999
0.5793538240559293 0.8864706123452549 -0.5399999999999999
0.5300000000000005 0.9179869280115047 -0.5399999999999999
0.7200817765318392 0.6042203531053468 -0.51
0.6863341187105633 0.6437596426414091 -0.51
0.6504149109864252 0.6814135627990688 -0.51
0.6124295095753632 0.7170628255608292 -0.51
0.5724898246164799 0.7505940318911362 -0.51
0.530713990910401 0.7819000318787275 -0.51
0.4872260188649113 0.8108802664641981 -0.51
0.44215542667806573 0.8374410896649014 -0.51
0.3956368548487634 0.8614960702669389 -0.51
0.34780966416135833 0.8829662720149412 -0.51
0.298817518344033 0.9017805113943822 -0.51
0.24880795265025948 0.917875592168125 -0.51
0.19793192965850678 0.931196515898583 -0.51
0.14634338362733337 0.9416966677590524 -0.51
0.09419875478091831 0.9493379770122569 -0.51
0.04165651493389588 0.9540910516106742 -0.51
-0.01112331410613536 0.9559352864515966 -0.51
-0.06397964789488085 0.954858944899846 -0.51
-0.11675083098213117 0.9508592132723865 -0.51
-0.16927513131660052 0.9439422280615205 -0.51
-0.2213912359127425 0.9341230757566308 -0.51
-0.27293874626046943 0.9214257652083336 -0.51
-0.3237586719563732 0.9058831725631321 -0.51
-0.373693921037365 0.8875369588809919 -0.51
-0.4225897855046707 0.8664374606323969 -0.51
-0.4702944205377888 0.8426435533551688 -0.51
-0.5166593159143195 0.8162224888343541 -0.51
-0.5615397581724787 0.7872497062505607 -0.51
-0.6047952820785533 0.7558086178230062 -0.51
-0.6462901099914711 0.7219903695529547 -0.51
-0.6858935777509511 0.6858935777509512 -0.51
-0.7234805457543023 0.6476240421070366 -0.51
-0.7589317939297126 0.6072944361367296 -0.51
-0.7921343993606985 0.5650239759067445 -0.51
-0.8229820953671435 0.5209380680129894 -0.51
-0.8513756109028908 0.47516793784906136 -0.51
-0.8772229891879868 0.4278502392661398 -0.51
-0.9004398845552742 0.3791266467845335 -0.51
-0.9209498365558659 0.32914343157311177 -0.51
-0.938684520435961 0.2780510224651402 -0.51
-0.9535839731682273 0.22600355332759153 -0.51
-0.9655967942944229 0.17315839814555295 -0.51
-0.9746803209117781 0.11967569522385532 -0.51
-0.9808007762137393 0.06571786194427194 -0.51
-0.983933391075702 0.01144910154857509 -0.51
-0.98406249825813 -0.04296509655485579 -0.51
-0.9811815988826891 -0.09735846144023637 -0.51
-0.9752934009214951 -0.15156444873051192 -0.51
-0.9664098295249999 -0.2054167505279464 -0.51
-0.9545520091001848 -0.2587498056478508 -0.51
-0.9397502171373037 -0.31139930859009735 -0.51
-0.9220438098701864 -0.36320271568377827 -0.51
-0.9014811199417758 -0.41399974684596325 -0.51
-0.8781193263328906 -0.46363288140582787 -0.51
-0.8520242968978996 -0.5119478464605939 -0.51
-0.8232704039358031 -0.5587940962495753 -0.51
-0.7919403133088684 -0.6040252810572182 -0.51
-0.7581247477032312 -0.6474997041851926 -0.51
-0.7219222247064447 -0.6890807655673589 -0.51
-0.6834387704556514 -0.728637390639588 -0.51
-0.6427876096865395 -0.7660444431189779 -0.51
-0.6000888330873877 -0.8011831203937194 -0.51
-0.55546904293395 -0.8339413302757224 -0.51
-0.5090609780495863 -0.8642140479228505 -0.51
-0.4610031192005606 -0.8919036517961757 -0.51
-0.411439276098724 -0.9169202375797787 -0.51
-0.3605181572425725 -0.9391819090561848 -0.51
-0.3083929238827865 -0.9586150449993082 -0.51
-0.25522072944964097 -0.9751545412185666 -0.51
-0.2011622458269529 -0.9887440269624167 -0.51
-0.14638117790031954 -0.9993360549667539 -0.51
-0.09104376784622296 -1.006892264513122 -0.51
-0.03531829066293167 -1.0113835169433247 -0.51
0.020625457526015297 -1.0127900031604984 -0.51
0.07661667683979685 -1.011101322731815 -0.51
0.13248408510335202 -1.0063165342944176 -0.51
0.1880564418134295 -0.998444177053716 -0.51
0.24316307300477755 -0.9875022632515194 -0.51
0.297634395407746 -0.97351824157037 -0.51
0.35130243828761654 -0.9565289315296089 -0.51
0.40400136135993964 -0.9365804290178797 -0.51
0.45556796718511505 -0.9137279831956673 -0.51
0.5058422064592815 -0.8880358450898285 -0.51
0.5546676746373391 -0.8595770882895883 -0.51
0.6018920983474916 -0.8284334022399469 -0.51
0.6473678100850596 -0.7946948587135028 -0.51
0.6909522097063913 -0.758459652125184 -0.51
0.7325082112813438 -0.7198338144359474 -0.51
0.7719046739049805 -0.6789309054709807 -0.51
0.8090168151156828 -0.6358716795549845 -0.51
0.8437266056176613 -0.5907837294415779 -0.51
0.875923144060743 -0.5438011085854302 -0.51
0.9055030106891286 -0.49506393287425404 -0.51
0.932370598733406 -0.4447179630029689 -0.51
0.9564384224862753 -0.39291416873404433 -0.51
0.9776274010719707 -0.3398082763460361 -0.51
0.9958671169920984 -0.2855603006264109 -0.51
1.0110960486062748 -0.23033406281481106 -0.51
1.023261775784361 -0.17429669594870764 -0.51
1.032321158047974 -0.11761813910485629 -0.51
1.038240484602119 -0.06047062206689535 -0.51
1.0409955957429111 -0.0030281419817214566 -0.51
1.0405719752142661 0.0545340664051466 -0.51
1.0369648131747693 0.11204006532225727 -0.51
1.0301790395255328 0.1693137517222121 -0.51
1.0202293274403305 0.226179396565317 -0.51
1.00714006703048 0.28246218398546813 -0.51
0.9909453091684712 0.3379887486840398 -0.51
0.9716886795859933 0.3925877098998757 -0.51
0.9494232634534563 0.4460902003108663 -0.51
0.9242114607391171 0.49833038823502196 -0.51
0.8961248127361507 0.5491459915164624 -0.51
0.8652438002352567 0.5983787815042001 -0.51
0.8316576139082908 0.6458750755590187 -0.51
0.7954638975548025 0.6914862165559937 -0.51
0.7567684649478508 0.7350690378872405 -0.51
0.7156849910978939 0.7764863125111785 -0.51
0.6723346788335972 0.8156071846408194 -0.51
0.6268459016758596 0.8523075827142327 -0.51
0.5793538240559293 0.8864706123452549 -0.51
0.5300000000000005 0.9179869280115047 -0.51
0.7200817765318392 0.6042203531053468 -0.48
0.6863341187105633 0.6437596426414091 -0.48
0.6504149109864252 0.6814135627990688 -0.48
0.6124295095753632 0.7170628255608292 -0.48
0.5724898246164799 0.7505940318911362 -0.48
0.530713990910401 0.7819000318787275 -0.48
0.4872260188649113 0.8108802664641981 -0.48
0.44215542667806573 0.8374410896649014 -0.48
0.3956368548487634 0.8614960702669389 -0.48
0.34780966416135833 0.8829662720149412 -0.48
0.298817518344033 0.9017805113943822 -0.48
0.24880795265025948 0.917875592168125 -0.48
0.19793192965850678 0.931196515898583 -0.48
0.14634338362733337 0.9416966677590524 -0.48
0.09419875478091831 0.9493379770122569 -0.48
0.04165651493389588 0.9540910516106742 -0.48
-0.01112331410613536 0.9559352864515966 -0.48
-0.06397964789488085 0.954858944899846 -0.48
-0.11675083098213117 0.9508592132723865 -0.48
-0.16927513131660052 0.9439422280615205 -0.48
-0.2213912359127425 0.9341230757566308 -0.48
-0.27293874626046943 0.9214257652083336 -0.48
-0.3237586719563732 0.9058831725631321 -0.48
-0.373693921037365 0.8875369588809919 -0.48
-0.4225897855046707 0.8664374606323969 -0.48
-0.4702944205377888 0.8426435533551688 -0.48
-0.5166593159143195 0.8162224888343541 -0.48
-0.5615397581724787 0.7872497062505607 -0.48
-0.6047952820785533 0.7558086178230062 -0.48
-0.6462901099914711 0.7219903695529547 -0.48
-0.6858935777509511 0.6858935777509512 -0.48
-0.7234805457543023 0.6476240421070366 -0.48
-0.7589317939297126 0.6072944361367296 -0.48
-0.7921343993606985 0.5650239759067445 -0.48
-0.8229820953671435 0.5209380680129894 -0.48
-0.8513756109028908 0.47516793784906136 -0.48
-0.8772229891879868 0.4278502392661398 -0.48
-0.9004398845552742 0.3791266467845335 -0.48
-0.9209498365558659 0.32914343157311177 -0.48
-0.938684520435961 0.2780510224651402 -0.48
-0.9535839731682273 0.22600355332759153 -0.48
-0.9655967942944229 0.17315839814555295 -0.48
-0.9746803209117781 0.11967569522385532 -0.48
-0.9808007762137393 0.06571786194427194 -0.48
-0.983933391075702 0.01144910154857509 -0.48
-0.98406249825813 -0.04296509655485579 -0.48
-0.9811815988826891 -0.09735846144023637 -0.48
-0.9752934009214951 -0.15156444873051192 -0.48
-0.9664098295249999 -0.2054167505279464 -0.48
-0.9545520091001848 -0.2587498056478508 -0.48
-0.9397502171373037 -0.31139930859009735 -0.48
-0.9220438098701864 -0.36320271568377827 -0.48
-0.9014811199417758 -0.41399974684596325 -0.48
-0.8781193263328906 -0.46363288140582787 -0.48
-0.8520242968978996 -0.5119478464605939 -0.48
-0.8232704039358031 -0.5587940962495753 -0.48
-0.7919403133088684 -0.6040252810572182 -0.48
-0.7581247477032312 -0.6474997041851926 -0.48
-0.7219222247064447 -0.6890807655673589 -0.48
-0.6834387704556514 -0.728637390639588 -0.48
-0.6427876096865395 -0.7660444431189779 -0.48
-0.6000888330873877 -0.8011831203937194 -0.48
-0.55546904293395 -0.8339413302757224 -0.48
-0.5090609780495863 -0.8642140479228505 -0.48
-0.4610031192005606 -0.8919036517961757 -0.48
-0.411439276098724 -0.9169202375797787 -0.48
-0.3605181572425725 -0.9391819090561848 -0.48
-0.3083929238827865 -0.9586150449993082 -0.48
-0.25522072944964097 -0.9751545412185666 -0.48
-0.2011622458269529 -0.9887440269624167 -0.48
-0.14638117790031954 -0.9993360549667539 -0.48
-0.09104376784622296 -1.006892264513122 -0.48
-0.03531829066293167 -1.0113835169433247 -0.48
0.020625457526015297 -1.0127900031604984 -0.48
0.07661667683979685 -1.011101322731815 -0.48
0.13248408510335202 -1.0063165342944176 -0.48
0.1880564418134295 -0.998444177053716 -0.48
0.24316307300477755 -0.9875022632515194 -0.48
0.297634395407746 -0.97351824157037 -0.48
0.35130243828761654 -0.9565289315296089 -0.48
0.40400136135993964 -0.9365804290178797 -0.48
0.45556796718511505 -0.9137279831956673 -0.48
0.5058422064592815 -0.8880358450898285 -0.48
0.5546676746373391 -0.8595770882895883 -0.48
0.6018920983474916 -0.8284334022399469 -0.48
0.6473678100850596 -0.7946948587135028 -0.48
0.6909522097063913 -0.758459652125184 -0.48
0.7325082112813438 -0.7198338144359474 -0.48
0.7719046739049805 -0.6789309054709807 -0.48
0.8090168151156828 -0.6358716795549845 -0.48
0.8437266056176613 -0.5907837294415779 -0.48
0.875923144060743 -0.5438011085854302 -0.48
0.9055030106891286 -0.49506393287425404 -0.48
0.932370598733406 -0.4447179630029689 -0.48
0.9564384224862753 -0.39291416873404433 -0.48
0.9776274010719707 -0.3398082763460361 -0.48
0.9958671169920984 -0.2855603006264109 -0.48
1.0110960486062748 -0.23033406281481106 -0.48
1.023261775784361 -0.17429669594870764 -0.48
1.032321158047974 -0.11761813910485629 -0.48
1.038240484602119 -0.06047062206689535 -0.48
1.0409955957429111 -0.0030281419817214566 -0.48
1.0405719752142661 0.0545340664051466 -0.48
1.0369648131747693 0.11204006532225727 -0.48
1.0301790395255328 0.1693137517222121 -0.48
1.0202293274403305 0.226179396565317 -0.48
1.00714006703048 0.28246218398546813 -0.48
0.9909453091684712 0.3379887486840398 -0.48
0.9716886795859933 0.3925877098998757 -0.48
0.9494232634534563 0.4460902003108663 -0.48
0.9242114607391171 0.49833038823502196 -0.48
0.8961248127361507 0.5491459915164624 -0.48
0.8652438002352567 0.5983787815042001 -0.48
0.8316576139082908 0.6458750755590187 -0.48
0.7954638975548025 0.6914862165559937 -0.48
0.7567684649478508 0.7350690378872405 -0.48
0.7156849910978939 0.7764863125111785 -0.48
0.6723346788335972 0.8156071846408194 -0.48
0.6268459016758596 0.8523075827142327 -0.48
0.5793538240559293 0.8864706123452549 -0.48
0.5300000000000005 0.9179869280115047 -0.48
0.7200817765318392 0.6042203531053468 -0.44999999999999996
0.6863341187105633 0.6437596426414091 -0.44999999999999996
0.6504149109864252 0.6814135627990688 -0.44999999999999996
0.6124295095753632 0.7170628255608292 -0.44999999999999996
0.5724898246164799 0.7505940318911362 -0.44999999999999996
0.530713990910401 0.7819000318787275 -0.44999999999999996
0.4872260188649113 0.8108802664641981 -0.44999999999999996
0.44215542667806573 0.8374410896649014 -0.44999999999999996
0.3956368548487634 0.8614960702669389 -0.44999999999999996
0.34780966416135833 0.8829662720149412 -0.44999999999999996
0.298817518344033 0.9017805113943822 -0.44999999999999996
0.24880795265025948 0.917875592168125 -0.44999999999999996
0.19793192965850678 0.931196515898583 -0.44999999999999996
0.14634338362733337 0.9416966677590524 -0.44999999999999996
0.09419875478091831 0.9493379770122569 -0.44999999999999996
0.04165651493389588 0.9540910516106742 -0.44999999999999996
-0.01112331410613536 0.9559352864515966 -0.44999999999999996
-0.06397964789488085 0.954858944899846 -0.44999999999999996
-0.11675083098213117 0.9508592132723865 -0.44999999999999996
-0.16927513131660052 0.9439422280615205 -0.44999999999999996
-0.2213912359127425 0.9341230757566308 -0.44999999999999996
-0.27293874626046943 0.9214257652083336 -0.44999999999999996
-0.3237586719563732 0.9058831725631321 -0.44999999999999996
-0.373693921037365 0.8875369588809919 -0.44999999999999996
-0.4225897855046707 0.8664374606323969 -0.44999999999999996
-0.4702944205377888 0.8426435533551688 -0.44999999999999996
-0.5166593159143195 0.8162224888343541 -0.44999999999999996
-0.5615397581724787 0.7872497062505607 -0.44999999999999996
-0.6047952820785533 0.7558086178230062 -0.44999999999999996
-0.6462901099914711 0.7219903695529547 -0.44999999999999996
-0.6858935777509511 0.6858935777509512 -0.44999999999999996
-0.7234805457543023 0.6476240421070366 -0.44999999999999996
-0.7589317939297126 0.6072944361367296 -0.44999999999999996
-0.7921343993606985 0.5650239759067445 -0.44999999999999996
-0.8229820953671435 0.5209380680129894 -0.44999999999999996
-0.8513756109028908 0.47516793784906136 -0.44999999999999996
-0.8772229891879868 0.4278502392661398 -0.44999999999999996
-0.9004398845552742 0.3791266467845335 -0.44999999999999996
-0.9209498365558659 0.32914343157311177 -0.44999999999999996
-0.938684520435961 0.2780510224651402 -0.44999999999999996
-0.9535839731682273 0.22600355332759153 -0.44999999999999996
-0.9655967942944229 0.17315839814555295 -0.44999999999999996
-0.9746803209117781 0.11967569522385532 -0.44999999999999996
-0.9808007762137393 0.06571786194427194 -0.44999999999999996
-0.983933391075702 0.01144910154857509 -0.44999999999999996
-0.98406249825813 -0.04296509655485579 -0.44999999999999996
-0.9811815988826891 -0.09735846144023637 -0.44999999999999996
-0.9752934009214951 -0.15156444873051192 -0.44999999999999996
-0.9664098295249999 -0.2054167505279464 -0.44999999999999996
-0.9545520091001848 -0.2587498056478508 -0.44999999999999996
-0.9397502171373037 -0.31139930859009735 -0.44999999999999996
-0.9220438098701864 -0.36320271568377827 -0.44999999999999996
-0.9014811199417758 -0.41399974684596325 -0.44999999999999996
-0.8781193263328906 -0.46363288140582787 -0.44999999999999996
-0.8520242968978996 -0.5119478464605939 -0.44999999999999996
-0.8232704039358031 -0.5587940962495753 -0.44999999999999996
-0.7919403133088684 -0.6040252810572182 -0.44999999999999996
-0.7581247477032312 -0.6474997041851926 -0.44999999999999996
-0.7219222247064447 -0.6890807655673589 -0.44999999999999996
-0.6834387704556514 -0.728637390639588 -0.44999999999999996
-0.6427876096865395 -0.7660444431189779 -0.44999999999999996
-0.6000888330873877 -0.8011831203937194 -0.44999999999999996
-0.55546904293395 -0.8339413302757224 -0.44999999999999996
-0.5090609780495863 -0.8642140479228505 -0.44999999999999996
-0.4610031192005606 -0.8919036517961757 -0.44999999999999996
-0.411439276098724 -0.9169202375797787 -0.44999999999999996
-0.3605181572425725 -0.9391819090561848 -0.44999999999999996
-0.3083929238827865 -0.9586150449993082 -0.44999999999999996
-0.25522072944964097 -0.9751545412185666 -0.44999999999999996
-0.2011622458269529 -0.9887440269624167 -0.44999999999999996
-0.14638117790031954 -0.9993360549667539 -0.44999999999999996
-0.09104376784622296 -1.006892264513122 -0.44999999999999996
-0.03531829066293167 -1.0113835169433247 -0.44999999999999996
0.020625457526015297 -1.0127900031604984 -0.44999999999999996
0.07661667683979685 -1.011101322731815 -0.44999999999999996
0.13248408510335202 -1.0063165342944176 -0.44999999999999996
0.1880564418134295 -0.998444177053716 -0.44999999999999996
0.24316307300477755 -0.9875022632515194 -0.44999999999999996
0.297634395407746 -0.97351824157037 -0.44999999999999996
0.35130243828761654 -0.9565289315296089 -0.44999999999999996
0.40400136135993964 -0.9365804290178797 -0.44999999999999996
0.45556796718511505 -0.9137279831956673 -0.44999999999999996
0.5058422064592815 -0.8880358450898285 -0.44999999999999996
0.5546676746373391 -0.8595770882895883 -0.44999999999999996
0.6018920983474916 -0.8284334022399469 -0.44999999999999996
0.6473678100850596 -0.7946948587135028 -0.44999999999999996
0.6909522097063913 -0.758459652125184 -0.44999999999999996
0.7325082112813438 -0.7198338144359474 -0.44999999999999996
0.7719046739049805 -0.6789309054709807 -0.44999999999999996
0.8090168151156828 -0.6358716795549845 -0.44999999999999996
0.8437266056176613 -0.5907837294415779 -0.44999999999999996
0.875923144060743 -0.5438011085854302 -0.44999999999999996
0.9055030106891286 -0.49506393287425404 -0.44999999999999996
0.932370598733406 -0.4447179630029689 -0.44999999999999996
0.9564384224862753 -0.39291416873404433 -0.44999999999999996
0.9776274010719707 -0.3398082763460361 -0.44999999999999996
0.9958671169920984 -0.2855603006264109 -0.44999999999999996
1.0110960486062748 -0.23033406281481106 -0.44999999999999996
1.023261775784361 -0.17429669594870764 -0.44999999999999996
1.032321158047974 -0.11761813910485629 -0.44999999999999996
1.038240484602119 -0.06047062206689535 -0.44999999999999996
1.0409955957429111 -0.0030281419817214566 -0.44999999999999996
1.0405719752142661 0.0545340664051466 -0.44999999999999996
1.0369648131747693 0.11204006532225727 -0.44999999999999996
1.0301790395255328 0.1693137517222121 -0.44999999999999996
1.0202293274403305 0.226179396565317 -0.44999999999999996
1.00714006703048 0.28246218398546813 -0.44999999999999996
0.9909453091684712 0.3379887486840398 -0.44999999999999996
0.9716886795859933 0.3925877098998757 -0.44999999999999996
0.9494232634534563 0.4460902003108663 -0.44999999999999996
0.9242114607391171 0.49833038823502196 -0.44999999999999996
0.8961248127361507 0.5491459915164624 -0.44999999999999996
0.8652438002352567 0.5983787815042001 -0.44999999999999996
0.8316576139082908 0.6458750755590187 -0.44999999999999996
0.7954638975548025 0.6914862165559937 -0.44999999999999996
0.7567684649478508 0.7350690378872405 -0.44999999999999996
0.7156849910978939 0.7764863125111785 -0.44999999999999996
0.6723346788335972 0.8156071846408194 -0.44999999999999996
0.6268459016758596 0.8523075827142327 -0.44999999999999996
0.5793538240559293 0.8864706123452549 -0.44999999999999996
0.5300000000000005 0.9179869280115047 -0.44999999999999996
0.7200817765318392 0.6042203531053468 -0.42
0.6863341187105633 0.6437596426414091 -0.42
0.6504149109864252 0.6814135627990688 -0.42
0.6124295095753632 0.7170628255608292 -0.42
0.5724898246164799 0.7505940318911362 -0.42
0.530713990910401 0.7819000318787275 -0.42
0.4872260188649113 0.8108802664641981 -0.42
0.44215542667806573 0.8374410896649014 -0.42
0.3956368548487634 0.8614960702669389 -0.42
0.34780966416135833 0.8829662720149412 -0.42
0.298817518344033 0.9017805113943822 -0.42
0.24880795265025948 0.917875592168125 -0.42
0.19793192965850678 0.931196515898583 -0.42
0.14634338362733337 0.9416966677590524 -0.42
0.09419875478091831 0.9493379770122569 -0.42
0.04165651493389588 0.9540910516106742 -0.42
-0.01112331410613536 0.9559352864515966 -0.42
-0.06397964789488085 0.954858944899846 -0.42
-0.11675083098213117 0.9508592132723865 -0.42
-0.16927513131660052 0.9439422280615205 -0.42
-0.2213912359127425 0.9341230757566308 -0.42
-0.27293874626046943 0.9214257652083336 -0.42
-0.3237586719563732 0.9058831725631321 -0.42
-0.373693921037365 0.8875369588809919 -0.42
-0.4225897855046707 0.8664374606323969 -0.42
-0.4702944205377888 0.8426435533551688 -0.42
-0.5166593159143195 0.8162224888343541 -0.42
-0.5615397581724787 0.7872497062505607 -0.42
-0.6047952820785533 0.7558086178230062 -0.42
-0.6462901099914711 0.7219903695529547 -0.42
-0.6858935777509511 0.6858935777509512 -0.42
-0.7234805457543023 0.6476240421070366 -0.42
-0.7589317939297126 0.6072944361367296 -0.42
-0.7921343993606985 0.5650239759067445 -0.42
-0.8229820953671435 0.5209380680129894 -0.42
-0.8513756109028908 0.47516793784906136 -0.42
-0.8772229891879868 0.4278502392661398 -0.42
-0.9004398845552742 0.3791266467845335 -0.42
-0.9209498365558659 0.32914343157311177 -0.42
-0.938684520435961 0.2780510224651402 -0.42
-0.9535839731682273 0.22600355332759153 -0.42
-0.9655967942944229 0.17315839814555295 -0.42
-0.9746803209117781 0.11967569522385532 -0.42
-0.9808007762137393 0.06571786194427194 -0.42
-0.983933391075702 0.01144910154857509 -0.42
-0.98406249825813 -0.04296509655485579 -0.42
-0.9811815988826891 -0.09735846144023637 -0.42
-0.9752934009214951 -0.15156444873051192 -0.42
-0.9664098295249999 -0.2054167505279464 -0.42
-0.9545520091001848 -0.2587498056478508 -0.42
-0.9397502171373037 -0.31139930859009735 -0.42
-0.9220438098701864 -0.36320271568377827 -0.42
-0.9014811199417758 -0.41399974684596325 -0.42
-0.8781193263328906 -0.46363288140582787 -0.42
-0.8520242968978996 -0.5119478464605939 -0.42
-0.8232704039358031 -0.5587940962495753 -0.42
-0.7919403133088684 -0.6040252810572182 -0.42
-0.7581247477032312 -0.6474997041851926 -0.42
-0.7219222247064447 -0.6890807655673589 -0.42
-0.6834387704556514 -0.728637390639588 -0.42
-0.6427876096865395 -0.7660444431189779 -0.42
-0.6000888330873877 -0.8011831203937194 -0.42
-0.55546904293395 -0.8339413302757224 -0.42
-0.5090609780495863 -0.8642140479228505 -0.42
-0.4610031192005606 -0.8919036517961757 -0.42
-0.411439276098724 -0.9169202375797787 -0.42
-0.3605181572425725 -0.9391819090561848 -0.42
-0.3083929238827865 -0.9586150449993082 -0.42
-0.25522072944964097 -0.9751545412185666 -0.42
-0.2011622458269529 -0.9887440269624167 -0.42
-0.14638117790031954 -0.9993360549667539 -0.42
-0.09104376784622296 -1.006892264513122 -0.42
-0.03531829066293167 -1.0113835169433247 -0.42
0.020625457526015297 -1.0127900031604984 -0.42
0.07661667683979685 -1.011101322731815 -0.42
0.13248408510335202 -1.0063165342944176 -0.42
0.1880564418134295 -0.998444177053716 -0.42
0.24316307300477755 -0.9875022632515194 -0.42
0.297634395407746 -0.97351824157037 -0.42
0.35130243828761654 -0.9565289315296089 -0.42
0.40400136135993964 -0.9365804290178797 -0.42
0.45556796718511505 -0.9137279831956673 -0.42
0.5058422064592815 -0.8880358450898285 -0.42
0.5546676746373391 -0.8595770882895883 -0.42
0.6018920983474916 -0.8284334022399469 -0.42
0.6473678100850596 -0.7946948587135028 -0.42
0.6909522097063913 -0.758459652125184 -0.42
0.7325082112813438 -0.7198338144359474 -0.42
0.7719046739049805 -0.6789309054709807 -0.42
0.8090168151156828 -0.6358716795549845 -0.42
0.8437266056176613 -0.5907837294415779 -0.42
0.875923144060743 -0.5438011085854302 -0.42
0.9055030106891286 -0.49506393287425404 -0.42
0.932370598733406 -0.4447179630029689 -0.42
0.9564384224862753 -0.39291416873404433 -0.42
0.9776274010719707 -0.3398082763460361 -0.42
0.9958671169920984 -0.2855603006264109 -0.42
1.0110960486062748 -0.23033406281481106 -0.42
1.023261775784361 -0.17429669594870764 -0.42
1.032321158047974 -0.11761813910485629 -0.42
1.038240484602119 -0.06047062206689535 -0.42
1.0409955957429111 -0.0030281419817214566 -0.42
1.0405719752142661 0.0545340664051466 -0.42
1.0369648131747693 0.11204006532225727 -0.42
1.0301790395255328 0.1693137517222121 -0.42
1.0202293274403305 0.226179396565317 -0.42
1.00714006703048 0.28246218398546813 -0.42
0.9909453091684712 0.3379887486840398 -0.42
0.9716886795859933 0.3925877098998757 -0.42
0.9494232634534563 0.4460902003108663 -0.42
0.9242114607391171 0.49833038823502196 -0.42
0.8961248127361507 0.5491459915164624 -0.42
0.8652438002352567 0.5983787815042001 -0.42
0.8316576139082908 0.6458750755590187 -0.42
0.7954638975548025 0.6914862165559937 -0.42
0.7567684649478508 0.7350690378872405 -0.42
0.7156849910978939 0.7764863125111785 -0.42
0.6723346788335972 0.8156071846408194 -0.42
0.6268459016758596 0.8523075827142327 -0.42
0.5793538240559293 0.8864706123452549 -0.42
0.5300000000000005 0.9179869280115047 -0.42
0.7200817765318392 0.6042203531053468 -0.38999999999999996
0.6863341187105633 0.6437596426414091 -0.38999999999999996
0.6504149109864252 0.6814135627990688 -0.38999999999999996
0.6124295095753632 0.7170628255608292 -0.38999999999999996
0.5724898246164799 0.7505940318911362 -0.38999999999999996
0.530713990910401 0.7819000318787275 -0.38999999999999996
0.4872260188649113 0.8108802664641981 -0.38999999999999996
0.44215542667806573 0.8374410896649014 -0.38999999999999996
0.3956368548487634 0.8614960702669389 -0.38999999999999996
0.34780966416135833 0.8829662720149412 -0.38999999999999996
0.298817518344033 0.9017805113943822 -0.38999999999999996
0.24880795265025948 0.917875592168125 -0.38999999999999996
0.19793192965850678 0.931196515898583 -0.38999999999999996
0.14634338362733337 0.9416966677590524 -0.38999999999999996
0.09419875478091831 0.9493379770122569 -0.38999999999999996
0.04165651493389588 0.9540910516106742 -0.38999999999999996
-0.01112331410613536 0.9559352864515966 -0.38999999999999996
-0.06397964789488085 0.954858944899846 -0.38999999999999996
-0.11675083098213117 0.9508592132723865 -0.38999999999999996
-0.16927513131660052 0.9439422280615205 -0.38999999999999996
-0.2213912359127425 0.9341230757566308 -0.38999999999999996
-0.27293874626046943 0.9214257652083336 -0.38999999999999996
-0.3237586719563732 0.9058831725631321 -0.38999999999999996
-0.373693921037365 0.8875369588809919 -0.38999999999999996
-0.4225897855046707 0.8664374606323969 -0.38999999999999996
-0.4702944205377888 0.8426435533551688 -0.38999999999999996
-0.5166593159143195 0.8162224888343541 -0.38999999999999996
-0.5615397581724787 0.7872497062505607 -0.38999999999999996
-0.6047952820785533 0.7558086178230062 -0.38999999999999996
-0.6462901099914711 0.7219903695529547 -0.38999999999999996
-0.6858935777509511 0.6858935777509512 -0.38999999999999996
-0.7234805457543023 0.6476240421070366 -0.38999999999999996
-0.7589317939297126 0.6072944361367296 -0.38999999999999996
-0.7921343993606985 0.5650239759067445 -0.38999999999999996
-0.8229820953671435 0.5209380680129894 -0.38999999999999996
-0.8513756109028908 0.47516793784906136 -0.38999999999999996
-0.8772229891879868 0.4278502392661398 -0.38999999999999996
-0.9004398845552742 0.3791266467845335 -0.38999999999999996
-0.9209498365558659 0.32914343157311177 -0.38999999999999996
-0.938684520435961 0.2780510224651402 -0.38999999999999996
-0.9535839731682273 0.22600355332759153 -0.38999999999999996
-0.9655967942944229 0.17315839814555295 -0.38999999999999996
-0.9746803209117781 0.11967569522385532 -0.38999999999999996
-0.9808007762137393 0.06571786194427194 -0.38999999999999996
-0.983933391075702 0.01144910154857509 -0.38999999999999996
-0.98406249825813 -0.04296509655485579 -0.38999999999999996
-0.9811815988826891 -0.09735846144023637 -0.38999999999999996
-0.9752934009214951 -0.15156444873051192 -0.38999999999999996
-0.9664098295249999 -0.2054167505279464 -0.38999999999999996
-0.9545520091001848 -0.2587498056478508 -0.38999999999999996
-0.9397502171373037 -0.31139930859009735 -0.38999999999999996
-0.9220438098701864 -0.36320271568377827 -0.38999999999999996
-0.9014811199417758 -0.41399974684596325 -0.38999999999999996
-0.8781193263328906 -0.46363288140582787 -0.38999999999999996
-0.8520242968978996 -0.5119478464605939 -0.38999999999999996
-0.8232704039358031 -0.5587940962495753 -0.38999999999999996
-0.7919403133088684 -0.6040252810572182 -0.38999999999999996
-0.7581247477032312 -0.6474997041851926 -0.38999999999999996
-0.7219222247064447 -0.6890807655673589 -0.38999999999999996
-0.6834387704556514 -0.728637390639588 -0.38999999999999996
-0.6427876096865395 -0.7660444431189779 -0.38999999999999996
-0.6000888330873877 -0.8011831203937194 -0.38999999999999996
-0.55546904293395 -0.8339413302757224 -0.38999999999999996
-0.5090609780495863 -0.8642140479228505 -0.38999999999999996
-0.4610031192005606 -0.8919036517961757 -0.38999999999999996
-0.411439276098724 -0.9169202375797787 -0.38999999999999996
-0.3605181572425725 -0.9391819090561848 -0.38999999999999996
-0.3083929238827865 -0.9586150449993082 -0.38999999999999996
-0.25522072944964097 -0.9751545412185666 -0.38999999999999996
-0.2011622458269529 -0.9887440269624167 -0.38999999999999996
-0.14638117790031954 -0.9993360549667539 -0.38999999999999996
-0.09104376784622296 -1.006892264513122 -0.38999999999999996
-0.03531829066293167 -1.0113835169433247 -0.38999999999999996
0.020625457526015297 -1.0127900031604984 -0.38999999999999996
0.07661667683979685 -1.011101322731815 -0.38999999999999996
0.13248408510335202 -1.0063165342944176 -0.38999999999999996
0.1880564418134295 -0.998444177053716 -0.38999999999999996
0.24316307300477755 -0.9875022632515194 -0.38999999999999996
0.297634395407746 -0.97351824157037 -0.38999999999999996
0.35130243828761654 -0.9565289315296089 -0.38999999999999996
0.40400136135993964 -0.9365804290178797 -0.38999999999999996
0.45556796718511505 -0.9137279831956673 -0.38999999999999996
0.5058422064592815 -0.8880358450898285 -0.38999999999999996
0.5546676746373391 -0.8595770882895883 -0.38999999999999996
0.6018920983474916 -0.8284334022399469 -0.38999999999999996
0.6473678100850596 -0.7946948587135028 -0.38999999999999996
0.6909522097063913 -0.758459652125184 -0.38999999999999996
0.7325082112813438 -0.7198338144359474 -0.38999999999999996
0.7719046739049805 -0.6789309054709807 -0.38999999999999996
0.8090168151156828 -0.6358716795549845 -0.38999999999999996
0.8437266056176613 -0.5907837294415779 -0.38999999999999996
0.875923144060743 -0.5438011085854302 -0.38999999999999996
0.9055030106891286 -0.49506393287425404 -0.38999999999999996
0.932370598733406 -0.4447179630029689 -0.38999999999999996
0.9564384224862753 -0.39291416873404433 -0.38999999999999996
0.9776274010719707 -0.3398082763460361 -0.38999999999999996
0.9958671169920984 -0.2855603006264109 -0.38999999999999996
1.0110960486062748 -0.23033406281481106 -0.38999999999999996
1.023261775784361 -0.17429669594870764 -0.38999999999999996
1.032321158047974 -0.11761813910485629 -0.38999999999999996
1.038240484602119 -0.06047062206689535 -0.38999999999999996
1.0409955957429111 -0.0030281419817214566 -0.38999999999999996
1.0405719752142661 0.0545340664051466 -0.38999999999999996
1.0369648131747693 0.11204006532225727 -0.38999999999999996
1.0301790395255328 0.1693137517222121 -0.38999999999999996
1.0202293274403305 0.226179396565317 -0.38999999999999996
1.00714006703048 0.28246218398546813 -0.38999999999999996
0.9909453091684712 0.3379887486840398 -0.38999999999999996
0.9716886795859933 0.3925877098998757 -0.38999999999999996
0.9494232634534563 0.4460902003108663 -0.38999999999999996
0.9242114607391171 0.49833038823502196 -0.38999999999999996
0.8961248127361507 0.5491459915164624 -0.38999999999999996
0.8652438002352567 0.5983787815042001 -0.38999999999999996
0.8316576139082908 0.6458750755590187 -0.38999999999999996
0.7954638975548025 0.6914862165559937 -0.38999999999999996
0.7567684649478508 0.7350690378872405 -0.38999999999999996
0.7156849910978939 0.7764863125111785 -0.38999999999999996
0.6723346788335972 0.8156071846408194 -0.38999999999999996
0.6268459016758596 0.8523075827142327 -0.38999999999999996
0.5793538240559293 0.8864706123452549 -0.38999999999999996
0.5300000000000005 0.9179869280115047 -0.38999999999999996
0.7200817765318392 0.6042203531053468 -0.36000000000000004
0.6863341187105633 0.6437596426414091 -0.36000000000000004
0.6504149109864252 0.6814135627990688 -0.36000000000000004
0.6124295095753632 0.7170628255608292 -0.36000000000000004
0.5724898246164799 0.7505940318911362 -0.36000000000000004
0.530713990910401 0.7819000318787275 -0.36000000000000004
0.4872260188649113 0.8108802664641981 -0.36000000000000004
0.44215542667806573 0.8374410896649014 -0.36000000000000004
0.3956368548487634 0.8614960702669389 -0.36000000000000004
0.34780966416135833 0.8829662720149412 -0.36000000000000004
0.298817518344033 0.9017805113943822 -0.36000000000000004
0.24880795265025948 0.917875592168125 -0.36000000000000004
0.19793192965850678 0.931196515898583 -0.36000000000000004
0.14634338362733337 0.9416966677590524 -0.36000000000000004
0.09419875478091831 0.9493379770122569 -0.36000000000000004
0.04165651493389588 0.9540910516106742 -0.36000000000000004
-0.01112331410613536 0.9559352864515966 -0.36000000000000004
-0.06397964789488085 0.954858944899846 -0.36000000000000004
-0.11675083098213117 0.9508592132723865 -0.36000000000000004
-0.16927513131660052 0.9439422280615205 -0.36000000000000004
-0.2213912359127425 0.9341230757566308 -0.36000000000000004
-0.27293874626046943 0.9214257652083336 -0.36000000000000004
-0.3237586719563732 0.9058831725631321 -0.36000000000000004
-0.373693921037365 0.8875369588809919 -0.36000000000000004
-0.4225897855046707 0.8664374606323969 -0.36000000000000004
-0.4702944205377888 0.8426435533551688 -0.36000000000000004
-0.5166593159143195 0.8162224888343541 -0.36000000000000004
-0.5615397581724787 0.7872497062505607 -0.36000000000000004
-0.6047952820785533 0.7558086178230062 -0.36000000000000004
-0.6462901099914711 0.7219903695529547 -0.36000000000000004
-0.6858935777509511 0.6858935777509512 -0.36000000000000004
-0.7234805457543023 0.6476240421070366 -0.36000000000000004
-0.7589317939297126 0.6072944361367296 -0.36000000000000004
-0.7921343993606985 0.5650239759067445 -0.36000000000000004
-0.8229820953671435 0.5209380680129894 -0.36000000000000004
-0.8513756109028908 0.47516793784906136 -0.36000000000000004
-0.8772229891879868 0.4278502392661398 -0.36000000000000004
-0.9004398845552742 0.3791266467845335 -0.36000000000000004
-0.9209498365558659 0.32914343157311177 -0.36000000000000004
-0.938684520435961 0.2780510224651402 -0.36000000000000004
-0.9535839731682273 0.22600355332759153 -0.36000000000000004
-0.9655967942944229 0.17315839814555295 -0.36000000000000004
-0.9746803209117781 0.11967569522385532 -0.36000000000000004
-0.9808007762137393 0.06571786194427194 -0.36000000000000004
-0.983933391075702 0.01144910154857509 -0.36000000000000004
-0.98406249825813 -0.04296509655485579 -0.36000000000000004
-0.9811815988826891 -0.09735846144023637 -0.36000000000000004
-0.9752934009214951 -0.15156444873051192 -0.36000000000000004
-0.9664098295249999 -0.2054167505279464 -0.36000000000000004
-0.9545520091001848 -0.2587498056478508 -0.36000000000000004
-0.9397502171373037 -0.31139930859009735 -0.36000000000000004
-0.9220438098701864 -0.36320271568377827 -0.36000000000000004
-0.9014811199417758 -0.41399974684596325 -0.36000000000000004
-0.8781193263328906 -0.46363288140582787 -0.36000000000000004
-0.8520242968978996 -0.5119478464605939 -0.36000000000000004
-0.8232704039358031 -0.5587940962495753 -0.36000000000000004
-0.7919403133088684 -0.6040252810572182 -0.36000000000000004
-0.7581247477032312 -0.6474997041851926 -0.36000000000000004
-0.7219222247064447 -0.6890807655673589 -0.36000000000000004
-0.6834387704556514 -0.728637390639588 -0.36000000000000004
-0.6427876096865395 -0.7660444431189779 -0.36000000000000004
-0.6000888330873877 -0.8011831203937194 -0.36000000000000004
-0.55546904293395 -0.8339413302757224 -0.36000000000000004
-0.5090609780495863 -0.8642140479228505 -0.36000000000000004
-0.4610031192005606 -0.8919036517961757 -0.36000000000000004
-0.411439276098724 -0.9169202375797787 -0.36000000000000004
-0.3605181572425725 -0.9391819090561848 -0.36000000000000004
-0.3083929238827865 -0.9586150449993082 -0.36000000000000004
-0.25522072944964097 -0.9751545412185666 -0.36000000000000004
-0.2011622458269529 -0.9887440269624167 -0.36000000000000004
-0.14638117790031954 -0.9993360549667539 -0.36000000000000004
-0.09104376784622296 -1.006892264513122 -0.36000000000000004
-0.03531829066293167 -1.0113835169433247 -0.36000000000000004
0.020625457526015297 -1.0127900031604984 -0.36000000000000004
0.07661667683979685 -1.011101322731815 -0.36000000000000004
0.13248408510335202 -1.0063165342944176 -0.36000000000000004
0.1880564418134295 -0.998444177053716 -0.36000000000000004
0.24316307300477755 -0.9875022632515194 -0.36000000000000004
0.297634395407746 -0.97351824157037 -0.36000000000000004
0.35130243828761654 -0.9565289315296089 -0.36000000000000004
0.40400136135993964 -0.9365804290178797 -0.36000000000000004
0.45556796718511505 -0.9137279831956673 -0.36000000000000004
0.5058422064592815 -0.8880358450898285 -0.36000000000000004
0.5546676746373391 -0.8595770882895883 -0.36000000000000004
0.6018920983474916 -0.8284334022399469 -0.36000000000000004
0.6473678100850596 -0.7946948587135028 -0.36000000000000004
0.6909522097063913 -0.758459652125184 -0.36000000000000004
0.7325082112813438 -0.7198338144359474 -0.36000000000000004
0.7719046739049805 -0.6789309054709807 -0.36000000000000004
0.8090168151156828 -0.6358716795549845 -0.36000000000000004
0.8437266056176613 -0.5907837294415779 -0.36000000000000004
0.875923144060743 -0.5438011085854302 -0.36000000000000004
0.9055030106891286 -0.49506393287425404 -0.36000000000000004
0.932370598733406 -0.4447179630029689 -0.36000000000000004
0.9564384224862753 -0.39291416873404433 -0.36000000000000004
0.9776274010719707 -0.3398082763460361 -0.36000000000000004
0.9958671169920984 -0.2855603006264109 -0.36000000000000004
1.0110960486062748 -0.23033406281481106 -0.36000000000000004
1.023261775784361 -0.17429669594870764 -0.36000000000000004
1.032321158047974 -0.11761813910485629 -0.36000000000000004
1.038240484602119 -0.06047062206689535 -0.36000000000000004
1.0409955957429111 -0.0030281419817214566 -0.36000000000000004
1.0405719752142661 0.0545340664051466 -0.36000000000000004
1.0369648131747693 0.11204006532225727 -0.36000000000000004
1.0301790395255328 0.1693137517222121 -0.36000000000000004
1.0202293274403305 0.226179396565317 -0.36000000000000004
1.00714006703048 0.28246218398546813 -0.36000000000000004
0.9909453091684712 0.3379887486840398 -0.36000000000000004
0.9716886795859933 0.3925877098998757 -0.36000000000000004
0.9494232634534563 0.4460902003108663 -0.36000000000000004
0.9242114607391171 0.49833038823502196 -0.36000000000000004
0.8961248127361507 0.5491459915164624 -0.36000000000000004
0.8652438002352567 0.5983787815042001 -0.36000000000000004
0.8316576139082908 0.6458750755590187 -0.36000000000000004
0.7954638975548025 0.6914862165559937 -0.36000000000000004
0.7567684649478508 0.7350690378872405 -0.36000000000000004
0.7156849910978939 0.7764863125111785 -0.36000000000000004
0.6723346788335972 0.8156071846408194 -0.36000000000000004
0.6268459016758596 0.8523075827142327 -0.36000000000000004
0.5793538240559293 0.8864706123452549 -0.36000000000000004
0.5300000000000005 0.9179869280115047 -0.36000000000000004
0.7200817765318392 0.6042203531053468 -0.33
0.6863341187105633 0.6437596426414091 -0.33
0.6504149109864252 0.6814135627990688 -0.33
0.6124295095753632 0.7170628255608292 -0.33
0.5724898246164799 0.7505940318911362 -0.33
0.530713990910401 0.7819000318787275 -0.33
0.4872260188649113 0.8108802664641981 -0.33
0.44215542667806573 0.8374410896649014 -0.33
0.3956368548487634 0.8614960702669389 -0.33
0.34780966416135833 0.8829662720149412 -0.33
0.298817518344033 0.9017805113943822 -0.33
0.24880795265025948 0.917875592168125 -0.33
0.19793192965850678 0.931196515898583 -0.33
0.14634338362733337 0.9416966677590524 -0.33
0.09419875478091831 0.9493379770122569 -0.33
0.04165651493389588 0.9540910516106742 -0.33
-0.01112331410613536 0.9559352864515966 -0.33
-0.06397964789488085 0.954858944899846 -0.33
-0.11675083098213117 0.9508592132723865 -0.33
-0.16927513131660052 0.9439422280615205 -0.33
-0.2213912359127425 0.9341230757566308 -0.33
-0.27293874626046943 0.9214257652083336 -0.33
-0.3237586719563732 0.9058831725631321 -0.33
-0.373693921037365 0.8875369588809919 -0.33
-0.4225897855046707 0.8664374606323969 -0.33
-0.4702944205377888 0.8426435533551688 -0.33
-0.5166593159143195 0.8162224888343541 -0.33
-0.5615397581724787 0.7872497062505607 -0.33
-0.6047952820785533 0.7558086178230062 -0.33
-0.6462901099914711 0.7219903695529547 -0.33
-0.6858935777509511 0.6858935777509512 -0.33
-0.7234805457543023 0.6476240421070366 -0.33
-0.7589317939297126 0.6072944361367296 -0.33
-0.7921343993606985 0.5650239759067445 -0.33
-0.8229820953671435 0.5209380680129894 -0.33
-0.8513756109028908 0.47516793784906136 -0.33
-0.8772229891879868 0.4278502392661398 -0.33
-0.9004398845552742 0.3791266467845335 -0.33
-0.9209498365558659 0.32914343157311177 -0.33
-0.938684520435961 0.2780510224651402 -0.33
-0.9535839731682273 0.22600355332759153 -0.33
-0.9655967942944229 0.17315839814555295 -0.33
-0.9746803209117781 0.11967569522385532 -0.33
-0.9808007762137393 0.06571786194427194 -0.33
-0.983933391075702 0.01144910154857509 -0.33
-0.98406249825813 -0.04296509655485579 -0.33
-0.9811815988826891 -0.09735846144023637 -0.33
-0.9752934009214951 -0.15156444873051192 -0.33
-0.9664098295249999 -0.2054167505279464 -0.33
-0.9545520091001848 -0.2587498056478508 -0.33
-0.9397502171373037 -0.31139930859009735 -0.33
-0.9220438098701864 -0.36320271568377827 -0.33
-0.9014811199417758 -0.41399974684596325 -0.33
-0.8781193263328906 -0.46363288140582787 -0.33
-0.8520242968978996 -0.5119478464605939 -0.33
-0.8232704039358031 -0.5587940962495753 -0.33
-0.7919403133088684 -0.6040252810572182 -0.33
-0.7581247477032312 -0.6474997041851926 -0.33
-0.7219222247064447 -0.6890807655673589 -0.33
-0.6834387704556514 -0.728637390639588 -0.33
-0.6427876096865395 -0.7660444431189779 -0.33
-0.6000888330873877 -0.8011831203937194 -0.33
-0.55546904293395 -0.8339413302757224 -0.33
-0.5090609780495863 -0.8642140479228505 -0.33
-0.4610031192005606 -0.8919036517961757 -0.33
-0.411439276098724 -0.9169202375797787 -0.33
-0.3605181572425725 -0.9391819090561848 -0.33
-0.3083929238827865 -0.9586150449993082 -0.33
-0.25522072944964097 -0.9751545412185666 -0.33
-0.2011622458269529 -0.9887440269624167 -0.33
-0.14638117790031954 -0.9993360549667539 -0.33
-0.09104376784622296 -1.006892264513122 -0.33
-0.03531829066293167 -1.0113835169433247 -0.33
0.020625457526015297 -1.0127900031604984 -0.33
0.07661667683979685 -1.011101322731815 -0.33
0.13248408510335202 -1.0063165342944176 -0.33
0.1880564418134295 -0.998444177053716 -0.33
0.24316307300477755 -0.9875022632515194 -0.33
0.297634395407746 -0.97351824157037 -0.33
0.35130243828761654 -0.9565289315296089 -0.33
0.40400136135993964 -0.9365804290178797 -0.33
0.45556796718511505 -0.9137279831956673 -0.33
0.5058422064592815 -0.8880358450898285 -0.33
0.5546676746373391 -0.8595770882895883 -0.33
0.6018920983474916 -0.8284334022399469 -0.33
0.6473678100850596 -0.7946948587135028 -0.33
0.6909522097063913 -0.758459652125184 -0.33
0.7325082112813438 -0.7198338144359474 -0.33
0.7719046739049805 -0.6789309054709807 -0.33
0.8090168151156828 -0.6358716795549845 -0.33
0.8437266056176613 -0.5907837294415779 -0.33
0.875923144060743 -0.5438011085854302 -0.33
0.9055030106891286 -0.49506393287425404 -0.33
0.932370598733406 -0.4447179630029689 -0.33
0.9564384224862753 -0.39291416873404433 -0.33
0.9776274010719707 -0.3398082763460361 -0.33
0.9958671169920984 -0.2855603006264109 -0.33
1.0110960486062748 -0.23033406281481106 -0.33
1.023261775784361 -0.17429669594870764 -0.33
1.032321158047974 -0.11761813910485629 -0.33
1.038240484602119 -0.06047062206689535 -0.33
1.0409955957429111 -0.0030281419817214566 -0.33
1.0405719752142661 0.0545340664051466 -0.33
1.0369648131747693 0.11204006532225727 -0.33
1.0301790395255328 0.1693137517222121 -0.33
1.0202293274403305 0.226179396565317 -0.33
1.00714006703048 0.28246218398546813 -0.33
0.9909453091684712 0.3379887486840398 -0.33
0.9716886795859933 0.3925877098998757 -0.33
0.9494232634534563 0.4460902003108663 -0.33
0.9242114607391171 0.49833038823502196 -0.33
0.8961248127361507 0.5491459915164624 -0.33
0.8652438002352567 0.5983787815042001 -0.33
0.8316576139082908 0.6458750755590187 -0.33
0.7954638975548025 0.6914862165559937 -0.33
0.7567684649478508 0.7350690378872405 -0.33
0.7156849910978939 0.7764863125111785 -0.33
0.6723346788335972 0.8156071846408194 -0.33
0.6268459016758596 0.8523075827142327 -0.33
0.5793538240559293 0.8864706123452549 -0.33
0.5300000000000005 0.9179869280115047 -0.33
0.7200817765318392 0.6042203531053468 -0.3
0.6863341187105633 0.6437596426414091 -0.3
0.6504149109864252 0.6814135627990688 -0.3
0.6124295095753632 0.7170628255608292 -0.3
0.5724898246164799 0.7505940318911362 -0.3
0.530713990910401 0.7819000318787275 -0.3
0.4872260188649113 0.8108802664641981 -0.3
0.44215542667806573 0.8374410896649014 -0.3
0.3956368548487634 0.8614960702669389 -0.3
0.34780966416135833 0.8829662720149412 -0.3
0.298817518344033 0.9017805113943822 -0.3
0.24880795265025948 0.917875592168125 -0.3
0.19793192965850678 0.931196515898583 -0.3
0.14634338362733337 0.9416966677590524 -0.3
0.09419875478091831 0.9493379770122569 -0.3
0.04165651493389588 0.9540910516106742 -0.3
-0.01112331410613536 0.9559352864515966 -0.3
-0.06397964789488085 0.954858944899846 -0.3
-0.11675083098213117 0.9508592132723865 -0.3
-0.16927513131660052 0.9439422280615205 -0.3
-0.2213912359127425 0.9341230757566308 -0.3
-0.27293874626046943 0.9214257652083336 -0.3
-0.3237586719563732 0.9058831725631321 -0.3
-0.373693921037365 0.8875369588809919 -0.3
-0.4225897855046707 0.8664374606323969 -0.3
-0.4702944205377888 0.8426435533551688 -0.3
-0.5166593159143195 0.8162224888343541 -0.3
-0.5615397581724787 0.7872497062505607 -0.3
-0.6047952820785533 0.7558086178230062 -0.3
-0.6462901099914711 0.7219903695529547 -0.3
-0.6858935777509511 0.6858935777509512 -0.3
-0.7234805457543023 0.6476240421070366 -0.3
-0.7589317939297126 0.6072944361367296 -0.3
-0.7921343993606985 0.5650239759067445 -0.3
-0.8229820953671435 0.5209380680129894 -0.3
-0.8513756109028908 0.47516793784906136 -0.3
-0.8772229891879868 0.4278502392661398 -0.3
-0.9004398845552742 0.3791266467845335 -0.3
-0.9209498365558659 0.32914343157311177 -0.3
-0.938684520435961 0.2780510224651402 -0.3
-0.9535839731682273 0.22600355332759153 -0.3
-0.9655967942944229 0.17315839814555295 -0.3
-0.9746803209117781 0.11967569522385532 -0.3
-0.9808007762137393 0.06571786194427194 -0.3
-0.983933391075702 0.01144910154857509 -0.3
-0.98406249825813 -0.04296509655485579 -0.3
-0.9811815988826891 -0.09735846144023637 -0.3
-0.9752934009214951 -0.15156444873051192 -0.3
-0.9664098295249999 -0.2054167505279464 -0.3
-0.9545520091001848 -0.2587498056478508 -0.3
-0.9397502171373037 -0.31139930859009735 -0.3
-0.9220438098701864 -0.36320271568377827 -0.3
-0.9014811199417758 -0.41399974684596325 -0.3
-0.8781193263328906 -0.46363288140582787 -0.3
-0.8520242968978996 -0.5119478464605939 -0.3
-0.8232704039358031 -0.5587940962495753 -0.3
-0.7919403133088684 -0.6040252810572182 -0.3
-0.7581247477032312 -0.6474997041851926 -0.3
-0.7219222247064447 -0.6890807655673589 -0.3
-0.6834387704556514 -0.728637390639588 -0.3
-0.6427876096865395 -0.7660444431189779 -0.3
-0.6000888330873877 -0.8011831203937194 -0.3
-0.55546904293395 -0.8339413302757224 -0.3
-0.5090609780495863 -0.8642140479228505 -0.3
-0.4610031192005606 -0.8919036517961757 -0.3
-0.411439276098724 -0.9169202375797787 -0.3
-0.3605181572425725 -0.9391819090561848 -0.3
-0.3083929238827865 -0.9586150449993082 -0.3
-0.25522072944964097 -0.9751545412185666 -0.3
-0.2011622458269529 -0.9887440269624167 -0.3
-0.14638117790031954 -0.9993360549667539 -0.3
-0.09104376784622296 -1.006892264513122 -0.3
-0.03531829066293167 -1.0113835169433247 -0.3
0.020625457526015297 -1.0127900031604984 -0.3
0.07661667683979685 -1.011101322731815 -0.3
0.13248408510335202 -1.0063165342944176 -0.3
0.1880564418134295 -0.998444177053716 -0.3
0.24316307300477755 -0.9875022632515194 -0.3
0.297634395407746 -0.97351824157037 -0.3
0.35130243828761654 -0.9565289315296089 -0.3
0.40400136135993964 -0.9365804290178797 -0.3
0.45556796718511505 -0.9137279831956673 -0.3
0.5058422064592815 -0.8880358450898285 -0.3
0.5546676746373391 -0.8595770882895883 -0.3
0.6018920983474916 -0.8284334022399469 -0.3
0.6473678100850596 -0.7946948587135028 -0.3
0.6909522097063913 -0.758459652125184 -0.3
0.7325082112813438 -0.7198338144359474 -0.3
0.7719046739049805 -0.6789309054709807 -0.3
0.8090168151156828 -0.6358716795549845 -0.3
0.8437266056176613 -0.5907837294415779 -0.3
0.875923144060743 -0.5438011085854302 -0.3
0.9055030106891286 -0.49506393287425404 -0.3
0.932370598733406 -0.4447179630029689 -0.3
0.9564384224862753 -0.39291416873404433 -0.3
0.9776274010719707 -0.3398082763460361 -0.3
0.9958671169920984 -0.2855603006264109 -0.3
1.0110960486062748 -0.23033406281481106 -0.3
1.023261775784361 -0.17429669594870764 -0.3
1.032321158047974 -0.11761813910485629 -0.3
1.038240484602119 -0.06047062206689535 -0.3
1.0409955957429111 -0.0030281419817214566 -0.3
1.0405719752142661 0.0545340664051466 -0.3
1.0369648131747693 0.11204006532225727 -0.3
1.0301790395255328 0.1693137517222121 -0.3
1.0202293274403305 0.226179396565317 -0.3
1.00714006703048 0.28246218398546813 -0.3
0.9909453091684712 0.3379887486840398 -0.3
0.9716886795859933 0.3925877098998757 -0.3
0.9494232634534563 0.4460902003108663 -0.3
0.9242114607391171 0.49833038823502196 -0.3
0.8961248127361507 0.5491459915164624 -0.3
0.8652438002352567 0.5983787815042001 -0.3
0.8316576139082908 0.6458750755590187 -0.3
0.7954638975548025 0.6914862165559937 -0.3
0.7567684649478508 0.7350690378872405 -0.3
0.7156849910978939 0.7764863125111785 -0.3
0.6723346788335972 0.8156071846408194 -0.3
0.6268459016758596 0.8523075827142327 -0.3
0.5793538240559293 0.8864706123452549 -0.3
0.5300000000000005 0.9179869280115047 -0.3
0.7200817765318392 0.6042203531053468 -0.26999999999999996
0.6863341187105633 0.6437596426414091 -0.26999999999999996
0.6504149109864252 0.6814135627990688 -0.26999999999999996
0.6124295095753632 0.7170628255608292 -0.26999999999999996
0.5724898246164799 0.7505940318911362 -0.26999999999999996
0.530713990910401 0.7819000318787275 -0.26999999999999996
0.4872260188649113 0.8108802664641981 -0.26999999999999996
0.44215542667806573 0.8374410896649014 -0.26999999999999996
0.3956368548487634 0.8614960702669389 -0.26999999999999996
0.34780966416135833 0.8829662720149412 -0.26999999999999996
0.298817518344033 0.9017805113943822 -0.26999999999999996
0.24880795265025948 0.917875592168125 -0.26999999999999996
0.19793192965850678 0.931196515898583 -0.26999999999999996
0.14634338362733337 0.9416966677590524 -0.26999999999999996
0.09419875478091831 0.9493379770122569 -0.26999999999999996
0.04165651493389588 0.9540910516106742 -0.26999999999999996
-0.01112331410613536 0.9559352864515966 -0.26999999999999996
-0.06397964789488085 0.954858944899846 -0.26999999999999996
-0.11675083098213117 0.9508592132723865 -0.26999999999999996
-0.16927513131660052 0.9439422280615205 -0.26999999999999996
-0.2213912359127425 0.9341230757566308 -0.26999999999999996
-0.27293874626046943 0.9214257652083336 -0.26999999999999996
-0.3237586719563732 0.9058831725631321 -0.26999999999999996
-0.373693921037365 0.8875369588809919 -0.26999999999999996
-0.4225897855046707 0.8664374606323969 -0.26999999999999996
-0.4702944205377888 0.8426435533551688 -0.26999999999999996
-0.5166593159143195 0.8162224888343541 -0.26999999999999996
-0.5615397581724787 0.7872497062505607 -0.26999999999999996
-0.6047952820785533 0.7558086178230062 -0.26999999999999996
-0.6462901099914711 0.7219903695529547 -0.26999999999999996
-0.6858935777509511 0.6858935777509512 -0.26999999999999996
-0.7234805457543023 0.6476240421070366 -0.26999999999999996
-0.7589317939297126 0.6072944361367296 -0.26999999999999996
-0.7921343993606985 0.5650239759067445 -0.26999999999999996
-0.8229820953671435 0.5209380680129894 -0.26999999999999996
-0.8513756109028908 0.47516793784906136 -0.26999999999999996
-0.8772229891879868 0.4278502392661398 -0.26999999999999996
-0.9004398845552742 0.3791266467845335 -0.26999999999999996
-0.9209498365558659 0.32914343157311177 -0.26999999999999996
-0.938684520435961 0.2780510224651402 -0.26999999999999996
-0.9535839731682273 0.22600355332759153 -0.26999999999999996
-0.9655967942944229 0.17315839814555295 -0.26999999999999996
-0.9746803209117781 0.11967569522385532 -0.26999999999999996
-0.9808007762137393 0.06571786194427194 -0.26999999999999996
-0.983933391075702 0.01144910154857509 -0.26999999999999996
-0.98406249825813 -0.04296509655485579 -0.26999999999999996
-0.9811815988826891 -0.09735846144023637 -0.26999999999999996
-0.9752934009214951 -0.15156444873051192 -0.26999999999999996
-0.9664098295249999 -0.2054167505279464 -0.26999999999999996
-0.9545520091001848 -0.2587498056478508 -0.26999999999999996
-0.9397502171373037 -0.31139930859009735 -0.26999999999999996
-0.9220438098701864 -0.36320271568377827 -0.26999999999999996
-0.9014811199417758 -0.41399974684596325 -0.26999999999999996
-0.8781193263328906 -0.46363288140582787 -0.26999999999999996
-0.8520242968978996 -0.5119478464605939 -0.26999999999999996
-0.8232704039358031 -0.5587940962495753 -0.26999999999999996
-0.7919403133088684 -0.6040252810572182 -0.26999999999999996
-0.7581247477032312 -0.6474997041851926 -0.26999999999999996
-0.7219222247064447 -0.6890807655673589 -0.26999999999999996
-0.6834387704556514 -0.728637390639588 -0.26999999999999996
-0.6427876096865395 -0.7660444431189779 -0.26999999999999996
-0.6000888330873877 -0.8011831203937194 -0.26999999999999996
-0.55546904293395 -0.8339413302757224 -0.26999999999999996
-0.5090609780495863 -0.8642140479228505 -0.26999999999999996
-0.4610031192005606 -0.8919036517961757 -0.26999999999999996
-0.411439276098724 -0.9169202375797787 -0.26999999999999996
-0.3605181572425725 -0.9391819090561848 -0.26999999999999996
-0.3083929238827865 -0.9586150449993082 -0.26999999999999996
-0.25522072944964097 -0.9751545412185666 -0.26999999999999996
-0.2011622458269529 -0.9887440269624167 -0.26999999999999996
-0.14638117790031954 -0.9993360549667539 -0.26999999999999996
-0.09104376784622296 -1.006892264513122 -0.26999999999999996
-0.03531829066293167 -1.0113835169433247 -0.26999999999999996
0.020625457526015297 -1.0127900031604984 -0.26999999999999996
0.07661667683979685 -1.011101322731815 -0.26999999999999996
0.13248408510335202 -1.0063165342944176 -0.26999999999999996
0.1880564418134295 -0.998444177053716 -0.26999999999999996
0.24316307300477755 -0.9875022632515194 -0.26999999999999996
0.297634395407746 -0.97351824157037 -0.26999999999999996
0.35130243828761654 -0.9565289315296089 -0.26999999999999996
0.40400136135993964 -0.9365804290178797 -0.26999999999999996
0.45556796718511505 -0.9137279831956673 -0.26999999999999996
0.5058422064592815 -0.8880358450898285 -0.26999999999999996
0.5546676746373391 -0.8595770882895883 -0.26999999999999996
0.6018920983474916 -0.8284334022399469 -0.26999999999999996
0.6473678100850596 -0.7946948587135028 -0.26999999999999996
0.6909522097063913 -0.758459652125184 -0.26999999999999996
0.7325082112813438 -0.7198338144359474 -0.26999999999999996
0.7719046739049805 -0.6789309054709807 -0.26999999999999996
0.8090168151156828 -0.6358716795549845 -0.26999999999999996
0.8437266056176613 -0.5907837294415779 -0.26999999999999996
0.875923144060743 -0.5438011085854302 -0.26999999999999996
0.9055030106891286 -0.49506393287425404 -0.26999999999999996
0.932370598733406 -0.4447179630029689 -0.26999999999999996
0.9564384224862753 -0.39291416873404433 -0.26999999999999996
0.9776274010719707 -0.3398082763460361 -0.26999999999999996
0.9958671169920984 -0.2855603006264109 -0.26999999999999996
1.0110960486062748 -0.23033406281481106 -0.26999999999999996
1.023261775784361 -0.17429669594870764 -0.26999999999999996
1.032321158047974 -0.11761813910485629 -0.26999999999999996
1.038240484602119 -0.06047062206689535 -0.26999999999999996
1.0409955957429111 -0.0030281419817214566 -0.26999999999999996
1.0405719752142661 0.0545340664051466 -0.26999999999999996
1.0369648131747693 0.11204006532225727 -0.26999999999999996
1.0301790395255328 0.1693137517222121 -0.26999999999999996
1.0202293274403305 0.226179396565317 -0.26999999999999996
1.00714006703048 0.28246218398546813 -0.26999999999999996
0.9909453091684712 0.3379887486840398 -0.26999999999999996
0.9716886795859933 0.3925877098998757 -0.26999999999999996
0.9494232634534563 0.4460902003108663 -0.26999999999999996
0.9242114607391171 0.49833038823502196 -0.26999999999999996
0.8961248127361507 0.5491459915164624 -0.26999999999999996
0.8652438002352567 0.5983787815042001 -0.26999999999999996
0.8316576139082908 0.6458750755590187 -0.26999999999999996
0.7954638975548025 0.6914862165559937 -0.26999999999999996
0.7567684649478508 0.7350690378872405 -0.26999999999999996
0.7156849910978939 0.7764863125111785 -0.26999999999999996
0.6723346788335972 0.8156071846408194 -0.26999999999999996
0.6268459016758596 0.8523075827142327 -0.26999999999999996
0.5793538240559293 0.8864706123452549 -0.26999999999999996
0.5300000000000005 0.9179869280115047 -0.26999999999999996
0.7200817765318392 0.6042203531053468 -0.23999999999999994
0.6863341187105633 0.6437596426414091 -0.23999999999999994
0.6504149109864252 0.6814135627990688 -0.23999999999999994
0.6124295095753632 0.7170628255608292 -0.23999999999999994
0.5724898246164799 0.7505940318911362 -0.23999999999999994
0.530713990910401 0.7819000318787275 -0.23999999999999994
0.4872260188649113 0.8108802664641981 -0.23999999999999994
0.44215542667806573 0.8374410896649014 -0.23999999999999994
0.3956368548487634 0.8614960702669389 -0.23999999999999994
0.34780966416135833 0.8829662720149412 -0.23999999999999994
0.298817518344033 0.9017805113943822 -0.23999999999999994
0.24880795265025948 0.917875592168125 -0.23999999999999994
0.19793192965850678 0.931196515898583 -0.23999999999999994
0.14634338362733337 0.9416966677590524 -0.23999999999999994
0.09419875478091831 0.9493379770122569 -0.23999999999999994
0.04165651493389588 0.9540910516106742 -0.23999999999999994
-0.01112331410613536 0.9559352864515966 -0.23999999999999994
-0.06397964789488085 0.954858944899846 -0.23999999999999994
-0.11675083098213117 0.9508592132723865 -0.23999999999999994
-0.16927513131660052 0.9439422280615205 -0.23999999999999994
-0.2213912359127425 0.9341230757566308 -0.23999999999999994
-0.27293874626046943 0.9214257652083336 -0.23999999999999994
-0.3237586719563732 0.9058831725631321 -0.23999999999999994
-0.373693921037365 0.8875369588809919 -0.23999999999999994
-0.4225897855046707 0.8664374606323969 -0.23999999999999994
-0.4702944205377888 0.8426435533551688 -0.23999999999999994
-0.5166593159143195 0.8162224888343541 -0.23999999999999994
-0.5615397581724787 0.7872497062505607 -0.23999999999999994
-0.6047952820785533 0.7558086178230062 -0.23999999999999994
-0.6462901099914711 0.7219903695529547 -0.23999999999999994
-0.6858935777509511 0.6858935777509512 -0.23999999999999994
-0.7234805457543023 0.6476240421070366 -0.23999999999999994
-0.7589317939297126 0.6072944361367296 -0.23999999999999994
-0.7921343993606985 0.5650239759067445 -0.23999999999999994
-0.8229820953671435 0.5209380680129894 -0.23999999999999994
-0.8513756109028908 0.47516793784906136 -0.23999999999999994
-0.8772229891879868 0.4278502392661398 -0.23999999999999994
-0.9004398845552742 0.3791266467845335 -0.23999999999999994
-0.9209498365558659 0.32914343157311177 -0.23999999999999994
-0.938684520435961 0.2780510224651402 -0.23999999999999994
-0.9535839731682273 0.22600355332759153 -0.23999999999999994
-0.9655967942944229 0.17315839814555295 -0.23999999999999994
-0.9746803209117781 0.11967569522385532 -0.23999999999999994
-0.9808007762137393 0.06571786194427194 -0.23999999999999994
-0.983933391075702 0.01144910154857509 -0.23999999999999994
-0.98406249825813 -0.04296509655485579 -0.23999999999999994
-0.9811815988826891 -0.09735846144023637 -0.23999999999999994
-0.9752934009214951 -0.15156444873051192 -0.23999999999999994
-0.9664098295249999 -0.2054167505279464 -0.23999999999999994
-0.9545520091001848 -0.2587498056478508 -0.23999999999999994
-0.9397502171373037 -0.31139930859009735 -0.23999999999999994
-0.9220438098701864 -0.36320271568377827 -0.23999999999999994
-0.9014811199417758 -0.41399974684596325 -0.23999999999999994
-0.8781193263328906 -0.46363288140582787 -0.23999999999999994
-0.8520242968978996 -0.5119478464605939 -0.23999999999999994
-0.8232704039358031 -0.5587940962495753 -0.23999999999999994
-0.7919403133088684 -0.6040252810572182 -0.23999999999999994
-0.7581247477032312 -0.6474997041851926 -0.23999999999999994
-0.7219222247064447 -0.6890807655673589 -0.23999999999999994
-0.6834387704556514 -0.728637390639588 -0.23999999999999994
-0.6427876096865395 -0.7660444431189779 -0.23999999999999994
-0.6000888330873877 -0.8011831203937194 -0.23999999999999994
-0.55546904293395 -0.8339413302757224 -0.23999999999999994
-0.5090609780495863 -0.8642140479228505 -0.23999999999999994
-0.4610031192005606 -0.8919036517961757 -0.23999999999999994
-0.411439276098724 -0.9169202375797787 -0.23999999999999994
-0.3605181572425725 -0.9391819090561848 -0.23999999999999994
-0.3083929238827865 -0.9586150449993082 -0.23999999999999994
-0.25522072944964097 -0.9751545412185666 -0.23999999999999994
-0.2011622458269529 -0.9887440269624167 -0.23999999999999994
-0.14638117790031954 -0.9993360549667539 -0.23999999999999994
-0.09104376784622296 -1.006892264513122 -0.23999999999999994
-0.03531829066293167 -1.0113835169433247 -0.23999999999999994
0.020625457526015297 -1.0127900031604984 -0.23999999999999994
0.07661667683979685 -1.011101322731815 -0.23999999999999994
0.13248408510335202 -1.0063165342944176 -0.23999999999999994
0.1880564418134295 -0.998444177053716 -0.23999999999999994
0.24316307300477755 -0.9875022632515194 -0.23999999999999994
0.297634395407746 -0.97351824157037 -0.23999999999999994
0.35130243828761654 -0.9565289315296089 -0.23999999999999994
0.40400136135993964 -0.9365804290178797 -0.23999999999999994
0.45556796718511505 -0.9137279831956673 -0.23999999999999994
0.5058422064592815 -0.8880358450898285 -0.23999999999999994
0.5546676746373391 -0.8595770882895883 -0.23999999999999994
0.6018920983474916 -0.8284334022399469 -0.23999999999999994
0.6473678100850596 -0.7946948587135028 -0.23999999999999994
0.6909522097063913 -0.758459652125184 -0.23999999999999994
0.7325082112813438 -0.7198338144359474 -0.23999999999999994
0.7719046739049805 -0.6789309054709807 -0.23999999999999994
0.8090168151156828 -0.6358716795549845 -0.23999999999999994
0.8437266056176613 -0.5907837294415779 -0.23999999999999994
0.875923144060743 -0.5438011085854302 -0.23999999999999994
0.9055030106891286 -0.49506393287425404 -0.23999999999999994
0.932370598733406 -0.4447179630029689 -0.23999999999999994
0.9564384224862753 -0.39291416873404433 -0.23999999999999994
0.9776274010719707 -0.3398082763460361 -0.23999999999999994
0.9958671169920984 -0.2855603006264109 -0.23999999999999994
1.0110960486062748 -0.23033406281481106 -0.23999999999999994
1.023261775784361 -0.17429669594870764 -0.23999999999999994
1.032321158047974 -0.11761813910485629 -0.23999999999999994
1.038240484602119 -0.06047062206689535 -0.23999999999999994
1.0409955957429111 -0.0030281419817214566 -0.23999999999999994
1.0405719752142661 0.0545340664051466 -0.23999999999999994
1.0369648131747693 0.11204006532225727 -0.23999999999999994
1.0301790395255328 0.1693137517222121 -0.23999999999999994
1.0202293274403305 0.226179396565317 -0.23999999999999994
1.00714006703048 0.28246218398546813 -0.23999999999999994
0.9909453091684712 0.3379887486840398 -0.23999999999999994
0.9716886795859933 0.3925877098998757 -0.23999999999999994
0.9494232634534563 0.4460902003108663 -0.23999999999999994
0.9242114607391171 0.49833038823502196 -0.23999999999999994
0.8961248127361507 0.5491459915164624 -0.23999999999999994
0.8652438002352567 0.5983787815042001 -0.23999999999999994
0.8316576139082908 0.6458750755590187 -0.23999999999999994
0.7954638975548025 0.6914862165559937 -0.23999999999999994
0.7567684649478508 0.7350690378872405 -0.23999999999999994
0.7156849910978939 0.7764863125111785 -0.23999999999999994
0.6723346788335972 0.8156071846408194 -0.23999999999999994
0.6268459016758596 0.8523075827142327 -0.23999999999999994
0.5793538240559293 0.8864706123452549 -0.23999999999999994
0.5300000000000005 0.9179869280115047 -0.23999999999999994
0.7200817765318392 0.6042203531053468 -0.21000000000000005
0.6863341187105633 0.6437596426414091 -0.21000000000000005
0.6504149109864252 0.6814135627990688 -0.21000000000000005
0.6124295095753632 0.7170628255608292 -0.21000000000000005
0.5724898246164799 0.7505940318911362 -0.21000000000000005
0.530713990910401 0.7819000318787275 -0.21000000000000005
0.4872260188649113 0.8108802664641981 -0.21000000000000005
0.44215542667806573 0.8374410896649014 -0.21000000000000005
0.3956368548487634 0.8614960702669389 -0.21000000000000005
0.34780966416135833 0.8829662720149412 -0.21000000000000005
0.298817518344033 0.9017805113943822 -0.21000000000000005
0.24880795265025948 0.917875592168125 -0.21000000000000005
0.19793192965850678 0.931196515898583 -0.21000000000000005
0.14634338362733337 0.9416966677590524 -0.21000000000000005
0.09419875478091831 0.9493379770122569 -0.21000000000000005
0.04165651493389588 0.9540910516106742 -0.21000000000000005
-0.01112331410613536 0.9559352864515966 -0.21000000000000005
-0.06397964789488085 0.954858944899846 -0.21000000000000005
-0.11675083098213117 0.9508592132723865 -0.21000000000000005
-0.16927513131660052 0.9439422280615205 -0.21000000000000005
-0.2213912359127425 0.9341230757566308 -0.21000000000000005
-0.27293874626046943 0.9214257652083336 -0.21000000000000005
-0.3237586719563732 0.9058831725631321 -0.21000000000000005
-0.373693921037365 0.8875369588809919 -0.21000000000000005
-0.4225897855046707 0.8664374606323969 -0.21000000000000005
-0.4702944205377888 0.8426435533551688 -0.21000000000000005
-0.5166593159143195 0.8162224888343541 -0.21000000000000005
-0.5615397581724787 0.7872497062505607 -0.21000000000000005
-0.6047952820785533 0.7558086178230062 -0.21000000000000005
-0.6462901099914711 0.7219903695529547 -0.21000000000000005
-0.6858935777509511 0.6858935777509512 -0.21000000000000005
-0.7234805457543023 0.6476240421070366 -0.21000000000000005
-0.7589317939297126 0.6072944361367296 -0.21000000000000005
-0.7921343993606985 0.5650239759067445 -0.21000000000000005
-0.8229820953671435 0.5209380680129894 -0.21000000000000005
-0.8513756109028908 0.47516793784906136 -0.21000000000000005
-0.8772229891879868 0.4278502392661398 -0.21000000000000005
-0.9004398845552742 0.3791266467845335 -0.21000000000000005
-0.9209498365558659 0.32914343157311177 -0.21000000000000005
-0.938684520435961 0.2780510224651402 -0.21000000000000005
-0.9535839731682273 0.22600355332759153 -0.21000000000000005
-0.9655967942944229 0.17315839814555295 -0.21000000000000005
-0.9746803209117781 0.11967569522385532 -0.21000000000000005
-0.9808007762137393 0.06571786194427194 -0.21000000000000005
-0.983933391075702 0.01144910154857509 -0.21000000000000005
-0.98406249825813 -0.04296509655485579 -0.21000000000000005
-0.9811815988826891 -0.09735846144023637 -0.21000000000000005
-0.9752934009214951 -0.15156444873051192 -0.21000000000000005
-0.9664098295249999 -0.2054167505279464 -0.21000000000000005
-0.9545520091001848 -0.2587498056478508 -0.21000000000000005
-0.9397502171373037 -0.31139930859009735 -0.21000000000000005
-0.9220438098701864 -0.36320271568377827 -0.21000000000000005
-0.9014811199417758 -0.41399974684596325 -0.21000000000000005
-0.8781193263328906 -0.46363288140582787 -0.21000000000000005
-0.8520242968978996 -0.5119478464605939 -0.21000000000000005
-0.8232704039358031 -0.5587940962495753 -0.21000000000000005
-0.7919403133088684 -0.6040252810572182 -0.21000000000000005
-0.7581247477032312 -0.6474997041851926 -0.21000000000000005
-0.7219222247064447 -0.6890807655673589 -0.21000000000000005
-0.6834387704556514 -0.728637390639588 -0.21000000000000005
-0.6427876096865395 -0.7660444431189779 -0.21000000000000005
-0.6000888330873877 -0.8011831203937194 -0.21000000000000005
-0.55546904293395 -0.8339413302757224 -0.21000000000000005
-0.5090609780495863 -0.8642140479228505 -0.21000000000000005
-0.4610031192005606 -0.8919036517961757 -0.21000000000000005
-0.411439276098724 -0.9169202375797787 -0.21000000000000005
-0.3605181572425725 -0.9391819090561848 -0.21000000000000005
-0.3083929238827865 -0.9586150449993082 -0.21000000000000005
-0.25522072944964097 -0.9751545412185666 -0.21000000000000005
-0.2011622458269529 -0.9887440269624167 -0.21000000000000005
-0.14638117790031954 -0.9993360549667539 -0.21000000000000005
-0.09104376784622296 -1.006892264513122 -0.21000000000000005
-0.03531829066293167 -1.0113835169433247 -0.21000000000000005
0.020625457526015297 -1.0127900031604984 -0.21000000000000005
0.07661667683979685 -1.011101322731815 -0.21000000000000005
0.13248408510335202 -1.0063165342944176 -0.21000000000000005
0.1880564418134295 -0.998444177053716 -0.21000000000000005
0.24316307300477755 -0.9875022632515194 -0.21000000000000005
0.297634395407746 -0.97351824157037 -0.21000000000000005
0.35130243828761654 -0.9565289315296089 -0.21000000000000005
0.40400136135993964 -0.9365804290178797 -0.21000000000000005
0.45556796718511505 -0.9137279831956673 -0.21000000000000005
0.5058422064592815 -0.8880358450898285 -0.21000000000000005
0.5546676746373391 -0.8595770882895883 -0.21000000000000005
0.6018920983474916 -0.8284334022399469 -0.21000000000000005
0.6473678100850596 -0.7946948587135028 -0.21000000000000005
0.6909522097063913 -0.758459652125184 -0.21000000000000005
0.7325082112813438 -0.7198338144359474 -0.21000000000000005
0.7719046739049805 -0.6789309054709807 -0.21000000000000005
0.8090168151156828 -0.6358716795549845 -0.21000000000000005
0.8437266056176613 -0.5907837294415779 -0.21000000000000005
0.875923144060743 -0.5438011085854302 -0.21000000000000005
0.9055030106891286 -0.49506393287425404 -0.21000000000000005
0.932370598733406 -0.4447179630029689 -0.21000000000000005
0.9564384224862753 -0.39291416873404433 -0.21000000000000005
0.9776274010719707 -0.3398082763460361 -0.21000000000000005
0.9958671169920984 -0.2855603006264109 -0.21000000000000005
1.0110960486062748 -0.23033406281481106 -0.21000000000000005
1.023261775784361 -0.17429669594870764 -0.21000000000000005
1.032321158047974 -0.11761813910485629 -0.21000000000000005
1.038240484602119 -0.06047062206689535 -0.21000000000000005
1.0409955957429111 -0.0030281419817214566 -0.21000000000000005
1.0405719752142661 0.0545340664051466 -0.21000000000000005
1.0369648131747693 0.11204006532225727 -0.21000000000000005
1.0301790395255328 0.1693137517222121 -0.21000000000000005
1.0202293274403305 0.226179396565317 -0.21000000000000005
1.00714006703048 0.28246218398546813 -0.21000000000000005
0.9909453091684712 0.3379887486840398 -0.21000000000000005
0.9716886795859933 0.3925877098998757 -0.21000000000000005
0.9494232634534563 0.4460902003108663 -0.21000000000000005
0.9242114607391171 0.49833038823502196 -0.21000000000000005
0.8961248127361507 0.5491459915164624 -0.21000000000000005
0.8652438002352567 0.5983787815042001 -0.21000000000000005
0.8316576139082908 0.6458750755590187 -0.21000000000000005
0.7954638975548025 0.6914862165559937 -0.21000000000000005
0.7567684649478508 0.7350690378872405 -0.21000000000000005
0.7156849910978939 0.7764863125111785 -0.21000000000000005
0.6723346788335972 0.8156071846408194 -0.21000000000000005
0.6268459016758596 0.8523075827142327 -0.21000000000000005
0.5793538240559293 0.8864706123452549 -0.21000000000000005
0.5300000000000005 0.9179869280115047 -0.21000000000000005
0.7200817765318392 0.6042203531053468 -0.18000000000000002
0.6863341187105633 0.6437596426414091 -0.18000000000000002
0.6504149109864252 0.6814135627990688 -0.18000000000000002
0.6124295095753632 0.7170628255608292 -0.18000000000000002
0.5724898246164799 0.7505940318911362 -0.18000000000000002
0.530713990910401 0.7819000318787275 -0.18000000000000002
0.4872260188649113 0.8108802664641981 -0.18000000000000002
0.44215542667806573 0.8374410896649014 -0.18000000000000002
0.3956368548487634 0.8614960702669389 -0.18000000000000002
0.34780966416135833 0.8829662720149412 -0.18000000000000002
0.298817518344033 0.9017805113943822 -0.18000000000000002
0.24880795265025948 0.917875592168125 -0.18000000000000002
0.19793192965850678 0.931196515898583 -0.18000000000000002
0.14634338362733337 0.9416966677590524 -0.18000000000000002
0.09419875478091831 0.9493379770122569 -0.18000000000000002
0.04165651493389588 0.9540910516106742 -0.18000000000000002
-0.01112331410613536 0.9559352864515966 -0.18000000000000002
-0.06397964789488085 0.954858944899846 -0.18000000000000002
-0.11675083098213117 0.9508592132723865 -0.18000000000000002
-0.16927513131660052 0.9439422280615205 -0.18000000000000002
-0.2213912359127425 0.9341230757566308 -0.18000000000000002
-0.27293874626046943 0.9214257652083336 -0.18000000000000002
-0.3237586719563732 0.9058831725631321 -0.18000000000000002
-0.373693921037365 0.8875369588809919 -0.18000000000000002
-0.4225897855046707 0.8664374606323969 -0.18000000000000002
-0.4702944205377888 0.8426435533551688 -0.18000000000000002
-0.5166593159143195 0.8162224888343541 -0.18000000000000002
-0.5615397581724787 0.7872497062505607 -0.18000000000000002
-0.6047952820785533 0.7558086178230062 -0.18000000000000002
-0.6462901099914711 0.7219903695529547 -0.18000000000000002
-0.6858935777509511 0.6858935777509512 -0.18000000000000002
-0.7234805457543023 0.6476240421070366 -0.18000000000000002
-0.7589317939297126 0.6072944361367296 -0.18000000000000002
-0.7921343993606985 0.5650239759067445 -0.18000000000000002
-0.8229820953671435 0.5209380680129894 -0.18000000000000002
-0.8513756109028908 0.47516793784906136 -0.18000000000000002
-0.8772229891879868 0.4278502392661398 -0.18000000000000002
-0.9004398845552742 0.3791266467845335 -0.18000000000000002
-0.9209498365558659 0.32914343157311177 -0.18000000000000002
-0.938684520435961 0.2780510224651402 -0.18000000000000002
-0.9535839731682273 0.22600355332759153 -0.18000000000000002
-0.9655967942944229 0.17315839814555295 -0.18000000000000002
-0.9746803209117781 0.11967569522385532 -0.18000000000000002
-0.9808007762137393 0.06571786194427194 -0.18000000000000002
-0.983933391075702 0.01144910154857509 -0.18000000000000002
-0.98406249825813 -0.04296509655485579 -0.18000000000000002
-0.9811815988826891 -0.09735846144023637 -0.18000000000000002
-0.9752934009214951 -0.15156444873051192 -0.18000000000000002
-0.9664098295249999 -0.2054167505279464 -0.18000000000000002
-0.9545520091001848 -0.2587498056478508 -0.18000000000000002
-0.9397502171373037 -0.31139930859009735 -0.18000000000000002
-0.9220438098701864 -0.36320271568377827 -0.18000000000000002
-0.9014811199417758 -0.41399974684596325 -0.18000000000000002
-0.8781193263328906 -0.46363288140582787 -0.18000000000000002
-0.8520242968978996 -0.5119478464605939 -0.18000000000000002
-0.8232704039358031 -0.5587940962495753 -0.18000000000000002
-0.7919403133088684 -0.6040252810572182 -0.18000000000000002
-0.7581247477032312 -0.6474997041851926 -0.18000000000000002
-0.7219222247064447 -0.6890807655673589 -0.18000000000000002
-0.6834387704556514 -0.728637390639588 -0.18000000000000002
-0.6427876096865395 -0.7660444431189779 -0.18000000000000002
-0.6000888330873877 -0.8011831203937194 -0.18000000000000002
-0.55546904293395 -0.8339413302757224 -0.18000000000000002
-0.5090609780495863 -0.8642140479228505 -0.18000000000000002
-0.4610031192005606 -0.8919036517961757 -0.18000000000000002
-0.411439276098724 -0.9169202375797787 -0.18000000000000002
-0.3605181572425725 -0.9391819090561848 -0.18000000000000002
-0.3083929238827865 -0.9586150449993082 -0.18000000000000002
-0.25522072944964097 -0.9751545412185666 -0.18000000000000002
-0.2011622458269529 -0.9887440269624167 -0.18000000000000002
-0.14638117790031954 -0.9993360549667539 -0.18000000000000002
-0.09104376784622296 -1.006892264513122 -0.18000000000000002
-0.03531829066293167 -1.0113835169433247 -0.18000000000000002
0.020625457526015297 -1.0127900031604984 -0.18000000000000002
0.07661667683979685 -1.011101322731815 -0.18000000000000002
0.13248408510335202 -1.0063165342944176 -0.18000000000000002
0.1880564418134295 -0.998444177053716 -0.18000000000000002
0.24316307300477755 -0.9875022632515194 -0.18000000000000002
0.297634395407746 -0.97351824157037 -0.18000000000000002
0.35130243828761654 -0.9565289315296089 -0.18000000000000002
0.40400136135993964 -0.9365804290178797 -0.18000000000000002
0.45556796718511505 -0.9137279831956673 -0.18000000000000002
0.5058422064592815 -0.8880358450898285 -0.18000000000000002
0.5546676746373391 -0.8595770882895883 -0.18000000000000002
0.6018920983474916 -0.8284334022399469 -0.18000000000000002
0.6473678100850596 -0.7946948587135028 -0.18000000000000002
0.6909522097063913 -0.758459652125184 -0.18000000000000002
0.7325082112813438 -0.7198338144359474 -0.18000000000000002
0.7719046739049805 -0.6789309054709807 -0.18000000000000002
0.8090168151156828 -0.6358716795549845 -0.18000000000000002
0.8437266056176613 -0.5907837294415779 -0.18000000000000002
0.875923144060743 -0.5438011085854302 -0.18000000000000002
0.9055030106891286 -0.49506393287425404 -0.18000000000000002
0.932370598733406 -0.4447179630029689 -0.18000000000000002
0.9564384224862753 -0.39291416873404433 -0.18000000000000002
0.9776274010719707 -0.3398082763460361 -0.18000000000000002
0.9958671169920984 -0.2855603006264109 -0.18000000000000002
1.0110960486062748 -0.23033406281481106 -0.18000000000000002
1.023261775784361 -0.17429669594870764 -0.18000000000000002
1.032321158047974 -0.11761813910485629 -0.18000000000000002
1.038240484602119 -0.06047062206689535 -0.18000000000000002
1.0409955957429111 -0.0030281419817214566 -0.18000000000000002
1.0405719752142661 0.0545340664051466 -0.18000000000000002
1.0369648131747693 0.11204006532225727 -0.18000000000000002
1.0301790395255328 0.1693137517222121 -0.18000000000000002
1.0202293274403305 0.226179396565317 -0.18000000000000002
1.00714006703048 0.28246218398546813 -0.18000000000000002
0.9909453091684712 0.3379887486840398 -0.18000000000000002
0.9716886795859933 0.3925877098998757 -0.18000000000000002
0.9494232634534563 0.4460902003108663 -0.18000000000000002
0.9242114607391171 0.49833038823502196 -0.18000000000000002
0.8961248127361507 0.5491459915164624 -0.18000000000000002
0.8652438002352567 0.5983787815042001 -0.18000000000000002
0.8316576139082908 0.6458750755590187 -0.18000000000000002
0.7954638975548025 0.6914862165559937 -0.18000000000000002
0.7567684649478508 0.7350690378872405 -0.18000000000000002
0.7156849910978939 0.7764863125111785 -0.18000000000000002
0.6723346788335972 0.8156071846408194 -0.18000000000000002
0.6268459016758596 0.8523075827142327 -0.18000000000000002
0.5793538240559293 0.8864706123452549 -0.18000000000000002
0.5300000000000005 0.9179869280115047 -0.18000000000000002
0.7200817765318392 0.6042203531053468 -0.15
0.6863341187105633 0.6437596426414091 -0.15
0.6504149109864252 0.6814135627990688 -0.15
0.6124295095753632 0.7170628255608292 -0.15
0.5724898246164799 0.7505940318911362 -0.15
0.530713990910401 0.7819000318787275 -0.15
0.4872260188649113 0.8108802664641981 -0.15
0.44215542667806573 0.8374410896649014 -0.15
0.3956368548487634 0.8614960702669389 -0.15
0.34780966416135833 0.8829662720149412 -0.15
0.298817518344033 0.9017805113943822 -0.15
0.24880795265025948 0.917875592168125 -0.15
0.19793192965850678 0.931196515898583 -0.15
0.14634338362733337 0.9416966677590524 -0.15
0.09419875478091831 0.9493379770122569 -0.15
0.04165651493389588 0.9540910516106742 -0.15
-0.01112331410613536 0.9559352864515966 -0.15
-0.06397964789488085 0.954858944899846 -0.15
-0.11675083098213117 0.9508592132723865 -0.15
-0.16927513131660052 0.9439422280615205 -0.15
-0.2213912359127425 0.9341230757566308 -0.15
-0.27293874626046943 0.9214257652083336 -0.15
-0.3237586719563732 0.9058831725631321 -0.15
-0.373693921037365 0.8875369588809919 -0.15
-0.4225897855046707 0.8664374606323969 -0.15
-0.4702944205377888 0.8426435533551688 -0.15
-0.5166593159143195 0.8162224888343541 -0.15
-0.5615397581724787 0.7872497062505607 -0.15
-0.6047952820785533 0.7558086178230062 -0.15
-0.6462901099914711 0.7219903695529547 -0.15
-0.6858935777509511 0.6858935777509512 -0.15
-0.7234805457543023 0.6476240421070366 -0.15
-0.7589317939297126 0.6072944361367296 -0.15
-0.7921343993606985 0.5650239759067445 -0.15
-0.8229820953671435 0.5209380680129894 -0.15
-0.8513756109028908 0.47516793784906136 -0.15
-0.8772229891879868 0.4278502392661398 -0.15
-0.9004398845552742 0.3791266467845335 -0.15
-0.9209498365558659 0.32914343157311177 -0.15
-0.938684520435961 0.2780510224651402 -0.15
-0.9535839731682273 0.22600355332759153 -0.15
-0.9655967942944229 0.17315839814555295 -0.15
-0.9746803209117781 0.11967569522385532 -0.15
-0.9808007762137393 0.06571786194427194 -0.15
-0.983933391075702 0.01144910154857509 -0.15
-0.98406249825813 -0.04296509655485579 -0.15
-0.9811815988826891 -0.09735846144023637 -0.15
-0.9752934009214951 -0.15156444873051192 -0.15
-0.9664098295249999 -0.2054167505279464 -0.15
-0.9545520091001848 -0.2587498056478508 -0.15
-0.9397502171373037 -0.31139930859009735 -0.15
-0.9220438098701864 -0.36320271568377827 -0.15
-0.9014811199417758 -0.41399974684596325 -0.15
-0.8781193263328906 -0.46363288140582787 -0.15
-0.8520242968978996 -0.5119478464605939 -0.15
-0.8232704039358031 -0.5587940962495753 -0.15
-0.7919403133088684 -0.6040252810572182 -0.15
-0.7581247477032312 -0.6474997041851926 -0.15
-0.7219222247064447 -0.6890807655673589 -0.15
-0.6834387704556514 -0.728637390639588 -0.15
-0.6427876096865395 -0.7660444431189779 -0.15
-0.6000888330873877 -0.8011831203937194 -0.15
-0.55546904293395 -0.8339413302757224 -0.15
-0.5090609780495863 -0.8642140479228505 -0.15
-0.4610031192005606 -0.8919036517961757 -0.15
-0.411439276098724 -0.9169202375797787 -0.15
-0.3605181572425725 -0.9391819090561848 -0.15
-0.3083929238827865 -0.9586150449993082 -0.15
-0.25522072944964097 -0.9751545412185666 -0.15
-0.2011622458269529 -0.9887440269624167 -0.15
-0.14638117790031954 -0.9993360549667539 -0.15
-0.09104376784622296 -1.006892264513122 -0.15
-0.03531829066293167 -1.0113835169433247 -0.15
0.020625457526015297 -1.0127900031604984 -0.15
0.07661667683979685 -1.011101322731815 -0.15
0.13248408510335202 -1.0063165342944176 -0.15
0.1880564418134295 -0.998444177053716 -0.15
0.24316307300477755 -0.9875022632515194 -0.15
0.297634395407746 -0.97351824157037 -0.15
0.35130243828761654 -0.9565289315296089 -0.15
0.40400136135993964 -0.9365804290178797 -0.15
0.45556796718511505 -0.9137279831956673 -0.15
0.5058422064592815 -0.8880358450898285 -0.15
0.5546676746373391 -0.8595770882895883 -0.15
0.6018920983474916 -0.8284334022399469 -0.15
0.6473678100850596 -0.7946948587135028 -0.15
0.6909522097063913 -0.758459652125184 -0.15
0.7325082112813438 -0.7198338144359474 -0.15
0.7719046739049805 -0.6789309054709807 -0.15
0.8090168151156828 -0.6358716795549845 -0.15
0.8437266056176613 -0.5907837294415779 -0.15
0.875923144060743 -0.5438011085854302 -0.15
0.9055030106891286 -0.49506393287425404 -0.15
0.932370598733406 -0.4447179630029689 -0.15
0.9564384224862753 -0.39291416873404433 -0.15
0.9776274010719707 -0.3398082763460361 -0.15
0.9958671169920984 -0.2855603006264109 -0.15
1.0110960486062748 -0.23033406281481106 -0.15
1.023261775784361 -0.17429669594870764 -0.15
1.032321158047974 -0.11761813910485629 -0.15
1.038240484602119 -0.06047062206689535 -0.15
1.0409955957429111 -0.0030281419817214566 -0.15
1.0405719752142661 0.0545340664051466 -0.15
1.0369648131747693 0.11204006532225727 -0.15
1.0301790395255328 0.1693137517222121 -0.15
1.0202293274403305 0.226179396565317 -0.15
1.00714006703048 0.28246218398546813 -0.15
0.9909453091684712 0.3379887486840398 -0.15
0.9716886795859933 0.3925877098998757 -0.15
0.9494232634534563 0.4460902003108663 -0.15
0.9242114607391171 0.49833038823502196 -0.15
0.8961248127361507 0.5491459915164624 -0.15
0.8652438002352567 0.5983787815042001 -0.15
0.8316576139082908 0.6458750755590187 -0.15
0.7954638975548025 0.6914862165559937 -0.15
0.7567684649478508 0.7350690378872405 -0.15
0.7156849910978939 0.7764863125111785 -0.15
0.6723346788335972 0.8156071846408194 -0.15
0.6268459016758596 0.8523075827142327 -0.15
0.5793538240559293 0.8864706123452549 -0.15
0.5300000000000005 0.9179869280115047 -0.15
0.7200817765318392 0.6042203531053468 -0.11999999999999997
0.6863341187105633 0.6437596426414091 -0.11999999999999997
0.6504149109864252 0.6814135627990688 -0.11999999999999997
0.6124295095753632 0.7170628255608292 -0.11999999999999997
0.5724898246164799 0.7505940318911362 -0.11999999999999997
0.530713990910401 0.7819000318787275 -0.11999999999999997
0.4872260188649113 0.8108802664641981 -0.11999999999999997
0.44215542667806573 0.8374410896649014 -0.11999999999999997
0.3956368548487634 0.8614960702669389 -0.11999999999999997
0.34780966416135833 0.8829662720149412 -0.11999999999999997
0.298817518344033 0.9017805113943822 -0.11999999999999997
0.24880795265025948 0.917875592168125 -0.11999999999999997
0.19793192965850678 0.931196515898583 -0.11999999999999997
0.14634338362733337 0.9416966677590524 -0.11999999999999997
0.09419875478091831 0.9493379770122569 -0.11999999999999997
0.04165651493389588 0.9540910516106742 -0.11999999999999997
-0.01112331410613536 0.9559352864515966 -0.11999999999999997
-0.06397964789488085 0.954858944899846 -0.11999999999999997
-0.11675083098213117 0.9508592132723865 -0.11999999999999997
-0.16927513131660052 0.9439422280615205 -0.11999999999999997
-0.2213912359127425 0.9341230757566308 -0.11999999999999997
-0.27293874626046943 0.9214257652083336 -0.11999999999999997
-0.3237586719563732 0.9058831725631321 -0.11999999999999997
-0.373693921037365 0.8875369588809919 -0.11999999999999997
-0.4225897855046707 0.8664374606323969 -0.11999999999999997
-0.4702944205377888 0.8426435533551688 -0.11999999999999997
-0.5166593159143195 0.8162224888343541 -0.11999999999999997
-0.5615397581724787 0.7872497062505607 -0.11999999999999997
-0.6047952820785533 0.7558086178230062 -0.11999999999999997
-0.6462901099914711 0.7219903695529547 -0.11999999999999997
-0.6858935777509511 0.6858935777509512 -0.11999999999999997
-0.7234805457543023 0.6476240421070366 -0.11999999999999997
-0.7589317939297126 0.6072944361367296 -0.11999999999999997
-0.7921343993606985 0.5650239759067445 -0.11999999999999997
-0.8229820953671435 0.5209380680129894 -0.11999999999999997
-0.8513756109028908 0.47516793784906136 -0.11999999999999997
-0.8772229891879868 0.4278502392661398 -0.11999999999999997
-0.9004398845552742 0.3791266467845335 -0.11999999999999997
-0.9209498365558659 0.32914343157311177 -0.11999999999999997
-0.938684520435961 0.2780510224651402 -0.11999999999999997
-0.9535839731682273 0.22600355332759153 -0.11999999999999997
-0.9655967942944229 0.17315839814555295 -0.11999999999999997
-0.9746803209117781 0.11967569522385532 -0.11999999999999997
-0.9808007762137393 0.06571786194427194 -0.11999999999999997
-0.983933391075702 0.01144910154857509 -0.11999999999999997
-0.98406249825813 -0.04296509655485579 -0.11999999999999997
-0.9811815988826891 -0.09735846144023637 -0.11999999999999997
-0.9752934009214951 -0.15156444873051192 -0.11999999999999997
-0.9664098295249999 -0.2054167505279464 -0.11999999999999997
-0.9545520091001848 -0.2587498056478508 -0.11999999999999997
-0.9397502171373037 -0.31139930859009735 -0.11999999999999997
-0.9220438098701864 -0.36320271568377827 -0.11999999999999997
-0.9014811199417758 -0.41399974684596325 -0.11999999999999997
-0.8781193263328906 -0.46363288140582787 -0.11999999999999997
-0.8520242968978996 -0.5119478464605939 -0.11999999999999997
-0.8232704039358031 -0.5587940962495753 -0.11999999999999997
-0.7919403133088684 -0.6040252810572182 -0.11999999999999997
-0.7581247477032312 -0.6474997041851926 -0.11999999999999997
-0.7219222247064447 -0.6890807655673589 -0.11999999999999997
-0.6834387704556514 -0.728637390639588 -0.11999999999999997
-0.6427876096865395 -0.7660444431189779 -0.11999999999999997
-0.6000888330873877 -0.8011831203937194 -0.11999999999999997
-0.55546904293395 -0.8339413302757224 -0.11999999999999997
-0.5090609780495863 -0.8642140479228505 -0.11999999999999997
-0.4610031192005606 -0.8919036517961757 -0.11999999999999997
-0.411439276098724 -0.9169202375797787 -0.11999999999999997
-0.3605181572425725 -0.9391819090561848 -0.11999999999999997
-0.3083929238827865 -0.9586150449993082 -0.11999999999999997
-0.25522072944964097 -0.9751545412185666 -0.11999999999999997
-0.2011622458269529 -0.9887440269624167 -0.11999999999999997
-0.14638117790031954 -0.9993360549667539 -0.11999999999999997
-0.09104376784622296 -1.006892264513122 -0.11999999999999997
-0.03531829066293167 -1.0113835169433247 -0.11999999999999997
0.020625457526015297 -1.0127900031604984 -0.11999999999999997
0.07661667683979685 -1.011101322731815 -0.11999999999999997
0.13248408510335202 -1.0063165342944176 -0.11999999999999997
0.1880564418134295 -0.998444177053716 -0.11999999999999997
0.24316307300477755 -0.9875022632515194 -0.11999999999999997
0.297634395407746 -0.97351824157037 -0.11999999999999997
0.35130243828761654 -0.9565289315296089 -0.11999999999999997
0.40400136135993964 -0.9365804290178797 -0.11999999999999997
0.45556796718511505 -0.9137279831956673 -0.11999999999999997
0.5058422064592815 -0.8880358450898285 -0.11999999999999997
0.5546676746373391 -0.8595770882895883 -0.11999999999999997
0.6018920983474916 -0.8284334022399469 -0.11999999999999997
0.6473678100850596 -0.7946948587135028 -0.11999999999999997
0.6909522097063913 -0.758459652125184 -0.11999999999999997
0.7325082112813438 -0.7198338144359474 -0.11999999999999997
0.7719046739049805 -0.6789309054709807 -0.11999999999999997
0.8090168151156828 -0.6358716795549845 -0.11999999999999997
0.8437266056176613 -0.5907837294415779 -0.11999999999999997
0.875923144060743 -0.5438011085854302 -0.11999999999999997
0.9055030106891286 -0.49506393287425404 -0.11999999999999997
0.932370598733406 -0.4447179630029689 -0.11999999999999997
0.9564384224862753 -0.39291416873404433 -0.11999999999999997
0.9776274010719707 -0.3398082763460361 -0.11999999999999997
0.9958671169920984 -0.2855603006264109 -0.11999999999999997
1.0110960486062748 -0.23033406281481106 -0.11999999999999997
1.023261775784361 -0.17429669594870764 -0.11999999999999997
1.032321158047974 -0.11761813910485629 -0.11999999999999997
1.038240484602119 -0.06047062206689535 -0.11999999999999997
1.0409955957429111 -0.0030281419817214566 -0.11999999999999997
1.0405719752142661 0.0545340664051466 -0.11999999999999997
1.0369648131747693 0.11204006532225727 -0.11999999999999997
1.0301790395255328 0.1693137517222121 -0.11999999999999997
1.0202293274403305 0.226179396565317 -0.11999999999999997
1.00714006703048 0.28246218398546813 -0.11999999999999997
0.9909453091684712 0.3379887486840398 -0.11999999999999997
0.9716886795859933 0.3925877098998757 -0.11999999999999997
0.9494232634534563 0.4460902003108663 -0.11999999999999997
0.9242114607391171 0.49833038823502196 -0.11999999999999997
0.8961248127361507 0.5491459915164624 -0.11999999999999997
0.8652438002352567 0.5983787815042001 -0.11999999999999997
0.8316576139082908 0.6458750755590187 -0.11999999999999997
0.7954638975548025 0.6914862165559937 -0.11999999999999997
0.7567684649478508 0.7350690378872405 -0.11999999999999997
0.7156849910978939 0.7764863125111785 -0.11999999999999997
0.6723346788335972 0.8156071846408194 -0.11999999999999997
0.6268459016758596 0.8523075827142327 -0.11999999999999997
0.5793538240559293 0.8864706123452549 -0.11999999999999997
0.5300000000000005 0.9179869280115047 -0.11999999999999997
0.7200817765318392 0.6042203531053468 -0.08999999999999994
0.6863341187105633 0.6437596426414091 -0.08999999999999994
0.6504149109864252 0.6814135627990688 -0.08999999999999994
0.6124295095753632 0.7170628255608292 -0.08999999999999994
0.5724898246164799 0.7505940318911362 -0.08999999999999994
0.530713990910401 0.7819000318787275 -0.08999999999999994
0.4872260188649113 0.8108802664641981 -0.08999999999999994
0.44215542667806573 0.8374410896649014 -0.08999999999999994
0.3956368548487634 0.8614960702669389 -0.08999999999999994
0.34780966416135833 0.8829662720149412 -0.08999999999999994
0.298817518344033 0.9017805113943822 -0.08999999999999994
0.24880795265025948 0.917875592168125 -0.08999999999999994
0.19793192965850678 0.931196515898583 -0.08999999999999994
0.14634338362733337 0.9416966677590524 -0.08999999999999994
0.09419875478091831 0.9493379770122569 -0.08999999999999994
0.04165651493389588 0.9540910516106742 -0.08999999999999994
-0.01112331410613536 0.9559352864515966 -0.08999999999999994
-0.06397964789488085 0.954858944899846 -0.08999999999999994
-0.11675083098213117 0.9508592132723865 -0.08999999999999994
-0.16927513131660052 0.9439422280615205 -0.08999999999999994
-0.2213912359127425 0.9341230757566308 -0.08999999999999994
-0.27293874626046943 0.9214257652083336 -0.08999999999999994
-0.3237586719563732 0.9058831725631321 -0.08999999999999994
-0.373693921037365 0.8875369588809919 -0.08999999999999994
-0.4225897855046707 0.8664374606323969 -0.08999999999999994
-0.4702944205377888 0.8426435533551688 -0.08999999999999994
-0.5166593159143195 0.8162224888343541 -0.08999999999999994
-0.5615397581724787 0.7872497062505607 -0.08999999999999994
-0.6047952820785533 0.7558086178230062 -0.08999999999999994
-0.6462901099914711 0.7219903695529547 -0.08999999999999994
-0.6858935777509511 0.6858935777509512 -0.08999999999999994
-0.7234805457543023 0.6476240421070366 -0.08999999999999994
-0.7589317939297126 0.6072944361367296 -0.08999999999999994
-0.7921343993606985 0.5650239759067445 -0.08999999999999994
-0.8229820953671435 0.5209380680129894 -0.08999999999999994
-0.8513756109028908 0.47516793784906136 -0.08999999999999994
-0.8772229891879868 0.4278502392661398 -0.08999999999999994
-0.9004398845552742 0.3791266467845335 -0.08999999999999994
-0.9209498365558659 0.32914343157311177 -0.08999999999999994
-0.938684520435961 0.2780510224651402 -0.08999999999999994
-0.9535839731682273 0.22600355332759153 -0.08999999999999994
-0.9655967942944229 0.17315839814555295 -0.08999999999999994
-0.9746803209117781 0.11967569522385532 -0.08999999999999994
-0.9808007762137393 0.06571786194427194 -0.08999999999999994
-0.983933391075702 0.01144910154857509 -0.08999999999999994
-0.98406249825813 -0.04296509655485579 -0.08999999999999994
-0.9811815988826891 -0.09735846144023637 -0.08999999999999994
-0.9752934009214951 -0.15156444873051192 -0.08999999999999994
-0.9664098295249999 -0.2054167505279464 -0.08999999999999994
-0.9545520091001848 -0.2587498056478508 -0.08999999999999994
-0.9397502171373037 -0.31139930859009735 -0.08999999999999994
-0.9220438098701864 -0.36320271568377827 -0.08999999999999994
-0.9014811199417758 -0.41399974684596325 -0.08999999999999994
-0.8781193263328906 -0.46363288140582787 -0.08999999999999994
-0.8520242968978996 -0.5119478464605939 -0.08999999999999994
-0.8232704039358031 -0.5587940962495753 -0.08999999999999994
-0.7919403133088684 -0.6040252810572182 -0.08999999999999994
-0.7581247477032312 -0.6474997041851926 -0.08999999999999994
-0.7219222247064447 -0.6890807655673589 -0.08999999999999994
-0.6834387704556514 -0.728637390639588 -0.08999999999999994
-0.6427876096865395 -0.7660444431189779 -0.08999999999999994
-0.6000888330873877 -0.8011831203937194 -0.08999999999999994
-0.55546904293395 -0.8339413302757224 -0.08999999999999994
-0.5090609780495863 -0.8642140479228505 -0.08999999999999994
-0.4610031192005606 -0.8919036517961757 -0.08999999999999994
-0.411439276098724 -0.9169202375797787 -0.08999999999999994
-0.3605181572425725 -0.9391819090561848 -0.08999999999999994
-0.3083929238827865 -0.9586150449993082 -0.08999999999999994
-0.25522072944964097 -0.9751545412185666 -0.08999999999999994
-0.2011622458269529 -0.9887440269624167 -0.08999999999999994
-0.14638117790031954 -0.9993360549667539 -0.08999999999999994
-0.09104376784622296 -1.006892264513122 -0.08999999999999994
-0.03531829066293167 -1.0113835169433247 -0.08999999999999994
0.020625457526015297 -1.0127900031604984 -0.08999999999999994
0.07661667683979685 -1.011101322731815 -0.08999999999999994
0.13248408510335202 -1.0063165342944176 -0.08999999999999994
0.1880564418134295 -0.998444177053716 -0.08999999999999994
0.24316307300477755 -0.9875022632515194 -0.08999999999999994
0.297634395407746 -0.97351824157037 -0.08999999999999994
0.35130243828761654 -0.9565289315296089 -0.08999999999999994
0.40400136135993964 -0.9365804290178797 -0.08999999999999994
0.45556796718511505 -0.9137279831956673 -0.08999999999999994
0.5058422064592815 -0.8880358450898285 -0.08999999999999994
0.5546676746373391 -0.8595770882895883 -0.08999999999999994
0.6018920983474916 -0.8284334022399469 -0.08999999999999994
0.6473678100850596 -0.7946948587135028 -0.08999999999999994
0.6909522097063913 -0.758459652125184 -0.08999999999999994
0.7325082112813438 -0.7198338144359474 -0.08999999999999994
0.7719046739049805 -0.6789309054709807 -0.08999999999999994
0.8090168151156828 -0.6358716795549845 -0.08999999999999994
0.8437266056176613 -0.5907837294415779 -0.08999999999999994
0.875923144060743 -0.5438011085854302 -0.08999999999999994
0.9055030106891286 -0.49506393287425404 -0.08999999999999994
0.932370598733406 -0.4447179630029689 -0.08999999999999994
0.9564384224862753 -0.39291416873404433 -0.08999999999999994
0.9776274010719707 -0.3398082763460361 -0.08999999999999994
0.9958671169920984 -0.2855603006264109 -0.08999999999999994
1.0110960486062748 -0.23033406281481106 -0.08999999999999994
1.023261775784361 -0.17429669594870764 -0.08999999999999994
1.032321158047974 -0.11761813910485629 -0.08999999999999994
1.038240484602119 -0.06047062206689535 -0.08999999999999994
1.0409955957429111 -0.0030281419817214566 -0.08999999999999994
1.0405719752142661 0.0545340664051466 -0.08999999999999994
1.0369648131747693 0.11204006532225727 -0.08999999999999994
1.0301790395255328 0.1693137517222121 -0.08999999999999994
1.0202293274403305 0.226179396565317 -0.08999999999999994
1.00714006703048 0.28246218398546813 -0.08999999999999994
0.9909453091684712 0.3379887486840398 -0.08999999999999994
0.9716886795859933 0.3925877098998757 -0.08999999999999994
0.9494232634534563 0.4460902003108663 -0.08999999999999994
0.9242114607391171 0.49833038823502196 -0.08999999999999994
0.8961248127361507 0.5491459915164624 -0.08999999999999994
0.8652438002352567 0.5983787815042001 -0.08999999999999994
0.8316576139082908 0.6458750755590187 -0.08999999999999994
0.7954638975548025 0.6914862165559937 -0.08999999999999994
0.7567684649478508 0.7350690378872405 -0.08999999999999994
0.7156849910978939 0.7764863125111785 -0.08999999999999994
0.6723346788335972 0.8156071846408194 -0.08999999999999994
0.6268459016758596 0.8523075827142327 -0.08999999999999994
0.5793538240559293 0.8864706123452549 -0.08999999999999994
0.5300000000000005 0.9179869280115047 -0.08999999999999994
0.7200817765318392 0.6042203531053468 -0.06000000000000005
0.6863341187105633 0.6437596426414091 -0.06000000000000005
0.6504149109864252 0.6814135627990688 -0.06000000000000005
0.6124295095753632 0.7170628255608292 -0.06000000000000005
0.5724898246164799 0.7505940318911362 -0.06000000000000005
0.530713990910401 0.7819000318787275 -0.06000000000000005
0.4872260188649113 0.8108802664641981 -0.06000000000000005
0.44215542667806573 0.8374410896649014 -0.06000000000000005
0.3956368548487634 0.8614960702669389 -0.06000000000000005
0.34780966416135833 0.8829662720149412 -0.06000000000000005
0.298817518344033 0.9017805113943822 -0.06000000000000005
0.24880795265025948 0.917875592168125 -0.06000000000000005
0.19793192965850678 0.931196515898583 -0.06000000000000005
0.14634338362733337 0.9416966677590524 -0.06000000000000005
0.09419875478091831 0.9493379770122569 -0.06000000000000005
0.04165651493389588 0.9540910516106742 -0.06000000000000005
-0.01112331410613536 0.9559352864515966 -0.06000000000000005
-0.06397964789488085 0.954858944899846 -0.06000000000000005
-0.11675083098213117 0.9508592132723865 -0.06000000000000005
-0.16927513131660052 0.9439422280615205 -0.06000000000000005
-0.2213912359127425 0.9341230757566308 -0.06000000000000005
-0.27293874626046943 0.9214257652083336 -0.06000000000000005
-0.3237586719563732 0.9058831725631321 -0.06000000000000005
-0.373693921037365 0.8875369588809919 -0.06000000000000005
-0.4225897855046707 0.8664374606323969 -0.06000000000000005
-0.4702944205377888 0.8426435533551688 -0.06000000000000005
-0.5166593159143195 0.8162224888343541 -0.06000000000000005
-0.5615397581724787 0.7872497062505607 -0.06000000000000005
-0.6047952820785533 0.7558086178230062 -0.06000000000000005
-0.6462901099914711 0.7219903695529547 -0.06000000000000005
-0.6858935777509511 0.6858935777509512 -0.06000000000000005
-0.7234805457543023 0.6476240421070366 -0.06000000000000005
-0.7589317939297126 0.6072944361367296 -0.06000000000000005
-0.7921343993606985 0.5650239759067445 -0.06000000000000005
-0.8229820953671435 0.5209380680129894 -0.06000000000000005
-0.8513756109028908 0.47516793784906136 -0.06000000000000005
-0.8772229891879868 0.4278502392661398 -0.06000000000000005
-0.9004398845552742 0.3791266467845335 -0.06000000000000005
-0.9209498365558659 0.32914343157311177 -0.06000000000000005
-0.938684520435961 0.2780510224651402 -0.06000000000000005
-0.9535839731682273 0.22600355332759153 -0.06000000000000005
-0.9655967942944229 0.17315839814555295 -0.06000000000000005
-0.9746803209117781 0.11967569522385532 -0.06000000000000005
-0.9808007762137393 0.06571786194427194 -0.06000000000000005
-0.983933391075702 0.01144910154857509 -0.06000000000000005
-0.98406249825813 -0.04296509655485579 -0.06000000000000005
-0.9811815988826891 -0.09735846144023637 -0.06000000000000005
-0.9752934009214951 -0.15156444873051192 -0.06000000000000005
-0.9664098295249999 -0.2054167505279464 -0.06000000000000005
-0.9545520091001848 -0.2587498056478508 -0.06000000000000005
-0.9397502171373037 -0.31139930859009735 -0.06000000000000005
-0.9220438098701864 -0.36320271568377827 -0.06000000000000005
-0.9014811199417758 -0.41399974684596325 -0.06000000000000005
-0.8781193263328906 -0.46363288140582787 -0.06000000000000005
-0.8520242968978996 -0.5119478464605939 -0.06000000000000005
-0.8232704039358031 -0.5587940962495753 -0.06000000000000005
-0.7919403133088684 -0.6040252810572182 -0.06000000000000005
-0.7581247477032312 -0.6474997041851926 -0.06000000000000005
-0.7219222247064447 -0.6890807655673589 -0.06000000000000005
-0.6834387704556514 -0.728637390639588 -0.06000000000000005
-0.6427876096865395 -0.7660444431189779 -0.06000000000000005
-0.6000888330873877 -0.8011831203937194 -0.06000000000000005
-0.55546904293395 -0.8339413302757224 -0.06000000000000005
-0.5090609780495863 -0.8642140479228505 -0.06000000000000005
-0.4610031192005606 -0.8919036517961757 -0.06000000000000005
-0.411439276098724 -0.9169202375797787 -0.06000000000000005
-0.3605181572425725 -0.9391819090561848 -0.06000000000000005
-0.3083929238827865 -0.9586150449993082 -0.06000000000000005
-0.25522072944964097 -0.9751545412185666 -0.06000000000000005
-0.2011622458269529 -0.9887440269624167 -0.06000000000000005
-0.14638117790031954 -0.9993360549667539 -0.06000000000000005
-0.09104376784622296 -1.006892264513122 -0.06000000000000005
-0.03531829066293167 -1.0113835169433247 -0.06000000000000005
0.020625457526015297 -1.0127900031604984 -0.06000000000000005
0.07661667683979685 -1.011101322731815 -0.06000000000000005
0.13248408510335202 -1.0063165342944176 -0.06000000000000005
0.1880564418134295 -0.998444177053716 -0.06000000000000005
0.24316307300477755 -0.9875022632515194 -0.06000000000000005
0.297634395407746 -0.97351824157037 -0.06000000000000005
0.35130243828761654 -0.9565289315296089 -0.06000000000000005
0.40400136135993964 -0.9365804290178797 -0.06000000000000005
0.45556796718511505 -0.9137279831956673 -0.06000000000000005
0.5058422064592815 -0.8880358450898285 -0.06000000000000005
0.5546676746373391 -0.8595770882895883 -0.06000000000000005
0.6018920983474916 -0.8284334022399469 -0.06000000000000005
0.6473678100850596 -0.7946948587135028 -0.06000000000000005
0.6909522097063913 -0.758459652125184 -0.06000000000000005
0.7325082112813438 -0.7198338144359474 -0.06000000000000005
0.7719046739049805 -0.6789309054709807 -0.06000000000000005
0.8090168151156828 -0.6358716795549845 -0.06000000000000005
0.8437266056176613 -0.5907837294415779 -0.06000000000000005
0.875923144060743 -0.5438011085854302 -0.06000000000000005
0.9055030106891286 -0.49506393287425404 -0.06000000000000005
0.932370598733406 -0.4447179630029689 -0.06000000000000005
0.9564384224862753 -0.39291416873404433 -0.06000000000000005
0.9776274010719707 -0.3398082763460361 -0.06000000000000005
0.9958671169920984 -0.2855603006264109 -0.06000000000000005
1.0110960486062748 -0.23033406281481106 -0.06000000000000005
1.023261775784361 -0.17429669594870764 -0.06000000000000005
1.032321158047974 -0.11761813910485629 -0.06000000000000005
1.038240484602119 -0.06047062206689535 -0.06000000000000005
1.0409955957429111 -0.0030281419817214566 -0.06000000000000005
1.0405719752142661 0.0545340664051466 -0.06000000000000005
1.0369648131747693 0.11204006532225727 -0.06000000000000005
1.0301790395255328 0.1693137517222121 -0.06000000000000005
1.0202293274403305 0.226179396565317 -0.06000000000000005
1.00714006703048 0.28246218398546813 -0.06000000000000005
0.9909453091684712 0.3379887486840398 -0.06000000000000005
0.9716886795859933 0.3925877098998757 -0.06000000000000005
0.9494232634534563 0.4460902003108663 -0.06000000000000005
0.9242114607391171 0.49833038823502196 -0.06000000000000005
0.8961248127361507 0.5491459915164624 -0.06000000000000005
0.8652438002352567 0.5983787815042001 -0.06000000000000005
0.8316576139082908 0.6458750755590187 -0.06000000000000005
0.7954638975548025 0.6914862165559937 -0.06000000000000005
0.7567684649478508 0.7350690378872405 -0.06000000000000005
0.7156849910978939 0.7764863125111785 -0.06000000000000005
0.6723346788335972 0.8156071846408194 -0.06000000000000005
0.6268459016758596 0.8523075827142327 -0.06000000000000005
0.5793538240559293 0.8864706123452549 -0.06000000000000005
0.5300000000000005 0.9179869280115047 -0.06000000000000005
0.7200817765318392 0.6042203531053468 -0.030000000000000027
0.6863341187105633 0.6437596426414091 -0.030000000000000027
0.6504149109864252 0.6814135627990688 -0.030000000000000027
0.6124295095753632 0.7170628255608292 -0.030000000000000027
0.5724898246164799 0.7505940318911362 -0.030000000000000027
0.530713990910401 0.7819000318787275 -0.030000000000000027
0.4872260188649113 0.8108802664641981 -0.030000000000000027
0.44215542667806573 0.8374410896649014 -0.030000000000000027
0.3956368548487634 0.8614960702669389 -0.030000000000000027
0.34780966416135833 0.8829662720149412 -0.030000000000000027
0.298817518344033 0.9017805113943822 -0.030000000000000027
0.24880795265025948 0.917875592168125 -0.030000000000000027
0.19793192965850678 0.931196515898583 -0.030000000000000027
0.14634338362733337 0.9416966677590524 -0.030000000000000027
0.09419875478091831 0.9493379770122569 -0.030000000000000027
0.04165651493389588 0.9540910516106742 -0.030000000000000027
-0.01112331410613536 0.9559352864515966 -0.030000000000000027
-0.06397964789488085 0.954858944899846 -0.030000000000000027
-0.11675083098213117 0.9508592132723865 -0.030000000000000027
-0.16927513131660052 0.9439422280615205 -0.030000000000000027
-0.2213912359127425 0.9341230757566308 -0.030000000000000027
-0.27293874626046943 0.9214257652083336 -0.030000000000000027
-0.3237586719563732 0.9058831725631321 -0.030000000000000027
-0.373693921037365 0.8875369588809919 -0.030000000000000027
-0.4225897855046707 0.8664374606323969 -0.030000000000000027
-0.4702944205377888 0.8426435533551688 -0.030000000000000027
-0.5166593159143195 0.8162224888343541 -0.030000000000000027
-0.5615397581724787 0.7872497062505607 -0.030000000000000027
-0.6047952820785533 0.7558086178230062 -0.030000000000000027
-0.6462901099914711 0.7219903695529547 -0.030000000000000027
-0.6858935777509511 0.6858935777509512 -0.030000000000000027
-0.7234805457543023 0.6476240421070366 -0.030000000000000027
-0.7589317939297126 0.6072944361367296 -0.030000000000000027
-0.7921343993606985 0.5650239759067445 -0.030000000000000027
-0.8229820953671435 0.5209380680129894 -0.030000000000000027
-0.8513756109028908 0.47516793784906136 -0.030000000000000027
-0.8772229891879868 0.4278502392661398 -0.030000000000000027
-0.9004398845552742 0.3791266467845335 -0.030000000000000027
-0.9209498365558659 0.32914343157311177 -0.030000000000000027
-0.938684520435961 0.2780510224651402 -0.030000000000000027
-0.9535839731682273 0.22600355332759153 -0.030000000000000027
-0.9655967942944229 0.17315839814555295 -0.030000000000000027
-0.9746803209117781 0.11967569522385532 -0.030000000000000027
-0.9808007762137393 0.06571786194427194 -0.030000000000000027
-0.983933391075702 0.01144910154857509 -0.030000000000000027
-0.98406249825813 -0.04296509655485579 -0.030000000000000027
-0.9811815988826891 -0.09735846144023637 -0.030000000000000027
-0.9752934009214951 -0.15156444873051192 -0.030000000000000027
-0.9664098295249999 -0.2054167505279464 -0.030000000000000027
-0.9545520091001848 -0.2587498056478508 -0.030000000000000027
-0.9397502171373037 -0.31139930859009735 -0.030000000000000027
-0.9220438098701864 -0.36320271568377827 -0.030000000000000027
-0.9014811199417758 -0.41399974684596325 -0.030000000000000027
-0.8781193263328906 -0.46363288140582787 -0.030000000000000027
-0.8520242968978996 -0.5119478464605939 -0.030000000000000027
-0.8232704039358031 -0.5587940962495753 -0.030000000000000027
-0.7919403133088684 -0.6040252810572182 -0.030000000000000027
-0.7581247477032312 -0.6474997041851926 -0.030000000000000027
-0.7219222247064447 -0.6890807655673589 -0.030000000000000027
-0.6834387704556514 -0.728637390639588 -0.030000000000000027
-0.6427876096865395 -0.7660444431189779 -0.030000000000000027
-0.6000888330873877 -0.8011831203937194 -0.030000000000000027
-0.55546904293395 -0.8339413302757224 -0.030000000000000027
-0.5090609780495863 -0.8642140479228505 -0.030000000000000027
-0.4610031192005606 -0.8919036517961757 -0.030000000000000027
-0.411439276098724 -0.9169202375797787 -0.030000000000000027
-0.3605181572425725 -0.9391819090561848 -0.030000000000000027
-0.3083929238827865 -0.9586150449993082 -0.030000000000000027
-0.25522072944964097 -0.9751545412185666 -0.030000000000000027
-0.2011622458269529 -0.9887440269624167 -0.030000000000000027
-0.14638117790031954 -0.9993360549667539 -0.030000000000000027
-0.09104376784622296 -1.006892264513122 -0.030000000000000027
-0.03531829066293167 -1.0113835169433247 -0.030000000000000027
0.020625457526015297 -1.0127900031604984 -0.030000000000000027
0.07661667683979685 -1.011101322731815 -0.030000000000000027
0.13248408510335202 -1.0063165342944176 -0.030000000000000027
0.1880564418134295 -0.998444177053716 -0.030000000000000027
0.24316307300477755 -0.9875022632515194 -0.030000000000000027
0.297634395407746 -0.97351824157037 -0.030000000000000027
0.35130243828761654 -0.9565289315296089 -0.030000000000000027
0.40400136135993964 -0.9365804290178797 -0.030000000000000027
0.45556796718511505 -0.9137279831956673 -0.030000000000000027
0.5058422064592815 -0.8880358450898285 -0.030000000000000027
0.5546676746373391 -0.8595770882895883 -0.030000000000000027
0.6018920983474916 -0.8284334022399469 -0.030000000000000027
0.6473678100850596 -0.7946948587135028 -0.030000000000000027
0.6909522097063913 -0.758459652125184 -0.030000000000000027
0.7325082112813438 -0.7198338144359474 -0.030000000000000027
0.7719046739049805 -0.6789309054709807 -0.030000000000000027
0.8090168151156828 -0.6358716795549845 -0.030000000000000027
0.8437266056176613 -0.5907837294415779 -0.030000000000000027
0.875923144060743 -0.5438011085854302 -0.030000000000000027
0.9055030106891286 -0.49506393287425404 -0.030000000000000027
0.932370598733406 -0.4447179630029689 -0.030000000000000027
0.9564384224862753 -0.39291416873404433 -0.030000000000000027
0.9776274010719707 -0.3398082763460361 -0.030000000000000027
0.9958671169920984 -0.2855603006264109 -0.030000000000000027
1.0110960486062748 -0.23033406281481106 -0.030000000000000027
1.023261775784361 -0.17429669594870764 -0.030000000000000027
1.032321158047974 -0.11761813910485629 -0.030000000000000027
1.038240484602119 -0.06047062206689535 -0.030000000000000027
1.0409955957429111 -0.0030281419817214566 -0.030000000000000027
1.0405719752142661 0.0545340664051466 -0.030000000000000027
1.0369648131747693 0.11204006532225727 -0.030000000000000027
1.0301790395255328 0.1693137517222121 -0.030000000000000027
1.0202293274403305 0.226179396565317 -0.030000000000000027
1.00714006703048 0.28246218398546813 -0.030000000000000027
0.9909453091684712 0.3379887486840398 -0.030000000000000027
0.9716886795859933 0.3925877098998757 -0.030000000000000027
0.9494232634534563 0.4460902003108663 -0.030000000000000027
0.9242114607391171 0.49833038823502196 -0.030000000000000027
0.8961248127361507 0.5491459915164624 -0.030000000000000027
0.8652438002352567 0.5983787815042001 -0.030000000000000027
0.8316576139082908 0.6458750755590187 -0.030000000000000027
0.7954638975548025 0.6914862165559937 -0.030000000000000027
0.7567684649478508 0.7350690378872405 -0.030000000000000027
0.7156849910978939 0.7764863125111785 -0.030000000000000027
0.6723346788335972 0.8156071846408194 -0.030000000000000027
0.6268459016758596 0.8523075827142327 -0.030000000000000027
0.5793538240559293 0.8864706123452549 -0.030000000000000027
0.5300000000000005 0.9179869280115047 -0.030000000000000027
0.7200817765318392 0.6042203531053468 0.0
0.6863341187105633 0.6437596426414091 0.0
0.6504149109864252 0.6814135627990688 0.0
0.6124295095753632 0.7170628255608292 0.0
0.5724898246164799 0.7505940318911362 0.0
0.530713990910401 0.7819000318787275 0.0
0.4872260188649113 0.8108802664641981 0.0
0.44215542667806573 0.8374410896649014 0.0
0.3956368548487634 0.8614960702669389 0.0
0.34780966416135833 0.8829662720149412 0.0
0.298817518344033 0.9017805113943822 0.0
0.24880795265025948 0.917875592168125 0.0
0.19793192965850678 0.931196515898583 0.0
0.14634338362733337 0.9416966677590524 0.0
0.09419875478091831 0.9493379770122569 0.0
0.04165651493389588 0.9540910516106742 0.0
-0.01112331410613536 0.9559352864515966 0.0
-0.06397964789488085 0.954858944899846 0.0
-0.11675083098213117 0.9508592132723865 0.0
-0.16927513131660052 0.9439422280615205 0.0
-0.2213912359127425 0.9341230757566308 0.0
-0.27293874626046943 0.9214257652083336 0.0
-0.3237586719563732 0.9058831725631321 0.0
-0.373693921037365 0.8875369588809919 0.0
-0.4225897855046707 0.8664374606323969 0.0
-0.4702944205377888 0.8426435533551688 0.0
-0.5166593159143195 0.8162224888343541 0.0
-0.5615397581724787 0.7872497062505607 0.0
-0.6047952820785533 0.7558086178230062 0.0
-0.6462901099914711 0.7219903695529547 0.0
-0.6858935777509511 0.6858935777509512 0.0
-0.7234805457543023 0.6476240421070366 0.0
-0.7589317939297126 0.6072944361367296 0.0
-0.7921343993606985 0.5650239759067445 0.0
-0.8229820953671435 0.5209380680129894 0.0
-0.8513756109028908 0.47516793784906136 0.0
-0.8772229891879868 0.4278502392661398 0.0
-0.9004398845552742 0.3791266467845335 0.0
-0.9209498365558659 0.32914343157311177 0.0
-0.938684520435961 0.2780510224651402 0.0
-0.9535839731682273 0.22600355332759153 0.0
-0.9655967942944229 0.17315839814555295 0.0
-0.9746803209117781 0.11967569522385532 0.0
-0.9808007762137393 0.06571786194427194 0.0
-0.983933391075702 0.01144910154857509 0.0
-0.98406249825813 -0.04296509655485579 0.0
-0.9811815988826891 -0.09735846144023637 0.0
-0.9752934009214951 -0.15156444873051192 0.0
-0.9664098295249999 -0.2054167505279464 0.0
-0.9545520091001848 -0.2587498056478508 0.0
-0.9397502171373037 -0.31139930859009735 0.0
-0.9220438098701864 -0.36320271568377827 0.0
-0.9014811199417758 -0.41399974684596325 0.0
-0.8781193263328906 -0.46363288140582787 0.0
-0.8520242968978996 -0.5119478464605939 0.0
-0.8232704039358031 -0.5587940962495753 0.0
-0.7919403133088684 -0.6040252810572182 0.0
-0.7581247477032312 -0.6474997041851926 0.0
-0.7219222247064447 -0.6890807655673589 0.0
-0.6834387704556514 -0.728637390639588 0.0
-0.6427876096865395 -0.7660444431189779 0.0
-0.6000888330873877 -0.8011831203937194 0.0
-0.55546904293395 -0.8339413302757224 0.0
-0.5090609780495863 -0.8642140479228505 0.0
-0.4610031192005606 -0.8919036517961757 0.0
-0.411439276098724 -0.9169202375797787 0.0
-0.3605181572425725 -0.9391819090561848 0.0
-0.3083929238827865 -0.9586150449993082 0.0
-0.25522072944964097 -0.9751545412185666 0.0
-0.2011622458269529 -0.9887440269624167 0.0
-0.14638117790031954 -0.9993360549667539 0.0
-0.09104376784622296 -1.006892264513122 0.0
-0.03531829066293167 -1.0113835169433247 0.0
0.020625457526015297 -1.0127900031604984 0.0
0.07661667683979685 -1.011101322731815 0.0
0.13248408510335202 -1.0063165342944176 0.0
0.1880564418134295 -0.998444177053716 0.0
0.24316307300477755 -0.9875022632515194 0.0
0.297634395407746 -0.97351824157037 0.0
0.35130243828761654 -0.9565289315296089 0.0
0.40400136135993964 -0.9365804290178797 0.0
0.45556796718511505 -0.9137279831956673 0.0
0.5058422064592815 -0.8880358450898285 0.0
0.5546676746373391 -0.8595770882895883 0.0
0.6018920983474916 -0.8284334022399469 0.0
0.6473678100850596 -0.7946948587135028 0.0
0.6909522097063913 -0.758459652125184 0.0
0.7325082112813438 -0.7198338144359474 0.0
0.7719046739049805 -0.6789309054709807 0.0
0.8090168151156828 -0.6358716795549845 0.0
0.8437266056176613 -0.5907837294415779 0.0
0.875923144060743 -0.5438011085854302 0.0
0.9055030106891286 -0.49506393287425404 0.0
0.932370598733406 -0.4447179630029689 0.0
0.9564384224862753 -0.39291416873404433 0.0
0.9776274010719707 -0.3398082763460361 0.0
0.9958671169920984 -0.2855603006264109 0.0
1.0110960486062748 -0.23033406281481106 0.0
1.023261775784361 -0.17429669594870764 0.0
1.032321158047974 -0.11761813910485629 0.0
1.038240484602119 -0.06047062206689535 0.0
1.0409955957429111 -0.0030281419817214566 0.0
1.0405719752142661 0.0545340664051466 0.0
1.0369648131747693 0.11204006532225727 0.0
1.0301790395255328 0.1693137517222121 0.0
1.0202293274403305 0.226179396565317 0.0
1.00714006703048 0.28246218398546813 0.0
0.9909453091684712 0.3379887486840398 0.0
0.9716886795859933 0.3925877098998757 0.0
0.9494232634534563 0.4460902003108663 0.0
0.9242114607391171 0.49833038823502196 0.0
0.8961248127361507 0.5491459915164624 0.0
0.8652438002352567 0.5983787815042001 0.0
0.8316576139082908 0.6458750755590187 0.0
0.7954638975548025 0.6914862165559937 0.0
0.7567684649478508 0.7350690378872405 0.0
0.7156849910978939 0.7764863125111785 0.0
0.6723346788335972 0.8156071846408194 0.0
0.6268459016758596 0.8523075827142327 0.0
0.5793538240559293 0.8864706123452549 0.0
0.5300000000000005 0.9179869280115047 0.0
0.7200817765318392 0.6042203531053468 0.02999999999999989
0.6863341187105633 0.6437596426414091 0.02999999999999989
0.6504149109864252 0.6814135627990688 0.02999999999999989
0.6124295095753632 0.7170628255608292 0.02999999999999989
0.5724898246164799 0.7505940318911362 0.02999999999999989
0.530713990910401 0.7819000318787275 0.02999999999999989
0.4872260188649113 0.8108802664641981 0.02999999999999989
0.44215542667806573 0.8374410896649014 0.02999999999999989
0.3956368548487634 0.8614960702669389 0.02999999999999989
0.34780966416135833 0.8829662720149412 0.02999999999999989
0.298817518344033 0.9017805113943822 0.02999999999999989
0.24880795265025948 0.917875592168125 0.02999999999999989
0.19793192965850678 0.931196515898583 0.02999999999999989
0.14634338362733337 0.9416966677590524 0.02999999999999989
0.09419875478091831 0.9493379770122569 0.02999999999999989
0.04165651493389588 0.9540910516106742 0.02999999999999989
-0.01112331410613536 0.9559352864515966 0.02999999999999989
-0.06397964789488085 0.954858944899846 0.02999999999999989
-0.11675083098213117 0.9508592132723865 0.02999999999999989
-0.16927513131660052 0.9439422280615205 0.02999999999999989
-0.2213912359127425 0.9341230757566308 0.02999999999999989
-0.27293874626046943 0.9214257652083336 0.02999999999999989
-0.3237586719563732 0.9058831725631321 0.02999999999999989
-0.373693921037365 0.8875369588809919 0.02999999999999989
-0.4225897855046707 0.8664374606323969 0.02999999999999989
-0.4702944205377888 0.8426435533551688 0.02999999999999989
-0.5166593159143195 0.8162224888343541 0.02999999999999989
-0.5615397581724787 0.7872497062505607 0.02999999999999989
-0.6047952820785533 0.7558086178230062 0.02999999999999989
-0.6462901099914711 0.7219903695529547 0.02999999999999989
-0.6858935777509511 0.6858935777509512 0.02999999999999989
-0.7234805457543023 0.6476240421070366 0.02999999999999989
-0.7589317939297126 0.6072944361367296 0.02999999999999989
-0.7921343993606985 0.5650239759067445 0.02999999999999989
-0.8229820953671435 0.5209380680129894 0.02999999999999989
-0.8513756109028908 0.47516793784906136 0.02999999999999989
-0.8772229891879868 0.4278502392661398 0.02999999999999989
-0.9004398845552742 0.3791266467845335 0.02999999999999989
-0.9209498365558659 0.32914343157311177 0.02999999999999989
-0.938684520435961 0.2780510224651402 0.02999999999999989
-0.9535839731682273 0.22600355332759153 0.02999999999999989
-0.9655967942944229 0.17315839814555295 0.02999999999999989
-0.9746803209117781 0.11967569522385532 0.02999999999999989
-0.9808007762137393 0.06571786194427194 0.02999999999999989
-0.983933391075702 0.01144910154857509 0.02999999999999989
-0.98406249825813 -0.04296509655485579 0.02999999999999989
-0.9811815988826891 -0.09735846144023637 0.02999999999999989
-0.9752934009214951 -0.15156444873051192 0.02999999999999989
-0.9664098295249999 -0.2054167505279464 0.02999999999999989
-0.9545520091001848 -0.2587498056478508 0.02999999999999989
-0.9397502171373037 -0.31139930859009735 0.02999999999999989
-0.9220438098701864 -0.36320271568377827 0.02999999999999989
-0.9014811199417758 -0.41399974684596325 0.02999999999999989
-0.8781193263328906 -0.46363288140582787 0.02999999999999989
-0.8520242968978996 -0.5119478464605939 0.02999999999999989
-0.8232704039358031 -0.5587940962495753 0.02999999999999989
-0.7919403133088684 -0.6040252810572182 0.02999999999999989
-0.7581247477032312 -0.6474997041851926 0.02999999999999989
-0.7219222247064447 -0.6890807655673589 0.02999999999999989
-0.6834387704556514 -0.728637390639588 0.02999999999999989
-0.6427876096865395 -0.7660444431189779 0.02999999999999989
-0.6000888330873877 -0.8011831203937194 0.02999999999999989
-0.55546904293395 -0.8339413302757224 0.02999999999999989
-0.5090609780495863 -0.8642140479228505 0.02999999999999989
-0.4610031192005606 -0.8919036517961757 0.02999999999999989
-0.411439276098724 -0.9169202375797787 0.02999999999999989
-0.3605181572425725 -0.9391819090561848 0.02999999999999989
-0.3083929238827865 -0.9586150449993082 0.02999999999999989
-0.25522072944964097 -0.9751545412185666 0.02999999999999989
-0.2011622458269529 -0.9887440269624167 0.02999999999999989
-0.14638117790031954 -0.9993360549667539 0.02999999999999989
-0.09104376784622296 -1.006892264513122 0.02999999999999989
-0.03531829066293167 -1.0113835169433247 0.02999999999999989
0.020625457526015297 -1.0127900031604984 0.02999999999999989
0.07661667683979685 -1.011101322731815 0.02999999999999989
0.13248408510335202 -1.0063165342944176 0.02999999999999989
0.1880564418134295 -0.998444177053716 0.02999999999999989
0.24316307300477755 -0.9875022632515194 0.02999999999999989
0.297634395407746 -0.97351824157037 0.02999999999999989
0.35130243828761654 -0.9565289315296089 0.02999999999999989
0.40400136135993964 -0.9365804290178797 0.02999999999999989
0.45556796718511505 -0.9137279831956673 0.02999999999999989
0.5058422064592815 -0.8880358450898285 0.02999999999999989
0.5546676746373391 -0.8595770882895883 0.02999999999999989
0.6018920983474916 -0.8284334022399469 0.02999999999999989
0.6473678100850596 -0.7946948587135028 0.02999999999999989
0.6909522097063913 -0.758459652125184 0.02999999999999989
0.7325082112813438 -0.7198338144359474 0.02999999999999989
0.7719046739049805 -0.6789309054709807 0.02999999999999989
0.8090168151156828 -0.6358716795549845 0.02999999999999989
0.8437266056176613 -0.5907837294415779 0.02999999999999989
0.875923144060743 -0.5438011085854302 0.02999999999999989
0.9055030106891286 -0.49506393287425404 0.02999999999999989
0.932370598733406 -0.4447179630029689 0.02999999999999989
0.9564384224862753 -0.39291416873404433 0.02999999999999989
0.9776274010719707 -0.3398082763460361 0.02999999999999989
0.9958671169920984 -0.2855603006264109 0.02999999999999989
1.0110960486062748 -0.23033406281481106 0.02999999999999989
1.023261775784361 -0.17429669594870764 0.02999999999999989
1.032321158047974 -0.11761813910485629 0.02999999999999989
1.038240484602119 -0.06047062206689535 0.02999999999999989
1.0409955957429111 -0.0030281419817214566 0.02999999999999989
1.0405719752142661 0.0545340664051466 0.02999999999999989
1.0369648131747693 0.11204006532225727 0.02999999999999989
1.0301790395255328 0.1693137517222121 0.02999999999999989
1.0202293274403305 0.226179396565317 0.02999999999999989
1.00714006703048 0.28246218398546813 0.02999999999999989
0.9909453091684712 0.3379887486840398 0.02999999999999989
0.9716886795859933 0.3925877098998757 0.02999999999999989
0.9494232634534563 0.4460902003108663 0.02999999999999989
0.9242114607391171 0.49833038823502196 0.02999999999999989
0.8961248127361507 0.5491459915164624 0.02999999999999989
0.8652438002352567 0.5983787815042001 0.02999999999999989
0.8316576139082908 0.6458750755590187 0.02999999999999989
0.7954638975548025 0.6914862165559937 0.02999999999999989
0.7567684649478508 0.7350690378872405 0.02999999999999989
0.7156849910978939 0.7764863125111785 0.02999999999999989
0.6723346788335972 0.8156071846408194 0.02999999999999989
0.6268459016758596 0.8523075827142327 0.02999999999999989
0.5793538240559293 0.8864706123452549 0.02999999999999989
0.5300000000000005 0.9179869280115047 0.02999999999999989
0.7200817765318392 0.6042203531053468 0.06000000000000005
0.6863341187105633 0.6437596426414091 0.06000000000000005
0.6504149109864252 0.6814135627990688 0.06000000000000005
0.6124295095753632 0.7170628255608292 0.06000000000000005
0.5724898246164799 0.7505940318911362 0.06000000000000005
0.530713990910401 0.7819000318787275 0.06000000000000005
0.4872260188649113 0.8108802664641981 0.06000000000000005
0.44215542667806573 0.8374410896649014 0.06000000000000005
0.3956368548487634 0.8614960702669389 0.06000000000000005
0.34780966416135833 0.8829662720149412 0.06000000000000005
0.298817518344033 0.9017805113943822 0.06000000000000005
0.24880795265025948 0.917875592168125 0.06000000000000005
0.19793192965850678 0.931196515898583 0.06000000000000005
0.14634338362733337 0.9416966677590524 0.06000000000000005
0.09419875478091831 0.9493379770122569 0.06000000000000005
0.04165651493389588 0.9540910516106742 0.06000000000000005
-0.01112331410613536 0.9559352864515966 0.06000000000000005
-0.06397964789488085 0.954858944899846 0.06000000000000005
-0.11675083098213117 0.9508592132723865 0.06000000000000005
-0.16927513131660052 0.9439422280615205 0.06000000000000005
-0.2213912359127425 0.9341230757566308 0.06000000000000005
-0.27293874626046943 0.9214257652083336 0.06000000000000005
-0.3237586719563732 0.9058831725631321 0.06000000000000005
-0.373693921037365 0.8875369588809919 0.06000000000000005
-0.4225897855046707 0.8664374606323969 0.06000000000000005
-0.4702944205377888 0.8426435533551688 0.06000000000000005
-0.5166593159143195 0.8162224888343541 0.06000000000000005
-0.5615397581724787 0.7872497062505607 0.06000000000000005
-0.6047952820785533 0.7558086178230062 0.06000000000000005
-0.6462901099914711 0.7219903695529547 0.06000000000000005
-0.6858935777509511 0.6858935777509512 0.06000000000000005
-0.7234805457543023 0.6476240421070366 0.06000000000000005
-0.7589317939297126 0.6072944361367296 0.06000000000000005
-0.7921343993606985 0.5650239759067445 0.06000000000000005
-0.8229820953671435 0.5209380680129894 0.06000000000000005
-0.8513756109028908 0.47516793784906136 0.06000000000000005
-0.8772229891879868 0.4278502392661398 0.06000000000000005
-0.9004398845552742 0.3791266467845335 0.06000000000000005
-0.9209498365558659 0.32914343157311177 0.06000000000000005
-0.938684520435961 0.2780510224651402 0.06000000000000005
-0.9535839731682273 0.22600355332759153 0.06000000000000005
-0.9655967942944229 0.17315839814555295 0.06000000000000005
-0.9746803209117781 0.11967569522385532 0.06000000000000005
-0.9808007762137393 0.06571786194427194 0.06000000000000005
-0.983933391075702 0.01144910154857509 0.06000000000000005
-0.98406249825813 -0.04296509655485579 0.06000000000000005
-0.9811815988826891 -0.09735846144023637 0.06000000000000005
-0.9752934009214951 -0.15156444873051192 0.06000000000000005
-0.9664098295249999 -0.2054167505279464 0.06000000000000005
-0.9545520091001848 -0.2587498056478508 0.06000000000000005
-0.9397502171373037 -0.31139930859009735 0.06000000000000005
-0.9220438098701864 -0.36320271568377827 0.06000000000000005
-0.9014811199417758 -0.41399974684596325 0.06000000000000005
-0.8781193263328906 -0.46363288140582787 0.06000000000000005
-0.8520242968978996 -0.5119478464605939 0.06000000000000005
-0.8232704039358031 -0.5587940962495753 0.06000000000000005
-0.7919403133088684 -0.6040252810572182 0.06000000000000005
-0.7581247477032312 -0.6474997041851926 0.06000000000000005
-0.7219222247064447 -0.6890807655673589 0.06000000000000005
-0.6834387704556514 -0.728637390639588 0.06000000000000005
-0.6427876096865395 -0.7660444431189779 0.06000000000000005
-0.6000888330873877 -0.8011831203937194 0.06000000000000005
-0.55546904293395 -0.8339413302757224 0.06000000000000005
-0.5090609780495863 -0.8642140479228505 0.06000000000000005
-0.4610031192005606 -0.8919036517961757 0.06000000000000005
-0.411439276098724 -0.9169202375797787 0.06000000000000005
-0.3605181572425725 -0.9391819090561848 0.06000000000000005
-0.3083929238827865 -0.9586150449993082 0.06000000000000005
-0.25522072944964097 -0.9751545412185666 0.06000000000000005
-0.2011622458269529 -0.9887440269624167 0.06000000000000005
-0.14638117790031954 -0.9993360549667539 0.06000000000000005
-0.09104376784622296 -1.006892264513122 0.06000000000000005
-0.03531829066293167 -1.0113835169433247 0.06000000000000005
0.020625457526015297 -1.0127900031604984 0.06000000000000005
0.07661667683979685 -1.011101322731815 0.06000000000000005
0.13248408510335202 -1.0063165342944176 0.06000000000000005
0.1880564418134295 -0.998444177053716 0.06000000000000005
0.24316307300477755 -0.9875022632515194 0.06000000000000005
0.297634395407746 -0.97351824157037 0.06000000000000005
0.35130243828761654 -0.9565289315296089 0.06000000000000005
0.40400136135993964 -0.9365804290178797 0.06000000000000005
0.45556796718511505 -0.9137279831956673 0.06000000000000005
0.5058422064592815 -0.8880358450898285 0.06000000000000005
0.5546676746373391 -0.8595770882895883 0.06000000000000005
0.6018920983474916 -0.8284334022399469 0.06000000000000005
0.6473678100850596 -0.7946948587135028 0.06000000000000005
0.6909522097063913 -0.758459652125184 0.06000000000000005
0.7325082112813438 -0.7198338144359474 0.06000000000000005
0.7719046739049805 -0.6789309054709807 0.06000000000000005
0.8090168151156828 -0.6358716795549845 0.06000000000000005
0.8437266056176613 -0.5907837294415779 0.06000000000000005
0.875923144060743 -0.5438011085854302 0.06000000000000005
0.9055030106891286 -0.49506393287425404 0.06000000000000005
0.932370598733406 -0.4447179630029689 0.06000000000000005
0.9564384224862753 -0.39291416873404433 0.06000000000000005
0.9776274010719707 -0.3398082763460361 0.06000000000000005
0.9958671169920984 -0.2855603006264109 0.06000000000000005
1.0110960486062748 -0.23033406281481106 0.06000000000000005
1.023261775784361 -0.17429669594870764 0.06000000000000005
1.032321158047974 -0.11761813910485629 0.06000000000000005
1.038240484602119 -0.06047062206689535 0.06000000000000005
1.0409955957429111 -0.0030281419817214566 0.06000000000000005
1.0405719752142661 0.0545340664051466 0.06000000000000005
1.0369648131747693 0.11204006532225727 0.06000000000000005
1.0301790395255328 0.1693137517222121 0.06000000000000005
1.0202293274403305 0.226179396565317 0.06000000000000005
1.00714006703048 0.28246218398546813 0.06000000000000005
0.9909453091684712 0.3379887486840398 0.06000000000000005
0.9716886795859933 0.3925877098998757 0.06000000000000005
0.9494232634534563 0.4460902003108663 0.06000000000000005
0.9242114607391171 0.49833038823502196 0.06000000000000005
0.8961248127361507 0.5491459915164624 0.06000000000000005
0.8652438002352567 0.5983787815042001 0.06000000000000005
0.8316576139082908 0.6458750755590187 0.06000000000000005
0.7954638975548025 0.6914862165559937 0.06000000000000005
0.7567684649478508 0.7350690378872405 0.06000000000000005
0.7156849910978939 0.7764863125111785 0.06000000000000005
0.6723346788335972 0.8156071846408194 0.06000000000000005
0.6268459016758596 0.8523075827142327 0.06000000000000005
0.5793538240559293 0.8864706123452549 0.06000000000000005
0.5300000000000005 0.9179869280115047 0.06000000000000005
0.7200817765318392 0.6042203531053468 0.08999999999999994
0.6863341187105633 0.6437596426414091 0.08999999999999994
0.6504149109864252 0.6814135627990688 0.08999999999999994
0.6124295095753632 0.7170628255608292 0.08999999999999994
0.5724898246164799 0.7505940318911362 0.08999999999999994
0.530713990910401 0.7819000318787275 0.08999999999999994
0.4872260188649113 0.8108802664641981 0.08999999999999994
0.44215542667806573 0.8374410896649014 0.08999999999999994
0.3956368548487634 0.8614960702669389 0.08999999999999994
0.34780966416135833 0.8829662720149412 0.08999999999999994
0.298817518344033 0.9017805113943822 0.08999999999999994
0.24880795265025948 0.917875592168125 0.08999999999999994
0.19793192965850678 0.931196515898583 0.08999999999999994
0.14634338362733337 0.9416966677590524 0.08999999999999994
0.09419875478091831 0.9493379770122569 0.08999999999999994
0.04165651493389588 0.9540910516106742 0.08999999999999994
-0.01112331410613536 0.9559352864515966 0.08999999999999994
-0.06397964789488085 0.954858944899846 0.08999999999999994
-0.11675083098213117 0.9508592132723865 0.08999999999999994
-0.16927513131660052 0.9439422280615205 0.08999999999999994
-0.2213912359127425 0.9341230757566308 0.08999999999999994
-0.27293874626046943 0.9214257652083336 0.08999999999999994
-0.3237586719563732 0.9058831725631321 0.08999999999999994
-0.373693921037365 0.8875369588809919 0.08999999999999994
-0.4225897855046707 0.8664374606323969 0.08999999999999994
-0.4702944205377888 0.8426435533551688 0.08999999999999994
-0.5166593159143195 0.8162224888343541 0.08999999999999994
-0.5615397581724787 0.7872497062505607 0.08999999999999994
-0.6047952820785533 0.7558086178230062 0.08999999999999994
-0.6462901099914711 0.7219903695529547 0.08999999999999994
-0.6858935777509511 0.6858935777509512 0.08999999999999994
-0.7234805457543023 0.6476240421070366 0.08999999999999994
-0.7589317939297126 0.6072944361367296 0.08999999999999994
-0.7921343993606985 0.5650239759067445 0.08999999999999994
-0.8229820953671435 0.5209380680129894 0.08999999999999994
-0.8513756109028908 0.47516793784906136 0.08999999999999994
-0.8772229891879868 0.4278502392661398 0.08999999999999994
-0.9004398845552742 0.3791266467845335 0.08999999999999994
-0.9209498365558659 0.32914343157311177 0.08999999999999994
-0.938684520435961 0.2780510224651402 0.08999999999999994
-0.9535839731682273 0.22600355332759153 0.08999999999999994
-0.9655967942944229 0.17315839814555295 0.08999999999999994
-0.9746803209117781 0.11967569522385532 0.08999999999999994
-0.9808007762137393 0.06571786194427194 0.08999999999999994
-0.983933391075702 0.01144910154857509 0.08999999999999994
-0.98406249825813 -0.04296509655485579 0.08999999999999994
-0.9811815988826891 -0.09735846144023637 0.08999999999999994
-0.9752934009214951 -0.15156444873051192 0.08999999999999994
-0.9664098295249999 -0.2054167505279464 0.08999999999999994
-0.9545520091001848 -0.2587498056478508 0.08999999999999994
-0.9397502171373037 -0.31139930859009735 0.08999999999999994
-0.9220438098701864 -0.36320271568377827 0.08999999999999994
-0.9014811199417758 -0.41399974684596325 0.08999999999999994
-0.8781193263328906 -0.46363288140582787 0.08999999999999994
-0.8520242968978996 -0.5119478464605939 0.08999999999999994
-0.8232704039358031 -0.5587940962495753 0.08999999999999994
-0.7919403133088684 -0.6040252810572182 0.08999999999999994
-0.7581247477032312 -0.6474997041851926 0.08999999999999994
-0.7219222247064447 -0.6890807655673589 0.08999999999999994
-0.6834387704556514 -0.728637390639588 0.08999999999999994
-0.6427876096865395 -0.7660444431189779 0.08999999999999994
-0.6000888330873877 -0.8011831203937194 0.08999999999999994
-0.55546904293395 -0.8339413302757224 0.08999999999999994
-0.5090609780495863 -0.8642140479228505 0.08999999999999994
-0.4610031192005606 -0.8919036517961757 0.08999999999999994
-0.411439276098724 -0.9169202375797787 0.08999999999999994
-0.3605181572425725 -0.9391819090561848 0.08999999999999994
-0.3083929238827865 -0.9586150449993082 0.08999999999999994
-0.25522072944964097 -0.9751545412185666 0.08999999999999994
-0.2011622458269529 -0.9887440269624167 0.08999999999999994
-0.14638117790031954 -0.9993360549667539 0.08999999999999994
-0.09104376784622296 -1.006892264513122 0.08999999999999994
-0.03531829066293167 -1.0113835169433247 0.08999999999999994
0.020625457526015297 -1.0127900031604984 0.08999999999999994
0.07661667683979685 -1.011101322731815 0.08999999999999994
0.13248408510335202 -1.0063165342944176 0.08999999999999994
0.1880564418134295 -0.998444177053716 0.08999999999999994
0.24316307300477755 -0.9875022632515194 0.08999999999999994
0.297634395407746 -0.97351824157037 0.08999999999999994
0.35130243828761654 -0.9565289315296089 0.08999999999999994
0.40400136135993964 -0.9365804290178797 0.08999999999999994
0.45556796718511505 -0.9137279831956673 0.08999999999999994
0.5058422064592815 -0.8880358450898285 0.08999999999999994
0.5546676746373391 -0.8595770882895883 0.08999999999999994
0.6018920983474916 -0.8284334022399469 0.08999999999999994
0.6473678100850596 -0.7946948587135028 0.08999999999999994
0.6909522097063913 -0.758459652125184 0.08999999999999994
0.7325082112813438 -0.7198338144359474 0.08999999999999994
0.7719046739049805 -0.6789309054709807 0.08999999999999994
0.8090168151156828 -0.6358716795549845 0.08999999999999994
0.8437266056176613 -0.5907837294415779 0.08999999999999994
0.875923144060743 -0.5438011085854302 0.08999999999999994
0.9055030106891286 -0.49506393287425404 0.08999999999999994
0.932370598733406 -0.4447179630029689 0.08999999999999994
0.9564384224862753 -0.39291416873404433 0.08999999999999994
0.9776274010719707 -0.3398082763460361 0.08999999999999994
0.9958671169920984 -0.2855603006264109 0.08999999999999994
1.0110960486062748 -0.23033406281481106 0.08999999999999994
1.023261775784361 -0.17429669594870764 0.08999999999999994
1.032321158047974 -0.11761813910485629 0.08999999999999994
1.038240484602119 -0.06047062206689535 0.08999999999999994
1.0409955957429111 -0.0030281419817214566 0.08999999999999994
1.0405719752142661 0.0545340664051466 0.08999999999999994
1.0369648131747693 0.11204006532225727 0.08999999999999994
1.0301790395255328 0.1693137517222121 0.08999999999999994
1.0202293274403305 0.226179396565317 0.08999999999999994
1.00714006703048 0.28246218398546813 0.08999999999999994
0.9909453091684712 0.3379887486840398 0.08999999999999994
0.9716886795859933 0.3925877098998757 0.08999999999999994
0.9494232634534563 0.4460902003108663 0.08999999999999994
0.9242114607391171 0.49833038823502196 0.08999999999999994
0.8961248127361507 0.5491459915164624 0.08999999999999994
0.8652438002352567 0.5983787815042001 0.08999999999999994
0.8316576139082908 0.6458750755590187 0.08999999999999994
0.7954638975548025 0.6914862165559937 0.08999999999999994
0.7567684649478508 0.7350690378872405 0.08999999999999994
0.7156849910978939 0.7764863125111785 0.08999999999999994
0.6723346788335972 0.8156071846408194 0.08999999999999994
0.6268459016758596 0.8523075827142327 0.08999999999999994
0.5793538240559293 0.8864706123452549 0.08999999999999994
0.5300000000000005 0.9179869280115047 0.08999999999999994
0.7200817765318392 0.6042203531053468 0.1200000000000001
0.6863341187105633 0.6437596426414091 0.1200000000000001
0.6504149109864252 0.6814135627990688 0.1200000000000001
0.6124295095753632 0.7170628255608292 0.1200000000000001
0.5724898246164799 0.7505940318911362 0.1200000000000001
0.530713990910401 0.7819000318787275 0.1200000000000001
0.4872260188649113 0.8108802664641981 0.1200000000000001
0.44215542667806573 0.8374410896649014 0.1200000000000001
0.3956368548487634 0.8614960702669389 0.1200000000000001
0.34780966416135833 0.8829662720149412 0.1200000000000001
0.298817518344033 0.9017805113943822 0.1200000000000001
0.24880795265025948 0.917875592168125 0.1200000000000001
0.19793192965850678 0.931196515898583 0.1200000000000001
0.14634338362733337 0.9416966677590524 0.1200000000000001
0.09419875478091831 0.9493379770122569 0.1200000000000001
0.04165651493389588 0.9540910516106742 0.1200000000000001
-0.01112331410613536 0.9559352864515966 0.1200000000000001
-0.06397964789488085 0.954858944899846 0.1200000000000001
-0.11675083098213117 0.9508592132723865 0.1200000000000001
-0.16927513131660052 0.9439422280615205 0.1200000000000001
-0.2213912359127425 0.9341230757566308 0.1200000000000001
-0.27293874626046943 0.9214257652083336 0.1200000000000001
-0.3237586719563732 0.9058831725631321 0.1200000000000001
-0.373693921037365 0.8875369588809919 0.1200000000000001
-0.4225897855046707 0.8664374606323969 0.1200000000000001
-0.4702944205377888 0.8426435533551688 0.1200000000000001
-0.5166593159143195 0.8162224888343541 0.1200000000000001
-0.5615397581724787 0.7872497062505607 0.1200000000000001
-0.6047952820785533 0.7558086178230062 0.1200000000000001
-0.6462901099914711 0.7219903695529547 0.1200000000000001
-0.6858935777509511 0.6858935777509512 0.1200000000000001
-0.7234805457543023 0.6476240421070366 0.1200000000000001
-0.7589317939297126 0.6072944361367296 0.1200000000000001
-0.7921343993606985 0.5650239759067445 0.1200000000000001
-0.8229820953671435 0.5209380680129894 0.1200000000000001
-0.8513756109028908 0.47516793784906136 0.1200000000000001
-0.8772229891879868 0.4278502392661398 0.1200000000000001
-0.9004398845552742 0.3791266467845335 0.1200000000000001
-0.9209498365558659 0.32914343157311177 0.1200000000000001
-0.938684520435961 0.2780510224651402 0.1200000000000001
-0.9535839731682273 0.22600355332759153 0.1200000000000001
-0.9655967942944229 0.17315839814555295 0.1200000000000001
-0.9746803209117781 0.11967569522385532 0.1200000000000001
-0.9808007762137393 0.06571786194427194 0.1200000000000001
-0.983933391075702 0.01144910154857509 0.1200000000000001
-0.98406249825813 -0.04296509655485579 0.1200000000000001
-0.9811815988826891 -0.09735846144023637 0.1200000000000001
-0.9752934009214951 -0.15156444873051192 0.1200000000000001
-0.9664098295249999 -0.2054167505279464 0.1200000000000001
-0.9545520091001848 -0.2587498056478508 0.1200000000000001
-0.9397502171373037 -0.31139930859009735 0.1200000000000001
-0.9220438098701864 -0.36320271568377827 0.1200000000000001
-0.9014811199417758 -0.41399974684596325 0.1200000000000001
-0.8781193263328906 -0.46363288140582787 0.1200000000000001
-0.8520242968978996 -0.5119478464605939 0.1200000000000001
-0.8232704039358031 -0.5587940962495753 0.1200000000000001
-0.7919403133088684 -0.6040252810572182 0.1200000000000001
-0.7581247477032312 -0.6474997041851926 0.1200000000000001
-0.7219222247064447 -0.6890807655673589 0.1200000000000001
-0.6834387704556514 -0.728637390639588 0.1200000000000001
-0.6427876096865395 -0.7660444431189779 0.1200000000000001
-0.6000888330873877 -0.8011831203937194 0.1200000000000001
-0.55546904293395 -0.8339413302757224 0.1200000000000001
-0.5090609780495863 -0.8642140479228505 0.1200000000000001
-0.4610031192005606 -0.8919036517961757 0.1200000000000001
-0.411439276098724 -0.9169202375797787 0.1200000000000001
-0.3605181572425725 -0.9391819090561848 0.1200000000000001
-0.3083929238827865 -0.9586150449993082 0.1200000000000001
-0.25522072944964097 -0.9751545412185666 0.1200000000000001
-0.2011622458269529 -0.9887440269624167 0.1200000000000001
-0.14638117790031954 -0.9993360549667539 0.1200000000000001
-0.09104376784622296 -1.006892264513122 0.1200000000000001
-0.03531829066293167 -1.0113835169433247 0.1200000000000001
0.020625457526015297 -1.0127900031604984 0.1200000000000001
0.07661667683979685 -1.011101322731815 0.1200000000000001
0.13248408510335202 -1.0063165342944176 0.1200000000000001
0.1880564418134295 -0.998444177053716 0.1200000000000001
0.24316307300477755 -0.9875022632515194 0.1200000000000001
0.297634395407746 -0.97351824157037 0.1200000000000001
0.35130243828761654 -0.9565289315296089 0.1200000000000001
0.40400136135993964 -0.9365804290178797 0.1200000000000001
0.45556796718511505 -0.9137279831956673 0.1200000000000001
0.5058422064592815 -0.8880358450898285 0.1200000000000001
0.5546676746373391 -0.8595770882895883 0.1200000000000001
0.6018920983474916 -0.8284334022399469 0.1200000000000001
0.6473678100850596 -0.7946948587135028 0.1200000000000001
0.6909522097063913 -0.758459652125184 0.1200000000000001
0.7325082112813438 -0.7198338144359474 0.1200000000000001
0.7719046739049805 -0.6789309054709807 0.1200000000000001
0.8090168151156828 -0.6358716795549845 0.1200000000000001
0.8437266056176613 -0.5907837294415779 0.1200000000000001
0.875923144060743 -0.5438011085854302 0.1200000000000001
0.9055030106891286 -0.49506393287425404 0.1200000000000001
0.932370598733406 -0.4447179630029689 0.1200000000000001
0.9564384224862753 -0.39291416873404433 0.1200000000000001
0.9776274010719707 -0.3398082763460361 0.1200000000000001
0.9958671169920984 -0.2855603006264109 0.1200000000000001
1.0110960486062748 -0.23033406281481106 0.1200000000000001
1.023261775784361 -0.17429669594870764 0.1200000000000001
1.032321158047974 -0.11761813910485629 0.1200000000000001
1.038240484602119 -0.06047062206689535 0.1200000000000001
1.0409955957429111 -0.0030281419817214566 0.1200000000000001
1.0405719752142661 0.0545340664051466 0.1200000000000001
1.0369648131747693 0.11204006532225727 0.1200000000000001
1.0301790395255328 0.1693137517222121 0.1200000000000001
1.0202293274403305 0.226179396565317 0.1200000000000001
1.00714006703048 0.28246218398546813 0.1200000000000001
0.9909453091684712 0.3379887486840398 0.1200000000000001
0.9716886795859933 0.3925877098998757 0.1200000000000001
0.9494232634534563 0.4460902003108663 0.1200000000000001
0.9242114607391171 0.49833038823502196 0.1200000000000001
0.8961248127361507 0.5491459915164624 0.1200000000000001
0.8652438002352567 0.5983787815042001 0.1200000000000001
0.8316576139082908 0.6458750755590187 0.1200000000000001
0.7954638975548025 0.6914862165559937 0.1200000000000001
0.7567684649478508 0.7350690378872405 0.1200000000000001
0.7156849910978939 0.7764863125111785 0.1200000000000001
0.6723346788335972 0.8156071846408194 0.1200000000000001
0.6268459016758596 0.8523075827142327 0.1200000000000001
0.5793538240559293 0.8864706123452549 0.1200000000000001
0.5300000000000005 0.9179869280115047 0.1200000000000001
0.7200817765318392 0.6042203531053468 0.15
0.6863341187105633 0.6437596426414091 0.15
0.6504149109864252 0.6814135627990688 0.15
0.6124295095753632 0.7170628255608292 0.15
0.5724898246164799 0.7505940318911362 0.15
0.530713990910401 0.7819000318787275 0.15
0.4872260188649113 0.8108802664641981 0.15
0.44215542667806573 0.8374410896649014 0.15
0.3956368548487634 0.8614960702669389 0.15
0.34780966416135833 0.8829662720149412 0.15
0.298817518344033 0.9017805113943822 0.15
0.24880795265025948 0.917875592168125 0.15
0.19793192965850678 0.931196515898583 0.15
0.14634338362733337 0.9416966677590524 0.15
0.09419875478091831 0.9493379770122569 0.15
0.04165651493389588 0.9540910516106742 0.15
-0.01112331410613536 0.9559352864515966 0.15
-0.06397964789488085 0.954858944899846 0.15
-0.11675083098213117 0.9508592132723865 0.15
-0.16927513131660052 0.9439422280615205 0.15
-0.2213912359127425 0.9341230757566308 0.15
-0.27293874626046943 0.9214257652083336 0.15
-0.3237586719563732 0.9058831725631321 0.15
-0.373693921037365 0.8875369588809919 0.15
-0.4225897855046707 0.8664374606323969 0.15
-0.4702944205377888 0.8426435533551688 0.15
-0.5166593159143195 0.8162224888343541 0.15
-0.5615397581724787 0.7872497062505607 0.15
-0.6047952820785533 0.7558086178230062 0.15
-0.6462901099914711 0.7219903695529547 0.15
-0.6858935777509511 0.6858935777509512 0.15
-0.7234805457543023 0.6476240421070366 0.15
-0.7589317939297126 0.6072944361367296 0.15
-0.7921343993606985 0.5650239759067445 0.15
-0.8229820953671435 0.5209380680129894 0.15
-0.8513756109028908 0.47516793784906136 0.15
-0.8772229891879868 0.4278502392661398 0.15
-0.9004398845552742 0.3791266467845335 0.15
-0.9209498365558659 0.32914343157311177 0.15
-0.938684520435961 0.2780510224651402 0.15
-0.9535839731682273 0.22600355332759153 0.15
-0.9655967942944229 0.17315839814555295 0.15
-0.9746803209117781 0.11967569522385532 0.15
-0.9808007762137393 0.06571786194427194 0.15
-0.983933391075702 0.01144910154857509 0.15
-0.98406249825813 -0.04296509655485579 0.15
-0.9811815988826891 -0.09735846144023637 0.15
-0.9752934009214951 -0.15156444873051192 0.15
-0.9664098295249999 -0.2054167505279464 0.15
-0.9545520091001848 -0.2587498056478508 0.15
-0.9397502171373037 -0.31139930859009735 0.15
-0.9220438098701864 -0.36320271568377827 0.15
-0.9014811199417758 -0.41399974684596325 0.15
-0.8781193263328906 -0.46363288140582787 0.15
-0.8520242968978996 -0.5119478464605939 0.15
-0.8232704039358031 -0.5587940962495753 0.15
-0.7919403133088684 -0.6040252810572182 0.15
-0.7581247477032312 -0.6474997041851926 0.15
-0.7219222247064447 -0.6890807655673589 0.15
-0.6834387704556514 -0.728637390639588 0.15
-0.6427876096865395 -0.7660444431189779 0.15
-0.6000888330873877 -0.8011831203937194 0.15
-0.55546904293395 -0.8339413302757224 0.15
-0.5090609780495863 -0.8642140479228505 0.15
-0.4610031192005606 -0.8919036517961757 0.15
-0.411439276098724 -0.9169202375797787 0.15
-0.3605181572425725 -0.9391819090561848 0.15
-0.3083929238827865 -0.9586150449993082 0.15
-0.25522072944964097 -0.9751545412185666 0.15
-0.2011622458269529 -0.9887440269624167 0.15
-0.14638117790031954 -0.9993360549667539 0.15
-0.09104376784622296 -1.006892264513122 0.15
-0.03531829066293167 -1.0113835169433247 0.15
0.020625457526015297 -1.0127900031604984 0.15
0.07661667683979685 -1.011101322731815 0.15
0.13248408510335202 -1.0063165342944176 0.15
0.1880564418134295 -0.998444177053716 0.15
0.24316307300477755 -0.9875022632515194 0.15
0.297634395407746 -0.97351824157037 0.15
0.35130243828761654 -0.9565289315296089 0.15
0.40400136135993964 -0.9365804290178797 0.15
0.45556796718511505 -0.9137279831956673 0.15
0.5058422064592815 -0.8880358450898285 0.15
0.5546676746373391 -0.8595770882895883 0.15
0.6018920983474916 -0.8284334022399469 0.15
0.6473678100850596 -0.7946948587135028 0.15
0.6909522097063913 -0.758459652125184 0.15
0.7325082112813438 -0.7198338144359474 0.15
0.7719046739049805 -0.6789309054709807 0.15
0.8090168151156828 -0.6358716795549845 0.15
0.8437266056176613 -0.5907837294415779 0.15
0.875923144060743 -0.5438011085854302 0.15
0.9055030106891286 -0.49506393287425404 0.15
0.932370598733406 -0.4447179630029689 0.15
0.9564384224862753 -0.39291416873404433 0.15
0.9776274010719707 -0.3398082763460361 0.15
0.9958671169920984 -0.2855603006264109 0.15
1.0110960486062748 -0.23033406281481106 0.15
1.023261775784361 -0.17429669594870764 0.15
1.032321158047974 -0.11761813910485629 0.15
1.038240484602119 -0.06047062206689535 0.15
1.0409955957429111 -0.0030281419817214566 0.15
1.0405719752142661 0.0545340664051466 0.15
1.0369648131747693 0.11204006532225727 0.15
1.0301790395255328 0.1693137517222121 0.15
1.0202293274403305 0.226179396565317 0.15
1.00714006703048 0.28246218398546813 0.15
0.9909453091684712 0.3379887486840398 0.15
0.9716886795859933 0.3925877098998757 0.15
0.9494232634534563 0.4460902003108663 0.15
0.9242114607391171 0.49833038823502196 0.15
0.8961248127361507 0.5491459915164624 0.15
0.8652438002352567 0.5983787815042001 0.15
0.8316576139082908 0.6458750755590187 0.15
0.7954638975548025 0.6914862165559937 0.15
0.7567684649478508 0.7350690378872405 0.15
0.7156849910978939 0.7764863125111785 0.15
0.6723346788335972 0.8156071846408194 0.15
0.6268459016758596 0.8523075827142327 0.15
0.5793538240559293 0.8864706123452549 0.15
0.5300000000000005 0.9179869280115047 0.15
0.7200817765318392 0.6042203531053468 0.17999999999999988
0.6863341187105633 0.6437596426414091 0.17999999999999988
0.6504149109864252 0.6814135627990688 0.17999999999999988
0.6124295095753632 0.7170628255608292 0.17999999999999988
0.5724898246164799 0.7505940318911362 0.17999999999999988
0.530713990910401 0.7819000318787275 0.17999999999999988
0.4872260188649113 0.8108802664641981 0.17999999999999988
0.44215542667806573 0.8374410896649014 0.17999999999999988
0.3956368548487634 0.8614960702669389 0.17999999999999988
0.34780966416135833 0.8829662720149412 0.17999999999999988
0.298817518344033 0.9017805113943822 0.17999999999999988
0.24880795265025948 0.917875592168125 0.17999999999999988
0.19793192965850678 0.931196515898583 0.17999999999999988
0.14634338362733337 0.9416966677590524 0.17999999999999988
0.09419875478091831 0.9493379770122569 0.17999999999999988
0.04165651493389588 0.9540910516106742 0.17999999999999988
-0.01112331410613536 0.9559352864515966 0.17999999999999988
-0.06397964789488085 0.954858944899846 0.17999999999999988
-0.11675083098213117 0.9508592132723865 0.17999999999999988
-0.16927513131660052 0.9439422280615205 0.17999999999999988
-0.2213912359127425 0.9341230757566308 0.17999999999999988
-0.27293874626046943 0.9214257652083336 0.17999999999999988
-0.3237586719563732 0.9058831725631321 0.17999999999999988
-0.373693921037365 0.8875369588809919 0.17999999999999988
-0.4225897855046707 0.8664374606323969 0.17999999999999988
-0.4702944205377888 0.8426435533551688 0.17999999999999988
-0.5166593159143195 0.8162224888343541 0.17999999999999988
-0.5615397581724787 0.7872497062505607 0.17999999999999988
-0.6047952820785533 0.7558086178230062 0.17999999999999988
-0.6462901099914711 0.7219903695529547 0.17999999999999988
-0.6858935777509511 0.6858935777509512 0.17999999999999988
-0.7234805457543023 0.6476240421070366 0.17999999999999988
-0.7589317939297126 0.6072944361367296 0.17999999999999988
-0.7921343993606985 0.5650239759067445 0.17999999999999988
-0.8229820953671435 0.5209380680129894 0.17999999999999988
-0.8513756109028908 0.47516793784906136 0.17999999999999988
-0.8772229891879868 0.4278502392661398 0.17999999999999988
-0.9004398845552742 0.3791266467845335 0.17999999999999988
-0.9209498365558659 0.32914343157311177 0.17999999999999988
-0.938684520435961 0.2780510224651402 0.17999999999999988
-0.9535839731682273 0.22600355332759153 0.17999999999999988
-0.9655967942944229 0.17315839814555295 0.17999999999999988
-0.9746803209117781 0.11967569522385532 0.17999999999999988
-0.9808007762137393 0.06571786194427194 0.17999999999999988
-0.983933391075702 0.01144910154857509 0.17999999999999988
-0.98406249825813 -0.04296509655485579 0.17999999999999988
-0.9811815988826891 -0.09735846144023637 0.17999999999999988
-0.9752934009214951 -0.15156444873051192 0.17999999999999988
-0.9664098295249999 -0.2054167505279464 0.17999999999999988
-0.9545520091001848 -0.2587498056478508 0.17999999999999988
-0.9397502171373037 -0.31139930859009735 0.17999999999999988
-0.9220438098701864 -0.36320271568377827 0.17999999999999988
-0.9014811199417758 -0.41399974684596325 0.17999999999999988
-0.8781193263328906 -0.46363288140582787 0.17999999999999988
-0.8520242968978996 -0.5119478464605939 0.17999999999999988
-0.8232704039358031 -0.5587940962495753 0.17999999999999988
-0.7919403133088684 -0.6040252810572182 0.17999999999999988
-0.7581247477032312 -0.6474997041851926 0.17999999999999988
-0.7219222247064447 -0.6890807655673589 0.17999999999999988
-0.6834387704556514 -0.728637390639588 0.17999999999999988
-0.6427876096865395 -0.7660444431189779 0.17999999999999988
-0.6000888330873877 -0.8011831203937194 0.17999999999999988
-0.55546904293395 -0.8339413302757224 0.17999999999999988
-0.5090609780495863 -0.8642140479228505 0.17999999999999988
-0.4610031192005606 -0.8919036517961757 0.17999999999999988
-0.411439276098724 -0.9169202375797787 0.17999999999999988
-0.3605181572425725 -0.9391819090561848 0.17999999999999988
-0.3083929238827865 -0.9586150449993082 0.17999999999999988
-0.25522072944964097 -0.9751545412185666 0.17999999999999988
-0.2011622458269529 -0.9887440269624167 0.17999999999999988
-0.14638117790031954 -0.9993360549667539 0.17999999999999988
-0.09104376784622296 -1.006892264513122 0.17999999999999988
-0.03531829066293167 -1.0113835169433247 0.17999999999999988
0.020625457526015297 -1.0127900031604984 0.17999999999999988
0.07661667683979685 -1.011101322731815 0.17999999999999988
0.13248408510335202 -1.0063165342944176 0.17999999999999988
0.1880564418134295 -0.998444177053716 0.17999999999999988
0.24316307300477755 -0.9875022632515194 0.17999999999999988
0.297634395407746 -0.97351824157037 0.17999999999999988
0.35130243828761654 -0.9565289315296089 0.17999999999999988
0.40400136135993964 -0.9365804290178797 0.17999999999999988
0.45556796718511505 -0.9137279831956673 0.17999999999999988
0.5058422064592815 -0.8880358450898285 0.17999999999999988
0.5546676746373391 -0.8595770882895883 0.17999999999999988
0.6018920983474916 -0.8284334022399469 0.17999999999999988
0.6473678100850596 -0.7946948587135028 0.17999999999999988
0.6909522097063913 -0.758459652125184 0.17999999999999988
0.7325082112813438 -0.7198338144359474 0.17999999999999988
0.7719046739049805 -0.6789309054709807 0.17999999999999988
0.8090168151156828 -0.6358716795549845 0.17999999999999988
0.8437266056176613 -0.5907837294415779 0.17999999999999988
0.875923144060743 -0.5438011085854302 0.17999999999999988
0.9055030106891286 -0.49506393287425404 0.17999999999999988
0.932370598733406 -0.4447179630029689 0.17999999999999988
0.9564384224862753 -0.39291416873404433 0.17999999999999988
0.9776274010719707 -0.3398082763460361 0.17999999999999988
0.9958671169920984 -0.2855603006264109 0.17999999999999988
1.0110960486062748 -0.23033406281481106 0.17999999999999988
1.023261775784361 -0.17429669594870764 0.17999999999999988
1.032321158047974 -0.11761813910485629 0.17999999999999988
1.038240484602119 -0.06047062206689535 0.17999999999999988
1.0409955957429111 -0.0030281419817214566 0.17999999999999988
1.0405719752142661 0.0545340664051466 0.17999999999999988
1.0369648131747693 0.11204006532225727 0.17999999999999988
1.0301790395255328 0.1693137517222121 0.17999999999999988
1.0202293274403305 0.226179396565317 0.17999999999999988
1.00714006703048 0.28246218398546813 0.17999999999999988
0.9909453091684712 0.3379887486840398 0.17999999999999988
0.9716886795859933 0.3925877098998757 0.17999999999999988
0.9494232634534563 0.4460902003108663 0.17999999999999988
0.9242114607391171 0.49833038823502196 0.17999999999999988
0.8961248127361507 0.5491459915164624 0.17999999999999988
0.8652438002352567 0.5983787815042001 0.17999999999999988
0.8316576139082908 0.6458750755590187 0.17999999999999988
0.7954638975548025 0.6914862165559937 0.17999999999999988
0.7567684649478508 0.7350690378872405 0.17999999999999988
0.7156849910978939 0.7764863125111785 0.17999999999999988
0.6723346788335972 0.8156071846408194 0.17999999999999988
0.6268459016758596 0.8523075827142327 0.17999999999999988
0.5793538240559293 0.8864706123452549 0.17999999999999988
0.5300000000000005 0.9179869280115047 0.17999999999999988
0.7200817765318392 0.6042203531053468 0.21000000000000005
0.6863341187105633 0.6437596426414091 0.21000000000000005
0.6504149109864252 0.6814135627990688 0.21000000000000005
0.6124295095753632 0.7170628255608292 0.21000000000000005
0.5724898246164799 0.7505940318911362 0.21000000000000005
0.530713990910401 0.7819000318787275 0.21000000000000005
0.4872260188649113 0.8108802664641981 0.21000000000000005
0.44215542667806573 0.8374410896649014 0.21000000000000005
0.3956368548487634 0.8614960702669389 0.21000000000000005
0.34780966416135833 0.8829662720149412 0.21000000000000005
0.298817518344033 0.9017805113943822 0.21000000000000005
0.24880795265025948 0.917875592168125 0.21000000000000005
0.19793192965850678 0.931196515898583 0.21000000000000005
0.14634338362733337 0.9416966677590524 0.21000000000000005
0.09419875478091831 0.9493379770122569 0.21000000000000005
0.04165651493389588 0.9540910516106742 0.21000000000000005
-0.01112331410613536 0.9559352864515966 0.21000000000000005
-0.06397964789488085 0.954858944899846 0.21000000000000005
-0.11675083098213117 0.9508592132723865 0.21000000000000005
-0.16927513131660052 0.9439422280615205 0.21000000000000005
-0.2213912359127425 0.9341230757566308 0.21000000000000005
-0.27293874626046943 0.9214257652083336 0.21000000000000005
-0.3237586719563732 0.9058831725631321 0.21000000000000005
-0.373693921037365 0.8875369588809919 0.21000000000000005
-0.4225897855046707 0.8664374606323969 0.21000000000000005
-0.4702944205377888 0.8426435533551688 0.21000000000000005
-0.5166593159143195 0.8162224888343541 0.21000000000000005
-0.5615397581724787 0.7872497062505607 0.21000000000000005
-0.6047952820785533 0.7558086178230062 0.21000000000000005
-0.6462901099914711 0.7219903695529547 0.21000000000000005
-0.6858935777509511 0.6858935777509512 0.21000000000000005
-0.7234805457543023 0.6476240421070366 0.21000000000000005
-0.7589317939297126 0.6072944361367296 0.21000000000000005
-0.7921343993606985 0.5650239759067445 0.21000000000000005
-0.8229820953671435 0.5209380680129894 0.21000000000000005
-0.8513756109028908 0.47516793784906136 0.21000000000000005
-0.8772229891879868 0.4278502392661398 0.21000000000000005
-0.9004398845552742 0.3791266467845335 0.21000000000000005
-0.9209498365558659 0.32914343157311177 0.21000000000000005
-0.938684520435961 0.2780510224651402 0.21000000000000005
-0.9535839731682273 0.22600355332759153 0.21000000000000005
-0.9655967942944229 0.17315839814555295 0.21000000000000005
-0.9746803209117781 0.11967569522385532 0.21000000000000005
-0.9808007762137393 0.06571786194427194 0.21000000000000005
-0.983933391075702 0.01144910154857509 0.21000000000000005
-0.98406249825813 -0.04296509655485579 0.21000000000000005
-0.9811815988826891 -0.09735846144023637 0.21000000000000005
-0.9752934009214951 -0.15156444873051192 0.21000000000000005
-0.9664098295249999 -0.2054167505279464 0.21000000000000005
-0.9545520091001848 -0.2587498056478508 0.21000000000000005
-0.9397502171373037 -0.31139930859009735 0.21000000000000005
-0.9220438098701864 -0.36320271568377827 0.21000000000000005
-0.9014811199417758 -0.41399974684596325 0.21000000000000005
-0.8781193263328906 -0.46363288140582787 0.21000000000000005
-0.8520242968978996 -0.5119478464605939 0.21000000000000005
-0.8232704039358031 -0.5587940962495753 0.21000000000000005
-0.7919403133088684 -0.6040252810572182 0.21000000000000005
-0.7581247477032312 -0.6474997041851926 0.21000000000000005
-0.7219222247064447 -0.6890807655673589 0.21000000000000005
-0.6834387704556514 -0.728637390639588 0.21000000000000005
-0.6427876096865395 -0.7660444431189779 0.21000000000000005
-0.6000888330873877 -0.8011831203937194 0.21000000000000005
-0.55546904293395 -0.8339413302757224 0.21000000000000005
-0.5090609780495863 -0.8642140479228505 0.21000000000000005
-0.4610031192005606 -0.8919036517961757 0.21000000000000005
-0.411439276098724 -0.9169202375797787 0.21000000000000005
-0.3605181572425725 -0.9391819090561848 0.21000000000000005
-0.3083929238827865 -0.9586150449993082 0.21000000000000005
-0.25522072944964097 -0.9751545412185666 0.21000000000000005
-0.2011622458269529 -0.9887440269624167 0.21000000000000005
-0.14638117790031954 -0.9993360549667539 0.21000000000000005
-0.09104376784622296 -1.006892264513122 0.21000000000000005
-0.03531829066293167 -1.0113835169433247 0.21000000000000005
0.020625457526015297 -1.0127900031604984 0.21000000000000005
0.07661667683979685 -1.011101322731815 0.21000000000000005
0.13248408510335202 -1.0063165342944176 0.21000000000000005
0.1880564418134295 -0.998444177053716 0.21000000000000005
0.24316307300477755 -0.9875022632515194 0.21000000000000005
0.297634395407746 -0.97351824157037 0.21000000000000005
0.35130243828761654 -0.9565289315296089 0.21000000000000005
0.40400136135993964 -0.9365804290178797 0.21000000000000005
0.45556796718511505 -0.9137279831956673 0.21000000000000005
0.5058422064592815 -0.8880358450898285 0.21000000000000005
0.5546676746373391 -0.8595770882895883 0.21000000000000005
0.6018920983474916 -0.8284334022399469 0.21000000000000005
0.6473678100850596 -0.7946948587135028 0.21000000000000005
0.6909522097063913 -0.758459652125184 0.21000000000000005
0.7325082112813438 -0.7198338144359474 0.21000000000000005
0.7719046739049805 -0.6789309054709807 0.21000000000000005
0.8090168151156828 -0.6358716795549845 0.21000000000000005
0.8437266056176613 -0.5907837294415779 0.21000000000000005
0.875923144060743 -0.5438011085854302 0.21000000000000005
0.9055030106891286 -0.49506393287425404 0.21000000000000005
0.932370598733406 -0.4447179630029689 0.21000000000000005
0.9564384224862753 -0.39291416873404433 0.21000000000000005
0.9776274010719707 -0.3398082763460361 0.21000000000000005
0.9958671169920984 -0.2855603006264109 0.21000000000000005
1.0110960486062748 -0.23033406281481106 0.21000000000000005
1.023261775784361 -0.17429669594870764 0.21000000000000005
1.032321158047974 -0.11761813910485629 0.21000000000000005
1.038240484602119 -0.06047062206689535 0.21000000000000005
1.0409955957429111 -0.0030281419817214566 0.21000000000000005
1.0405719752142661 0.0545340664051466 0.21000000000000005
1.0369648131747693 0.11204006532225727 0.21000000000000005
1.0301790395255328 0.1693137517222121 0.21000000000000005
1.0202293274403305 0.226179396565317 0.21000000000000005
1.00714006703048 0.28246218398546813 0.21000000000000005
0.9909453091684712 0.3379887486840398 0.21000000000000005
0.9716886795859933 0.3925877098998757 0.21000000000000005
0.9494232634534563 0.4460902003108663 0.21000000000000005
0.9242114607391171 0.49833038823502196 0.21000000000000005
0.8961248127361507 0.5491459915164624 0.21000000000000005
0.8652438002352567 0.5983787815042001 0.21000000000000005
0.8316576139082908 0.6458750755590187 0.21000000000000005
0.7954638975548025 0.6914862165559937 0.21000000000000005
0.7567684649478508 0.7350690378872405 0.21000000000000005
0.7156849910978939 0.7764863125111785 0.21000000000000005
0.6723346788335972 0.8156071846408194 0.21000000000000005
0.6268459016758596 0.8523075827142327 0.21000000000000005
0.5793538240559293 0.8864706123452549 0.21000000000000005
0.5300000000000005 0.9179869280115047 0.21000000000000005
0.7200817765318392 0.6042203531053468 0.23999999999999994
0.6863341187105633 0.6437596426414091 0.23999999999999994
0.6504149109864252 0.6814135627990688 0.23999999999999994
0.6124295095753632 0.7170628255608292 0.23999999999999994
0.5724898246164799 0.7505940318911362 0.23999999999999994
0.530713990910401 0.7819000318787275 0.23999999999999994
0.4872260188649113 0.8108802664641981 0.23999999999999994
0.44215542667806573 0.8374410896649014 0.23999999999999994
0.3956368548487634 0.8614960702669389 0.23999999999999994
0.34780966416135833 0.8829662720149412 0.23999999999999994
0.298817518344033 0.9017805113943822 0.23999999999999994
0.24880795265025948 0.917875592168125 0.23999999999999994
0.19793192965850678 0.931196515898583 0.23999999999999994
0.14634338362733337 0.9416966677590524 0.23999999999999994
0.09419875478091831 0.9493379770122569 0.23999999999999994
0.04165651493389588 0.9540910516106742 0.23999999999999994
-0.01112331410613536 0.9559352864515966 0.23999999999999994
-0.06397964789488085 0.954858944899846 0.23999999999999994
-0.11675083098213117 0.9508592132723865 0.23999999999999994
-0.16927513131660052 0.9439422280615205 0.23999999999999994
-0.2213912359127425 0.9341230757566308 0.23999999999999994
-0.27293874626046943 0.9214257652083336 0.23999999999999994
-0.3237586719563732 0.9058831725631321 0.23999999999999994
-0.373693921037365 0.8875369588809919 0.23999999999999994
-0.4225897855046707 0.8664374606323969 0.23999999999999994
-0.4702944205377888 0.8426435533551688 0.23999999999999994
-0.5166593159143195 0.8162224888343541 0.23999999999999994
-0.5615397581724787 0.7872497062505607 0.23999999999999994
-0.6047952820785533 0.7558086178230062 0.23999999999999994
-0.6462901099914711 0.7219903695529547 0.23999999999999994
-0.6858935777509511 0.6858935777509512 0.23999999999999994
-0.7234805457543023 0.6476240421070366 0.23999999999999994
-0.7589317939297126 0.6072944361367296 0.23999999999999994
-0.7921343993606985 0.5650239759067445 0.23999999999999994
-0.8229820953671435 0.5209380680129894 0.23999999999999994
-0.8513756109028908 0.47516793784906136 0.23999999999999994
-0.8772229891879868 0.4278502392661398 0.23999999999999994
-0.9004398845552742 0.3791266467845335 0.23999999999999994
-0.9209498365558659 0.32914343157311177 0.23999999999999994
-0.938684520435961 0.2780510224651402 0.23999999999999994
-0.9535839731682273 0.22600355332759153 0.23999999999999994
-0.9655967942944229 0.17315839814555295 0.23999999999999994
-0.9746803209117781 0.11967569522385532 0.23999999999999994
-0.9808007762137393 0.06571786194427194 0.23999999999999994
-0.983933391075702 0.01144910154857509 0.23999999999999994
-0.98406249825813 -0.04296509655485579 0.23999999999999994
-0.9811815988826891 -0.09735846144023637 0.23999999999999994
-0.9752934009214951 -0.15156444873051192 0.23999999999999994
-0.9664098295249999 -0.2054167505279464 0.23999999999999994
-0.9545520091001848 -0.2587498056478508 0.23999999999999994
-0.9397502171373037 -0.31139930859009735 0.23999999999999994
-0.9220438098701864 -0.36320271568377827 0.23999999999999994
-0.9014811199417758 -0.41399974684596325 0.23999999999999994
-0.8781193263328906 -0.46363288140582787 0.23999999999999994
-0.8520242968978996 -0.5119478464605939 0.23999999999999994
-0.8232704039358031 -0.5587940962495753 0.23999999999999994
-0.7919403133088684 -0.6040252810572182 0.23999999999999994
-0.7581247477032312 -0.6474997041851926 0.23999999999999994
-0.7219222247064447 -0.6890807655673589 0.23999999999999994
-0.6834387704556514 -0.728637390639588 0.23999999999999994
-0.6427876096865395 -0.7660444431189779 0.23999999999999994
-0.6000888330873877 -0.8011831203937194 0.23999999999999994
-0.55546904293395 -0.8339413302757224 0.23999999999999994
-0.5090609780495863 -0.8642140479228505 0.23999999999999994
-0.4610031192005606 -0.8919036517961757 0.23999999999999994
-0.411439276098724 -0.9169202375797787 0.23999999999999994
-0.3605181572425725 -0.9391819090561848 0.23999999999999994
-0.3083929238827865 -0.9586150449993082 0.23999999999999994
-0.25522072944964097 -0.9751545412185666 0.23999999999999994
-0.2011622458269529 -0.9887440269624167 0.23999999999999994
-0.14638117790031954 -0.9993360549667539 0.23999999999999994
-0.09104376784622296 -1.006892264513122 0.23999999999999994
-0.03531829066293167 -1.0113835169433247 0.23999999999999994
0.020625457526015297 -1.0127900031604984 0.23999999999999994
0.07661667683979685 -1.011101322731815 0.23999999999999994
0.13248408510335202 -1.0063165342944176 0.23999999999999994
0.1880564418134295 -0.998444177053716 0.23999999999999994
0.24316307300477755 -0.9875022632515194 0.23999999999999994
0.297634395407746 -0.97351824157037 0.23999999999999994
0.35130243828761654 -0.9565289315296089 0.23999999999999994
0.40400136135993964 -0.9365804290178797 0.23999999999999994
0.45556796718511505 -0.9137279831956673 0.23999999999999994
0.5058422064592815 -0.8880358450898285 0.23999999999999994
0.5546676746373391 -0.8595770882895883 0.23999999999999994
0.6018920983474916 -0.8284334022399469 0.23999999999999994
0.6473678100850596 -0.7946948587135028 0.23999999999999994
0.6909522097063913 -0.758459652125184 0.23999999999999994
0.7325082112813438 -0.7198338144359474 0.23999999999999994
0.7719046739049805 -0.6789309054709807 0.23999999999999994
0.8090168151156828 -0.6358716795549845 0.23999999999999994
0.8437266056176613 -0.5907837294415779 0.23999999999999994
0.875923144060743 -0.5438011085854302 0.23999999999999994
0.9055030106891286 -0.49506393287425404 0.23999999999999994
0.932370598733406 -0.4447179630029689 0.23999999999999994
0.9564384224862753 -0.39291416873404433 0.23999999999999994
0.9776274010719707 -0.3398082763460361 0.23999999999999994
0.9958671169920984 -0.2855603006264109 0.23999999999999994
1.0110960486062748 -0.23033406281481106 0.23999999999999994
1.023261775784361 -0.17429669594870764 0.23999999999999994
1.032321158047974 -0.11761813910485629 0.23999999999999994
1.038240484602119 -0.06047062206689535 0.23999999999999994
1.0409955957429111 -0.0030281419817214566 0.23999999999999994
1.0405719752142661 0.0545340664051466 0.23999999999999994
1.0369648131747693 0.11204006532225727 0.23999999999999994
1.0301790395255328 0.1693137517222121 0.23999999999999994
1.0202293274403305 0.226179396565317 0.23999999999999994
1.00714006703048 0.28246218398546813 0.23999999999999994
0.9909453091684712 0.3379887486840398 0.23999999999999994
0.9716886795859933 0.3925877098998757 0.23999999999999994
0.9494232634534563 0.4460902003108663 0.23999999999999994
0.9242114607391171 0.49833038823502196 0.23999999999999994
0.8961248127361507 0.5491459915164624 0.23999999999999994
0.8652438002352567 0.5983787815042001 0.23999999999999994
0.8316576139082908 0.6458750755590187 0.23999999999999994
0.7954638975548025 0.6914862165559937 0.23999999999999994
0.7567684649478508 0.7350690378872405 0.23999999999999994
0.7156849910978939 0.7764863125111785 0.23999999999999994
0.6723346788335972 0.8156071846408194 0.23999999999999994
0.6268459016758596 0.8523075827142327 0.23999999999999994
0.5793538240559293 0.8864706123452549 0.23999999999999994
0.5300000000000005 0.9179869280115047 0.23999999999999994
0.7200817765318392 0.6042203531053468 0.2700000000000001
0.6863341187105633 0.6437596426414091 0.2700000000000001
0.6504149109864252 0.6814135627990688 0.2700000000000001
0.6124295095753632 0.7170628255608292 0.2700000000000001
0.5724898246164799 0.7505940318911362 0.2700000000000001
0.530713990910401 0.7819000318787275 0.2700000000000001
0.4872260188649113 0.8108802664641981 0.2700000000000001
0.44215542667806573 0.8374410896649014 0.2700000000000001
0.3956368548487634 0.8614960702669389 0.2700000000000001
0.34780966416135833 0.8829662720149412 0.2700000000000001
0.298817518344033 0.9017805113943822 0.2700000000000001
0.24880795265025948 0.917875592168125 0.2700000000000001
0.19793192965850678 0.931196515898583 0.2700000000000001
0.14634338362733337 0.9416966677590524 0.2700000000000001
0.09419875478091831 0.9493379770122569 0.2700000000000001
0.04165651493389588 0.9540910516106742 0.2700000000000001
-0.01112331410613536 0.9559352864515966 0.2700000000000001
-0.06397964789488085 0.954858944899846 0.2700000000000001
-0.11675083098213117 0.9508592132723865 0.2700000000000001
-0.16927513131660052 0.9439422280615205 0.2700000000000001
-0.2213912359127425 0.9341230757566308 0.2700000000000001
-0.27293874626046943 0.9214257652083336 0.2700000000000001
-0.3237586719563732 0.9058831725631321 0.2700000000000001
-0.373693921037365 0.8875369588809919 0.2700000000000001
-0.4225897855046707 0.8664374606323969 0.2700000000000001
-0.4702944205377888 0.8426435533551688 0.2700000000000001
-0.5166593159143195 0.8162224888343541 0.2700000000000001
-0.5615397581724787 0.7872497062505607 0.2700000000000001
-0.6047952820785533 0.7558086178230062 0.2700000000000001
-0.6462901099914711 0.7219903695529547 0.2700000000000001
-0.6858935777509511 0.6858935777509512 0.2700000000000001
-0.7234805457543023 0.6476240421070366 0.2700000000000001
-0.7589317939297126 0.6072944361367296 0.2700000000000001
-0.7921343993606985 0.5650239759067445 0.2700000000000001
-0.8229820953671435 0.5209380680129894 0.2700000000000001
-0.8513756109028908 0.47516793784906136 0.2700000000000001
-0.8772229891879868 0.4278502392661398 0.2700000000000001
-0.9004398845552742 0.3791266467845335 0.2700000000000001
-0.9209498365558659 0.32914343157311177 0.2700000000000001
-0.938684520435961 0.2780510224651402 0.2700000000000001
-0.9535839731682273 0.22600355332759153 0.2700000000000001
-0.9655967942944229 0.17315839814555295 0.2700000000000001
-0.9746803209117781 0.11967569522385532 0.2700000000000001
-0.9808007762137393 0.06571786194427194 0.2700000000000001
-0.983933391075702 0.01144910154857509 0.2700000000000001
-0.98406249825813 -0.04296509655485579 0.2700000000000001
-0.9811815988826891 -0.09735846144023637 0.2700000000000001
-0.9752934009214951 -0.15156444873051192 0.2700000000000001
-0.9664098295249999 -0.2054167505279464 0.2700000000000001
-0.9545520091001848 -0.2587498056478508 0.2700000000000001
-0.9397502171373037 -0.31139930859009735 0.2700000000000001
-0.9220438098701864 -0.36320271568377827 0.2700000000000001
-0.9014811199417758 -0.41399974684596325 0.2700000000000001
-0.8781193263328906 -0.46363288140582787 0.2700000000000001
-0.8520242968978996 -0.5119478464605939 0.2700000000000001
-0.8232704039358031 -0.5587940962495753 0.2700000000000001
-0.7919403133088684 -0.6040252810572182 0.2700000000000001
-0.7581247477032312 -0.6474997041851926 0.2700000000000001
-0.7219222247064447 -0.6890807655673589 0.2700000000000001
-0.6834387704556514 -0.728637390639588 0.2700000000000001
-0.6427876096865395 -0.7660444431189779 0.2700000000000001
-0.6000888330873877 -0.8011831203937194 0.2700000000000001
-0.55546904293395 -0.8339413302757224 0.2700000000000001
-0.5090609780495863 -0.8642140479228505 0.2700000000000001
-0.4610031192005606 -0.8919036517961757 0.2700000000000001
-0.411439276098724 -0.9169202375797787 0.2700000000000001
-0.3605181572425725 -0.9391819090561848 0.2700000000000001
-0.3083929238827865 -0.9586150449993082 0.2700000000000001
-0.25522072944964097 -0.9751545412185666 0.2700000000000001
-0.2011622458269529 -0.9887440269624167 0.2700000000000001
-0.14638117790031954 -0.9993360549667539 0.2700000000000001
-0.09104376784622296 -1.006892264513122 0.2700000000000001
-0.03531829066293167 -1.0113835169433247 0.2700000000000001
0.020625457526015297 -1.0127900031604984 0.2700000000000001
0.07661667683979685 -1.011101322731815 0.2700000000000001
0.13248408510335202 -1.0063165342944176 0.2700000000000001
0.1880564418134295 -0.998444177053716 0.2700000000000001
0.24316307300477755 -0.9875022632515194 0.2700000000000001
0.297634395407746 -0.97351824157037 0.2700000000000001
0.35130243828761654 -0.9565289315296089 0.2700000000000001
0.40400136135993964 -0.9365804290178797 0.2700000000000001
0.45556796718511505 -0.9137279831956673 0.2700000000000001
0.5058422064592815 -0.8880358450898285 0.2700000000000001
0.5546676746373391 -0.8595770882895883 0.2700000000000001
0.6018920983474916 -0.8284334022399469 0.2700000000000001
0.6473678100850596 -0.7946948587135028 0.2700000000000001
0.6909522097063913 -0.758459652125184 0.2700000000000001
0.7325082112813438 -0.7198338144359474 0.2700000000000001
0.7719046739049805 -0.6789309054709807 0.2700000000000001
0.8090168151156828 -0.6358716795549845 0.2700000000000001
0.8437266056176613 -0.5907837294415779 0.2700000000000001
0.875923144060743 -0.5438011085854302 0.2700000000000001
0.9055030106891286 -0.49506393287425404 0.2700000000000001
0.932370598733406 -0.4447179630029689 0.2700000000000001
0.9564384224862753 -0.39291416873404433 0.2700000000000001
0.9776274010719707 -0.3398082763460361 0.2700000000000001
0.9958671169920984 -0.2855603006264109 0.2700000000000001
1.0110960486062748 -0.23033406281481106 0.2700000000000001
1.023261775784361 -0.17429669594870764 0.2700000000000001
1.032321158047974 -0.11761813910485629 0.2700000000000001
1.038240484602119 -0.06047062206689535 0.2700000000000001
1.0409955957429111 -0.0030281419817214566 0.2700000000000001
1.0405719752142661 0.0545340664051466 0.2700000000000001
1.0369648131747693 0.11204006532225727 0.2700000000000001
1.0301790395255328 0.1693137517222121 0.2700000000000001
1.0202293274403305 0.226179396565317 0.2700000000000001
1.00714006703048 0.28246218398546813 0.2700000000000001
0.9909453091684712 0.3379887486840398 0.2700000000000001
0.9716886795859933 0.3925877098998757 0.2700000000000001
0.9494232634534563 0.4460902003108663 0.2700000000000001
0.9242114607391171 0.49833038823502196 0.2700000000000001
0.8961248127361507 0.5491459915164624 0.2700000000000001
0.8652438002352567 0.5983787815042001 0.2700000000000001
0.8316576139082908 0.6458750755590187 0.2700000000000001
0.7954638975548025 0.6914862165559937 0.2700000000000001
0.7567684649478508 0.7350690378872405 0.2700000000000001
0.7156849910978939 0.7764863125111785 0.2700000000000001
0.6723346788335972 0.8156071846408194 0.2700000000000001
0.6268459016758596 0.8523075827142327 0.2700000000000001
0.5793538240559293 0.8864706123452549 0.2700000000000001
0.5300000000000005 0.9179869280115047 0.2700000000000001
0.7200817765318392 0.6042203531053468 0.3
0.6863341187105633 0.6437596426414091 0.3
0.6504149109864252 0.6814135627990688 0.3
0.6124295095753632 0.7170628255608292 0.3
0.5724898246164799 0.7505940318911362 0.3
0.530713990910401 0.7819000318787275 0.3
0.4872260188649113 0.8108802664641981 0.3
0.44215542667806573 0.8374410896649014 0.3
0.3956368548487634 0.8614960702669389 0.3
0.34780966416135833 0.8829662720149412 0.3
0.298817518344033 0.9017805113943822 0.3
0.24880795265025948 0.917875592168125 0.3
0.19793192965850678 0.931196515898583 0.3
0.14634338362733337 0.9416966677590524 0.3
0.09419875478091831 0.9493379770122569 0.3
0.04165651493389588 0.9540910516106742 0.3
-0.01112331410613536 0.9559352864515966 0.3
-0.06397964789488085 0.954858944899846 0.3
-0.11675083098213117 0.9508592132723865 0.3
-0.16927513131660052 0.9439422280615205 0.3
-0.2213912359127425 0.9341230757566308 0.3
-0.27293874626046943 0.9214257652083336 0.3
-0.3237586719563732 0.9058831725631321 0.3
-0.373693921037365 0.8875369588809919 0.3
-0.4225897855046707 0.8664374606323969 0.3
-0.4702944205377888 0.8426435533551688 0.3
-0.5166593159143195 0.8162224888343541 0.3
-0.5615397581724787 0.7872497062505607 0.3
-0.6047952820785533 0.7558086178230062 0.3
-0.6462901099914711 0.7219903695529547 0.3
-0.6858935777509511 0.6858935777509512 0.3
-0.7234805457543023 0.6476240421070366 0.3
-0.7589317939297126 0.6072944361367296 0.3
-0.7921343993606985 0.5650239759067445 0.3
-0.8229820953671435 0.5209380680129894 0.3
-0.8513756109028908 0.47516793784906136 0.3
-0.8772229891879868 0.4278502392661398 0.3
-0.9004398845552742 0.3791266467845335 0.3
-0.9209498365558659 0.32914343157311177 0.3
-0.938684520435961 0.2780510224651402 0.3
-0.9535839731682273 0.22600355332759153 0.3
-0.9655967942944229 0.17315839814555295 0.3
-0.9746803209117781 0.11967569522385532 0.3
-0.9808007762137393 0.06571786194427194 0.3
-0.983933391075702 0.01144910154857509 0.3
-0.98406249825813 -0.04296509655485579 0.3
-0.9811815988826891 -0.09735846144023637 0.3
-0.9752934009214951 -0.15156444873051192 0.3
-0.9664098295249999 -0.2054167505279464 0.3
-0.9545520091001848 -0.2587498056478508 0.3
-0.9397502171373037 -0.31139930859009735 0.3
-0.9220438098701864 -0.36320271568377827 0.3
-0.9014811199417758 -0.41399974684596325 0.3
-0.8781193263328906 -0.46363288140582787 0.3
-0.8520242968978996 -0.5119478464605939 0.3
-0.8232704039358031 -0.5587940962495753 0.3
-0.7919403133088684 -0.6040252810572182 0.3
-0.7581247477032312 -0.6474997041851926 0.3
-0.7219222247064447 -0.6890807655673589 0.3
-0.6834387704556514 -0.728637390639588 0.3
-0.6427876096865395 -0.7660444431189779 0.3
-0.6000888330873877 -0.8011831203937194 0.3
-0.55546904293395 -0.8339413302757224 0.3
-0.5090609780495863 -0.8642140479228505 0.3
-0.4610031192005606 -0.8919036517961757 0.3
-0.411439276098724 -0.9169202375797787 0.3
-0.3605181572425725 -0.9391819090561848 0.3
-0.3083929238827865 -0.9586150449993082 0.3
-0.25522072944964097 -0.9751545412185666 0.3
-0.2011622458269529 -0.9887440269624167 0.3
-0.14638117790031954 -0.9993360549667539 0.3
-0.09104376784622296 -1.006892264513122 0.3
-0.03531829066293167 -1.0113835169433247 0.3
0.020625457526015297 -1.0127900031604984 0.3
0.07661667683979685 -1.011101322731815 0.3
0.13248408510335202 -1.0063165342944176 0.3
0.1880564418134295 -0.998444177053716 0.3
0.24316307300477755 -0.9875022632515194 0.3
0.297634395407746 -0.97351824157037 0.3
0.35130243828761654 -0.9565289315296089 0.3
0.40400136135993964 -0.9365804290178797 0.3
0.45556796718511505 -0.9137279831956673 0.3
0.5058422064592815 -0.8880358450898285 0.3
0.5546676746373391 -0.8595770882895883 0.3
0.6018920983474916 -0.8284334022399469 0.3
0.6473678100850596 -0.7946948587135028 0.3
0.6909522097063913 -0.758459652125184 0.3
0.7325082112813438 -0.7198338144359474 0.3
0.7719046739049805 -0.6789309054709807 0.3
0.8090168151156828 -0.6358716795549845 0.3
0.8437266056176613 -0.5907837294415779 0.3
0.875923144060743 -0.5438011085854302 0.3
0.9055030106891286 -0.49506393287425404 0.3
0.932370598733406 -0.4447179630029689 0.3
0.9564384224862753 -0.39291416873404433 0.3
0.9776274010719707 -0.3398082763460361 0.3
0.9958671169920984 -0.2855603006264109 0.3
1.0110960486062748 -0.23033406281481106 0.3
1.023261775784361 -0.17429669594870764 0.3
1.032321158047974 -0.11761813910485629 0.3
1.038240484602119 -0.06047062206689535 0.3
1.0409955957429111 -0.0030281419817214566 0.3
1.0405719752142661 0.0545340664051466 0.3
1.0369648131747693 0.11204006532225727 0.3
1.0301790395255328 0.1693137517222121 0.3
1.0202293274403305 0.226179396565317 0.3
1.00714006703048 0.28246218398546813 0.3
0.9909453091684712 0.3379887486840398 0.3
0.9716886795859933 0.3925877098998757 0.3
0.9494232634534563 0.4460902003108663 0.3
0.9242114607391171 0.49833038823502196 0.3
0.8961248127361507 0.5491459915164624 0.3
0.8652438002352567 0.5983787815042001 0.3
0.8316576139082908 0.6458750755590187 0.3
0.7954638975548025 0.6914862165559937 0.3
0.7567684649478508 0.7350690378872405 0.3
0.7156849910978939 0.7764863125111785 0.3
0.6723346788335972 0.8156071846408194 0.3
0.6268459016758596 0.8523075827142327 0.3
0.5793538240559293 0.8864706123452549 0.3
0.5300000000000005 0.9179869280115047 0.3
0.7200817765318392 0.6042203531053468 0.3299999999999999
0.6863341187105633 0.6437596426414091 0.3299999999999999
0.6504149109864252 0.6814135627990688 0.3299999999999999
0.6124295095753632 0.7170628255608292 0.3299999999999999
0.5724898246164799 0.7505940318911362 0.3299999999999999
0.530713990910401 0.7819000318787275 0.3299999999999999
0.4872260188649113 0.8108802664641981 0.3299999999999999
0.44215542667806573 0.8374410896649014 0.3299999999999999
0.3956368548487634 0.8614960702669389 0.3299999999999999
0.34780966416135833 0.8829662720149412 0.3299999999999999
0.298817518344033 0.9017805113943822 0.3299999999999999
0.24880795265025948 0.917875592168125 0.3299999999999999
0.19793192965850678 0.931196515898583 0.3299999999999999
0.14634338362733337 0.9416966677590524 0.3299999999999999
0.09419875478091831 0.9493379770122569 0.3299999999999999
0.04165651493389588 0.9540910516106742 0.3299999999999999
-0.01112331410613536 0.9559352864515966 0.3299999999999999
-0.06397964789488085 0.954858944899846 0.3299999999999999
-0.11675083098213117 0.9508592132723865 0.3299999999999999
-0.16927513131660052 0.9439422280615205 0.3299999999999999
-0.2213912359127425 0.9341230757566308 0.3299999999999999
-0.27293874626046943 0.9214257652083336 0.3299999999999999
-0.3237586719563732 0.9058831725631321 0.3299999999999999
-0.373693921037365 0.8875369588809919 0.3299999999999999
-0.4225897855046707 0.8664374606323969 0.3299999999999999
-0.4702944205377888 0.8426435533551688 0.3299999999999999
-0.5166593159143195 0.8162224888343541 0.3299999999999999
-0.5615397581724787 0.7872497062505607 0.3299999999999999
-0.6047952820785533 0.7558086178230062 0.3299999999999999
-0.6462901099914711 0.7219903695529547 0.3299999999999999
-0.6858935777509511 0.6858935777509512 0.3299999999999999
-0.7234805457543023 0.6476240421070366 0.3299999999999999
-0.7589317939297126 0.6072944361367296 0.3299999999999999
-0.7921343993606985 0.5650239759067445 0.3299999999999999
-0.8229820953671435 0.5209380680129894 0.3299999999999999
-0.8513756109028908 0.47516793784906136 0.3299999999999999
-0.8772229891879868 0.4278502392661398 0.3299999999999999
-0.9004398845552742 0.3791266467845335 0.3299999999999999
-0.9209498365558659 0.32914343157311177 0.3299999999999999
-0.938684520435961 0.2780510224651402 0.3299999999999999
-0.9535839731682273 0.22600355332759153 0.3299999999999999
-0.9655967942944229 0.17315839814555295 0.3299999999999999
-0.9746803209117781 0.11967569522385532 0.3299999999999999
-0.9808007762137393 0.06571786194427194 0.3299999999999999
-0.983933391075702 0.01144910154857509 0.3299999999999999
-0.98406249825813 -0.04296509655485579 0.3299999999999999
-0.9811815988826891 -0.09735846144023637 0.3299999999999999
-0.9752934009214951 -0.15156444873051192 0.3299999999999999
-0.9664098295249999 -0.2054167505279464 0.3299999999999999
-0.9545520091001848 -0.2587498056478508 0.3299999999999999
-0.9397502171373037 -0.31139930859009735 0.3299999999999999
-0.9220438098701864 -0.36320271568377827 0.3299999999999999
-0.9014811199417758 -0.41399974684596325 0.3299999999999999
-0.8781193263328906 -0.46363288140582787 0.3299999999999999
-0.8520242968978996 -0.5119478464605939 0.3299999999999999
-0.8232704039358031 -0.5587940962495753 0.3299999999999999
-0.7919403133088684 -0.6040252810572182 0.3299999999999999
-0.7581247477032312 -0.6474997041851926 0.3299999999999999
-0.7219222247064447 -0.6890807655673589 0.3299999999999999
-0.6834387704556514 -0.728637390639588 0.3299999999999999
-0.6427876096865395 -0.7660444431189779 0.3299999999999999
-0.6000888330873877 -0.8011831203937194 0.3299999999999999
-0.55546904293395 -0.8339413302757224 0.3299999999999999
-0.5090609780495863 -0.8642140479228505 0.3299999999999999
-0.4610031192005606 -0.8919036517961757 0.3299999999999999
-0.411439276098724 -0.9169202375797787 0.3299999999999999
-0.3605181572425725 -0.9391819090561848 0.3299999999999999
-0.3083929238827865 -0.9586150449993082 0.3299999999999999
-0.25522072944964097 -0.9751545412185666 0.3299999999999999
-0.2011622458269529 -0.9887440269624167 0.3299999999999999
-0.14638117790031954 -0.9993360549667539 0.3299999999999999
-0.09104376784622296 -1.006892264513122 0.3299999999999999
-0.03531829066293167 -1.0113835169433247 0.3299999999999999
0.020625457526015297 -1.0127900031604984 0.3299999999999999
0.07661667683979685 -1.011101322731815 0.3299999999999999
0.13248408510335202 -1.0063165342944176 0.3299999999999999
0.1880564418134295 -0.998444177053716 0.3299999999999999
0.24316307300477755 -0.9875022632515194 0.3299999999999999
0.297634395407746 -0.97351824157037 0.3299999999999999
0.35130243828761654 -0.9565289315296089 0.3299999999999999
0.40400136135993964 -0.9365804290178797 0.3299999999999999
0.45556796718511505 -0.9137279831956673 0.3299999999999999
0.5058422064592815 -0.8880358450898285 0.3299999999999999
0.5546676746373391 -0.8595770882895883 0.3299999999999999
0.6018920983474916 -0.8284334022399469 0.3299999999999999
0.6473678100850596 -0.7946948587135028 0.3299999999999999
0.6909522097063913 -0.758459652125184 0.3299999999999999
0.7325082112813438 -0.7198338144359474 0.3299999999999999
0.7719046739049805 -0.6789309054709807 0.3299999999999999
0.8090168151156828 -0.6358716795549845 0.3299999999999999
0.8437266056176613 -0.5907837294415779 0.3299999999999999
0.875923144060743 -0.5438011085854302 0.3299999999999999
0.9055030106891286 -0.49506393287425404 0.3299999999999999
0.932370598733406 -0.4447179630029689 0.3299999999999999
0.9564384224862753 -0.39291416873404433 0.3299999999999999
0.9776274010719707 -0.3398082763460361 0.3299999999999999
0.9958671169920984 -0.2855603006264109 0.3299999999999999
1.0110960486062748 -0.23033406281481106 0.3299999999999999
1.023261775784361 -0.17429669594870764 0.3299999999999999
1.032321158047974 -0.11761813910485629 0.3299999999999999
1.038240484602119 -0.06047062206689535 0.3299999999999999
1.0409955957429111 -0.0030281419817214566 0.3299999999999999
1.0405719752142661 0.0545340664051466 0.3299999999999999
1.0369648131747693 0.11204006532225727 0.3299999999999999
1.0301790395255328 0.1693137517222121 0.3299999999999999
1.0202293274403305 0.226179396565317 0.3299999999999999
1.00714006703048 0.28246218398546813 0.3299999999999999
0.9909453091684712 0.3379887486840398 0.3299999999999999
0.9716886795859933 0.3925877098998757 0.3299999999999999
0.9494232634534563 0.4460902003108663 0.3299999999999999
0.9242114607391171 0.49833038823502196 0.3299999999999999
0.8961248127361507 0.5491459915164624 0.3299999999999999
0.8652438002352567 0.5983787815042001 0.3299999999999999
0.8316576139082908 0.6458750755590187 0.3299999999999999
0.7954638975548025 0.6914862165559937 0.3299999999999999
0.7567684649478508 0.7350690378872405 0.3299999999999999
0.7156849910978939 0.7764863125111785 0.3299999999999999
0.6723346788335972 0.8156071846408194 0.3299999999999999
0.6268459016758596 0.8523075827142327 0.3299999999999999
0.5793538240559293 0.8864706123452549 0.3299999999999999
0.5300000000000005 0.9179869280115047 0.3299999999999999
0.7200817765318392 0.6042203531053468 0.36000000000000004
0.6863341187105633 0.6437596426414091 0.36000000000000004
0.6504149109864252 0.6814135627990688 0.36000000000000004
0.6124295095753632 0.7170628255608292 0.36000000000000004
0.5724898246164799 0.7505940318911362 0.36000000000000004
0.530713990910401 0.7819000318787275 0.36000000000000004
0.4872260188649113 0.8108802664641981 0.36000000000000004
0.44215542667806573 0.8374410896649014 0.36000000000000004
0.3956368548487634 0.8614960702669389 0.36000000000000004
0.34780966416135833 0.8829662720149412 0.36000000000000004
0.298817518344033 0.9017805113943822 0.36000000000000004
0.24880795265025948 0.917875592168125 0.36000000000000004
0.19793192965850678 0.931196515898583 0.36000000000000004
0.14634338362733337 0.9416966677590524 0.36000000000000004
0.09419875478091831 0.9493379770122569 0.36000000000000004
0.04165651493389588 0.9540910516106742 0.36000000000000004
-0.01112331410613536 0.9559352864515966 0.36000000000000004
-0.06397964789488085 0.954858944899846 0.36000000000000004
-0.11675083098213117 0.9508592132723865 0.36000000000000004
-0.16927513131660052 0.9439422280615205 0.36000000000000004
-0.2213912359127425 0.9341230757566308 0.36000000000000004
-0.27293874626046943 0.9214257652083336 0.36000000000000004
-0.3237586719563732 0.9058831725631321 0.36000000000000004
-0.373693921037365 0.8875369588809919 0.36000000000000004
-0.4225897855046707 0.8664374606323969 0.36000000000000004
-0.4702944205377888 0.8426435533551688 0.36000000000000004
-0.5166593159143195 0.8162224888343541 0.36000000000000004
-0.5615397581724787 0.7872497062505607 0.36000000000000004
-0.6047952820785533 0.7558086178230062 0.36000000000000004
-0.6462901099914711 0.7219903695529547 0.36000000000000004
-0.6858935777509511 0.6858935777509512 0.36000000000000004
-0.7234805457543023 0.6476240421070366 0.36000000000000004
-0.7589317939297126 0.6072944361367296 0.36000000000000004
-0.7921343993606985 0.5650239759067445 0.36000000000000004
-0.8229820953671435 0.5209380680129894 0.36000000000000004
-0.8513756109028908 0.47516793784906136 0.36000000000000004
-0.8772229891879868 0.4278502392661398 0.36000000000000004
-0.9004398845552742 0.3791266467845335 0.36000000000000004
-0.9209498365558659 0.32914343157311177 0.36000000000000004
-0.938684520435961 0.2780510224651402 0.36000000000000004
-0.9535839731682273 0.22600355332759153 0.36000000000000004
-0.9655967942944229 0.17315839814555295 0.36000000000000004
-0.9746803209117781 0.11967569522385532 0.36000000000000004
-0.9808007762137393 0.06571786194427194 0.36000000000000004
-0.983933391075702 0.01144910154857509 0.36000000000000004
-0.98406249825813 -0.04296509655485579 0.36000000000000004
-0.9811815988826891 -0.09735846144023637 0.36000000000000004
-0.9752934009214951 -0.15156444873051192 0.36000000000000004
-0.9664098295249999 -0.2054167505279464 0.36000000000000004
-0.9545520091001848 -0.2587498056478508 0.36000000000000004
-0.9397502171373037 -0.31139930859009735 0.36000000000000004
-0.9220438098701864 -0.36320271568377827 0.36000000000000004
-0.9014811199417758 -0.41399974684596325 0.36000000000000004
-0.8781193263328906 -0.46363288140582787 0.36000000000000004
-0.8520242968978996 -0.5119478464605939 0.36000000000000004
-0.8232704039358031 -0.5587940962495753 0.36000000000000004
-0.7919403133088684 -0.6040252810572182 0.36000000000000004
-0.7581247477032312 -0.6474997041851926 0.36000000000000004
-0.7219222247064447 -0.6890807655673589 0.36000000000000004
-0.6834387704556514 -0.728637390639588 0.36000000000000004
-0.6427876096865395 -0.7660444431189779 0.36000000000000004
-0.6000888330873877 -0.8011831203937194 0.36000000000000004
-0.55546904293395 -0.8339413302757224 0.36000000000000004
-0.5090609780495863 -0.8642140479228505 0.36000000000000004
-0.4610031192005606 -0.8919036517961757 0.36000000000000004
-0.411439276098724 -0.9169202375797787 0.36000000000000004
-0.3605181572425725 -0.9391819090561848 0.36000000000000004
-0.3083929238827865 -0.9586150449993082 0.36000000000000004
-0.25522072944964097 -0.9751545412185666 0.36000000000000004
-0.2011622458269529 -0.9887440269624167 0.36000000000000004
-0.14638117790031954 -0.9993360549667539 0.36000000000000004
-0.09104376784622296 -1.006892264513122 0.36000000000000004
-0.03531829066293167 -1.0113835169433247 0.36000000000000004
0.020625457526015297 -1.0127900031604984 0.36000000000000004
0.07661667683979685 -1.011101322731815 0.36000000000000004
0.13248408510335202 -1.0063165342944176 0.36000000000000004
0.1880564418134295 -0.998444177053716 0.36000000000000004
0.24316307300477755 -0.9875022632515194 0.36000000000000004
0.297634395407746 -0.97351824157037 0.36000000000000004
0.35130243828761654 -0.9565289315296089 0.36000000000000004
0.40400136135993964 -0.9365804290178797 0.36000000000000004
0.45556796718511505 -0.9137279831956673 0.36000000000000004
0.5058422064592815 -0.8880358450898285 0.36000000000000004
0.5546676746373391 -0.8595770882895883 0.36000000000000004
0.6018920983474916 -0.8284334022399469 0.36000000000000004
0.6473678100850596 -0.7946948587135028 0.36000000000000004
0.6909522097063913 -0.758459652125184 0.36000000000000004
0.7325082112813438 -0.7198338144359474 0.36000000000000004
0.7719046739049805 -0.6789309054709807 0.36000000000000004
0.8090168151156828 -0.6358716795549845 0.36000000000000004
0.8437266056176613 -0.5907837294415779 0.36000000000000004
0.875923144060743 -0.5438011085854302 0.36000000000000004
0.9055030106891286 -0.49506393287425404 0.36000000000000004
0.932370598733406 -0.4447179630029689 0.36000000000000004
0.9564384224862753 -0.39291416873404433 0.36000000000000004
0.9776274010719707 -0.3398082763460361 0.36000000000000004
0.9958671169920984 -0.2855603006264109 0.36000000000000004
1.0110960486062748 -0.23033406281481106 0.36000000000000004
1.023261775784361 -0.17429669594870764 0.36000000000000004
1.032321158047974 -0.11761813910485629 0.36000000000000004
1.038240484602119 -0.06047062206689535 0.36000000000000004
1.0409955957429111 -0.0030281419817214566 0.36000000000000004
1.0405719752142661 0.0545340664051466 0.36000000000000004
1.0369648131747693 0.11204006532225727 0.36000000000000004
1.0301790395255328 0.1693137517222121 0.36000000000000004
1.0202293274403305 0.226179396565317 0.36000000000000004
1.00714006703048 0.28246218398546813 0.36000000000000004
0.9909453091684712 0.3379887486840398 0.36000000000000004
0.9716886795859933 0.3925877098998757 0.36000000000000004
0.9494232634534563 0.4460902003108663 0.36000000000000004
0.9242114607391171 0.49833038823502196 0.36000000000000004
0.8961248127361507 0.5491459915164624 0.36000000000000004
0.8652438002352567 0.5983787815042001 0.36000000000000004
0.8316576139082908 0.6458750755590187 0.36000000000000004
0.7954638975548025 0.6914862165559937 0.36000000000000004
0.7567684649478508 0.7350690378872405 0.36000000000000004
0.7156849910978939 0.7764863125111785 0.36000000000000004
0.6723346788335972 0.8156071846408194 0.36000000000000004
0.6268459016758596 0.8523075827142327 0.36000000000000004
0.5793538240559293 0.8864706123452549 0.36000000000000004
0.5300000000000005 0.9179869280115047 0.36000000000000004
0.7200817765318392 0.6042203531053468 0.38999999999999996
0.6863341187105633 0.6437596426414091 0.38999999999999996
0.6504149109864252 0.6814135627990688 0.38999999999999996
0.6124295095753632 0.7170628255608292 0.38999999999999996
0.5724898246164799 0.7505940318911362 0.38999999999999996
0.530713990910401 0.7819000318787275 0.38999999999999996
0.4872260188649113 0.8108802664641981 0.38999999999999996
0.44215542667806573 0.8374410896649014 0.38999999999999996
0.3956368548487634 0.8614960702669389 0.38999999999999996
0.34780966416135833 0.8829662720149412 0.38999999999999996
0.298817518344033 0.9017805113943822 0.38999999999999996
0.24880795265025948 0.917875592168125 0.38999999999999996
0.19793192965850678 0.931196515898583 0.38999999999999996
0.14634338362733337 0.9416966677590524 0.38999999999999996
0.09419875478091831 0.9493379770122569 0.38999999999999996
0.04165651493389588 0.9540910516106742 0.38999999999999996
-0.01112331410613536 0.9559352864515966 0.38999999999999996
-0.06397964789488085 0.954858944899846 0.38999999999999996
-0.11675083098213117 0.9508592132723865 0.38999999999999996
-0.16927513131660052 0.9439422280615205 0.38999999999999996
-0.2213912359127425 0.9341230757566308 0.38999999999999996
-0.27293874626046943 0.9214257652083336 0.38999999999999996
-0.3237586719563732 0.9058831725631321 0.38999999999999996
-0.373693921037365 0.8875369588809919 0.38999999999999996
-0.4225897855046707 0.8664374606323969 0.38999999999999996
-0.4702944205377888 0.8426435533551688 0.38999999999999996
-0.5166593159143195 0.8162224888343541 0.38999999999999996
-0.5615397581724787 0.7872497062505607 0.38999999999999996
-0.6047952820785533 0.7558086178230062 0.38999999999999996
-0.6462901099914711 0.7219903695529547 0.38999999999999996
-0.6858935777509511 0.6858935777509512 0.38999999999999996
-0.7234805457543023 0.6476240421070366 0.38999999999999996
-0.7589317939297126 0.6072944361367296 0.38999999999999996
-0.7921343993606985 0.5650239759067445 0.38999999999999996
-0.8229820953671435 0.5209380680129894 0.38999999999999996
-0.8513756109028908 0.47516793784906136 0.38999999999999996
-0.8772229891879868 0.4278502392661398 0.38999999999999996
-0.9004398845552742 0.3791266467845335 0.38999999999999996
-0.9209498365558659 0.32914343157311177 0.38999999999999996
-0.938684520435961 0.2780510224651402 0.38999999999999996
-0.9535839731682273 0.22600355332759153 0.38999999999999996
-0.9655967942944229 0.17315839814555295 0.38999999999999996
-0.9746803209117781 0.11967569522385532 0.38999999999999996
-0.9808007762137393 0.06571786194427194 0.38999999999999996
-0.983933391075702 0.01144910154857509 0.38999999999999996
-0.98406249825813 -0.04296509655485579 0.38999999999999996
-0.9811815988826891 -0.09735846144023637 0.38999999999999996
-0.9752934009214951 -0.15156444873051192 0.38999999999999996
-0.9664098295249999 -0.2054167505279464 0.38999999999999996
-0.9545520091001848 -0.2587498056478508 0.38999999999999996
-0.9397502171373037 -0.31139930859009735 0.38999999999999996
-0.9220438098701864 -0.36320271568377827 0.38999999999999996
-0.9014811199417758 -0.41399974684596325 0.38999999999999996
-0.8781193263328906 -0.46363288140582787 0.38999999999999996
-0.8520242968978996 -0.5119478464605939 0.38999999999999996
-0.8232704039358031 -0.5587940962495753 0.38999999999999996
-0.7919403133088684 -0.6040252810572182 0.38999999999999996
-0.7581247477032312 -0.6474997041851926 0.38999999999999996
-0.7219222247064447 -0.6890807655673589 0.38999999999999996
-0.6834387704556514 -0.728637390639588 0.38999999999999996
-0.6427876096865395 -0.7660444431189779 0.38999999999999996
-0.6000888330873877 -0.8011831203937194 0.38999999999999996
-0.55546904293395 -0.8339413302757224 0.38999999999999996
-0.5090609780495863 -0.8642140479228505 0.38999999999999996
-0.4610031192005606 -0.8919036517961757 0.38999999999999996
-0.411439276098724 -0.9169202375797787 0.38999999999999996
-0.3605181572425725 -0.9391819090561848 0.38999999999999996
-0.3083929238827865 -0.9586150449993082 0.38999999999999996
-0.25522072944964097 -0.9751545412185666 0.38999999999999996
-0.2011622458269529 -0.9887440269624167 0.38999999999999996
-0.14638117790031954 -0.9993360549667539 0.38999999999999996
-0.09104376784622296 -1.006892264513122 0.38999999999999996
-0.03531829066293167 -1.0113835169433247 0.38999999999999996
0.020625457526015297 -1.0127900031604984 0.38999999999999996
0.07661667683979685 -1.011101322731815 0.38999999999999996
0.13248408510335202 -1.0063165342944176 0.38999999999999996
0.1880564418134295 -0.998444177053716 0.38999999999999996
0.24316307300477755 -0.9875022632515194 0.38999999999999996
0.297634395407746 -0.97351824157037 0.38999999999999996
0.35130243828761654 -0.9565289315296089 0.38999999999999996
0.40400136135993964 -0.9365804290178797 0.38999999999999996
0.45556796718511505 -0.9137279831956673 0.38999999999999996
0.5058422064592815 -0.8880358450898285 0.38999999999999996
0.5546676746373391 -0.8595770882895883 0.38999999999999996
0.6018920983474916 -0.8284334022399469 0.38999999999999996
0.6473678100850596 -0.7946948587135028 0.38999999999999996
0.6909522097063913 -0.758459652125184 0.38999999999999996
0.7325082112813438 -0.7198338144359474 0.38999999999999996
0.7719046739049805 -0.6789309054709807 0.38999999999999996
0.8090168151156828 -0.6358716795549845 0.38999999999999996
0.8437266056176613 -0.5907837294415779 0.38999999999999996
0.875923144060743 -0.5438011085854302 0.38999999999999996
0.9055030106891286 -0.49506393287425404 0.38999999999999996
0.932370598733406 -0.4447179630029689 0.38999999999999996
0.9564384224862753 -0.39291416873404433 0.38999999999999996
0.9776274010719707 -0.3398082763460361 0.38999999999999996
0.9958671169920984 -0.2855603006264109 0.38999999999999996
1.0110960486062748 -0.23033406281481106 0.38999999999999996
1.023261775784361 -0.17429669594870764 0.38999999999999996
1.032321158047974 -0.11761813910485629 0.38999999999999996
1.038240484602119 -0.06047062206689535 0.38999999999999996
1.0409955957429111 -0.0030281419817214566 0.38999999999999996
1.0405719752142661 0.0545340664051466 0.38999999999999996
1.0369648131747693 0.11204006532225727 0.38999999999999996
1.0301790395255328 0.1693137517222121 0.38999999999999996
1.0202293274403305 0.226179396565317 0.38999999999999996
1.00714006703048 0.28246218398546813 0.38999999999999996
0.9909453091684712 0.3379887486840398 0.38999999999999996
0.9716886795859933 0.3925877098998757 0.38999999999999996
0.9494232634534563 0.4460902003108663 0.38999999999999996
0.9242114607391171 0.49833038823502196 0.38999999999999996
0.8961248127361507 0.5491459915164624 0.38999999999999996
0.8652438002352567 0.5983787815042001 0.38999999999999996
0.8316576139082908 0.6458750755590187 0.38999999999999996
0.7954638975548025 0.6914862165559937 0.38999999999999996
0.7567684649478508 0.7350690378872405 0.38999999999999996
0.7156849910978939 0.7764863125111785 0.38999999999999996
0.6723346788335972 0.8156071846408194 0.38999999999999996
0.6268459016758596 0.8523075827142327 0.38999999999999996
0.5793538240559293 0.8864706123452549 0.38999999999999996
0.5300000000000005 0.9179869280115047 0.38999999999999996
0.7200817765318392 0.6042203531053468 0.4200000000000001
0.6863341187105633 0.6437596426414091 0.4200000000000001
0.6504149109864252 0.6814135627990688 0.4200000000000001
0.6124295095753632 0.7170628255608292 0.4200000000000001
0.5724898246164799 0.7505940318911362 0.4200000000000001
0.530713990910401 0.7819000318787275 0.4200000000000001
0.4872260188649113 0.8108802664641981 0.4200000000000001
0.44215542667806573 0.8374410896649014 0.4200000000000001
0.3956368548487634 0.8614960702669389 0.4200000000000001
0.34780966416135833 0.8829662720149412 0.4200000000000001
0.298817518344033 0.9017805113943822 0.4200000000000001
0.24880795265025948 0.917875592168125 0.4200000000000001
0.19793192965850678 0.931196515898583 0.4200000000000001
0.14634338362733337 0.9416966677590524 0.4200000000000001
0.09419875478091831 0.9493379770122569 0.4200000000000001
0.04165651493389588 0.9540910516106742 0.4200000000000001
-0.01112331410613536 0.9559352864515966 0.4200000000000001
-0.06397964789488085 0.954858944899846 0.4200000000000001
-0.11675083098213117 0.9508592132723865 0.4200000000000001
-0.16927513131660052 0.9439422280615205 0.4200000000000001
-0.2213912359127425 0.9341230757566308 0.4200000000000001
-0.27293874626046943 0.9214257652083336 0.4200000000000001
-0.3237586719563732 0.9058831725631321 0.4200000000000001
-0.373693921037365 0.8875369588809919 0.4200000000000001
-0.4225897855046707 0.8664374606323969 0.4200000000000001
-0.4702944205377888 0.8426435533551688 0.4200000000000001
-0.5166593159143195 0.8162224888343541 0.4200000000000001
-0.5615397581724787 0.7872497062505607 0.4200000000000001
-0.6047952820785533 0.7558086178230062 0.4200000000000001
-0.6462901099914711 0.7219903695529547 0.4200000000000001
-0.6858935777509511 0.6858935777509512 0.4200000000000001
-0.7234805457543023 0.6476240421070366 0.4200000000000001
-0.7589317939297126 0.6072944361367296 0.4200000000000001
-0.7921343993606985 0.5650239759067445 0.4200000000000001
-0.8229820953671435 0.5209380680129894 0.4200000000000001
-0.8513756109028908 0.47516793784906136 0.4200000000000001
-0.8772229891879868 0.4278502392661398 0.4200000000000001
-0.9004398845552742 0.3791266467845335 0.4200000000000001
-0.9209498365558659 0.32914343157311177 0.4200000000000001
-0.938684520435961 0.2780510224651402 0.4200000000000001
-0.9535839731682273 0.22600355332759153 0.4200000000000001
-0.9655967942944229 0.17315839814555295 0.4200000000000001
-0.9746803209117781 0.11967569522385532 0.4200000000000001
-0.9808007762137393 0.06571786194427194 0.4200000000000001
-0.983933391075702 0.01144910154857509 0.4200000000000001
-0.98406249825813 -0.04296509655485579 0.4200000000000001
-0.9811815988826891 -0.09735846144023637 0.4200000000000001
-0.9752934009214951 -0.15156444873051192 0.4200000000000001
-0.9664098295249999 -0.2054167505279464 0.4200000000000001
-0.9545520091001848 -0.2587498056478508 0.4200000000000001
-0.9397502171373037 -0.31139930859009735 0.4200000000000001
-0.9220438098701864 -0.36320271568377827 0.4200000000000001
-0.9014811199417758 -0.41399974684596325 0.4200000000000001
-0.8781193263328906 -0.46363288140582787 0.4200000000000001
-0.8520242968978996 -0.5119478464605939 0.4200000000000001
-0.8232704039358031 -0.5587940962495753 0.4200000000000001
-0.7919403133088684 -0.6040252810572182 0.4200000000000001
-0.7581247477032312 -0.6474997041851926 0.4200000000000001
-0.7219222247064447 -0.6890807655673589 0.4200000000000001
-0.6834387704556514 -0.728637390639588 0.4200000000000001
-0.6427876096865395 -0.7660444431189779 0.4200000000000001
-0.6000888330873877 -0.8011831203937194 0.4200000000000001
-0.55546904293395 -0.8339413302757224 0.4200000000000001
-0.5090609780495863 -0.8642140479228505 0.4200000000000001
-0.4610031192005606 -0.8919036517961757 0.4200000000000001
-0.411439276098724 -0.9169202375797787 0.4200000000000001
-0.3605181572425725 -0.9391819090561848 0.4200000000000001
-0.3083929238827865 -0.9586150449993082 0.4200000000000001
-0.25522072944964097 -0.9751545412185666 0.4200000000000001
-0.2011622458269529 -0.9887440269624167 0.4200000000000001
-0.14638117790031954 -0.9993360549667539 0.4200000000000001
-0.09104376784622296 -1.006892264513122 0.4200000000000001
-0.03531829066293167 -1.0113835169433247 0.4200000000000001
0.020625457526015297 -1.0127900031604984 0.4200000000000001
0.07661667683979685 -1.011101322731815 0.4200000000000001
0.13248408510335202 -1.0063165342944176 0.4200000000000001
0.1880564418134295 -0.998444177053716 0.4200000000000001
0.24316307300477755 -0.9875022632515194 0.4200000000000001
0.297634395407746 -0.97351824157037 0.4200000000000001
0.35130243828761654 -0.9565289315296089 0.4200000000000001
0.40400136135993964 -0.9365804290178797 0.4200000000000001
0.45556796718511505 -0.9137279831956673 0.4200000000000001
0.5058422064592815 -0.8880358450898285 0.4200000000000001
0.5546676746373391 -0.8595770882895883 0.4200000000000001
0.6018920983474916 -0.8284334022399469 0.4200000000000001
0.6473678100850596 -0.7946948587135028 0.4200000000000001
0.6909522097063913 -0.758459652125184 0.4200000000000001
0.7325082112813438 -0.7198338144359474 0.4200000000000001
0.7719046739049805 -0.6789309054709807 0.4200000000000001
0.8090168151156828 -0.6358716795549845 0.4200000000000001
0.8437266056176613 -0.5907837294415779 0.4200000000000001
0.875923144060743 -0.5438011085854302 0.4200000000000001
0.9055030106891286 -0.49506393287425404 0.4200000000000001
0.932370598733406 -0.4447179630029689 0.4200000000000001
0.9564384224862753 -0.39291416873404433 0.4200000000000001
0.9776274010719707 -0.3398082763460361 0.4200000000000001
0.9958671169920984 -0.2855603006264109 0.4200000000000001
1.0110960486062748 -0.23033406281481106 0.4200000000000001
1.023261775784361 -0.17429669594870764 0.4200000000000001
1.032321158047974 -0.11761813910485629 0.4200000000000001
1.038240484602119 -0.06047062206689535 0.4200000000000001
1.0409955957429111 -0.0030281419817214566 0.4200000000000001
1.0405719752142661 0.0545340664051466 0.4200000000000001
1.0369648131747693 0.11204006532225727 0.4200000000000001
1.0301790395255328 0.1693137517222121 0.4200000000000001
1.0202293274403305 0.226179396565317 0.4200000000000001
1.00714006703048 0.28246218398546813 0.4200000000000001
0.9909453091684712 0.3379887486840398 0.4200000000000001
0.9716886795859933 0.3925877098998757 0.4200000000000001
0.9494232634534563 0.4460902003108663 0.4200000000000001
0.9242114607391171 0.49833038823502196 0.4200000000000001
0.8961248127361507 0.5491459915164624 0.4200000000000001
0.8652438002352567 0.5983787815042001 0.4200000000000001
0.8316576139082908 0.6458750755590187 0.4200000000000001
0.7954638975548025 0.6914862165559937 0.4200000000000001
0.7567684649478508 0.7350690378872405 0.4200000000000001
0.7156849910978939 0.7764863125111785 0.4200000000000001
0.6723346788335972 0.8156071846408194 0.4200000000000001
0.6268459016758596 0.8523075827142327 0.4200000000000001
0.5793538240559293 0.8864706123452549 0.4200000000000001
0.5300000000000005 0.9179869280115047 0.4200000000000001
0.7200817765318392 0.6042203531053468 0.44999999999999996
0.6863341187105633 0.6437596426414091 0.44999999999999996
0.6504149109864252 0.6814135627990688 0.44999999999999996
0.6124295095753632 0.7170628255608292 0.44999999999999996
0.5724898246164799 0.7505940318911362 0.44999999999999996
0.530713990910401 0.7819000318787275 0.44999999999999996
0.4872260188649113 0.8108802664641981 0.44999999999999996
0.44215542667806573 0.8374410896649014 0.44999999999999996
0.3956368548487634 0.8614960702669389 0.44999999999999996
0.34780966416135833 0.8829662720149412 0.44999999999999996
0.298817518344033 0.9017805113943822 0.44999999999999996
0.24880795265025948 0.917875592168125 0.44999999999999996
0.19793192965850678 0.931196515898583 0.44999999999999996
0.14634338362733337 0.9416966677590524 0.44999999999999996
0.09419875478091831 0.9493379770122569 0.44999999999999996
0.04165651493389588 0.9540910516106742 0.44999999999999996
-0.01112331410613536 0.9559352864515966 0.44999999999999996
-0.06397964789488085 0.954858944899846 0.44999999999999996
-0.11675083098213117 0.9508592132723865 0.44999999999999996
-0.16927513131660052 0.9439422280615205 0.44999999999999996
-0.2213912359127425 0.9341230757566308 0.44999999999999996
-0.27293874626046943 0.9214257652083336 0.44999999999999996
-0.3237586719563732 0.9058831725631321 0.44999999999999996
-0.373693921037365 0.8875369588809919 0.44999999999999996
-0.4225897855046707 0.8664374606323969 0.44999999999999996
-0.4702944205377888 0.8426435533551688 0.44999999999999996
-0.5166593159143195 0.8162224888343541 0.44999999999999996
-0.5615397581724787 0.7872497062505607 0.44999999999999996
-0.6047952820785533 0.7558086178230062 0.44999999999999996
-0.6462901099914711 0.7219903695529547 0.44999999999999996
-0.6858935777509511 0.6858935777509512 0.44999999999999996
-0.7234805457543023 0.6476240421070366 0.44999999999999996
-0.7589317939297126 0.6072944361367296 0.44999999999999996
-0.7921343993606985 0.5650239759067445 0.44999999999999996
-0.8229820953671435 0.5209380680129894 0.44999999999999996
-0.8513756109028908 0.47516793784906136 0.44999999999999996
-0.8772229891879868 0.4278502392661398 0.44999999999999996
-0.9004398845552742 0.3791266467845335 0.44999999999999996
-0.9209498365558659 0.32914343157311177 0.44999999999999996
-0.938684520435961 0.2780510224651402 0.44999999999999996
-0.9535839731682273 0.22600355332759153 0.44999999999999996
-0.9655967942944229 0.17315839814555295 0.44999999999999996
-0.9746803209117781 0.11967569522385532 0.44999999999999996
-0.9808007762137393 0.06571786194427194 0.44999999999999996
-0.983933391075702 0.01144910154857509 0.44999999999999996
-0.98406249825813 -0.04296509655485579 0.44999999999999996
-0.9811815988826891 -0.09735846144023637 0.44999999999999996
-0.9752934009214951 -0.15156444873051192 0.44999999999999996
-0.9664098295249999 -0.2054167505279464 0.44999999999999996
-0.9545520091001848 -0.2587498056478508 0.44999999999999996
-0.9397502171373037 -0.31139930859009735 0.44999999999999996
-0.9220438098701864 -0.36320271568377827 0.44999999999999996
-0.9014811199417758 -0.41399974684596325 0.44999999999999996
-0.8781193263328906 -0.46363288140582787 0.44999999999999996
-0.8520242968978996 -0.5119478464605939 0.44999999999999996
-0.8232704039358031 -0.5587940962495753 0.44999999999999996
-0.7919403133088684 -0.6040252810572182 0.44999999999999996
-0.7581247477032312 -0.6474997041851926 0.44999999999999996
-0.7219222247064447 -0.6890807655673589 0.44999999999999996
-0.6834387704556514 -0.728637390639588 0.44999999999999996
-0.6427876096865395 -0.7660444431189779 0.44999999999999996
-0.6000888330873877 -0.8011831203937194 0.44999999999999996
-0.55546904293395 -0.8339413302757224 0.44999999999999996
-0.5090609780495863 -0.8642140479228505 0.44999999999999996
-0.4610031192005606 -0.8919036517961757 0.44999999999999996
-0.411439276098724 -0.9169202375797787 0.44999999999999996
-0.3605181572425725 -0.9391819090561848 0.44999999999999996
-0.3083929238827865 -0.9586150449993082 0.44999999999999996
-0.25522072944964097 -0.9751545412185666 0.44999999999999996
-0.2011622458269529 -0.9887440269624167 0.44999999999999996
-0.14638117790031954 -0.9993360549667539 0.44999999999999996
-0.09104376784622296 -1.006892264513122 0.44999999999999996
-0.03531829066293167 -1.0113835169433247 0.44999999999999996
0.020625457526015297 -1.0127900031604984 0.44999999999999996
0.07661667683979685 -1.011101322731815 0.44999999999999996
0.13248408510335202 -1.0063165342944176 0.44999999999999996
0.1880564418134295 -0.998444177053716 0.44999999999999996
0.24316307300477755 -0.9875022632515194 0.44999999999999996
0.297634395407746 -0.97351824157037 0.44999999999999996
0.35130243828761654 -0.9565289315296089 0.44999999999999996
0.40400136135993964 -0.9365804290178797 0.44999999999999996
0.45556796718511505 -0.9137279831956673 0.44999999999999996
0.5058422064592815 -0.8880358450898285 0.44999999999999996
0.5546676746373391 -0.8595770882895883 0.44999999999999996
0.6018920983474916 -0.8284334022399469 0.44999999999999996
0.6473678100850596 -0.7946948587135028 0.44999999999999996
0.6909522097063913 -0.758459652125184 0.44999999999999996
0.7325082112813438 -0.7198338144359474 0.44999999999999996
0.7719046739049805 -0.6789309054709807 0.44999999999999996
0.8090168151156828 -0.6358716795549845 0.44999999999999996
0.8437266056176613 -0.5907837294415779 0.44999999999999996
0.875923144060743 -0.5438011085854302 0.44999999999999996
0.9055030106891286 -0.49506393287425404 0.44999999999999996
0.932370598733406 -0.4447179630029689 0.44999999999999996
0.9564384224862753 -0.39291416873404433 0.44999999999999996
0.9776274010719707 -0.3398082763460361 0.44999999999999996
0.9958671169920984 -0.2855603006264109 0.44999999999999996
1.0110960486062748 -0.23033406281481106 0.44999999999999996
1.023261775784361 -0.17429669594870764 0.44999999999999996
1.032321158047974 -0.11761813910485629 0.44999999999999996
1.038240484602119 -0.06047062206689535 0.44999999999999996
1.0409955957429111 -0.0030281419817214566 0.44999999999999996
1.0405719752142661 0.0545340664051466 0.44999999999999996
1.0369648131747693 0.11204006532225727 0.44999999999999996
1.0301790395255328 0.1693137517222121 0.44999999999999996
1.0202293274403305 0.226179396565317 0.44999999999999996
1.00714006703048 0.28246218398546813 0.44999999999999996
0.9909453091684712 0.3379887486840398 0.44999999999999996
0.9716886795859933 0.3925877098998757 0.44999999999999996
0.9494232634534563 0.4460902003108663 0.44999999999999996
0.9242114607391171 0.49833038823502196 0.44999999999999996
0.8961248127361507 0.5491459915164624 0.44999999999999996
0.8652438002352567 0.5983787815042001 0.44999999999999996
0.8316576139082908 0.6458750755590187 0.44999999999999996
0.7954638975548025 0.6914862165559937 0.44999999999999996
0.7567684649478508 0.7350690378872405 0.44999999999999996
0.7156849910978939 0.7764863125111785 0.44999999999999996
0.6723346788335972 0.8156071846408194 0.44999999999999996
0.6268459016758596 0.8523075827142327 0.44999999999999996
0.5793538240559293 0.8864706123452549 0.44999999999999996
0.5300000000000005 0.9179869280115047 0.44999999999999996
0.7200817765318392 0.6042203531053468 0.47999999999999987
0.6863341187105633 0.6437596426414091 0.47999999999999987
0.6504149109864252 0.6814135627990688 0.47999999999999987
0.6124295095753632 0.7170628255608292 0.47999999999999987
0.5724898246164799 0.7505940318911362 0.47999999999999987
0.530713990910401 0.7819000318787275 0.47999999999999987
0.4872260188649113 0.8108802664641981 0.47999999999999987
0.44215542667806573 0.8374410896649014 0.47999999999999987
0.3956368548487634 0.8614960702669389 0.47999999999999987
0.34780966416135833 0.8829662720149412 0.47999999999999987
0.298817518344033 0.9017805113943822 0.47999999999999987
0.24880795265025948 0.917875592168125 0.47999999999999987
0.19793192965850678 0.931196515898583 0.47999999999999987
0.14634338362733337 0.9416966677590524 0.47999999999999987
0.09419875478091831 0.9493379770122569 0.47999999999999987
0.04165651493389588 0.9540910516106742 0.47999999999999987
-0.01112331410613536 0.9559352864515966 0.47999999999999987
-0.06397964789488085 0.954858944899846 0.47999999999999987
-0.11675083098213117 0.9508592132723865 0.47999999999999987
-0.16927513131660052 0.9439422280615205 0.47999999999999987
-0.2213912359127425 0.9341230757566308 0.47999999999999987
-0.27293874626046943 0.9214257652083336 0.47999999999999987
-0.3237586719563732 0.9058831725631321 0.47999999999999987
-0.373693921037365 0.8875369588809919 0.47999999999999987
-0.4225897855046707 0.8664374606323969 0.47999999999999987
-0.4702944205377888 0.8426435533551688 0.47999999999999987
-0.5166593159143195 0.8162224888343541 0.47999999999999987
-0.5615397581724787 0.7872497062505607 0.47999999999999987
-0.6047952820785533 0.7558086178230062 0.47999999999999987
-0.6462901099914711 0.7219903695529547 0.47999999999999987
-0.6858935777509511 0.6858935777509512 0.47999999999999987
-0.7234805457543023 0.6476240421070366 0.47999999999999987
-0.7589317939297126 0.6072944361367296 0.47999999999999987
-0.7921343993606985 0.5650239759067445 0.47999999999999987
-0.8229820953671435 0.5209380680129894 0.47999999999999987
-0.8513756109028908 0.47516793784906136 0.47999999999999987
-0.8772229891879868 0.4278502392661398 0.47999999999999987
-0.9004398845552742 0.3791266467845335 0.47999999999999987
-0.9209498365558659 0.32914343157311177 0.47999999999999987
-0.938684520435961 0.2780510224651402 0.47999999999999987
-0.9535839731682273 0.22600355332759153 0.47999999999999987
-0.9655967942944229 0.17315839814555295 0.47999999999999987
-0.9746803209117781 0.11967569522385532 0.47999999999999987
-0.9808007762137393 0.06571786194427194 0.47999999999999987
-0.983933391075702 0.01144910154857509 0.47999999999999987
-0.98406249825813 -0.04296509655485579 0.47999999999999987
-0.9811815988826891 -0.09735846144023637 0.47999999999999987
-0.9752934009214951 -0.15156444873051192 0.47999999999999987
-0.9664098295249999 -0.2054167505279464 0.47999999999999987
-0.9545520091001848 -0.2587498056478508 0.47999999999999987
-0.9397502171373037 -0.31139930859009735 0.47999999999999987
-0.9220438098701864 -0.36320271568377827 0.47999999999999987
-0.9014811199417758 -0.41399974684596325 0.47999999999999987
-0.8781193263328906 -0.46363288140582787 0.47999999999999987
-0.8520242968978996 -0.5119478464605939 0.47999999999999987
-0.8232704039358031 -0.5587940962495753 0.47999999999999987
-0.7919403133088684 -0.6040252810572182 0.47999999999999987
-0.7581247477032312 -0.6474997041851926 0.47999999999999987
-0.7219222247064447 -0.6890807655673589 0.47999999999999987
-0.6834387704556514 -0.728637390639588 0.47999999999999987
-0.6427876096865395 -0.7660444431189779 0.47999999999999987
-0.6000888330873877 -0.8011831203937194 0.47999999999999987
-0.55546904293395 -0.8339413302757224 0.47999999999999987
-0.5090609780495863 -0.8642140479228505 0.47999999999999987
-0.4610031192005606 -0.8919036517961757 0.47999999999999987
-0.411439276098724 -0.9169202375797787 0.47999999999999987
-0.3605181572425725 -0.9391819090561848 0.47999999999999987
-0.3083929238827865 -0.9586150449993082 0.47999999999999987
-0.25522072944964097 -0.9751545412185666 0.47999999999999987
-0.2011622458269529 -0.9887440269624167 0.47999999999999987
-0.14638117790031954 -0.9993360549667539 0.47999999999999987
-0.09104376784622296 -1.006892264513122 0.47999999999999987
-0.03531829066293167 -1.0113835169433247 0.47999999999999987
0.020625457526015297 -1.0127900031604984 0.47999999999999987
0.07661667683979685 -1.011101322731815 0.47999999999999987
0.13248408510335202 -1.0063165342944176 0.47999999999999987
0.1880564418134295 -0.998444177053716 0.47999999999999987
0.24316307300477755 -0.9875022632515194 0.47999999999999987
0.297634395407746 -0.97351824157037 0.47999999999999987
0.35130243828761654 -0.9565289315296089 0.47999999999999987
0.40400136135993964 -0.9365804290178797 0.47999999999999987
0.45556796718511505 -0.9137279831956673 0.47999999999999987
0.5058422064592815 -0.8880358450898285 0.47999999999999987
0.5546676746373391 -0.8595770882895883 0.47999999999999987
0.6018920983474916 -0.8284334022399469 0.47999999999999987
0.6473678100850596 -0.7946948587135028 0.47999999999999987
0.6909522097063913 -0.758459652125184 0.47999999999999987
0.7325082112813438 -0.7198338144359474 0.47999999999999987
0.7719046739049805 -0.6789309054709807 0.47999999999999987
0.8090168151156828 -0.6358716795549845 0.47999999999999987
0.8437266056176613 -0.5907837294415779 0.47999999999999987
0.875923144060743 -0.5438011085854302 0.47999999999999987
0.9055030106891286 -0.49506393287425404 0.47999999999999987
0.932370598733406 -0.4447179630029689 0.47999999999999987
0.9564384224862753 -0.39291416873404433 0.47999999999999987
0.9776274010719707 -0.3398082763460361 0.47999999999999987
0.9958671169920984 -0.2855603006264109 0.47999999999999987
1.0110960486062748 -0.23033406281481106 0.47999999999999987
1.023261775784361 -0.17429669594870764 0.47999999999999987
1.032321158047974 -0.11761813910485629 0.47999999999999987
1.038240484602119 -0.06047062206689535 0.47999999999999987
1.0409955957429111 -0.0030281419817214566 0.47999999999999987
1.0405719752142661 0.0545340664051466 0.47999999999999987
1.0369648131747693 0.11204006532225727 0.47999999999999987
1.0301790395255328 0.1693137517222121 0.47999999999999987
1.0202293274403305 0.226179396565317 0.47999999999999987
1.00714006703048 0.28246218398546813 0.47999999999999987
0.9909453091684712 0.3379887486840398 0.47999999999999987
0.9716886795859933 0.3925877098998757 0.47999999999999987
0.9494232634534563 0.4460902003108663 0.47999999999999987
0.9242114607391171 0.49833038823502196 0.47999999999999987
0.8961248127361507 0.5491459915164624 0.47999999999999987
0.8652438002352567 0.5983787815042001 0.47999999999999987
0.8316576139082908 0.6458750755590187 0.47999999999999987
0.7954638975548025 0.6914862165559937 0.47999999999999987
0.7567684649478508 0.7350690378872405 0.47999999999999987
0.7156849910978939 0.7764863125111785 0.47999999999999987
0.6723346788335972 0.8156071846408194 0.47999999999999987
0.6268459016758596 0.8523075827142327 0.47999999999999987
0.5793538240559293 0.8864706123452549 0.47999999999999987
0.5300000000000005 0.9179869280115047 0.47999999999999987
0.7200817765318392 0.6042203531053468 0.51
0.6863341187105633 0.6437596426414091 0.51
0.6504149109864252 0.6814135627990688 0.51
0.6124295095753632 0.7170628255608292 0.51
0.5724898246164799 0.7505940318911362 0.51
0.530713990910401 0.7819000318787275 0.51
0.4872260188649113 0.8108802664641981 0.51
0.44215542667806573 0.8374410896649014 0.51
0.3956368548487634 0.8614960702669389 0.51
0.34780966416135833 0.8829662720149412 0.51
0.298817518344033 0.9017805113943822 0.51
0.24880795265025948 0.917875592168125 0.51
0.19793192965850678 0.931196515898583 0.51
0.14634338362733337 0.9416966677590524 0.51
0.09419875478091831 0.9493379770122569 0.51
0.04165651493389588 0.9540910516106742 0.51
-0.01112331410613536 0.9559352864515966 0.51
-0.06397964789488085 0.954858944899846 0.51
-0.11675083098213117 0.9508592132723865 0.51
-0.16927513131660052 0.9439422280615205 0.51
-0.2213912359127425 0.9341230757566308 0.51
-0.27293874626046943 0.9214257652083336 0.51
-0.3237586719563732 0.9058831725631321 0.51
-0.373693921037365 0.8875369588809919 0.51
-0.4225897855046707 0.8664374606323969 0.51
-0.4702944205377888 0.8426435533551688 0.51
-0.5166593159143195 0.8162224888343541 0.51
-0.5615397581724787 0.7872497062505607 0.51
-0.6047952820785533 0.7558086178230062 0.51
-0.6462901099914711 0.7219903695529547 0.51
-0.6858935777509511 0.6858935777509512 0.51
-0.7234805457543023 0.6476240421070366 0.51
-0.7589317939297126 0.6072944361367296 0.51
-0.7921343993606985 0.5650239759067445 0.51
-0.8229820953671435 0.5209380680129894 0.51
-0.8513756109028908 0.47516793784906136 0.51
-0.8772229891879868 0.4278502392661398 0.51
-0.9004398845552742 0.3791266467845335 0.51
-0.9209498365558659 0.32914343157311177 0.51
-0.938684520435961 0.2780510224651402 0.51
-0.9535839731682273 0.22600355332759153 0.51
-0.9655967942944229 0.17315839814555295 0.51
-0.9746803209117781 0.11967569522385532 0.51
-0.9808007762137393 0.06571786194427194 0.51
-0.983933391075702 0.01144910154857509 0.51
-0.98406249825813 -0.04296509655485579 0.51
-0.9811815988826891 -0.09735846144023637 0.51
-0.9752934009214951 -0.15156444873051192 0.51
-0.9664098295249999 -0.2054167505279464 0.51
-0.9545520091001848 -0.2587498056478508 0.51
-0.9397502171373037 -0.31139930859009735 0.51
-0.9220438098701864 -0.36320271568377827 0.51
-0.9014811199417758 -0.41399974684596325 0.51
-0.8781193263328906 -0.46363288140582787 0.51
-0.8520242968978996 -0.5119478464605939 0.51
-0.8232704039358031 -0.5587940962495753 0.51
-0.7919403133088684 -0.6040252810572182 0.51
-0.7581247477032312 -0.6474997041851926 0.51
-0.7219222247064447 -0.6890807655673589 0.51
-0.6834387704556514 -0.728637390639588 0.51
-0.6427876096865395 -0.7660444431189779 0.51
-0.6000888330873877 -0.8011831203937194 0.51
-0.55546904293395 -0.8339413302757224 0.51
-0.5090609780495863 -0.8642140479228505 0.51
-0.4610031192005606 -0.8919036517961757 0.51
-0.411439276098724 -0.9169202375797787 0.51
-0.3605181572425725 -0.9391819090561848 0.51
-0.3083929238827865 -0.9586150449993082 0.51
-0.25522072944964097 -0.9751545412185666 0.51
-0.2011622458269529 -0.9887440269624167 0.51
-0.14638117790031954 -0.9993360549667539 0.51
-0.09104376784622296 -1.006892264513122 0.51
-0.03531829066293167 -1.0113835169433247 0.51
0.020625457526015297 -1.0127900031604984 0.51
0.07661667683979685 -1.011101322731815 0.51
0.13248408510335202 -1.0063165342944176 0.51
0.1880564418134295 -0.998444177053716 0.51
0.24316307300477755 -0.9875022632515194 0.51
0.297634395407746 -0.97351824157037 0.51
0.35130243828761654 -0.9565289315296089 0.51
0.40400136135993964 -0.9365804290178797 0.51
0.45556796718511505 -0.9137279831956673 0.51
0.5058422064592815 -0.8880358450898285 0.51
0.5546676746373391 -0.8595770882895883 0.51
0.6018920983474916 -0.8284334022399469 0.51
0.6473678100850596 -0.7946948587135028 0.51
0.6909522097063913 -0.758459652125184 0.51
0.7325082112813438 -0.7198338144359474 0.51
0.7719046739049805 -0.6789309054709807 0.51
0.8090168151156828 -0.6358716795549845 0.51
0.8437266056176613 -0.5907837294415779 0.51
0.875923144060743 -0.5438011085854302 0.51
0.9055030106891286 -0.49506393287425404 0.51
0.932370598733406 -0.4447179630029689 0.51
0.9564384224862753 -0.39291416873404433 0.51
0.9776274010719707 -0.3398082763460361 0.51
0.9958671169920984 -0.2855603006264109 0.51
1.0110960486062748 -0.23033406281481106 0.51
1.023261775784361 -0.17429669594870764 0.51
1.032321158047974 -0.11761813910485629 0.51
1.038240484602119 -0.06047062206689535 0.51
1.0409955957429111 -0.0030281419817214566 0.51
1.0405719752142661 0.0545340664051466 0.51
1.0369648131747693 0.11204006532225727 0.51
1.0301790395255328 0.1693137517222121 0.51
1.0202293274403305 0.226179396565317 0.51
1.00714006703048 0.28246218398546813 0.51
0.9909453091684712 0.3379887486840398 0.51
0.9716886795859933 0.3925877098998757 0.51
0.9494232634534563 0.4460902003108663 0.51
0.9242114607391171 0.49833038823502196 0.51
0.8961248127361507 0.5491459915164624 0.51
0.8652438002352567 0.5983787815042001 0.51
0.8316576139082908 0.6458750755590187 0.51
0.7954638975548025 0.6914862165559937 0.51
0.7567684649478508 0.7350690378872405 0.51
0.7156849910978939 0.7764863125111785 0.51
0.6723346788335972 0.8156071846408194 0.51
0.6268459016758596 0.8523075827142327 0.51
0.5793538240559293 0.8864706123452549 0.51
0.5300000000000005 0.9179869280115047 0.51
0.7200817765318392 0.6042203531053468 0.5399999999999999
0.6863341187105633 0.6437596426414091 0.5399999999999999
0.6504149109864252 0.6814135627990688 0.5399999999999999
0.6124295095753632 0.7170628255608292 0.5399999999999999
0.5724898246164799 0.7505940318911362 0.5399999999999999
0.530713990910401 0.7819000318787275 0.5399999999999999
0.4872260188649113 0.8108802664641981 0.5399999999999999
0.44215542667806573 0.8374410896649014 0.5399999999999999
0.3956368548487634 0.8614960702669389 0.5399999999999999
0.34780966416135833 0.8829662720149412 0.5399999999999999
0.298817518344033 0.9017805113943822 0.5399999999999999
0.24880795265025948 0.917875592168125 0.5399999999999999
0.19793192965850678 0.931196515898583 0.5399999999999999
0.14634338362733337 0.9416966677590524 0.5399999999999999
0.09419875478091831 0.9493379770122569 0.5399999999999999
0.04165651493389588 0.9540910516106742 0.5399999999999999
-0.01112331410613536 0.9559352864515966 0.5399999999999999
-0.06397964789488085 0.954858944899846 0.5399999999999999
-0.11675083098213117 0.9508592132723865 0.5399999999999999
-0.16927513131660052 0.9439422280615205 0.5399999999999999
-0.2213912359127425 0.9341230757566308 0.5399999999999999
-0.27293874626046943 0.9214257652083336 0.5399999999999999
-0.3237586719563732 0.9058831725631321 0.5399999999999999
-0.373693921037365 0.8875369588809919 0.5399999999999999
-0.4225897855046707 0.8664374606323969 0.5399999999999999
-0.4702944205377888 0.8426435533551688 0.5399999999999999
-0.5166593159143195 0.8162224888343541 0.5399999999999999
-0.5615397581724787 0.7872497062505607 0.5399999999999999
-0.6047952820785533 0.7558086178230062 0.5399999999999999
-0.6462901099914711 0.7219903695529547 0.5399999999999999
-0.6858935777509511 0.6858935777509512 0.5399999999999999
-0.7234805457543023 0.6476240421070366 0.5399999999999999
-0.7589317939297126 0.6072944361367296 0.5399999999999999
-0.7921343993606985 0.5650239759067445 0.5399999999999999
-0.8229820953671435 0.5209380680129894 0.5399999999999999
-0.8513756109028908 0.47516793784906136 0.5399999999999999
-0.8772229891879868 0.4278502392661398 0.5399999999999999
-0.9004398845552742 0.3791266467845335 0.5399999999999999
-0.9209498365558659 0.32914343157311177 0.5399999999999999
-0.938684520435961 0.2780510224651402 0.5399999999999999
-0.9535839731682273 0.22600355332759153 0.5399999999999999
-0.9655967942944229 0.17315839814555295 0.5399999999999999
-0.9746803209117781 0.11967569522385532 0.5399999999999999
-0.9808007762137393 0.06571786194427194 0.5399999999999999
-0.983933391075702 0.01144910154857509 0.5399999999999999
-0.98406249825813 -0.04296509655485579 0.5399999999999999
-0.9811815988826891 -0.09735846144023637 0.5399999999999999
-0.9752934009214951 -0.15156444873051192 0.5399999999999999
-0.9664098295249999 -0.2054167505279464 0.5399999999999999
-0.9545520091001848 -0.2587498056478508 0.5399999999999999
-0.9397502171373037 -0.31139930859009735 0.5399999999999999
-0.9220438098701864 -0.36320271568377827 0.5399999999999999
-0.9014811199417758 -0.41399974684596325 0.5399999999999999
-0.8781193263328906 -0.46363288140582787 0.5399999999999999
-0.8520242968978996 -0.5119478464605939 0.5399999999999999
-0.8232704039358031 -0.5587940962495753 0.5399999999999999
-0.7919403133088684 -0.6040252810572182 0.5399999999999999
-0.7581247477032312 -0.6474997041851926 0.5399999999999999
-0.7219222247064447 -0.6890807655673589 0.5399999999999999
-0.6834387704556514 -0.728637390639588 0.5399999999999999
-0.6427876096865395 -0.7660444431189779 0.5399999999999999
-0.6000888330873877 -0.8011831203937194 0.5399999999999999
-0.55546904293395 -0.8339413302757224 0.5399999999999999
-0.5090609780495863 -0.8642140479228505 0.5399999999999999
-0.4610031192005606 -0.8919036517961757 0.5399999999999999
-0.411439276098724 -0.9169202375797787 0.5399999999999999
-0.3605181572425725 -0.9391819090561848 0.5399999999999999
-0.3083929238827865 -0.9586150449993082 0.5399999999999999
-0.25522072944964097 -0.9751545412185666 0.5399999999999999
-0.2011622458269529 -0.9887440269624167 0.5399999999999999
-0.14638117790031954 -0.9993360549667539 0.5399999999999999
-0.09104376784622296 -1.006892264513122 0.5399999999999999
-0.03531829066293167 -1.0113835169433247 0.5399999999999999
0.020625457526015297 -1.0127900031604984 0.5399999999999999
0.07661667683979685 -1.011101322731815 0.5399999999999999
0.13248408510335202 -1.0063165342944176 0.5399999999999999
0.1880564418134295 -0.998444177053716 0.5399999999999999
0.24316307300477755 -0.9875022632515194 0.5399999999999999
0.297634395407746 -0.97351824157037 0.5399999999999999
0.35130243828761654 -0.9565289315296089 0.5399999999999999
0.40400136135993964 -0.9365804290178797 0.5399999999999999
0.45556796718511505 -0.9137279831956673 0.5399999999999999
0.5058422064592815 -0.8880358450898285 0.5399999999999999
0.5546676746373391 -0.8595770882895883 0.5399999999999999
0.6018920983474916 -0.8284334022399469 0.5399999999999999
0.6473678100850596 -0.7946948587135028 0.5399999999999999
0.6909522097063913 -0.758459652125184 0.5399999999999999
0.7325082112813438 -0.7198338144359474 0.5399999999999999
0.7719046739049805 -0.6789309054709807 0.5399999999999999
0.8090168151156828 -0.6358716795549845 0.5399999999999999
0.8437266056176613 -0.5907837294415779 0.5399999999999999
0.875923144060743 -0.5438011085854302 0.5399999999999999
0.9055030106891286 -0.49506393287425404 0.5399999999999999
0.932370598733406 -0.4447179630029689 0.5399999999999999
0.9564384224862753 -0.39291416873404433 0.5399999999999999
0.9776274010719707 -0.3398082763460361 0.5399999999999999
0.9958671169920984 -0.2855603006264109 0.5399999999999999
1.0110960486062748 -0.23033406281481106 0.5399999999999999
1.023261775784361 -0.17429669594870764 0.5399999999999999
1.032321158047974 -0.11761813910485629 0.5399999999999999
1.038240484602119 -0.06047062206689535 0.5399999999999999
1.0409955957429111 -0.0030281419817214566 0.5399999999999999
1.0405719752142661 0.0545340664051466 0.5399999999999999
1.0369648131747693 0.11204006532225727 0.5399999999999999
1.0301790395255328 0.1693137517222121 0.5399999999999999
1.0202293274403305 0.226179396565317 0.5399999999999999
1.00714006703048 0.28246218398546813 0.5399999999999999
0.9909453091684712 0.3379887486840398 0.5399999999999999
0.9716886795859933 0.3925877098998757 0.5399999999999999
0.9494232634534563 0.4460902003108663 0.5399999999999999
0.9242114607391171 0.49833038823502196 0.5399999999999999
0.8961248127361507 0.5491459915164624 0.5399999999999999
0.8652438002352567 0.5983787815042001 0.5399999999999999
0.8316576139082908 0.6458750755590187 0.5399999999999999
0.7954638975548025 0.6914862165559937 0.5399999999999999
0.7567684649478508 0.7350690378872405 0.5399999999999999
0.7156849910978939 0.7764863125111785 0.5399999999999999
0.6723346788335972 0.8156071846408194 0.5399999999999999
0.6268459016758596 0.8523075827142327 0.5399999999999999
0.5793538240559293 0.8864706123452549 0.5399999999999999
0.5300000000000005 0.9179869280115047 0.5399999999999999
0.7200817765318392 0.6042203531053468 0.5700000000000001
0.6863341187105633 0.6437596426414091 0.5700000000000001
0.6504149109864252 0.6814135627990688 0.5700000000000001
0.6124295095753632 0.7170628255608292 0.5700000000000001
0.5724898246164799 0.7505940318911362 0.5700000000000001
0.530713990910401 0.7819000318787275 0.5700000000000001
0.4872260188649113 0.8108802664641981 0.5700000000000001
0.44215542667806573 0.8374410896649014 0.5700000000000001
0.3956368548487634 0.8614960702669389 0.5700000000000001
0.34780966416135833 0.8829662720149412 0.5700000000000001
0.298817518344033 0.9017805113943822 0.5700000000000001
0.24880795265025948 0.917875592168125 0.5700000000000001
0.19793192965850678 0.931196515898583 0.5700000000000001
0.14634338362733337 0.9416966677590524 0.5700000000000001
0.09419875478091831 0.9493379770122569 0.5700000000000001
0.04165651493389588 0.9540910516106742 0.5700000000000001
-0.01112331410613536 0.9559352864515966 0.5700000000000001
-0.06397964789488085 0.954858944899846 0.5700000000000001
-0.11675083098213117 0.9508592132723865 0.5700000000000001
-0.16927513131660052 0.9439422280615205 0.5700000000000001
-0.2213912359127425 0.9341230757566308 0.5700000000000001
-0.27293874626046943 0.9214257652083336 0.5700000000000001
-0.3237586719563732 0.9058831725631321 0.5700000000000001
-0.373693921037365 0.8875369588809919 0.5700000000000001
-0.4225897855046707 0.8664374606323969 0.5700000000000001
-0.4702944205377888 0.8426435533551688 0.5700000000000001
-0.5166593159143195 0.8162224888343541 0.5700000000000001
-0.5615397581724787 0.7872497062505607 0.5700000000000001
-0.6047952820785533 0.7558086178230062 0.5700000000000001
-0.6462901099914711 0.7219903695529547 0.5700000000000001
-0.6858935777509511 0.6858935777509512 0.5700000000000001
-0.7234805457543023 0.6476240421070366 0.5700000000000001
-0.7589317939297126 0.6072944361367296 0.5700000000000001
-0.7921343993606985 0.5650239759067445 0.5700000000000001
-0.8229820953671435 0.5209380680129894 0.5700000000000001
-0.8513756109028908 0.47516793784906136 0.5700000000000001
-0.8772229891879868 0.4278502392661398 0.5700000000000001
-0.9004398845552742 0.3791266467845335 0.5700000000000001
-0.9209498365558659 0.32914343157311177 0.5700000000000001
-0.938684520435961 0.2780510224651402 0.5700000000000001
-0.9535839731682273 0.22600355332759153 0.5700000000000001
-0.9655967942944229 0.17315839814555295 0.5700000000000001
-0.9746803209117781 0.11967569522385532 0.5700000000000001
-0.9808007762137393 0.06571786194427194 0.5700000000000001
-0.983933391075702 0.01144910154857509 0.5700000000000001
-0.98406249825813 -0.04296509655485579 0.5700000000000001
-0.9811815988826891 -0.09735846144023637 0.5700000000000001
-0.9752934009214951 -0.15156444873051192 0.5700000000000001
-0.9664098295249999 -0.2054167505279464 0.5700000000000001
-0.9545520091001848 -0.2587498056478508 0.5700000000000001
-0.9397502171373037 -0.31139930859009735 0.5700000000000001
-0.9220438098701864 -0.36320271568377827 0.5700000000000001
-0.9014811199417758 -0.41399974684596325 0.5700000000000001
-0.8781193263328906 -0.46363288140582787 0.5700000000000001
-0.8520242968978996 -0.5119478464605939 0.5700000000000001
-0.8232704039358031 -0.5587940962495753 0.5700000000000001
-0.7919403133088684 -0.6040252810572182 0.5700000000000001
-0.7581247477032312 -0.6474997041851926 0.5700000000000001
-0.7219222247064447 -0.6890807655673589 0.5700000000000001
-0.6834387704556514 -0.728637390639588 0.5700000000000001
-0.6427876096865395 -0.7660444431189779 0.5700000000000001
-0.6000888330873877 -0.8011831203937194 0.5700000000000001
-0.55546904293395 -0.8339413302757224 0.5700000000000001
-0.5090609780495863 -0.8642140479228505 0.5700000000000001
-0.4610031192005606 -0.8919036517961757 0.5700000000000001
-0.411439276098724 -0.9169202375797787 0.5700000000000001
-0.3605181572425725 -0.9391819090561848 0.5700000000000001
-0.3083929238827865 -0.9586150449993082 0.5700000000000001
-0.25522072944964097 -0.9751545412185666 0.5700000000000001
-0.2011622458269529 -0.9887440269624167 0.5700000000000001
-0.14638117790031954 -0.9993360549667539 0.5700000000000001
-0.09104376784622296 -1.006892264513122 0.5700000000000001
-0.03531829066293167 -1.0113835169433247 0.5700000000000001
0.020625457526015297 -1.0127900031604984 0.5700000000000001
0.07661667683979685 -1.011101322731815 0.5700000000000001
0.13248408510335202 -1.0063165342944176 0.5700000000000001
0.1880564418134295 -0.998444177053716 0.5700000000000001
0.24316307300477755 -0.9875022632515194 0.5700000000000001
0.297634395407746 -0.97351824157037 0.5700000000000001
0.35130243828761654 -0.9565289315296089 0.5700000000000001
0.40400136135993964 -0.9365804290178797 0.5700000000000001
0.45556796718511505 -0.9137279831956673 0.5700000000000001
0.5058422064592815 -0.8880358450898285 0.5700000000000001
0.5546676746373391 -0.8595770882895883 0.5700000000000001
0.6018920983474916 -0.8284334022399469 0.5700000000000001
0.6473678100850596 -0.7946948587135028 0.5700000000000001
0.6909522097063913 -0.758459652125184 0.5700000000000001
0.7325082112813438 -0.7198338144359474 0.5700000000000001
0.7719046739049805 -0.6789309054709807 0.5700000000000001
0.8090168151156828 -0.6358716795549845 0.5700000000000001
0.8437266056176613 -0.5907837294415779 0.5700000000000001
0.875923144060743 -0.5438011085854302 0.5700000000000001
0.9055030106891286 -0.49506393287425404 0.5700000000000001
0.932370598733406 -0.4447179630029689 0.5700000000000001
0.9564384224862753 -0.39291416873404433 0.5700000000000001
0.9776274010719707 -0.3398082763460361 0.5700000000000001
0.9958671169920984 -0.2855603006264109 0.5700000000000001
1.0110960486062748 -0.23033406281481106 0.5700000000000001
1.023261775784361 -0.17429669594870764 0.5700000000000001
1.032321158047974 -0.11761813910485629 0.5700000000000001
1.038240484602119 -0.06047062206689535 0.5700000000000001
1.0409955957429111 -0.0030281419817214566 0.5700000000000001
1.0405719752142661 0.0545340664051466 0.5700000000000001
1.0369648131747693 0.11204006532225727 0.5700000000000001
1.0301790395255328 0.1693137517222121 0.5700000000000001
1.0202293274403305 0.226179396565317 0.5700000000000001
1.00714006703048 0.28246218398546813 0.5700000000000001
0.9909453091684712 0.3379887486840398 0.5700000000000001
0.9716886795859933 0.3925877098998757 0.5700000000000001
0.9494232634534563 0.4460902003108663 0.5700000000000001
0.9242114607391171 0.49833038823502196 0.5700000000000001
0.8961248127361507 0.5491459915164624 0.5700000000000001
0.8652438002352567 0.5983787815042001 0.5700000000000001
0.8316576139082908 0.6458750755590187 0.5700000000000001
0.7954638975548025 0.6914862165559937 0.5700000000000001
0.7567684649478508 0.7350690378872405 0.5700000000000001
0.7156849910978939 0.7764863125111785 0.5700000000000001
0.6723346788335972 0.8156071846408194 0.5700000000000001
0.6268459016758596 0.8523075827142327 0.5700000000000001
0.5793538240559293 0.8864706123452549 0.5700000000000001
0.5300000000000005 0.9179869280115047 0.5700000000000001
0.7200817765318392 0.6042203531053468 0.6
0.6863341187105633 0.6437596426414091 0.6
0.6504149109864252 0.6814135627990688 0.6
0.6124295095753632 0.7170628255608292 0.6
0.5724898246164799 0.7505940318911362 0.6
0.530713990910401 0.7819000318787275 0.6
0.4872260188649113 0.8108802664641981 0.6
0.44215542667806573 0.8374410896649014 0.6
0.3956368548487634 0.8614960702669389 0.6
0.34780966416135833 0.8829662720149412 0.6
0.298817518344033 0.9017805113943822 0.6
0.24880795265025948 0.917875592168125 0.6
0.19793192965850678 0.931196515898583 0.6
0.14634338362733337 0.9416966677590524 0.6
0.09419875478091831 0.9493379770122569 0.6
0.04165651493389588 0.9540910516106742 0.6
-0.01112331410613536 0.9559352864515966 0.6
-0.06397964789488085 0.954858944899846 0.6
-0.11675083098213117 0.9508592132723865 0.6
-0.16927513131660052 0.9439422280615205 0.6
-0.2213912359127425 0.9341230757566308 0.6
-0.27293874626046943 0.9214257652083336 0.6
-0.3237586719563732 0.9058831725631321 0.6
-0.373693921037365 0.8875369588809919 0.6
-0.4225897855046707 0.8664374606323969 0.6
-0.4702944205377888 0.8426435533551688 0.6
-0.5166593159143195 0.8162224888343541 0.6
-0.5615397581724787 0.7872497062505607 0.6
-0.6047952820785533 0.7558086178230062 0.6
-0.6462901099914711 0.7219903695529547 0.6
-0.6858935777509511 0.6858935777509512 0.6
-0.7234805457543023 0.6476240421070366 0.6
-0.7589317939297126 0.6072944361367296 0.6
-0.7921343993606985 0.5650239759067445 0.6
-0.8229820953671435 0.5209380680129894 0.6
-0.8513756109028908 0.47516793784906136 0.6
-0.8772229891879868 0.4278502392661398 0.6
-0.9004398845552742 0.3791266467845335 0.6
-0.9209498365558659 0.32914343157311177 0.6
-0.938684520435961 0.2780510224651402 0.6
-0.9535839731682273 0.22600355332759153 0.6
-0.9655967942944229 0.17315839814555295 0.6
-0.9746803209117781 0.11967569522385532 0.6
-0.9808007762137393 0.06571786194427194 0.6
-0.983933391075702 0.01144910154857509 0.6
-0.98406249825813 -0.04296509655485579 0.6
-0.9811815988826891 -0.09735846144023637 0.6
-0.9752934009214951 -0.15156444873051192 0.6
-0.9664098295249999 -0.2054167505279464 0.6
-0.9545520091001848 -0.2587498056478508 0.6
-0.9397502171373037 -0.31139930859009735 0.6
-0.9220438098701864 -0.36320271568377827 0.6
-0.9014811199417758 -0.41399974684596325 0.6
-0.8781193263328906 -0.46363288140582787 0.6
-0.8520242968978996 -0.5119478464605939 0.6
-0.8232704039358031 -0.5587940962495753 0.6
-0.7919403133088684 -0.6040252810572182 0.6
-0.7581247477032312 -0.6474997041851926 0.6
-0.7219222247064447 -0.6890807655673589 0.6
-0.6834387704556514 -0.728637390639588 0.6
-0.6427876096865395 -0.7660444431189779 0.6
-0.6000888330873877 -0.8011831203937194 0.6
-0.55546904293395 -0.8339413302757224 0.6
-0.5090609780495863 -0.8642140479228505 0.6
-0.4610031192005606 -0.8919036517961757 0.6
-0.411439276098724 -0.9169202375797787 0.6
-0.3605181572425725 -0.9391819090561848 0.6
-0.3083929238827865 -0.9586150449993082 0.6
-0.25522072944964097 -0.9751545412185666 0.6
-0.2011622458269529 -0.9887440269624167 0.6
-0.14638117790031954 -0.9993360549667539 0.6
-0.09104376784622296 -1.006892264513122 0.6
-0.03531829066293167 -1.0113835169433247 0.6
0.020625457526015297 -1.0127900031604984 0.6
0.07661667683979685 -1.011101322731815 0.6
0.13248408510335202 -1.0063165342944176 0.6
0.1880564418134295 -0.998444177053716 0.6
0.24316307300477755 -0.9875022632515194 0.6
0.297634395407746 -0.97351824157037 0.6
0.35130243828761654 -0.9565289315296089 0.6
0.40400136135993964 -0.9365804290178797 0.6
0.45556796718511505 -0.9137279831956673 0.6
0.5058422064592815 -0.8880358450898285 0.6
0.5546676746373391 -0.8595770882895883 0.6
0.6018920983474916 -0.8284334022399469 0.6
0.6473678100850596 -0.7946948587135028 0.6
0.6909522097063913 -0.758459652125184 0.6
0.7325082112813438 -0.7198338144359474 0.6
0.7719046739049805 -0.6789309054709807 0.6
0.8090168151156828 -0.6358716795549845 0.6
0.8437266056176613 -0.5907837294415779 0.6
0.875923144060743 -0.5438011085854302 0.6
0.9055030106891286 -0.49506393287425404 0.6
0.932370598733406 -0.4447179630029689 0.6
0.9564384224862753 -0.39291416873404433 0.6
0.9776274010719707 -0.3398082763460361 0.6
0.9958671169920984 -0.2855603006264109 0.6
1.0110960486062748 -0.23033406281481106 0.6
1.023261775784361 -0.17429669594870764 0.6
1.032321158047974 -0.11761813910485629 0.6
1.038240484602119 -0.06047062206689535 0.6
1.0409955957429111 -0.0030281419817214566 0.6
1.0405719752142661 0.0545340664051466 0.6
1.0369648131747693 0.11204006532225727 0.6
1.0301790395255328 0.1693137517222121 0.6
1.0202293274403305 0.226179396565317 0.6
1.00714006703048 0.28246218398546813 0.6
0.9909453091684712 0.3379887486840398 0.6
0.9716886795859933 0.3925877098998757 0.6
0.9494232634534563 0.4460902003108663 0.6
0.9242114607391171 0.49833038823502196 0.6
0.8961248127361507 0.5491459915164624 0.6
0.8652438002352567 0.5983787815042001 0.6
0.8316576139082908 0.6458750755590187 0.6
0.7954638975548025 0.6914862165559937 0.6
0.7567684649478508 0.7350690378872405 0.6
0.7156849910978939 0.7764863125111785 0.6
0.6723346788335972 0.8156071846408194 0.6
0.6268459016758596 0.8523075827142327 0.6
0.5793538240559293 0.8864706123452549 0.6
0.5300000000000005 0.9179869280115047 0.6
0.7200817765318392 0.6042203531053468 0.6299999999999999
0.6863341187105633 0.6437596426414091 0.6299999999999999
0.6504149109864252 0.6814135627990688 0.6299999999999999
0.6124295095753632 0.7170628255608292 0.6299999999999999
0.5724898246164799 0.7505940318911362 0.6299999999999999
0.530713990910401 0.7819000318787275 0.6299999999999999
0.4872260188649113 0.8108802664641981 0.6299999999999999
0.44215542667806573 0.8374410896649014 0.6299999999999999
0.3956368548487634 0.8614960702669389 0.6299999999999999
0.34780966416135833 0.8829662720149412 0.6299999999999999
0.298817518344033 0.9017805113943822 0.6299999999999999
0.24880795265025948 0.917875592168125 0.6299999999999999
0.19793192965850678 0.931196515898583 0.6299999999999999
0.14634338362733337 0.9416966677590524 0.6299999999999999
0.09419875478091831 0.9493379770122569 0.6299999999999999
0.04165651493389588 0.9540910516106742 0.6299999999999999
-0.01112331410613536 0.9559352864515966 0.6299999999999999
-0.06397964789488085 0.954858944899846 0.6299999999999999
-0.11675083098213117 0.9508592132723865 0.6299999999999999
-0.16927513131660052 0.9439422280615205 0.6299999999999999
-0.2213912359127425 0.9341230757566308 0.6299999999999999
-0.27293874626046943 0.9214257652083336 0.6299999999999999
-0.3237586719563732 0.9058831725631321 0.6299999999999999
-0.373693921037365 0.8875369588809919 0.6299999999999999
-0.4225897855046707 0.8664374606323969 0.6299999999999999
-0.4702944205377888 0.8426435533551688 0.6299999999999999
-0.5166593159143195 0.8162224888343541 0.6299999999999999
-0.5615397581724787 0.7872497062505607 0.6299999999999999
-0.6047952820785533 0.7558086178230062 0.6299999999999999
-0.6462901099914711 0.7219903695529547 0.6299999999999999
-0.6858935777509511 0.6858935777509512 0.6299999999999999
-0.7234805457543023 0.6476240421070366 0.6299999999999999
-0.7589317939297126 0.6072944361367296 0.6299999999999999
-0.7921343993606985 0.5650239759067445 0.6299999999999999
-0.8229820953671435 0.5209380680129894 0.6299999999999999
-0.8513756109028908 0.47516793784906136 0.6299999999999999
-0.8772229891879868 0.4278502392661398 0.6299999999999999
-0.9004398845552742 0.3791266467845335 0.6299999999999999
-0.9209498365558659 0.32914343157311177 0.6299999999999999
-0.938684520435961 0.2780510224651402 0.6299999999999999
-0.9535839731682273 0.22600355332759153 0.6299999999999999
-0.9655967942944229 0.17315839814555295 0.6299999999999999
-0.9746803209117781 0.11967569522385532 0.6299999999999999
-0.9808007762137393 0.06571786194427194 0.6299999999999999
-0.983933391075702 0.01144910154857509 0.6299999999999999
-0.98406249825813 -0.04296509655485579 0.6299999999999999
-0.9811815988826891 -0.09735846144023637 0.6299999999999999
-0.9752934009214951 -0.15156444873051192 0.6299999999999999
-0.9664098295249999 -0.2054167505279464 0.6299999999999999
-0.9545520091001848 -0.2587498056478508 0.6299999999999999
-0.9397502171373037 -0.31139930859009735 0.6299999999999999
-0.9220438098701864 -0.36320271568377827 0.6299999999999999
-0.9014811199417758 -0.41399974684596325 0.6299999999999999
-0.8781193263328906 -0.46363288140582787 0.6299999999999999
-0.8520242968978996 -0.5119478464605939 0.6299999999999999
-0.8232704039358031 -0.5587940962495753 0.6299999999999999
-0.7919403133088684 -0.6040252810572182 0.6299999999999999
-0.7581247477032312 -0.6474997041851926 0.6299999999999999
-0.7219222247064447 -0.6890807655673589 0.6299999999999999
-0.6834387704556514 -0.728637390639588 0.6299999999999999
-0.6427876096865395 -0.7660444431189779 0.6299999999999999
-0.6000888330873877 -0.8011831203937194 0.6299999999999999
-0.55546904293395 -0.8339413302757224 0.6299999999999999
-0.5090609780495863 -0.8642140479228505 0.6299999999999999
-0.4610031192005606 -0.8919036517961757 0.6299999999999999
-0.411439276098724 -0.9169202375797787 0.6299999999999999
-0.3605181572425725 -0.9391819090561848 0.6299999999999999
-0.3083929238827865 -0.9586150449993082 0.6299999999999999
-0.25522072944964097 -0.9751545412185666 0.6299999999999999
-0.2011622458269529 -0.9887440269624167 0.6299999999999999
-0.14638117790031954 -0.9993360549667539 0.6299999999999999
-0.09104376784622296 -1.006892264513122 0.6299999999999999
-0.03531829066293167 -1.0113835169433247 0.6299999999999999
0.020625457526015297 -1.0127900031604984 0.6299999999999999
0.07661667683979685 -1.011101322731815 0.6299999999999999
0.13248408510335202 -1.0063165342944176 0.6299999999999999
0.1880564418134295 -0.998444177053716 0.6299999999999999
0.24316307300477755 -0.9875022632515194 0.6299999999999999
0.297634395407746 -0.97351824157037 0.6299999999999999
0.35130243828761654 -0.9565289315296089 0.6299999999999999
0.40400136135993964 -0.9365804290178797 0.6299999999999999
0.45556796718511505 -0.9137279831956673 0.6299999999999999
0.5058422064592815 -0.8880358450898285 0.6299999999999999
0.5546676746373391 -0.8595770882895883 0.6299999999999999
0.6018920983474916 -0.8284334022399469 0.6299999999999999
0.6473678100850596 -0.7946948587135028 0.6299999999999999
0.6909522097063913 -0.758459652125184 0.6299999999999999
0.7325082112813438 -0.7198338144359474 0.6299999999999999
0.7719046739049805 -0.6789309054709807 0.6299999999999999
0.8090168151156828 -0.6358716795549845 0.6299999999999999
0.8437266056176613 -0.5907837294415779 0.6299999999999999
0.875923144060743 -0.5438011085854302 0.6299999999999999
0.9055030106891286 -0.49506393287425404 0.6299999999999999
0.932370598733406 -0.4447179630029689 0.6299999999999999
0.9564384224862753 -0.39291416873404433 0.6299999999999999
0.9776274010719707 -0.3398082763460361 0.6299999999999999
0.9958671169920984 -0.2855603006264109 0.6299999999999999
1.0110960486062748 -0.23033406281481106 0.6299999999999999
1.023261775784361 -0.17429669594870764 0.6299999999999999
1.032321158047974 -0.11761813910485629 0.6299999999999999
1.038240484602119 -0.06047062206689535 0.6299999999999999
1.0409955957429111 -0.0030281419817214566 0.6299999999999999
1.0405719752142661 0.0545340664051466 0.6299999999999999
1.0369648131747693 0.11204006532225727 0.6299999999999999
1.0301790395255328 0.1693137517222121 0.6299999999999999
1.0202293274403305 0.226179396565317 0.6299999999999999
1.00714006703048 0.28246218398546813 0.6299999999999999
0.9909453091684712 0.3379887486840398 0.6299999999999999
0.9716886795859933 0.3925877098998757 0.6299999999999999
0.9494232634534563 0.4460902003108663 0.6299999999999999
0.9242114607391171 0.49833038823502196 0.6299999999999999
0.8961248127361507 0.5491459915164624 0.6299999999999999
0.8652438002352567 0.5983787815042001 0.6299999999999999
0.8316576139082908 0.6458750755590187 0.6299999999999999
0.7954638975548025 0.6914862165559937 0.6299999999999999
0.7567684649478508 0.7350690378872405 0.6299999999999999
0.7156849910978939 0.7764863125111785 0.6299999999999999
0.6723346788335972 0.8156071846408194 0.6299999999999999
0.6268459016758596 0.8523075827142327 0.6299999999999999
0.5793538240559293 0.8864706123452549 0.6299999999999999
0.5300000000000005 0.9179869280115047 0.6299999999999999
0.7200817765318392 0.6042203531053468 0.66
0.6863341187105633 0.6437596426414091 0.66
0.6504149109864252 0.6814135627990688 0.66
0.6124295095753632 0.7170628255608292 0.66
0.5724898246164799 0.7505940318911362 0.66
0.530713990910401 0.7819000318787275 0.66
0.4872260188649113 0.8108802664641981 0.66
0.44215542667806573 0.8374410896649014 0.66
0.3956368548487634 0.8614960702669389 0.66
0.34780966416135833 0.8829662720149412 0.66
0.298817518344033 0.9017805113943822 0.66
0.24880795265025948 0.917875592168125 0.66
0.19793192965850678 0.931196515898583 0.66
0.14634338362733337 0.9416966677590524 0.66
0.09419875478091831 0.9493379770122569 0.66
0.04165651493389588 0.9540910516106742 0.66
-0.01112331410613536 0.9559352864515966 0.66
-0.06397964789488085 0.954858944899846 0.66
-0.11675083098213117 0.9508592132723865 0.66
-0.16927513131660052 0.9439422280615205 0.66
-0.2213912359127425 0.9341230757566308 0.66
-0.27293874626046943 0.9214257652083336 0.66
-0.3237586719563732 0.9058831725631321 0.66
-0.373693921037365 0.8875369588809919 0.66
-0.4225897855046707 0.8664374606323969 0.66
-0.4702944205377888 0.8426435533551688 0.66
-0.5166593159143195 0.8162224888343541 0.66
-0.5615397581724787 0.7872497062505607 0.66
-0.6047952820785533 0.7558086178230062 0.66
-0.6462901099914711 0.7219903695529547 0.66
-0.6858935777509511 0.6858935777509512 0.66
-0.7234805457543023 0.6476240421070366 0.66
-0.7589317939297126 0.6072944361367296 0.66
-0.7921343993606985 0.5650239759067445 0.66
-0.8229820953671435 0.5209380680129894 0.66
-0.8513756109028908 0.47516793784906136 0.66
-0.8772229891879868 0.4278502392661398 0.66
-0.9004398845552742 0.3791266467845335 0.66
-0.9209498365558659 0.32914343157311177 0.66
-0.938684520435961 0.2780510224651402 0.66
-0.9535839731682273 0.22600355332759153 0.66
-0.9655967942944229 0.17315839814555295 0.66
-0.9746803209117781 0.11967569522385532 0.66
-0.9808007762137393 0.06571786194427194 0.66
-0.983933391075702 0.01144910154857509 0.66
-0.98406249825813 -0.04296509655485579 0.66
-0.9811815988826891 -0.09735846144023637 0.66
-0.9752934009214951 -0.15156444873051192 0.66
-0.9664098295249999 -0.2054167505279464 0.66
-0.9545520091001848 -0.2587498056478508 0.66
-0.9397502171373037 -0.31139930859009735 0.66
-0.9220438098701864 -0.36320271568377827 0.66
-0.9014811199417758 -0.41399974684596325 0.66
-0.8781193263328906 -0.46363288140582787 0.66
-0.8520242968978996 -0.5119478464605939 0.66
-0.8232704039358031 -0.5587940962495753 0.66
-0.7919403133088684 -0.6040252810572182 0.66
-0.7581247477032312 -0.6474997041851926 0.66
-0.7219222247064447 -0.6890807655673589 0.66
-0.6834387704556514 -0.728637390639588 0.66
-0.6427876096865395 -0.7660444431189779 0.66
-0.6000888330873877 -0.8011831203937194 0.66
-0.55546904293395 -0.8339413302757224 0.66
-0.5090609780495863 -0.8642140479228505 0.66
-0.4610031192005606 -0.8919036517961757 0.66
-0.411439276098724 -0.9169202375797787 0.66
-0.3605181572425725 -0.9391819090561848 0.66
-0.3083929238827865 -0.9586150449993082 0.66
-0.25522072944964097 -0.9751545412185666 0.66
-0.2011622458269529 -0.9887440269624167 0.66
-0.14638117790031954 -0.9993360549667539 0.66
-0.09104376784622296 -1.006892264513122 0.66
-0.03531829066293167 -1.0113835169433247 0.66
0.020625457526015297 -1.0127900031604984 0.66
0.07661667683979685 -1.011101322731815 0.66
0.13248408510335202 -1.0063165342944176 0.66
0.1880564418134295 -0.998444177053716 0.66
0.24316307300477755 -0.9875022632515194 0.66
0.297634395407746 -0.97351824157037 0.66
0.35130243828761654 -0.9565289315296089 0.66
0.40400136135993964 -0.9365804290178797 0.66
0.45556796718511505 -0.9137279831956673 0.66
0.5058422064592815 -0.8880358450898285 0.66
0.5546676746373391 -0.8595770882895883 0.66
0.6018920983474916 -0.8284334022399469 0.66
0.6473678100850596 -0.7946948587135028 0.66
0.6909522097063913 -0.758459652125184 0.66
0.7325082112813438 -0.7198338144359474 0.66
0.7719046739049805 -0.6789309054709807 0.66
0.8090168151156828 -0.6358716795549845 0.66
0.8437266056176613 -0.5907837294415779 0.66
0.875923144060743 -0.5438011085854302 0.66
0.9055030106891286 -0.49506393287425404 0.66
0.932370598733406 -0.4447179630029689 0.66
0.9564384224862753 -0.39291416873404433 0.66
0.9776274010719707 -0.3398082763460361 0.66
0.9958671169920984 -0.2855603006264109 0.66
1.0110960486062748 -0.23033406281481106 0.66
1.023261775784361 -0.17429669594870764 0.66
1.032321158047974 -0.11761813910485629 0.66
1.038240484602119 -0.06047062206689535 0.66
1.0409955957429111 -0.0030281419817214566 0.66
1.0405719752142661 0.0545340664051466 0.66
1.0369648131747693 0.11204006532225727 0.66
1.0301790395255328 0.1693137517222121 0.66
1.0202293274403305 0.226179396565317 0.66
1.00714006703048 0.28246218398546813 0.66
0.9909453091684712 0.3379887486840398 0.66
0.9716886795859933 0.3925877098998757 0.66
0.9494232634534563 0.4460902003108663 0.66
0.9242114607391171 0.49833038823502196 0.66
0.8961248127361507 0.5491459915164624 0.66
0.8652438002352567 0.5983787815042001 0.66
0.8316576139082908 0.6458750755590187 0.66
0.7954638975548025 0.6914862165559937 0.66
0.7567684649478508 0.7350690378872405 0.66
0.7156849910978939 0.7764863125111785 0.66
0.6723346788335972 0.8156071846408194 0.66
0.6268459016758596 0.8523075827142327 0.66
0.5793538240559293 0.8864706123452549 0.66
0.5300000000000005 0.9179869280115047 0.66
0.7200817765318392 0.6042203531053468 0.69
0.6863341187105633 0.6437596426414091 0.69
0.6504149109864252 0.6814135627990688 0.69
0.6124295095753632 0.7170628255608292 0.69
0.5724898246164799 0.7505940318911362 0.69
0.530713990910401 0.7819000318787275 0.69
0.4872260188649113 0.8108802664641981 0.69
0.44215542667806573 0.8374410896649014 0.69
0.3956368548487634 0.8614960702669389 0.69
0.34780966416135833 0.8829662720149412 0.69
0.298817518344033 0.9017805113943822 0.69
0.24880795265025948 0.917875592168125 0.69
0.19793192965850678 0.931196515898583 0.69
0.14634338362733337 0.9416966677590524 0.69
0.09419875478091831 0.9493379770122569 0.69
0.04165651493389588 0.9540910516106742 0.69
-0.01112331410613536 0.9559352864515966 0.69
-0.06397964789488085 0.954858944899846 0.69
-0.11675083098213117 0.9508592132723865 0.69
-0.16927513131660052 0.9439422280615205 0.69
-0.2213912359127425 0.9341230757566308 0.69
-0.27293874626046943 0.9214257652083336 0.69
-0.3237586719563732 0.9058831725631321 0.69
-0.373693921037365 0.8875369588809919 0.69
-0.4225897855046707 0.8664374606323969 0.69
-0.4702944205377888 0.8426435533551688 0.69
-0.5166593159143195 0.8162224888343541 0.69
-0.5615397581724787 0.7872497062505607 0.69
-0.6047952820785533 0.7558086178230062 0.69
-0.6462901099914711 0.7219903695529547 0.69
-0.6858935777509511 0.6858935777509512 0.69
-0.7234805457543023 0.6476240421070366 0.69
-0.7589317939297126 0.6072944361367296 0.69
-0.7921343993606985 0.5650239759067445 0.69
-0.8229820953671435 0.5209380680129894 0.69
-0.8513756109028908 0.47516793784906136 0.69
-0.8772229891879868 0.4278502392661398 0.69
-0.9004398845552742 0.3791266467845335 0.69
-0.9209498365558659 0.32914343157311177 0.69
-0.938684520435961 0.2780510224651402 0.69
-0.9535839731682273 0.22600355332759153 0.69
-0.9655967942944229 0.17315839814555295 0.69
-0.9746803209117781 0.11967569522385532 0.69
-0.9808007762137393 0.06571786194427194 0.69
-0.983933391075702 0.01144910154857509 0.69
-0.98406249825813 -0.04296509655485579 0.69
-0.9811815988826891 -0.09735846144023637 0.69
-0.9752934009214951 -0.15156444873051192 0.69
-0.9664098295249999 -0.2054167505279464 0.69
-0.9545520091001848 -0.2587498056478508 0.69
-0.9397502171373037 -0.31139930859009735 0.69
-0.9220438098701864 -0.36320271568377827 0.69
-0.9014811199417758 -0.41399974684596325 0.69
-0.8781193263328906 -0.46363288140582787 0.69
-0.8520242968978996 -0.5119478464605939 0.69
-0.8232704039358031 -0.5587940962495753 0.69
-0.7919403133088684 -0.6040252810572182 0.69
-0.7581247477032312 -0.6474997041851926 0.69
-0.7219222247064447 -0.6890807655673589 0.69
-0.6834387704556514 -0.728637390639588 0.69
-0.6427876096865395 -0.7660444431189779 0.69
-0.6000888330873877 -0.8011831203937194 0.69
-0.55546904293395 -0.8339413302757224 0.69
-0.5090609780495863 -0.8642140479228505 0.69
-0.4610031192005606 -0.8919036517961757 0.69
-0.411439276098724 -0.9169202375797787 0.69
-0.3605181572425725 -0.9391819090561848 0.69
-0.3083929238827865 -0.9586150449993082 0.69
-0.25522072944964097 -0.9751545412185666 0.69
-0.2011622458269529 -0.9887440269624167 0.69
-0.14638117790031954 -0.9993360549667539 0.69
-0.09104376784622296 -1.006892264513122 0.69
-0.03531829066293167 -1.0113835169433247 0.69
0.020625457526015297 -1.0127900031604984 0.69
0.07661667683979685 -1.011101322731815 0.69
0.13248408510335202 -1.0063165342944176 0.69
0.1880564418134295 -0.998444177053716 0.69
0.24316307300477755 -0.9875022632515194 0.69
0.297634395407746 -0.97351824157037 0.69
0.35130243828761654 -0.9565289315296089 0.69
0.40400136135993964 -0.9365804290178797 0.69
0.45556796718511505 -0.9137279831956673 0.69
0.5058422064592815 -0.8880358450898285 0.69
0.5546676746373391 -0.8595770882895883 0.69
0.6018920983474916 -0.8284334022399469 0.69
0.6473678100850596 -0.7946948587135028 0.69
0.6909522097063913 -0.758459652125184 0.69
0.7325082112813438 -0.7198338144359474 0.69
0.7719046739049805 -0.6789309054709807 0.69
0.8090168151156828 -0.6358716795549845 0.69
0.8437266056176613 -0.5907837294415779 0.69
0.875923144060743 -0.5438011085854302 0.69
0.9055030106891286 -0.49506393287425404 0.69
0.932370598733406 -0.4447179630029689 0.69
0.9564384224862753 -0.39291416873404433 0.69
0.9776274010719707 -0.3398082763460361 0.69
0.9958671169920984 -0.2855603006264109 0.69
1.0110960486062748 -0.23033406281481106 0.69
1.023261775784361 -0.17429669594870764 0.69
1.032321158047974 -0.11761813910485629 0.69
1.038240484602119 -0.06047062206689535 0.69
1.0409955957429111 -0.0030281419817214566 0.69
1.0405719752142661 0.0545340664051466 0.69
1.0369648131747693 0.11204006532225727 0.69
1.0301790395255328 0.1693137517222121 0.69
1.0202293274403305 0.226179396565317 0.69
1.00714006703048 0.28246218398546813 0.69
0.9909453091684712 0.3379887486840398 0.69
0.9716886795859933 0.3925877098998757 0.69
0.9494232634534563 0.4460902003108663 0.69
0.9242114607391171 0.49833038823502196 0.69
0.8961248127361507 0.5491459915164624 0.69
0.8652438002352567 0.5983787815042001 0.69
0.8316576139082908 0.6458750755590187 0.69
0.7954638975548025 0.6914862165559937 0.69
0.7567684649478508 0.7350690378872405 0.69
0.7156849910978939 0.7764863125111785 0.69
0.6723346788335972 0.8156071846408194 0.69
0.6268459016758596 0.8523075827142327 0.69
0.5793538240559293 0.8864706123452549 0.69
0.5300000000000005 0.9179869280115047 0.69
0.7200817765318392 0.6042203531053468 0.7200000000000001
0.6863341187105633 0.6437596426414091 0.7200000000000001
0.6504149109864252 0.6814135627990688 0.7200000000000001
0.6124295095753632 0.7170628255608292 0.7200000000000001
0.5724898246164799 0.7505940318911362 0.7200000000000001
0.530713990910401 0.7819000318787275 0.7200000000000001
0.4872260188649113 0.8108802664641981 0.7200000000000001
0.44215542667806573 0.8374410896649014 0.7200000000000001
0.3956368548487634 0.8614960702669389 0.7200000000000001
0.34780966416135833 0.8829662720149412 0.7200000000000001
0.298817518344033 0.9017805113943822 0.7200000000000001
0.24880795265025948 0.917875592168125 0.7200000000000001
0.19793192965850678 0.931196515898583 0.7200000000000001
0.14634338362733337 0.9416966677590524 0.7200000000000001
0.09419875478091831 0.9493379770122569 0.7200000000000001
0.04165651493389588 0.9540910516106742 0.7200000000000001
-0.01112331410613536 0.9559352864515966 0.7200000000000001
-0.06397964789488085 0.954858944899846 0.7200000000000001
-0.11675083098213117 0.9508592132723865 0.7200000000000001
-0.16927513131660052 0.9439422280615205 0.7200000000000001
-0.2213912359127425 0.9341230757566308 0.7200000000000001
-0.27293874626046943 0.9214257652083336 0.7200000000000001
-0.3237586719563732 0.9058831725631321 0.7200000000000001
-0.373693921037365 0.8875369588809919 0.7200000000000001
-0.4225897855046707 0.8664374606323969 0.7200000000000001
-0.4702944205377888 0.8426435533551688 0.7200000000000001
-0.5166593159143195 0.8162224888343541 0.7200000000000001
-0.5615397581724787 0.7872497062505607 0.7200000000000001
-0.6047952820785533 0.7558086178230062 0.7200000000000001
-0.6462901099914711 0.7219903695529547 0.7200000000000001
-0.6858935777509511 0.6858935777509512 0.7200000000000001
-0.7234805457543023 0.6476240421070366 0.7200000000000001
-0.7589317939297126 0.6072944361367296 0.7200000000000001
-0.7921343993606985 0.5650239759067445 0.7200000000000001
-0.8229820953671435 0.5209380680129894 0.7200000000000001
-0.8513756109028908 0.47516793784906136 0.7200000000000001
-0.8772229891879868 0.4278502392661398 0.7200000000000001
-0.9004398845552742 0.3791266467845335 0.7200000000000001
-0.9209498365558659 0.32914343157311177 0.7200000000000001
-0.938684520435961 0.2780510224651402 0.7200000000000001
-0.9535839731682273 0.22600355332759153 0.7200000000000001
-0.9655967942944229 0.17315839814555295 0.7200000000000001
-0.9746803209117781 0.11967569522385532 0.7200000000000001
-0.9808007762137393 0.06571786194427194 0.7200000000000001
-0.983933391075702 0.01144910154857509 0.7200000000000001
-0.98406249825813 -0.04296509655485579 0.7200000000000001
-0.9811815988826891 -0.09735846144023637 0.7200000000000001
-0.9752934009214951 -0.15156444873051192 0.7200000000000001
-0.9664098295249999 -0.2054167505279464 0.7200000000000001
-0.9545520091001848 -0.2587498056478508 0.7200000000000001
-0.9397502171373037 -0.31139930859009735 0.7200000000000001
-0.9220438098701864 -0.36320271568377827 0.7200000000000001
-0.9014811199417758 -0.41399974684596325 0.7200000000000001
-0.8781193263328906 -0.46363288140582787 0.7200000000000001
-0.8520242968978996 -0.5119478464605939 0.7200000000000001
-0.8232704039358031 -0.5587940962495753 0.7200000000000001
-0.7919403133088684 -0.6040252810572182 0.7200000000000001
-0.7581247477032312 -0.6474997041851926 0.7200000000000001
-0.7219222247064447 -0.6890807655673589 0.7200000000000001
-0.6834387704556514 -0.728637390639588 0.7200000000000001
-0.6427876096865395 -0.7660444431189779 0.7200000000000001
-0.6000888330873877 -0.8011831203937194 0.7200000000000001
-0.55546904293395 -0.8339413302757224 0.7200000000000001
-0.5090609780495863 -0.8642140479228505 0.7200000000000001
-0.4610031192005606 -0.8919036517961757 0.7200000000000001
-0.411439276098724 -0.9169202375797787 0.7200000000000001
-0.3605181572425725 -0.9391819090561848 0.7200000000000001
-0.3083929238827865 -0.9586150449993082 0.7200000000000001
-0.25522072944964097 -0.9751545412185666 0.7200000000000001
-0.2011622458269529 -0.9887440269624167 0.7200000000000001
-0.14638117790031954 -0.9993360549667539 0.7200000000000001
-0.09104376784622296 -1.006892264513122 0.7200000000000001
-0.03531829066293167 -1.0113835169433247 0.7200000000000001
0.020625457526015297 -1.0127900031604984 0.7200000000000001
0.07661667683979685 -1.011101322731815 0.7200000000000001
0.13248408510335202 -1.0063165342944176 0.7200000000000001
0.1880564418134295 -0.998444177053716 0.7200000000000001
0.24316307300477755 -0.9875022632515194 0.7200000000000001
0.297634395407746 -0.97351824157037 0.7200000000000001
0.35130243828761654 -0.9565289315296089 0.7200000000000001
0.40400136135993964 -0.9365804290178797 0.7200000000000001
0.45556796718511505 -0.9137279831956673 0.7200000000000001
0.5058422064592815 -0.8880358450898285 0.7200000000000001
0.5546676746373391 -0.8595770882895883 0.7200000000000001
0.6018920983474916 -0.8284334022399469 0.7200000000000001
0.6473678100850596 -0.7946948587135028 0.7200000000000001
0.6909522097063913 -0.758459652125184 0.7200000000000001
0.7325082112813438 -0.7198338144359474 0.7200000000000001
0.7719046739049805 -0.6789309054709807 0.7200000000000001
0.8090168151156828 -0.6358716795549845 0.7200000000000001
0.8437266056176613 -0.5907837294415779 0.7200000000000001
0.875923144060743 -0.5438011085854302 0.7200000000000001
0.9055030106891286 -0.49506393287425404 0.7200000000000001
0.932370598733406 -0.4447179630029689 0.7200000000000001
0.9564384224862753 -0.39291416873404433 0.7200000000000001
0.9776274010719707 -0.3398082763460361 0.7200000000000001
0.9958671169920984 -0.2855603006264109 0.7200000000000001
1.0110960486062748 -0.23033406281481106 0.7200000000000001
1.023261775784361 -0.17429669594870764 0.7200000000000001
1.032321158047974 -0.11761813910485629 0.7200000000000001
1.038240484602119 -0.06047062206689535 0.7200000000000001
1.0409955957429111 -0.0030281419817214566 0.7200000000000001
1.0405719752142661 0.0545340664051466 0.7200000000000001
1.0369648131747693 0.11204006532225727 0.7200000000000001
1.0301790395255328 0.1693137517222121 0.7200000000000001
1.0202293274403305 0.226179396565317 0.7200000000000001
1.00714006703048 0.28246218398546813 0.7200000000000001
0.9909453091684712 0.3379887486840398 0.7200000000000001
0.9716886795859933 0.3925877098998757 0.7200000000000001
0.9494232634534563 0.4460902003108663 0.7200000000000001
0.9242114607391171 0.49833038823502196 0.7200000000000001
0.8961248127361507 0.5491459915164624 0.7200000000000001
0.8652438002352567 0.5983787815042001 0.7200000000000001
0.8316576139082908 0.6458750755590187 0.7200000000000001
0.7954638975548025 0.6914862165559937 0.7200000000000001
0.7567684649478508 0.7350690378872405 0.7200000000000001
0.7156849910978939 0.7764863125111785 0.7200000000000001
0.6723346788335972 0.8156071846408194 0.7200000000000001
0.6268459016758596 0.8523075827142327 0.7200000000000001
0.5793538240559293 0.8864706123452549 0.7200000000000001
0.5300000000000005 0.9179869280115047 0.7200000000000001
0.7200817765318392 0.6042203531053468 0.75
0.6863341187105633 0.6437596426414091 0.75
0.6504149109864252 0.6814135627990688 0.75
0.6124295095753632 0.7170628255608292 0.75
0.5724898246164799 0.7505940318911362 0.75
0.530713990910401 0.7819000318787275 0.75
0.4872260188649113 0.8108802664641981 0.75
0.44215542667806573 0.8374410896649014 0.75
0.3956368548487634 0.8614960702669389 0.75
0.34780966416135833 0.8829662720149412 0.75
0.298817518344033 0.9017805113943822 0.75
0.24880795265025948 0.917875592168125 0.75
0.19793192965850678 0.931196515898583 0.75
0.14634338362733337 0.9416966677590524 0.75
0.09419875478091831 0.9493379770122569 0.75
0.04165651493389588 0.9540910516106742 0.75
-0.01112331410613536 0.9559352864515966 0.75
-0.06397964789488085 0.954858944899846 0.75
-0.11675083098213117 0.9508592132723865 0.75
-0.16927513131660052 0.9439422280615205 0.75
-0.2213912359127425 0.9341230757566308 0.75
-0.27293874626046943 0.9214257652083336 0.75
-0.3237586719563732 0.9058831725631321 0.75
-0.373693921037365 0.8875369588809919 0.75
-0.4225897855046707 0.8664374606323969 0.75
-0.4702944205377888 0.8426435533551688 0.75
-0.5166593159143195 0.8162224888343541 0.75
-0.5615397581724787 0.7872497062505607 0.75
-0.6047952820785533 0.7558086178230062 0.75
-0.6462901099914711 0.7219903695529547 0.75
-0.6858935777509511 0.6858935777509512 0.75
-0.7234805457543023 0.6476240421070366 0.75
-0.7589317939297126 0.6072944361367296 0.75
-0.7921343993606985 0.5650239759067445 0.75
-0.8229820953671435 0.5209380680129894 0.75
-0.8513756109028908 0.47516793784906136 0.75
-0.8772229891879868 0.4278502392661398 0.75
-0.9004398845552742 0.3791266467845335 0.75
-0.9209498365558659 0.32914343157311177 0.75
-0.938684520435961 0.2780510224651402 0.75
-0.9535839731682273 0.22600355332759153 0.75
-0.9655967942944229 0.17315839814555295 0.75
-0.9746803209117781 0.11967569522385532 0.75
-0.9808007762137393 0.06571786194427194 0.75
-0.983933391075702 0.01144910154857509 0.75
-0.98406249825813 -0.04296509655485579 0.75
-0.9811815988826891 -0.09735846144023637 0.75
-0.9752934009214951 -0.15156444873051192 0.75
-0.9664098295249999 -0.2054167505279464 0.75
-0.9545520091001848 -0.2587498056478508 0.75
-0.9397502171373037 -0.31139930859009735 0.75
-0.9220438098701864 -0.36320271568377827 0.75
-0.9014811199417758 -0.41399974684596325 0.75
-0.8781193263328906 -0.46363288140582787 0.75
-0.8520242968978996 -0.5119478464605939 0.75
-0.8232704039358031 -0.5587940962495753 0.75
-0.7919403133088684 -0.6040252810572182 0.75
-0.7581247477032312 -0.6474997041851926 0.75
-0.7219222247064447 -0.6890807655673589 0.75
-0.6834387704556514 -0.728637390639588 0.75
-0.6427876096865395 -0.7660444431189779 0.75
-0.6000888330873877 -0.8011831203937194 0.75
-0.55546904293395 -0.8339413302757224 0.75
-0.5090609780495863 -0.8642140479228505 0.75
-0.4610031192005606 -0.8919036517961757 0.75
-0.411439276098724 -0.9169202375797787 0.75
-0.3605181572425725 -0.9391819090561848 0.75
-0.3083929238827865 -0.9586150449993082 0.75
-0.25522072944964097 -0.9751545412185666 0.75
-0.2011622458269529 -0.9887440269624167 0.75
-0.14638117790031954 -0.9993360549667539 0.75
-0.09104376784622296 -1.006892264513122 0.75
-0.03531829066293167 -1.0113835169433247 0.75
0.020625457526015297 -1.0127900031604984 0.75
0.07661667683979685 -1.011101322731815 0.75
0.13248408510335202 -1.0063165342944176 0.75
0.1880564418134295 -0.998444177053716 0.75
0.24316307300477755 -0.9875022632515194 0.75
0.297634395407746 -0.97351824157037 0.75
0.35130243828761654 -0.9565289315296089 0.75
0.40400136135993964 -0.9365804290178797 0.75
0.45556796718511505 -0.9137279831956673 0.75
0.5058422064592815 -0.8880358450898285 0.75
0.5546676746373391 -0.8595770882895883 0.75
0.6018920983474916 -0.8284334022399469 0.75
0.6473678100850596 -0.7946948587135028 0.75
0.6909522097063913 -0.758459652125184 0.75
0.7325082112813438 -0.7198338144359474 0.75
0.7719046739049805 -0.6789309054709807 0.75
0.8090168151156828 -0.6358716795549845 0.75
0.8437266056176613 -0.5907837294415779 0.75
0.875923144060743 -0.5438011085854302 0.75
0.9055030106891286 -0.49506393287425404 0.75
0.932370598733406 -0.4447179630029689 0.75
0.9564384224862753 -0.39291416873404433 0.75
0.9776274010719707 -0.3398082763460361 0.75
0.9958671169920984 -0.2855603006264109 0.75
1.0110960486062748 -0.23033406281481106 0.75
1.023261775784361 -0.17429669594870764 0.75
1.032321158047974 -0.11761813910485629 0.75
1.038240484602119 -0.06047062206689535 0.75
1.0409955957429111 -0.0030281419817214566 0.75
1.0405719752142661 0.0545340664051466 0.75
1.0369648131747693 0.11204006532225727 0.75
1.0301790395255328 0.1693137517222121 0.75
1.0202293274403305 0.226179396565317 0.75
1.00714006703048 0.28246218398546813 0.75
0.9909453091684712 0.3379887486840398 0.75
0.9716886795859933 0.3925877098998757 0.75
0.9494232634534563 0.4460902003108663 0.75
0.9242114607391171 0.49833038823502196 0.75
0.8961248127361507 0.5491459915164624 0.75
0.8652438002352567 0.5983787815042001 0.75
0.8316576139082908 0.6458750755590187 0.75
0.7954638975548025 0.6914862165559937 0.75
0.7567684649478508 0.7350690378872405 0.75
0.7156849910978939 0.7764863125111785 0.75
0.6723346788335972 0.8156071846408194 0.75
0.6268459016758596 0.8523075827142327 0.75
0.5793538240559293 0.8864706123452549 0.75
0.5300000000000005 0.9179869280115047 0.75
0.7200817765318392 0.6042203531053468 0.7799999999999999
0.6863341187105633 0.6437596426414091 0.7799999999999999
0.6504149109864252 0.6814135627990688 0.7799999999999999
0.6124295095753632 0.7170628255608292 0.7799999999999999
0.5724898246164799 0.7505940318911362 0.7799999999999999
0.530713990910401 0.7819000318787275 0.7799999999999999
0.4872260188649113 0.8108802664641981 0.7799999999999999
0.44215542667806573 0.8374410896649014 0.7799999999999999
0.3956368548487634 0.8614960702669389 0.7799999999999999
0.34780966416135833 0.8829662720149412 0.7799999999999999
0.298817518344033 0.9017805113943822 0.7799999999999999
0.24880795265025948 0.917875592168125 0.7799999999999999
0.19793192965850678 0.931196515898583 0.7799999999999999
0.14634338362733337 0.9416966677590524 0.7799999999999999
0.09419875478091831 0.9493379770122569 0.7799999999999999
0.04165651493389588 0.9540910516106742 0.7799999999999999
-0.01112331410613536 0.9559352864515966 0.7799999999999999
-0.06397964789488085 0.954858944899846 0.7799999999999999
-0.11675083098213117 0.9508592132723865 0.7799999999999999
-0.16927513131660052 0.9439422280615205 0.7799999999999999
-0.2213912359127425 0.9341230757566308 0.7799999999999999
-0.27293874626046943 0.9214257652083336 0.7799999999999999
-0.3237586719563732 0.9058831725631321 0.7799999999999999
-0.373693921037365 0.8875369588809919 0.7799999999999999
-0.4225897855046707 0.8664374606323969 0.7799999999999999
-0.4702944205377888 0.8426435533551688 0.7799999999999999
-0.5166593159143195 0.8162224888343541 0.7799999999999999
-0.5615397581724787 0.7872497062505607 0.7799999999999999
-0.6047952820785533 0.7558086178230062 0.7799999999999999
-0.6462901099914711 0.7219903695529547 0.7799999999999999
-0.6858935777509511 0.6858935777509512 0.7799999999999999
-0.7234805457543023 0.6476240421070366 0.7799999999999999
-0.7589317939297126 0.6072944361367296 0.7799999999999999
-0.7921343993606985 0.5650239759067445 0.7799999999999999
-0.8229820953671435 0.5209380680129894 0.7799999999999999
-0.8513756109028908 0.47516793784906136 0.7799999999999999
-0.8772229891879868 0.4278502392661398 0.7799999999999999
-0.9004398845552742 0.3791266467845335 0.7799999999999999
-0.9209498365558659 0.32914343157311177 0.7799999999999999
-0.938684520435961 0.2780510224651402 0.7799999999999999
-0.9535839731682273 0.22600355332759153 0.7799999999999999
-0.9655967942944229 0.17315839814555295 0.7799999999999999
-0.9746803209117781 0.11967569522385532 0.7799999999999999
-0.9808007762137393 0.06571786194427194 0.7799999999999999
-0.983933391075702 0.01144910154857509 0.7799999999999999
-0.98406249825813 -0.04296509655485579 0.7799999999999999
-0.9811815988826891 -0.09735846144023637 0.7799999999999999
-0.9752934009214951 -0.15156444873051192 0.7799999999999999
-0.9664098295249999 -0.2054167505279464 0.7799999999999999
-0.9545520091001848 -0.2587498056478508 0.7799999999999999
-0.9397502171373037 -0.31139930859009735 0.7799999999999999
-0.9220438098701864 -0.36320271568377827 0.7799999999999999
-0.9014811199417758 -0.41399974684596325 0.7799999999999999
-0.8781193263328906 -0.46363288140582787 0.7799999999999999
-0.8520242968978996 -0.5119478464605939 0.7799999999999999
-0.8232704039358031 -0.5587940962495753 0.7799999999999999
-0.7919403133088684 -0.6040252810572182 0.7799999999999999
-0.7581247477032312 -0.6474997041851926 0.7799999999999999
-0.7219222247064447 -0.6890807655673589 0.7799999999999999
-0.6834387704556514 -0.728637390639588 0.7799999999999999
-0.6427876096865395 -0.7660444431189779 0.7799999999999999
-0.6000888330873877 -0.8011831203937194 0.7799999999999999
-0.55546904293395 -0.8339413302757224 0.7799999999999999
-0.5090609780495863 -0.8642140479228505 0.7799999999999999
-0.4610031192005606 -0.8919036517961757 0.7799999999999999
-0.411439276098724 -0.9169202375797787 0.7799999999999999
-0.3605181572425725 -0.9391819090561848 0.7799999999999999
-0.3083929238827865 -0.9586150449993082 0.7799999999999999
-0.25522072944964097 -0.9751545412185666 0.7799999999999999
-0.2011622458269529 -0.9887440269624167 0.7799999999999999
-0.14638117790031954 -0.9993360549667539 0.7799999999999999
-0.09104376784622296 -1.006892264513122 0.7799999999999999
-0.03531829066293167 -1.0113835169433247 0.7799999999999999
0.020625457526015297 -1.0127900031604984 0.7799999999999999
0.07661667683979685 -1.011101322731815 0.7799999999999999
0.13248408510335202 -1.0063165342944176 0.7799999999999999
0.1880564418134295 -0.998444177053716 0.7799999999999999
0.24316307300477755 -0.9875022632515194 0.7799999999999999
0.297634395407746 -0.97351824157037 0.7799999999999999
0.35130243828761654 -0.9565289315296089 0.7799999999999999
0.40400136135993964 -0.9365804290178797 0.7799999999999999
0.45556796718511505 -0.9137279831956673 0.7799999999999999
0.5058422064592815 -0.8880358450898285 0.7799999999999999
0.5546676746373391 -0.8595770882895883 0.7799999999999999
0.6018920983474916 -0.8284334022399469 0.7799999999999999
0.6473678100850596 -0.7946948587135028 0.7799999999999999
0.6909522097063913 -0.758459652125184 0.7799999999999999
0.7325082112813438 -0.7198338144359474 0.7799999999999999
0.7719046739049805 -0.6789309054709807 0.7799999999999999
0.8090168151156828 -0.6358716795549845 0.7799999999999999
0.8437266056176613 -0.5907837294415779 0.7799999999999999
0.875923144060743 -0.5438011085854302 0.7799999999999999
0.9055030106891286 -0.49506393287425404 0.7799999999999999
0.932370598733406 -0.4447179630029689 0.7799999999999999
0.9564384224862753 -0.39291416873404433 0.7799999999999999
0.9776274010719707 -0.3398082763460361 0.7799999999999999
0.9958671169920984 -0.2855603006264109 0.7799999999999999
1.0110960486062748 -0.23033406281481106 0.7799999999999999
1.023261775784361 -0.17429669594870764 0.7799999999999999
1.032321158047974 -0.11761813910485629 0.7799999999999999
1.038240484602119 -0.06047062206689535 0.7799999999999999
1.0409955957429111 -0.0030281419817214566 0.7799999999999999
1.0405719752142661 0.0545340664051466 0.7799999999999999
1.0369648131747693 0.11204006532225727 0.7799999999999999
1.0301790395255328 0.1693137517222121 0.7799999999999999
1.0202293274403305 0.226179396565317 0.7799999999999999
1.00714006703048 0.28246218398546813 0.7799999999999999
0.9909453091684712 0.3379887486840398 0.7799999999999999
0.9716886795859933 0.3925877098998757 0.7799999999999999
0.9494232634534563 0.4460902003108663 0.7799999999999999
0.9242114607391171 0.49833038823502196 0.7799999999999999
0.8961248127361507 0.5491459915164624 0.7799999999999999
0.8652438002352567 0.5983787815042001 0.7799999999999999
0.8316576139082908 0.6458750755590187 0.7799999999999999
0.7954638975548025 0.6914862165559937 0.7799999999999999
0.7567684649478508 0.7350690378872405 0.7799999999999999
0.7156849910978939 0.7764863125111785 0.7799999999999999
0.6723346788335972 0.8156071846408194 0.7799999999999999
0.6268459016758596 0.8523075827142327 0.7799999999999999
0.5793538240559293 0.8864706123452549 0.7799999999999999
0.5300000000000005 0.9179869280115047 0.7799999999999999
0.7200817765318392 0.6042203531053468 0.81
0.6863341187105633 0.6437596426414091 0.81
0.6504149109864252 0.6814135627990688 0.81
0.6124295095753632 0.7170628255608292 0.81
0.5724898246164799 0.7505940318911362 0.81
0.530713990910401 0.7819000318787275 0.81
0.4872260188649113 0.8108802664641981 0.81
0.44215542667806573 0.8374410896649014 0.81
0.3956368548487634 0.8614960702669389 0.81
0.34780966416135833 0.8829662720149412 0.81
0.298817518344033 0.9017805113943822 0.81
0.24880795265025948 0.917875592168125 0.81
0.19793192965850678 0.931196515898583 0.81
0.14634338362733337 0.9416966677590524 0.81
0.09419875478091831 0.9493379770122569 0.81
0.04165651493389588 0.9540910516106742 0.81
-0.01112331410613536 0.9559352864515966 0.81
-0.06397964789488085 0.954858944899846 0.81
-0.11675083098213117 0.9508592132723865 0.81
-0.16927513131660052 0.9439422280615205 0.81
-0.2213912359127425 0.9341230757566308 0.81
-0.27293874626046943 0.9214257652083336 0.81
-0.3237586719563732 0.9058831725631321 0.81
-0.373693921037365 0.8875369588809919 0.81
-0.4225897855046707 0.8664374606323969 0.81
-0.4702944205377888 0.8426435533551688 0.81
-0.5166593159143195 0.8162224888343541 0.81
-0.5615397581724787 0.7872497062505607 0.81
-0.6047952820785533 0.7558086178230062 0.81
-0.6462901099914711 0.7219903695529547 0.81
-0.6858935777509511 0.6858935777509512 0.81
-0.7234805457543023 0.6476240421070366 0.81
-0.7589317939297126 0.6072944361367296 0.81
-0.7921343993606985 0.5650239759067445 0.81
-0.8229820953671435 0.5209380680129894 0.81
-0.8513756109028908 0.47516793784906136 0.81
-0.8772229891879868 0.4278502392661398 0.81
-0.9004398845552742 0.3791266467845335 0.81
-0.9209498365558659 0.32914343157311177 0.81
-0.938684520435961 0.2780510224651402 0.81
-0.9535839731682273 0.22600355332759153 0.81
-0.9655967942944229 0.17315839814555295 0.81
-0.9746803209117781 0.11967569522385532 0.81
-0.9808007762137393 0.06571786194427194 0.81
-0.983933391075702 0.01144910154857509 0.81
-0.98406249825813 -0.04296509655485579 0.81
-0.9811815988826891 -0.09735846144023637 0.81
-0.9752934009214951 -0.15156444873051192 0.81
-0.9664098295249999 -0.2054167505279464 0.81
-0.9545520091001848 -0.2587498056478508 0.81
-0.9397502171373037 -0.31139930859009735 0.81
-0.9220438098701864 -0.36320271568377827 0.81
-0.9014811199417758 -0.41399974684596325 0.81
-0.8781193263328906 -0.46363288140582787 0.81
-0.8520242968978996 -0.5119478464605939 0.81
-0.8232704039358031 -0.5587940962495753 0.81
-0.7919403133088684 -0.6040252810572182 0.81
-0.7581247477032312 -0.6474997041851926 0.81
-0.7219222247064447 -0.6890807655673589 0.81
-0.6834387704556514 -0.728637390639588 0.81
-0.6427876096865395 -0.7660444431189779 0.81
-0.6000888330873877 -0.8011831203937194 0.81
-0.55546904293395 -0.8339413302757224 0.81
-0.5090609780495863 -0.8642140479228505 0.81
-0.4610031192005606 -0.8919036517961757 0.81
-0.411439276098724 -0.9169202375797787 0.81
-0.3605181572425725 -0.9391819090561848 0.81
-0.3083929238827865 -0.9586150449993082 0.81
-0.25522072944964097 -0.9751545412185666 0.81
-0.2011622458269529 -0.9887440269624167 0.81
-0.14638117790031954 -0.9993360549667539 0.81
-0.09104376784622296 -1.006892264513122 0.81
-0.03531829066293167 -1.0113835169433247 0.81
0.020625457526015297 -1.0127900031604984 0.81
0.07661667683979685 -1.011101322731815 0.81
0.13248408510335202 -1.0063165342944176 0.81
0.1880564418134295 -0.998444177053716 0.81
0.24316307300477755 -0.9875022632515194 0.81
0.297634395407746 -0.97351824157037 0.81
0.35130243828761654 -0.9565289315296089 0.81
0.40400136135993964 -0.9365804290178797 0.81
0.45556796718511505 -0.9137279831956673 0.81
0.5058422064592815 -0.8880358450898285 0.81
0.5546676746373391 -0.8595770882895883 0.81
0.6018920983474916 -0.8284334022399469 0.81
0.6473678100850596 -0.7946948587135028 0.81
0.6909522097063913 -0.758459652125184 0.81
0.7325082112813438 -0.7198338144359474 0.81
0.7719046739049805 -0.6789309054709807 0.81
0.8090168151156828 -0.6358716795549845 0.81
0.8437266056176613 -0.5907837294415779 0.81
0.875923144060743 -0.5438011085854302 0.81
0.9055030106891286 -0.49506393287425404 0.81
0.932370598733406 -0.4447179630029689 0.81
0.9564384224862753 -0.39291416873404433 0.81
0.9776274010719707 -0.3398082763460361 0.81
0.9958671169920984 -0.2855603006264109 0.81
1.0110960486062748 -0.23033406281481106 0.81
1.023261775784361 -0.17429669594870764 0.81
1.032321158047974 -0.11761813910485629 0.81
1.038240484602119 -0.06047062206689535 0.81
1.0409955957429111 -0.0030281419817214566 0.81
1.0405719752142661 0.0545340664051466 0.81
1.0369648131747693 0.11204006532225727 0.81
1.0301790395255328 0.1693137517222121 0.81
1.0202293274403305 0.226179396565317 0.81
1.00714006703048 0.28246218398546813 0.81
0.9909453091684712 0.3379887486840398 0.81
0.9716886795859933 0.3925877098998757 0.81
0.9494232634534563 0.4460902003108663 0.81
0.9242114607391171 0.49833038823502196 0.81
0.8961248127361507 0.5491459915164624 0.81
0.8652438002352567 0.5983787815042001 0.81
0.8316576139082908 0.6458750755590187 0.81
0.7954638975548025 0.6914862165559937 0.81
0.7567684649478508 0.7350690378872405 0.81
0.7156849910978939 0.7764863125111785 0.81
0.6723346788335972 0.8156071846408194 0.81
0.6268459016758596 0.8523075827142327 0.81
0.5793538240559293 0.8864706123452549 0.81
0.5300000000000005 0.9179869280115047 0.81
0.7200817765318392 0.6042203531053468 0.84
0.6863341187105633 0.6437596426414091 0.84
0.6504149109864252 0.6814135627990688 0.84
0.6124295095753632 0.7170628255608292 0.84
0.5724898246164799 0.7505940318911362 0.84
0.530713990910401 0.7819000318787275 0.84
0.4872260188649113 0.8108802664641981 0.84
0.44215542667806573 0.8374410896649014 0.84
0.3956368548487634 0.8614960702669389 0.84
0.34780966416135833 0.8829662720149412 0.84
0.298817518344033 0.9017805113943822 0.84
0.24880795265025948 0.917875592168125 0.84
0.19793192965850678 0.931196515898583 0.84
0.14634338362733337 0.9416966677590524 0.84
0.09419875478091831 0.9493379770122569 0.84
0.04165651493389588 0.9540910516106742 0.84
-0.01112331410613536 0.9559352864515966 0.84
-0.06397964789488085 0.954858944899846 0.84
-0.11675083098213117 0.9508592132723865 0.84
-0.16927513131660052 0.9439422280615205 0.84
-0.2213912359127425 0.9341230757566308 0.84
-0.27293874626046943 0.9214257652083336 0.84
-0.3237586719563732 0.9058831725631321 0.84
-0.373693921037365 0.8875369588809919 0.84
-0.4225897855046707 0.8664374606323969 0.84
-0.4702944205377888 0.8426435533551688 0.84
-0.5166593159143195 0.8162224888343541 0.84
-0.5615397581724787 0.7872497062505607 0.84
-0.6047952820785533 0.7558086178230062 0.84
-0.6462901099914711 0.7219903695529547 0.84
-0.6858935777509511 0.6858935777509512 0.84
-0.7234805457543023 0.6476240421070366 0.84
-0.7589317939297126 0.6072944361367296 0.84
-0.7921343993606985 0.5650239759067445 0.84
-0.8229820953671435 0.5209380680129894 0.84
-0.8513756109028908 0.47516793784906136 0.84
-0.8772229891879868 0.4278502392661398 0.84
-0.9004398845552742 0.3791266467845335 0.84
-0.9209498365558659 0.32914343157311177 0.84
-0.938684520435961 0.2780510224651402 0.84
-0.9535839731682273 0.22600355332759153 0.84
-0.9655967942944229 0.17315839814555295 0.84
-0.9746803209117781 0.11967569522385532 0.84
-0.9808007762137393 0.06571786194427194 0.84
-0.983933391075702 0.01144910154857509 0.84
-0.98406249825813 -0.04296509655485579 0.84
-0.9811815988826891 -0.09735846144023637 0.84
-0.9752934009214951 -0.15156444873051192 0.84
-0.9664098295249999 -0.2054167505279464 0.84
-0.9545520091001848 -0.2587498056478508 0.84
-0.9397502171373037 -0.31139930859009735 0.84
-0.9220438098701864 -0.36320271568377827 0.84
-0.9014811199417758 -0.41399974684596325 0.84
-0.8781193263328906 -0.46363288140582787 0.84
-0.8520242968978996 -0.5119478464605939 0.84
-0.8232704039358031 -0.5587940962495753 0.84
-0.7919403133088684 -0.6040252810572182 0.84
-0.7581247477032312 -0.6474997041851926 0.84
-0.7219222247064447 -0.6890807655673589 0.84
-0.6834387704556514 -0.728637390639588 0.84
-0.6427876096865395 -0.7660444431189779 0.84
-0.6000888330873877 -0.8011831203937194 0.84
-0.55546904293395 -0.8339413302757224 0.84
-0.5090609780495863 -0.8642140479228505 0.84
-0.4610031192005606 -0.8919036517961757 0.84
-0.411439276098724 -0.9169202375797787 0.84
-0.3605181572425725 -0.9391819090561848 0.84
-0.3083929238827865 -0.9586150449993082 0.84
-0.25522072944964097 -0.9751545412185666 0.84
-0.2011622458269529 -0.9887440269624167 0.84
-0.14638117790031954 -0.9993360549667539 0.84
-0.09104376784622296 -1.006892264513122 0.84
-0.03531829066293167 -1.0113835169433247 0.84
0.020625457526015297 -1.0127900031604984 0.84
0.07661667683979685 -1.011101322731815 0.84
0.13248408510335202 -1.0063165342944176 0.84
0.1880564418134295 -0.998444177053716 0.84
0.24316307300477755 -0.9875022632515194 0.84
0.297634395407746 -0.97351824157037 0.84
0.35130243828761654 -0.9565289315296089 0.84
0.40400136135993964 -0.9365804290178797 0.84
0.45556796718511505 -0.9137279831956673 0.84
0.5058422064592815 -0.8880358450898285 0.84
0.5546676746373391 -0.8595770882895883 0.84
0.6018920983474916 -0.8284334022399469 0.84
0.6473678100850596 -0.7946948587135028 0.84
0.6909522097063913 -0.758459652125184 0.84
0.7325082112813438 -0.7198338144359474 0.84
0.7719046739049805 -0.6789309054709807 0.84
0.8090168151156828 -0.6358716795549845 0.84
0.8437266056176613 -0.5907837294415779 0.84
0.875923144060743 -0.5438011085854302 0.84
0.9055030106891286 -0.49506393287425404 0.84
0.932370598733406 -0.4447179630029689 0.84
0.9564384224862753 -0.39291416873404433 0.84
0.9776274010719707 -0.3398082763460361 0.84
0.9958671169920984 -0.2855603006264109 0.84
1.0110960486062748 -0.23033406281481106 0.84
1.023261775784361 -0.17429669594870764 0.84
1.032321158047974 -0.11761813910485629 0.84
1.038240484602119 -0.06047062206689535 0.84
1.0409955957429111 -0.0030281419817214566 0.84
1.0405719752142661 0.0545340664051466 0.84
1.0369648131747693 0.11204006532225727 0.84
1.0301790395255328 0.1693137517222121 0.84
1.0202293274403305 0.226179396565317 0.84
1.00714006703048 0.28246218398546813 0.84
0.9909453091684712 0.3379887486840398 0.84
0.9716886795859933 0.3925877098998757 0.84
0.9494232634534563 0.4460902003108663 0.84
0.9242114607391171 0.49833038823502196 0.84
0.8961248127361507 0.5491459915164624 0.84
0.8652438002352567 0.5983787815042001 0.84
0.8316576139082908 0.6458750755590187 0.84
0.7954638975548025 0.6914862165559937 0.84
0.7567684649478508 0.7350690378872405 0.84
0.7156849910978939 0.7764863125111785 0.84
0.6723346788335972 0.8156071846408194 0.84
0.6268459016758596 0.8523075827142327 0.84
0.5793538240559293 0.8864706123452549 0.84
0.5300000000000005 0.9179869280115047 0.84
0.7200817765318392 0.6042203531053468 0.8700000000000001
0.6863341187105633 0.6437596426414091 0.8700000000000001
0.6504149109864252 0.6814135627990688 0.8700000000000001
0.6124295095753632 0.7170628255608292 0.8700000000000001
0.5724898246164799 0.7505940318911362 0.8700000000000001
0.530713990910401 0.7819000318787275 0.8700000000000001
0.4872260188649113 0.8108802664641981 0.8700000000000001
0.44215542667806573 0.8374410896649014 0.8700000000000001
0.3956368548487634 0.8614960702669389 0.8700000000000001
0.34780966416135833 0.8829662720149412 0.8700000000000001
0.298817518344033 0.9017805113943822 0.8700000000000001
0.24880795265025948 0.917875592168125 0.8700000000000001
0.19793192965850678 0.931196515898583 0.8700000000000001
0.14634338362733337 0.9416966677590524 0.8700000000000001
0.09419875478091831 0.9493379770122569 0.8700000000000001
0.04165651493389588 0.9540910516106742 0.8700000000000001
-0.01112331410613536 0.9559352864515966 0.8700000000000001
-0.06397964789488085 0.954858944899846 0.8700000000000001
-0.11675083098213117 0.9508592132723865 0.8700000000000001
-0.16927513131660052 0.9439422280615205 0.8700000000000001
-0.2213912359127425 0.9341230757566308 0.8700000000000001
-0.27293874626046943 0.9214257652083336 0.8700000000000001
-0.3237586719563732 0.9058831725631321 0.8700000000000001
-0.373693921037365 0.8875369588809919 0.8700000000000001
-0.4225897855046707 0.8664374606323969 0.8700000000000001
-0.4702944205377888 0.8426435533551688 0.8700000000000001
-0.5166593159143195 0.8162224888343541 0.8700000000000001
-0.5615397581724787 0.7872497062505607 0.8700000000000001
-0.6047952820785533 0.7558086178230062 0.8700000000000001
-0.6462901099914711 0.7219903695529547 0.8700000000000001
-0.6858935777509511 0.6858935777509512 0.8700000000000001
-0.7234805457543023 0.6476240421070366 0.8700000000000001
-0.7589317939297126 0.6072944361367296 0.8700000000000001
-0.7921343993606985 0.5650239759067445 0.8700000000000001
-0.8229820953671435 0.5209380680129894 0.8700000000000001
-0.8513756109028908 0.47516793784906136 0.8700000000000001
-0.8772229891879868 0.4278502392661398 0.8700000000000001
-0.9004398845552742 0.3791266467845335 0.8700000000000001
-0.9209498365558659 0.32914343157311177 0.8700000000000001
-0.938684520435961 0.2780510224651402 0.8700000000000001
-0.9535839731682273 0.22600355332759153 0.8700000000000001
-0.9655967942944229 0.17315839814555295 0.8700000000000001
-0.9746803209117781 0.11967569522385532 0.8700000000000001
-0.9808007762137393 0.06571786194427194 0.8700000000000001
-0.983933391075702 0.01144910154857509 0.8700000000000001
-0.98406249825813 -0.04296509655485579 0.8700000000000001
-0.9811815988826891 -0.09735846144023637 0.8700000000000001
-0.9752934009214951 -0.15156444873051192 0.8700000000000001
-0.9664098295249999 -0.2054167505279464 0.8700000000000001
-0.9545520091001848 -0.2587498056478508 0.8700000000000001
-0.9397502171373037 -0.31139930859009735 0.8700000000000001
-0.9220438098701864 -0.36320271568377827 0.8700000000000001
-0.9014811199417758 -0.41399974684596325 0.8700000000000001
-0.8781193263328906 -0.46363288140582787 0.8700000000000001
-0.8520242968978996 -0.5119478464605939 0.8700000000000001
-0.8232704039358031 -0.5587940962495753 0.8700000000000001
-0.7919403133088684 -0.6040252810572182 0.8700000000000001
-0.7581247477032312 -0.6474997041851926 0.8700000000000001
-0.7219222247064447 -0.6890807655673589 0.8700000000000001
-0.6834387704556514 -0.728637390639588 0.8700000000000001
-0.6427876096865395 -0.7660444431189779 0.8700000000000001
-0.6000888330873877 -0.8011831203937194 0.8700000000000001
-0.55546904293395 -0.8339413302757224 0.8700000000000001
-0.5090609780495863 -0.8642140479228505 0.8700000000000001
-0.4610031192005606 -0.8919036517961757 0.8700000000000001
-0.411439276098724 -0.9169202375797787 0.8700000000000001
-0.3605181572425725 -0.9391819090561848 0.8700000000000001
-0.3083929238827865 -0.9586150449993082 0.8700000000000001
-0.25522072944964097 -0.9751545412185666 0.8700000000000001
-0.2011622458269529 -0.9887440269624167 0.8700000000000001
-0.14638117790031954 -0.9993360549667539 0.8700000000000001
-0.09104376784622296 -1.006892264513122 0.8700000000000001
-0.03531829066293167 -1.0113835169433247 0.8700000000000001
0.020625457526015297 -1.0127900031604984 0.8700000000000001
0.07661667683979685 -1.011101322731815 0.8700000000000001
0.13248408510335202 -1.0063165342944176 0.8700000000000001
0.1880564418134295 -0.998444177053716 0.8700000000000001
0.24316307300477755 -0.9875022632515194 0.8700000000000001
0.297634395407746 -0.97351824157037 0.8700000000000001
0.35130243828761654 -0.9565289315296089 0.8700000000000001
0.40400136135993964 -0.9365804290178797 0.8700000000000001
0.45556796718511505 -0.9137279831956673 0.8700000000000001
0.5058422064592815 -0.8880358450898285 0.8700000000000001
0.5546676746373391 -0.8595770882895883 0.8700000000000001
0.6018920983474916 -0.8284334022399469 0.8700000000000001
0.6473678100850596 -0.7946948587135028 0.8700000000000001
0.6909522097063913 -0.758459652125184 0.8700000000000001
0.7325082112813438 -0.7198338144359474 0.8700000000000001
0.7719046739049805 -0.6789309054709807 0.8700000000000001
0.8090168151156828 -0.6358716795549845 0.8700000000000001
0.8437266056176613 -0.5907837294415779 0.8700000000000001
0.875923144060743 -0.5438011085854302 0.8700000000000001
0.9055030106891286 -0.49506393287425404 0.8700000000000001
0.932370598733406 -0.4447179630029689 0.8700000000000001
0.9564384224862753 -0.39291416873404433 0.8700000000000001
0.9776274010719707 -0.3398082763460361 0.8700000000000001
0.9958671169920984 -0.2855603006264109 0.8700000000000001
1.0110960486062748 -0.23033406281481106 0.8700000000000001
1.023261775784361 -0.17429669594870764 0.8700000000000001
1.032321158047974 -0.11761813910485629 0.8700000000000001
1.038240484602119 -0.06047062206689535 0.8700000000000001
1.0409955957429111 -0.0030281419817214566 0.8700000000000001
1.0405719752142661 0.0545340664051466 0.8700000000000001
1.0369648131747693 0.11204006532225727 0.8700000000000001
1.0301790395255328 0.1693137517222121 0.8700000000000001
1.0202293274403305 0.226179396565317 0.8700000000000001
1.00714006703048 0.28246218398546813 0.8700000000000001
0.9909453091684712 0.3379887486840398 0.8700000000000001
0.9716886795859933 0.3925877098998757 0.8700000000000001
0.9494232634534563 0.4460902003108663 0.8700000000000001
0.9242114607391171 0.49833038823502196 0.8700000000000001
0.8961248127361507 0.5491459915164624 0.8700000000000001
0.8652438002352567 0.5983787815042001 0.8700000000000001
0.8316576139082908 0.6458750755590187 0.8700000000000001
0.7954638975548025 0.6914862165559937 0.8700000000000001
0.7567684649478508 0.7350690378872405 0.8700000000000001
0.7156849910978939 0.7764863125111785 0.8700000000000001
0.6723346788335972 0.8156071846408194 0.8700000000000001
0.6268459016758596 0.8523075827142327 0.8700000000000001
0.5793538240559293 0.8864706123452549 0.8700000000000001
0.5300000000000005 0.9179869280115047 0.8700000000000001
0.7200817765318392 0.6042203531053468 0.8999999999999999
0.6863341187105633 0.6437596426414091 0.8999999999999999
0.6504149109864252 0.6814135627990688 0.8999999999999999
0.6124295095753632 0.7170628255608292 0.8999999999999999
0.5724898246164799 0.7505940318911362 0.8999999999999999
0.530713990910401 0.7819000318787275 0.8999999999999999
0.4872260188649113 0.8108802664641981 0.8999999999999999
0.44215542667806573 0.8374410896649014 0.8999999999999999
0.3956368548487634 0.8614960702669389 0.8999999999999999
0.34780966416135833 0.8829662720149412 0.8999999999999999
0.298817518344033 0.9017805113943822 0.8999999999999999
0.24880795265025948 0.917875592168125 0.8999999999999999
0.19793192965850678 0.931196515898583 0.8999999999999999
0.14634338362733337 0.9416966677590524 0.8999999999999999
0.09419875478091831 0.9493379770122569 0.8999999999999999
0.04165651493389588 0.9540910516106742 0.8999999999999999
-0.01112331410613536 0.9559352864515966 0.8999999999999999
-0.06397964789488085 0.954858944899846 0.8999999999999999
-0.11675083098213117 0.9508592132723865 0.8999999999999999
-0.16927513131660052 0.9439422280615205 0.8999999999999999
-0.2213912359127425 0.9341230757566308 0.8999999999999999
-0.27293874626046943 0.9214257652083336 0.8999999999999999
-0.3237586719563732 0.9058831725631321 0.8999999999999999
-0.373693921037365 0.8875369588809919 0.8999999999999999
-0.4225897855046707 0.8664374606323969 0.8999999999999999
-0.4702944205377888 0.8426435533551688 0.8999999999999999
-0.5166593159143195 0.8162224888343541 0.8999999999999999
-0.5615397581724787 0.7872497062505607 0.8999999999999999
-0.6047952820785533 0.7558086178230062 0.8999999999999999
-0.6462901099914711 0.7219903695529547 0.8999999999999999
-0.6858935777509511 0.6858935777509512 0.8999999999999999
-0.7234805457543023 0.6476240421070366 0.8999999999999999
-0.7589317939297126 0.6072944361367296 0.8999999999999999
-0.7921343993606985 0.5650239759067445 0.8999999999999999
-0.8229820953671435 0.5209380680129894 0.8999999999999999
-0.8513756109028908 0.47516793784906136 0.8999999999999999
-0.8772229891879868 0.4278502392661398 0.8999999999999999
-0.9004398845552742 0.3791266467845335 0.8999999999999999
-0.9209498365558659 0.32914343157311177 0.8999999999999999
-0.938684520435961 0.2780510224651402 0.8999999999999999
-0.9535839731682273 0.22600355332759153 0.8999999999999999
-0.9655967942944229 0.17315839814555295 0.8999999999999999
-0.9746803209117781 0.11967569522385532 0.8999999999999999
-0.9808007762137393 0.06571786194427194 0.8999999999999999
-0.983933391075702 0.01144910154857509 0.8999999999999999
-0.98406249825813 -0.04296509655485579 0.8999999999999999
-0.9811815988826891 -0.09735846144023637 0.8999999999999999
-0.9752934009214951 -0.15156444873051192 0.8999999999999999
-0.9664098295249999 -0.2054167505279464 0.8999999999999999
-0.9545520091001848 -0.2587498056478508 0.8999999999999999
-0.9397502171373037 -0.31139930859009735 0.8999999999999999
-0.9220438098701864 -0.36320271568377827 0.8999999999999999
-0.9014811199417758 -0.41399974684596325 0.8999999999999999
-0.8781193263328906 -0.46363288140582787 0.8999999999999999
-0.8520242968978996 -0.5119478464605939 0.8999999999999999
-0.8232704039358031 -0.5587940962495753 0.8999999999999999
-0.7919403133088684 -0.6040252810572182 0.8999999999999999
-0.7581247477032312 -0.6474997041851926 0.8999999999999999
-0.7219222247064447 -0.6890807655673589 0.8999999999999999
-0.6834387704556514 -0.728637390639588 0.8999999999999999
-0.6427876096865395 -0.7660444431189779 0.8999999999999999
-0.6000888330873877 -0.8011831203937194 0.8999999999999999
-0.55546904293395 -0.8339413302757224 0.8999999999999999
-0.5090609780495863 -0.8642140479228505 0.8999999999999999
-0.4610031192005606 -0.8919036517961757 0.8999999999999999
-0.411439276098724 -0.9169202375797787 0.8999999999999999
-0.3605181572425725 -0.9391819090561848 0.8999999999999999
-0.3083929238827865 -0.9586150449993082 0.8999999999999999
-0.25522072944964097 -0.9751545412185666 0.8999999999999999
-0.2011622458269529 -0.9887440269624167 0.8999999999999999
-0.14638117790031954 -0.9993360549667539 0.8999999999999999
-0.09104376784622296 -1.006892264513122 0.8999999999999999
-0.03531829066293167 -1.0113835169433247 0.8999999999999999
0.020625457526015297 -1.0127900031604984 0.8999999999999999
0.07661667683979685 -1.011101322731815 0.8999999999999999
0.13248408510335202 -1.0063165342944176 0.8999999999999999
0.1880564418134295 -0.998444177053716 0.8999999999999999
0.24316307300477755 -0.9875022632515194 0.8999999999999999
0.297634395407746 -0.97351824157037 0.8999999999999999
0.35130243828761654 -0.9565289315296089 0.8999999999999999
0.40400136135993964 -0.9365804290178797 0.8999999999999999
0.45556796718511505 -0.9137279831956673 0.8999999999999999
0.5058422064592815 -0.8880358450898285 0.8999999999999999
0.5546676746373391 -0.8595770882895883 0.8999999999999999
0.6018920983474916 -0.8284334022399469 0.8999999999999999
0.6473678100850596 -0.7946948587135028 0.8999999999999999
0.6909522097063913 -0.758459652125184 0.8999999999999999
0.7325082112813438 -0.7198338144359474 0.8999999999999999
0.7719046739049805 -0.6789309054709807 0.8999999999999999
0.8090168151156828 -0.6358716795549845 0.8999999999999999
0.8437266056176613 -0.5907837294415779 0.8999999999999999
0.875923144060743 -0.5438011085854302 0.8999999999999999
0.9055030106891286 -0.49506393287425404 0.8999999999999999
0.932370598733406 -0.4447179630029689 0.8999999999999999
0.9564384224862753 -0.39291416873404433 0.8999999999999999
0.9776274010719707 -0.3398082763460361 0.8999999999999999
0.9958671169920984 -0.2855603006264109 0.8999999999999999
1.0110960486062748 -0.23033406281481106 0.8999999999999999
1.023261775784361 -0.17429669594870764 0.8999999999999999
1.032321158047974 -0.11761813910485629 0.8999999999999999
1.038240484602119 -0.06047062206689535 0.8999999999999999
1.0409955957429111 -0.0030281419817214566 0.8999999999999999
1.0405719752142661 0.0545340664051466 0.8999999999999999
1.0369648131747693 0.11204006532225727 0.8999999999999999
1.0301790395255328 0.1693137517222121 0.8999999999999999
1.0202293274403305 0.226179396565317 0.8999999999999999
1.00714006703048 0.28246218398546813 0.8999999999999999
0.9909453091684712 0.3379887486840398 0.8999999999999999
0.9716886795859933 0.3925877098998757 0.8999999999999999
0.9494232634534563 0.4460902003108663 0.8999999999999999
0.9242114607391171 0.49833038823502196 0.8999999999999999
0.8961248127361507 0.5491459915164624 0.8999999999999999
0.8652438002352567 0.5983787815042001 0.8999999999999999
0.8316576139082908 0.6458750755590187 0.8999999999999999
0.7954638975548025 0.6914862165559937 0.8999999999999999
0.7567684649478508 0.7350690378872405 0.8999999999999999
0.7156849910978939 0.7764863125111785 0.8999999999999999
0.6723346788335972 0.8156071846408194 0.8999999999999999
0.6268459016758596 0.8523075827142327 0.8999999999999999
0.5793538240559293 0.8864706123452549 0.8999999999999999
0.5300000000000005 0.9179869280115047 0.8999999999999999
0.7200817765318392 0.6042203531053468 0.9299999999999998
0.6863341187105633 0.6437596426414091 0.9299999999999998
0.6504149109864252 0.6814135627990688 0.9299999999999998
0.6124295095753632 0.7170628255608292 0.9299999999999998
0.5724898246164799 0.7505940318911362 0.9299999999999998
0.530713990910401 0.7819000318787275 0.9299999999999998
0.4872260188649113 0.8108802664641981 0.9299999999999998
0.44215542667806573 0.8374410896649014 0.9299999999999998
0.3956368548487634 0.8614960702669389 0.9299999999999998
0.34780966416135833 0.8829662720149412 0.9299999999999998
0.298817518344033 0.9017805113943822 0.9299999999999998
0.24880795265025948 0.917875592168125 0.9299999999999998
0.19793192965850678 0.931196515898583 0.9299999999999998
0.14634338362733337 0.9416966677590524 0.9299999999999998
0.09419875478091831 0.9493379770122569 0.9299999999999998
0.04165651493389588 0.9540910516106742 0.9299999999999998
-0.01112331410613536 0.9559352864515966 0.9299999999999998
-0.06397964789488085 0.954858944899846 0.9299999999999998
-0.11675083098213117 0.9508592132723865 0.9299999999999998
-0.16927513131660052 0.9439422280615205 0.9299999999999998
-0.2213912359127425 0.9341230757566308 0.9299999999999998
-0.27293874626046943 0.9214257652083336 0.9299999999999998
-0.3237586719563732 0.9058831725631321 0.9299999999999998
-0.373693921037365 0.8875369588809919 0.9299999999999998
-0.4225897855046707 0.8664374606323969 0.9299999999999998
-0.4702944205377888 0.8426435533551688 0.9299999999999998
-0.5166593159143195 0.8162224888343541 0.9299999999999998
-0.5615397581724787 0.7872497062505607 0.9299999999999998
-0.6047952820785533 0.7558086178230062 0.9299999999999998
-0.6462901099914711 0.7219903695529547 0.9299999999999998
-0.6858935777509511 0.6858935777509512 0.9299999999999998
-0.7234805457543023 0.6476240421070366 0.9299999999999998
-0.7589317939297126 0.6072944361367296 0.9299999999999998
-0.7921343993606985 0.5650239759067445 0.9299999999999998
-0.8229820953671435 0.5209380680129894 0.9299999999999998
-0.8513756109028908 0.47516793784906136 0.9299999999999998
-0.8772229891879868 0.4278502392661398 0.9299999999999998
-0.9004398845552742 0.3791266467845335 0.9299999999999998
-0.9209498365558659 0.32914343157311177 0.9299999999999998
-0.938684520435961 0.2780510224651402 0.9299999999999998
-0.9535839731682273 0.22600355332759153 0.9299999999999998
-0.9655967942944229 0.17315839814555295 0.9299999999999998
-0.9746803209117781 0.11967569522385532 0.9299999999999998
-0.9808007762137393 0.06571786194427194 0.9299999999999998
-0.983933391075702 0.01144910154857509 0.9299999999999998
-0.98406249825813 -0.04296509655485579 0.9299999999999998
-0.9811815988826891 -0.09735846144023637 0.9299999999999998
-0.9752934009214951 -0.15156444873051192 0.9299999999999998
-0.9664098295249999 -0.2054167505279464 0.9299999999999998
-0.9545520091001848 -0.2587498056478508 0.9299999999999998
-0.9397502171373037 -0.31139930859009735 0.9299999999999998
-0.9220438098701864 -0.36320271568377827 0.9299999999999998
-0.9014811199417758 -0.41399974684596325 0.9299999999999998
-0.8781193263328906 -0.46363288140582787 0.9299999999999998
-0.8520242968978996 -0.5119478464605939 0.9299999999999998
-0.8232704039358031 -0.5587940962495753 0.9299999999999998
-0.7919403133088684 -0.6040252810572182 0.9299999999999998
-0.7581247477032312 -0.6474997041851926 0.9299999999999998
-0.7219222247064447 -0.6890807655673589 0.9299999999999998
-0.6834387704556514 -0.728637390639588 0.9299999999999998
-0.6427876096865395 -0.7660444431189779 0.9299999999999998
-0.6000888330873877 -0.8011831203937194 0.9299999999999998
-0.55546904293395 -0.8339413302757224 0.9299999999999998
-0.5090609780495863 -0.8642140479228505 0.9299999999999998
-0.4610031192005606 -0.8919036517961757 0.9299999999999998
-0.411439276098724 -0.9169202375797787 0.9299999999999998
-0.3605181572425725 -0.9391819090561848 0.9299999999999998
-0.3083929238827865 -0.9586150449993082 0.9299999999999998
-0.25522072944964097 -0.9751545412185666 0.9299999999999998
-0.2011622458269529 -0.9887440269624167 0.9299999999999998
-0.14638117790031954 -0.9993360549667539 0.9299999999999998
-0.09104376784622296 -1.006892264513122 0.9299999999999998
-0.03531829066293167 -1.0113835169433247 0.9299999999999998
0.020625457526015297 -1.0127900031604984 0.9299999999999998
0.07661667683979685 -1.011101322731815 0.9299999999999998
0.13248408510335202 -1.0063165342944176 0.9299999999999998
0.1880564418134295 -0.998444177053716 0.9299999999999998
0.24316307300477755 -0.9875022632515194 0.9299999999999998
0.297634395407746 -0.97351824157037 0.9299999999999998
0.35130243828761654 -0.9565289315296089 0.9299999999999998
0.40400136135993964 -0.9365804290178797 0.9299999999999998
0.45556796718511505 -0.9137279831956673 0.9299999999999998
0.5058422064592815 -0.8880358450898285 0.9299999999999998
0.5546676746373391 -0.8595770882895883 0.9299999999999998
0.6018920983474916 -0.8284334022399469 0.9299999999999998
0.6473678100850596 -0.7946948587135028 0.9299999999999998
0.6909522097063913 -0.758459652125184 0.9299999999999998
0.7325082112813438 -0.7198338144359474 0.9299999999999998
0.7719046739049805 -0.6789309054709807 0.9299999999999998
0.8090168151156828 -0.6358716795549845 0.9299999999999998
0.8437266056176613 -0.5907837294415779 0.9299999999999998
0.875923144060743 -0.5438011085854302 0.9299999999999998
0.9055030106891286 -0.49506393287425404 0.9299999999999998
0.932370598733406 -0.4447179630029689 0.9299999999999998
0.9564384224862753 -0.39291416873404433 0.9299999999999998
0.9776274010719707 -0.3398082763460361 0.9299999999999998
0.9958671169920984 -0.2855603006264109 0.9299999999999998
1.0110960486062748 -0.23033406281481106 0.9299999999999998
1.023261775784361 -0.17429669594870764 0.9299999999999998
1.032321158047974 -0.11761813910485629 0.9299999999999998
1.038240484602119 -0.06047062206689535 0.9299999999999998
1.0409955957429111 -0.0030281419817214566 0.9299999999999998
1.0405719752142661 0.0545340664051466 0.9299999999999998
1.0369648131747693 0.11204006532225727 0.9299999999999998
1.0301790395255328 0.1693137517222121 0.9299999999999998
1.0202293274403305 0.226179396565317 0.9299999999999998
1.00714006703048 0.28246218398546813 0.9299999999999998
0.9909453091684712 0.3379887486840398 0.9299999999999998
0.9716886795859933 0.3925877098998757 0.9299999999999998
0.9494232634534563 0.4460902003108663 0.9299999999999998
0.9242114607391171 0.49833038823502196 0.9299999999999998
0.8961248127361507 0.5491459915164624 0.9299999999999998
0.8652438002352567 0.5983787815042001 0.9299999999999998
0.8316576139082908 0.6458750755590187 0.9299999999999998
0.7954638975548025 0.6914862165559937 0.9299999999999998
0.7567684649478508 0.7350690378872405 0.9299999999999998
0.7156849910978939 0.7764863125111785 0.9299999999999998
0.6723346788335972 0.8156071846408194 0.9299999999999998
0.6268459016758596 0.8523075827142327 0.9299999999999998
0.5793538240559293 0.8864706123452549 0.9299999999999998
0.5300000000000005 0.9179869280115047 0.9299999999999998
0.7200817765318392 0.6042203531053468 0.96
0.6863341187105633 0.6437596426414091 0.96
0.6504149109864252 0.6814135627990688 0.96
0.6124295095753632 0.7170628255608292 0.96
0.5724898246164799 0.7505940318911362 0.96
0.530713990910401 0.7819000318787275 0.96
0.4872260188649113 0.8108802664641981 0.96
0.44215542667806573 0.8374410896649014 0.96
0.3956368548487634 0.8614960702669389 0.96
0.34780966416135833 0.8829662720149412 0.96
0.298817518344033 0.9017805113943822 0.96
0.24880795265025948 0.917875592168125 0.96
0.19793192965850678 0.931196515898583 0.96
0.14634338362733337 0.9416966677590524 0.96
0.09419875478091831 0.9493379770122569 0.96
0.04165651493389588 0.9540910516106742 0.96
-0.01112331410613536 0.9559352864515966 0.96
-0.06397964789488085 0.954858944899846 0.96
-0.11675083098213117 0.9508592132723865 0.96
-0.16927513131660052 0.9439422280615205 0.96
-0.2213912359127425 0.9341230757566308 0.96
-0.27293874626046943 0.9214257652083336 0.96
-0.3237586719563732 0.9058831725631321 0.96
-0.373693921037365 0.8875369588809919 0.96
-0.4225897855046707 0.8664374606323969 0.96
-0.4702944205377888 0.8426435533551688 0.96
-0.5166593159143195 0.8162224888343541 0.96
-0.5615397581724787 0.7872497062505607 0.96
-0.6047952820785533 0.7558086178230062 0.96
-0.6462901099914711 0.7219903695529547 0.96
-0.6858935777509511 0.6858935777509512 0.96
-0.7234805457543023 0.6476240421070366 0.96
-0.7589317939297126 0.6072944361367296 0.96
-0.7921343993606985 0.5650239759067445 0.96
-0.8229820953671435 0.5209380680129894 0.96
-0.8513756109028908 0.47516793784906136 0.96
-0.8772229891879868 0.4278502392661398 0.96
-0.9004398845552742 0.3791266467845335 0.96
-0.9209498365558659 0.32914343157311177 0.96
-0.938684520435961 0.2780510224651402 0.96
-0.9535839731682273 0.22600355332759153 0.96
-0.9655967942944229 0.17315839814555295 0.96
-0.9746803209117781 0.11967569522385532 0.96
-0.9808007762137393 0.06571786194427194 0.96
-0.983933391075702 0.01144910154857509 0.96
-0.98406249825813 -0.04296509655485579 0.96
-0.9811815988826891 -0.09735846144023637 0.96
-0.9752934009214951 -0.15156444873051192 0.96
-0.9664098295249999 -0.2054167505279464 0.96
-0.9545520091001848 -0.2587498056478508 0.96
-0.9397502171373037 -0.31139930859009735 0.96
-0.9220438098701864 -0.36320271568377827 0.96
-0.9014811199417758 -0.41399974684596325 0.96
-0.8781193263328906 -0.46363288140582787 0.96
-0.8520242968978996 -0.5119478464605939 0.96
-0.8232704039358031 -0.5587940962495753 0.96
-0.7919403133088684 -0.6040252810572182 0.96
-0.7581247477032312 -0.6474997041851926 0.96
-0.7219222247064447 -0.6890807655673589 0.96
-0.6834387704556514 -0.728637390639588 0.96
-0.6427876096865395 -0.7660444431189779 0.96
-0.6000888330873877 -0.8011831203937194 0.96
-0.55546904293395 -0.8339413302757224 0.96
-0.5090609780495863 -0.8642140479228505 0.96
-0.4610031192005606 -0.8919036517961757 0.96
-0.411439276098724 -0.9169202375797787 0.96
-0.3605181572425725 -0.9391819090561848 0.96
-0.3083929238827865 -0.9586150449993082 0.96
-0.25522072944964097 -0.9751545412185666 0.96
-0.2011622458269529 -0.9887440269624167 0.96
-0.14638117790031954 -0.9993360549667539 0.96
-0.09104376784622296 -1.006892264513122 0.96
-0.03531829066293167 -1.0113835169433247 0.96
0.020625457526015297 -1.0127900031604984 0.96
0.07661667683979685 -1.011101322731815 0.96
0.13248408510335202 -1.0063165342944176 0.96
0.1880564418134295 -0.998444177053716 0.96
0.24316307300477755 -0.9875022632515194 0.96
0.297634395407746 -0.97351824157037 0.96
0.35130243828761654 -0.9565289315296089 0.96
0.40400136135993964 -0.9365804290178797 0.96
0.45556796718511505 -0.9137279831956673 0.96
0.5058422064592815 -0.8880358450898285 0.96
0.5546676746373391 -0.8595770882895883 0.96
0.6018920983474916 -0.8284334022399469 0.96
0.6473678100850596 -0.7946948587135028 0.96
0.6909522097063913 -0.758459652125184 0.96
0.7325082112813438 -0.7198338144359474 0.96
0.7719046739049805 -0.6789309054709807 0.96
0.8090168151156828 -0.6358716795549845 0.96
0.8437266056176613 -0.5907837294415779 0.96
0.875923144060743 -0.5438011085854302 0.96
0.9055030106891286 -0.49506393287425404 0.96
0.932370598733406 -0.4447179630029689 0.96
0.9564384224862753 -0.39291416873404433 0.96
0.9776274010719707 -0.3398082763460361 0.96
0.9958671169920984 -0.2855603006264109 0.96
1.0110960486062748 -0.23033406281481106 0.96
1.023261775784361 -0.17429669594870764 0.96
1.032321158047974 -0.11761813910485629 0.96
1.038240484602119 -0.06047062206689535 0.96
1.0409955957429111 -0.0030281419817214566 0.96
1.0405719752142661 0.0545340664051466 0.96
1.0369648131747693 0.11204006532225727 0.96
1.0301790395255328 0.1693137517222121 0.96
1.0202293274403305 0.226179396565317 0.96
1.00714006703048 0.28246218398546813 0.96
0.9909453091684712 0.3379887486840398 0.96
0.9716886795859933 0.3925877098998757 0.96
0.9494232634534563 0.4460902003108663 0.96
0.9242114607391171 0.49833038823502196 0.96
0.8961248127361507 0.5491459915164624 0.96
0.8652438002352567 0.5983787815042001 0.96
0.8316576139082908 0.6458750755590187 0.96
0.7954638975548025 0.6914862165559937 0.96
0.7567684649478508 0.7350690378872405 0.96
0.7156849910978939 0.7764863125111785 0.96
0.6723346788335972 0.8156071846408194 0.96
0.6268459016758596 0.8523075827142327 0.96
0.5793538240559293 0.8864706123452549 0.96
0.5300000000000005 0.9179869280115047 0.96
0.7200817765318392 0.6042203531053468 0.9899999999999999
0.6863341187105633 0.6437596426414091 0.9899999999999999
0.6504149109864252 0.6814135627990688 0.9899999999999999
0.6124295095753632 0.7170628255608292 0.9899999999999999
0.5724898246164799 0.7505940318911362 0.9899999999999999
0.530713990910401 0.7819000318787275 0.9899999999999999
0.4872260188649113 0.8108802664641981 0.9899999999999999
0.44215542667806573 0.8374410896649014 0.9899999999999999
0.3956368548487634 0.8614960702669389 0.9899999999999999
0.34780966416135833 0.8829662720149412 0.9899999999999999
0.298817518344033 0.9017805113943822 0.9899999999999999
0.24880795265025948 0.917875592168125 0.9899999999999999
0.19793192965850678 0.931196515898583 0.9899999999999999
0.14634338362733337 0.9416966677590524 0.9899999999999999
0.09419875478091831 0.9493379770122569 0.9899999999999999
0.04165651493389588 0.9540910516106742 0.9899999999999999
-0.01112331410613536 0.9559352864515966 0.9899999999999999
-0.06397964789488085 0.954858944899846 0.9899999999999999
-0.11675083098213117 0.9508592132723865 0.9899999999999999
-0.16927513131660052 0.9439422280615205 0.9899999999999999
-0.2213912359127425 0.9341230757566308 0.9899999999999999
-0.27293874626046943 0.9214257652083336 0.9899999999999999
-0.3237586719563732 0.9058831725631321 0.9899999999999999
-0.373693921037365 0.8875369588809919 0.9899999999999999
-0.4225897855046707 0.8664374606323969 0.9899999999999999
-0.4702944205377888 0.8426435533551688 0.9899999999999999
-0.5166593159143195 0.8162224888343541 0.9899999999999999
-0.5615397581724787 0.7872497062505607 0.9899999999999999
-0.6047952820785533 0.7558086178230062 0.9899999999999999
-0.6462901099914711 0.7219903695529547 0.9899999999999999
-0.6858935777509511 0.6858935777509512 0.9899999999999999
-0.7234805457543023 0.6476240421070366 0.9899999999999999
-0.7589317939297126 0.6072944361367296 0.9899999999999999
-0.7921343993606985 0.5650239759067445 0.9899999999999999
-0.8229820953671435 0.5209380680129894 0.9899999999999999
-0.8513756109028908 0.47516793784906136 0.9899999999999999
-0.8772229891879868 0.4278502392661398 0.9899999999999999
-0.9004398845552742 0.3791266467845335 0.9899999999999999
-0.9209498365558659 0.32914343157311177 0.9899999999999999
-0.938684520435961 0.2780510224651402 0.9899999999999999
-0.9535839731682273 0.22600355332759153 0.9899999999999999
-0.9655967942944229 0.17315839814555295 0.9899999999999999
-0.9746803209117781 0.11967569522385532 0.9899999999999999
-0.9808007762137393 0.06571786194427194 0.9899999999999999
-0.983933391075702 0.01144910154857509 0.9899999999999999
-0.98406249825813 -0.04296509655485579 0.9899999999999999
-0.9811815988826891 -0.09735846144023637 0.9899999999999999
-0.9752934009214951 -0.15156444873051192 0.9899999999999999
-0.9664098295249999 -0.2054167505279464 0.9899999999999999
-0.9545520091001848 -0.2587498056478508 0.9899999999999999
-0.9397502171373037 -0.31139930859009735 0.9899999999999999
-0.9220438098701864 -0.36320271568377827 0.9899999999999999
-0.9014811199417758 -0.41399974684596325 0.9899999999999999
-0.8781193263328906 -0.46363288140582787 0.9899999999999999
-0.8520242968978996 -0.5119478464605939 0.9899999999999999
-0.8232704039358031 -0.5587940962495753 0.9899999999999999
-0.7919403133088684 -0.6040252810572182 0.9899999999999999
-0.7581247477032312 -0.6474997041851926 0.9899999999999999
-0.7219222247064447 -0.6890807655673589 0.9899999999999999
-0.6834387704556514 -0.728637390639588 0.9899999999999999
-0.6427876096865395 -0.7660444431189779 0.9899999999999999
-0.6000888330873877 -0.8011831203937194 0.9899999999999999
-0.55546904293395 -0.8339413302757224 0.9899999999999999
-0.5090609780495863 -0.8642140479228505 0.9899999999999999
-0.4610031192005606 -0.8919036517961757 0.9899999999999999
-0.411439276098724 -0.9169202375797787 0.9899999999999999
-0.3605181572425725 -0.9391819090561848 0.9899999999999999
-0.3083929238827865 -0.9586150449993082 0.9899999999999999
-0.25522072944964097 -0.9751545412185666 0.9899999999999999
-0.2011622458269529 -0.9887440269624167 0.9899999999999999
-0.14638117790031954 -0.9993360549667539 0.9899999999999999
-0.09104376784622296 -1.006892264513122 0.9899999999999999
-0.03531829066293167 -1.0113835169433247 0.9899999999999999
0.020625457526015297 -1.0127900031604984 0.9899999999999999
0.07661667683979685 -1.011101322731815 0.9899999999999999
0.13248408510335202 -1.0063165342944176 0.9899999999999999
0.1880564418134295 -0.998444177053716 0.9899999999999999
0.24316307300477755 -0.9875022632515194 0.9899999999999999
0.297634395407746 -0.97351824157037 0.9899999999999999
0.35130243828761654 -0.9565289315296089 0.9899999999999999
0.40400136135993964 -0.9365804290178797 0.9899999999999999
0.45556796718511505 -0.9137279831956673 0.9899999999999999
0.5058422064592815 -0.8880358450898285 0.9899999999999999
0.5546676746373391 -0.8595770882895883 0.9899999999999999
0.6018920983474916 -0.8284334022399469 0.9899999999999999
0.6473678100850596 -0.7946948587135028 0.9899999999999999
0.6909522097063913 -0.758459652125184 0.9899999999999999
0.7325082112813438 -0.7198338144359474 0.9899999999999999
0.7719046739049805 -0.6789309054709807 0.9899999999999999
0.8090168151156828 -0.6358716795549845 0.9899999999999999
0.8437266056176613 -0.5907837294415779 0.9899999999999999
0.875923144060743 -0.5438011085854302 0.9899999999999999
0.9055030106891286 -0.49506393287425404 0.9899999999999999
0.932370598733406 -0.4447179630029689 0.9899999999999999
0.9564384224862753 -0.39291416873404433 0.9899999999999999
0.9776274010719707 -0.3398082763460361 0.9899999999999999
0.9958671169920984 -0.2855603006264109 0.9899999999999999
1.0110960486062748 -0.23033406281481106 0.9899999999999999
1.023261775784361 -0.17429669594870764 0.9899999999999999
1.032321158047974 -0.11761813910485629 0.9899999999999999
1.038240484602119 -0.06047062206689535 0.9899999999999999
1.0409955957429111 -0.0030281419817214566 0.9899999999999999
1.0405719752142661 0.0545340664051466 0.9899999999999999
1.0369648131747693 0.11204006532225727 0.9899999999999999
1.0301790395255328 0.1693137517222121 0.9899999999999999
1.0202293274403305 0.226179396565317 0.9899999999999999
1.00714006703048 0.28246218398546813 0.9899999999999999
0.9909453091684712 0.3379887486840398 0.9899999999999999
0.9716886795859933 0.3925877098998757 0.9899999999999999
0.9494232634534563 0.4460902003108663 0.9899999999999999
0.9242114607391171 0.49833038823502196 0.9899999999999999
0.8961248127361507 0.5491459915164624 0.9899999999999999
0.8652438002352567 0.5983787815042001 0.9899999999999999
0.8316576139082908 0.6458750755590187 0.9899999999999999
0.7954638975548025 0.6914862165559937 0.9899999999999999
0.7567684649478508 0.7350690378872405 0.9899999999999999
0.7156849910978939 0.7764863125111785 0.9899999999999999
0.6723346788335972 0.8156071846408194 0.9899999999999999
0.6268459016758596 0.8523075827142327 0.9899999999999999
0.5793538240559293 0.8864706123452549 0.9899999999999999
0.5300000000000005 0.9179869280115047 0.9899999999999999
0.7200817765318392 0.6042203531053468 1.02
0.6863341187105633 0.6437596426414091 1.02
0.6504149109864252 0.6814135627990688 1.02
0.6124295095753632 0.7170628255608292 1.02
0.5724898246164799 0.7505940318911362 1.02
0.530713990910401 0.7819000318787275 1.02
0.4872260188649113 0.8108802664641981 1.02
0.44215542667806573 0.8374410896649014 1.02
0.3956368548487634 0.8614960702669389 1.02
0.34780966416135833 0.8829662720149412 1.02
0.298817518344033 0.9017805113943822 1.02
0.24880795265025948 0.917875592168125 1.02
0.19793192965850678 0.931196515898583 1.02
0.14634338362733337 0.9416966677590524 1.02
0.09419875478091831 0.9493379770122569 1.02
0.04165651493389588 0.9540910516106742 1.02
-0.01112331410613536 0.9559352864515966 1.02
-0.06397964789488085 0.954858944899846 1.02
-0.11675083098213117 0.9508592132723865 1.02
-0.16927513131660052 0.9439422280615205 1.02
-0.2213912359127425 0.9341230757566308 1.02
-0.27293874626046943 0.9214257652083336 1.02
-0.3237586719563732 0.9058831725631321 1.02
-0.373693921037365 0.8875369588809919 1.02
-0.4225897855046707 0.8664374606323969 1.02
-0.4702944205377888 0.8426435533551688 1.02
-0.5166593159143195 0.8162224888343541 1.02
-0.5615397581724787 0.7872497062505607 1.02
-0.6047952820785533 0.7558086178230062 1.02
-0.6462901099914711 0.7219903695529547 1.02
-0.6858935777509511 0.6858935777509512 1.02
-0.7234805457543023 0.6476240421070366 1.02
-0.7589317939297126 0.6072944361367296 1.02
-0.7921343993606985 0.5650239759067445 1.02
-0.8229820953671435 0.5209380680129894 1.02
-0.8513756109028908 0.47516793784906136 1.02
-0.8772229891879868 0.4278502392661398 1.02
-0.9004398845552742 0.3791266467845335 1.02
-0.9209498365558659 0.32914343157311177 1.02
-0.938684520435961 0.2780510224651402 1.02
-0.9535839731682273 0.22600355332759153 1.02
-0.9655967942944229 0.17315839814555295 1.02
-0.9746803209117781 0.11967569522385532 1.02
-0.9808007762137393 0.06571786194427194 1.02
-0.983933391075702 0.01144910154857509 1.02
-0.98406249825813 -0.04296509655485579 1.02
-0.9811815988826891 -0.09735846144023637 1.02
-0.9752934009214951 -0.15156444873051192 1.02
-0.9664098295249999 -0.2054167505279464 1.02
-0.9545520091001848 -0.2587498056478508 1.02
-0.9397502171373037 -0.31139930859009735 1.02
-0.9220438098701864 -0.36320271568377827 1.02
-0.9014811199417758 -0.41399974684596325 1.02
-0.8781193263328906 -0.46363288140582787 1.02
-0.8520242968978996 -0.5119478464605939 1.02
-0.8232704039358031 -0.5587940962495753 1.02
-0.7919403133088684 -0.6040252810572182 1.02
-0.7581247477032312 -0.6474997041851926 1.02
-0.7219222247064447 -0.6890807655673589 1.02
-0.6834387704556514 -0.728637390639588 1.02
-0.6427876096865395 -0.7660444431189779 1.02
-0.6000888330873877 -0.8011831203937194 1.02
-0.55546904293395 -0.8339413302757224 1.02
-0.5090609780495863 -0.8642140479228505 1.02
-0.4610031192005606 -0.8919036517961757 1.02
-0.411439276098724 -0.9169202375797787 1.02
-0.3605181572425725 -0.9391819090561848 1.02
-0.3083929238827865 -0.9586150449993082 1.02
-0.25522072944964097 -0.9751545412185666 1.02
-0.2011622458269529 -0.9887440269624167 1.02
-0.14638117790031954 -0.9993360549667539 1.02
-0.09104376784622296 -1.006892264513122 1.02
-0.03531829066293167 -1.0113835169433247 1.02
0.020625457526015297 -1.0127900031604984 1.02
0.07661667683979685 -1.011101322731815 1.02
0.13248408510335202 -1.0063165342944176 1.02
0.1880564418134295 -0.998444177053716 1.02
0.24316307300477755 -0.9875022632515194 1.02
0.297634395407746 -0.97351824157037 1.02
0.35130243828761654 -0.9565289315296089 1.02
0.40400136135993964 -0.9365804290178797 1.02
0.45556796718511505 -0.9137279831956673 1.02
0.5058422064592815 -0.8880358450898285 1.02
0.5546676746373391 -0.8595770882895883 1.02
0.6018920983474916 -0.8284334022399469 1.02
0.6473678100850596 -0.7946948587135028 1.02
0.6909522097063913 -0.758459652125184 1.02
0.7325082112813438 -0.7198338144359474 1.02
0.7719046739049805 -0.6789309054709807 1.02
0.8090168151156828 -0.6358716795549845 1.02
0.8437266056176613 -0.5907837294415779 1.02
0.875923144060743 -0.5438011085854302 1.02
0.9055030106891286 -0.49506393287425404 1.02
0.932370598733406 -0.4447179630029689 1.02
0.9564384224862753 -0.39291416873404433 1.02
0.9776274010719707 -0.3398082763460361 1.02
0.9958671169920984 -0.2855603006264109 1.02
1.0110960486062748 -0.23033406281481106 1.02
1.023261775784361 -0.17429669594870764 1.02
1.032321158047974 -0.11761813910485629 1.02
1.038240484602119 -0.06047062206689535 1.02
1.0409955957429111 -0.0030281419817214566 1.02
1.0405719752142661 0.0545340664051466 1.02
1.0369648131747693 0.11204006532225727 1.02
1.0301790395255328 0.1693137517222121 1.02
1.0202293274403305 0.226179396565317 1.02
1.00714006703048 0.28246218398546813 1.02
0.9909453091684712 0.3379887486840398 1.02
0.9716886795859933 0.3925877098998757 1.02
0.9494232634534563 0.4460902003108663 1.02
0.9242114607391171 0.49833038823502196 1.02
0.8961248127361507 0.5491459915164624 1.02
0.8652438002352567 0.5983787815042001 1.02
0.8316576139082908 0.6458750755590187 1.02
0.7954638975548025 0.6914862165559937 1.02
0.7567684649478508 0.7350690378872405 1.02
0.7156849910978939 0.7764863125111785 1.02
0.6723346788335972 0.8156071846408194 1.02
0.6268459016758596 0.8523075827142327 1.02
0.5793538240559293 0.8864706123452549 1.02
0.5300000000000005 0.9179869280115047 1.02
0.7200817765318392 0.6042203531053468 1.05
0.6863341187105633 0.6437596426414091 1.05
0.6504149109864252 0.6814135627990688 1.05
0.6124295095753632 0.7170628255608292 1.05
0.5724898246164799 0.7505940318911362 1.05
0.530713990910401 0.7819000318787275 1.05
0.4872260188649113 0.8108802664641981 1.05
0.44215542667806573 0.8374410896649014 1.05
0.3956368548487634 0.8614960702669389 1.05
0.34780966416135833 0.8829662720149412 1.05
0.298817518344033 0.9017805113943822 1.05
0.24880795265025948 0.917875592168125 1.05
0.19793192965850678 0.931196515898583 1.05
0.14634338362733337 0.9416966677590524 1.05
0.09419875478091831 0.9493379770122569 1.05
0.04165651493389588 0.9540910516106742 1.05
-0.01112331410613536 0.9559352864515966 1.05
-0.06397964789488085 0.954858944899846 1.05
-0.11675083098213117 0.9508592132723865 1.05
-0.16927513131660052 0.9439422280615205 1.05
-0.2213912359127425 0.9341230757566308 1.05
-0.27293874626046943 0.9214257652083336 1.05
-0.3237586719563732 0.9058831725631321 1.05
-0.373693921037365 0.8875369588809919 1.05
-0.4225897855046707 0.8664374606323969 1.05
-0.4702944205377888 0.8426435533551688 1.05
-0.5166593159143195 0.8162224888343541 1.05
-0.5615397581724787 0.7872497062505607 1.05
-0.6047952820785533 0.7558086178230062 1.05
-0.6462901099914711 0.7219903695529547 1.05
-0.6858935777509511 0.6858935777509512 1.05
-0.7234805457543023 0.6476240421070366 1.05
-0.7589317939297126 0.6072944361367296 1.05
-0.7921343993606985 0.5650239759067445 1.05
-0.8229820953671435 0.5209380680129894 1.05
-0.8513756109028908 0.47516793784906136 1.05
-0.8772229891879868 0.4278502392661398 1.05
-0.9004398845552742 0.3791266467845335 1.05
-0.9209498365558659 0.32914343157311177 1.05
-0.938684520435961 0.2780510224651402 1.05
-0.9535839731682273 0.22600355332759153 1.05
-0.9655967942944229 0.17315839814555295 1.05
-0.9746803209117781 0.11967569522385532 1.05
-0.9808007762137393 0.06571786194427194 1.05
-0.983933391075702 0.01144910154857509 1.05
-0.98406249825813 -0.04296509655485579 1.05
-0.9811815988826891 -0.09735846144023637 1.05
-0.9752934009214951 -0.15156444873051192 1.05
-0.9664098295249999 -0.2054167505279464 1.05
-0.9545520091001848 -0.2587498056478508 1.05
-0.9397502171373037 -0.31139930859009735 1.05
-0.9220438098701864 -0.36320271568377827 1.05
-0.9014811199417758 -0.41399974684596325 1.05
-0.8781193263328906 -0.46363288140582787 1.05
-0.8520242968978996 -0.5119478464605939 1.05
-0.8232704039358031 -0.5587940962495753 1.05
-0.7919403133088684 -0.6040252810572182 1.05
-0.7581247477032312 -0.6474997041851926 1.05
-0.7219222247064447 -0.6890807655673589 1.05
-0.6834387704556514 -0.728637390639588 1.05
-0.6427876096865395 -0.7660444431189779 1.05
-0.6000888330873877 -0.8011831203937194 1.05
-0.55546904293395 -0.8339413302757224 1.05
-0.5090609780495863 -0.8642140479228505 1.05
-0.4610031192005606 -0.8919036517961757 1.05
-0.411439276098724 -0.9169202375797787 1.05
-0.3605181572425725 -0.9391819090561848 1.05
-0.3083929238827865 -0.9586150449993082 1.05
-0.25522072944964097 -0.9751545412185666 1.05
-0.2011622458269529 -0.9887440269624167 1.05
-0.14638117790031954 -0.9993360549667539 1.05
-0.09104376784622296 -1.006892264513122 1.05
-0.03531829066293167 -1.0113835169433247 1.05
0.020625457526015297 -1.0127900031604984 1.05
0.07661667683979685 -1.011101322731815 1.05
0.13248408510335202 -1.0063165342944176 1.05
0.1880564418134295 -0.998444177053716 1.05
0.24316307300477755 -0.9875022632515194 1.05
0.297634395407746 -0.97351824157037 1.05
0.35130243828761654 -0.9565289315296089 1.05
0.40400136135993964 -0.9365804290178797 1.05
0.45556796718511505 -0.9137279831956673 1.05
0.5058422064592815 -0.8880358450898285 1.05
0.5546676746373391 -0.8595770882895883 1.05
0.6018920983474916 -0.8284334022399469 1.05
0.6473678100850596 -0.7946948587135028 1.05
0.6909522097063913 -0.758459652125184 1.05
0.7325082112813438 -0.7198338144359474 1.05
0.7719046739049805 -0.6789309054709807 1.05
0.8090168151156828 -0.6358716795549845 1.05
0.8437266056176613 -0.5907837294415779 1.05
0.875923144060743 -0.5438011085854302 1.05
0.9055030106891286 -0.49506393287425404 1.05
0.932370598733406 -0.4447179630029689 1.05
0.9564384224862753 -0.39291416873404433 1.05
0.9776274010719707 -0.3398082763460361 1.05
0.9958671169920984 -0.2855603006264109 1.05
1.0110960486062748 -0.23033406281481106 1.05
1.023261775784361 -0.17429669594870764 1.05
1.032321158047974 -0.11761813910485629 1.05
1.038240484602119 -0.06047062206689535 1.05
1.0409955957429111 -0.0030281419817214566 1.05
1.0405719752142661 0.0545340664051466 1.05
1.0369648131747693 0.11204006532225727 1.05
1.0301790395255328 0.1693137517222121 1.05
1.0202293274403305 0.226179396565317 1.05
1.00714006703048 0.28246218398546813 1.05
0.9909453091684712 0.3379887486840398 1.05
0.9716886795859933 0.3925877098998757 1.05
0.9494232634534563 0.4460902003108663 1.05
0.9242114607391171 0.49833038823502196 1.05
0.8961248127361507 0.5491459915164624 1.05
0.8652438002352567 0.5983787815042001 1.05
0.8316576139082908 0.6458750755590187 1.05
0.7954638975548025 0.6914862165559937 1.05
0.7567684649478508 0.7350690378872405 1.05
0.7156849910978939 0.7764863125111785 1.05
0.6723346788335972 0.8156071846408194 1.05
0.6268459016758596 0.8523075827142327 1.05
0.5793538240559293 0.8864706123452549 1.05
0.5300000000000005 0.9179869280115047 1.05
0.7200817765318392 0.6042203531053468 1.0799999999999998
0.6863341187105633 0.6437596426414091 1.0799999999999998
0.6504149109864252 0.6814135627990688 1.0799999999999998
0.6124295095753632 0.7170628255608292 1.0799999999999998
0.5724898246164799 0.7505940318911362 1.0799999999999998
0.530713990910401 0.7819000318787275 1.0799999999999998
0.4872260188649113 0.8108802664641981 1.0799999999999998
0.44215542667806573 0.8374410896649014 1.0799999999999998
0.3956368548487634 0.8614960702669389 1.0799999999999998
0.34780966416135833 0.8829662720149412 1.0799999999999998
0.298817518344033 0.9017805113943822 1.0799999999999998
0.24880795265025948 0.917875592168125 1.0799999999999998
0.19793192965850678 0.931196515898583 1.0799999999999998
0.14634338362733337 0.9416966677590524 1.0799999999999998
0.09419875478091831 0.9493379770122569 1.0799999999999998
0.04165651493389588 0.9540910516106742 1.0799999999999998
-0.01112331410613536 0.9559352864515966 1.0799999999999998
-0.06397964789488085 0.954858944899846 1.0799999999999998
-0.11675083098213117 0.9508592132723865 1.0799999999999998
-0.16927513131660052 0.9439422280615205 1.0799999999999998
-0.2213912359127425 0.9341230757566308 1.0799999999999998
-0.27293874626046943 0.9214257652083336 1.0799999999999998
-0.3237586719563732 0.9058831725631321 1.0799999999999998
-0.373693921037365 0.8875369588809919 1.0799999999999998
-0.4225897855046707 0.8664374606323969 1.0799999999999998
-0.4702944205377888 0.8426435533551688 1.0799999999999998
-0.5166593159143195 0.8162224888343541 1.0799999999999998
-0.5615397581724787 0.7872497062505607 1.0799999999999998
-0.6047952820785533 0.7558086178230062 1.0799999999999998
-0.6462901099914711 0.7219903695529547 1.0799999999999998
-0.6858935777509511 0.6858935777509512 1.0799999999999998
-0.7234805457543023 0.6476240421070366 1.0799999999999998
-0.7589317939297126 0.6072944361367296 1.0799999999999998
-0.7921343993606985 0.5650239759067445 1.0799999999999998
-0.8229820953671435 0.5209380680129894 1.0799999999999998
-0.8513756109028908 0.47516793784906136 1.0799999999999998
-0.8772229891879868 0.4278502392661398 1.0799999999999998
-0.9004398845552742 0.3791266467845335 1.0799999999999998
-0.9209498365558659 0.32914343157311177 1.0799999999999998
-0.938684520435961 0.2780510224651402 1.0799999999999998
-0.9535839731682273 0.22600355332759153 1.0799999999999998
-0.9655967942944229 0.17315839814555295 1.0799999999999998
-0.9746803209117781 0.11967569522385532 1.0799999999999998
-0.9808007762137393 0.06571786194427194 1.0799999999999998
-0.983933391075702 0.01144910154857509 1.0799999999999998
-0.98406249825813 -0.04296509655485579 1.0799999999999998
-0.9811815988826891 -0.09735846144023637 1.0799999999999998
-0.9752934009214951 -0.15156444873051192 1.0799999999999998
-0.9664098295249999 -0.2054167505279464 1.0799999999999998
-0.9545520091001848 -0.2587498056478508 1.0799999999999998
-0.9397502171373037 -0.31139930859009735 1.0799999999999998
-0.9220438098701864 -0.36320271568377827 1.0799999999999998
-0.9014811199417758 -0.41399974684596325 1.0799999999999998
-0.8781193263328906 -0.46363288140582787 1.0799999999999998
-0.8520242968978996 -0.5119478464605939 1.0799999999999998
-0.8232704039358031 -0.5587940962495753 1.0799999999999998
-0.7919403133088684 -0.6040252810572182 1.0799999999999998
-0.7581247477032312 -0.6474997041851926 1.0799999999999998
-0.7219222247064447 -0.6890807655673589 1.0799999999999998
-0.6834387704556514 -0.728637390639588 1.0799999999999998
-0.6427876096865395 -0.7660444431189779 1.0799999999999998
-0.6000888330873877 -0.8011831203937194 1.0799999999999998
-0.55546904293395 -0.8339413302757224 1.0799999999999998
-0.5090609780495863 -0.8642140479228505 1.0799999999999998
-0.4610031192005606 -0.8919036517961757 1.0799999999999998
-0.411439276098724 -0.9169202375797787 1.0799999999999998
-0.3605181572425725 -0.9391819090561848 1.0799999999999998
-0.3083929238827865 -0.9586150449993082 1.0799999999999998
-0.25522072944964097 -0.9751545412185666 1.0799999999999998
-0.2011622458269529 -0.9887440269624167 1.0799999999999998
-0.14638117790031954 -0.9993360549667539 1.0799999999999998
-0.09104376784622296 -1.006892264513122 1.0799999999999998
-0.03531829066293167 -1.0113835169433247 1.0799999999999998
0.020625457526015297 -1.0127900031604984 1.0799999999999998
0.07661667683979685 -1.011101322731815 1.0799999999999998
0.13248408510335202 -1.0063165342944176 1.0799999999999998
0.1880564418134295 -0.998444177053716 1.0799999999999998
0.24316307300477755 -0.9875022632515194 1.0799999999999998
0.297634395407746 -0.97351824157037 1.0799999999999998
0.35130243828761654 -0.9565289315296089 1.0799999999999998
0.40400136135993964 -0.9365804290178797 1.0799999999999998
0.45556796718511505 -0.9137279831956673 1.0799999999999998
0.5058422064592815 -0.8880358450898285 1.0799999999999998
0.5546676746373391 -0.8595770882895883 1.0799999999999998
0.6018920983474916 -0.8284334022399469 1.0799999999999998
0.6473678100850596 -0.7946948587135028 1.0799999999999998
0.6909522097063913 -0.758459652125184 1.0799999999999998
0.7325082112813438 -0.7198338144359474 1.0799999999999998
0.7719046739049805 -0.6789309054709807 1.0799999999999998
0.8090168151156828 -0.6358716795549845 1.0799999999999998
0.8437266056176613 -0.5907837294415779 1.0799999999999998
0.875923144060743 -0.5438011085854302 1.0799999999999998
0.9055030106891286 -0.49506393287425404 1.0799999999999998
0.932370598733406 -0.4447179630029689 1.0799999999999998
0.9564384224862753 -0.39291416873404433 1.0799999999999998
0.9776274010719707 -0.3398082763460361 1.0799999999999998
0.9958671169920984 -0.2855603006264109 1.0799999999999998
1.0110960486062748 -0.23033406281481106 1.0799999999999998
1.023261775784361 -0.17429669594870764 1.0799999999999998
1.032321158047974 -0.11761813910485629 1.0799999999999998
1.038240484602119 -0.06047062206689535 1.0799999999999998
1.0409955957429111 -0.0030281419817214566 1.0799999999999998
1.0405719752142661 0.0545340664051466 1.0799999999999998
1.0369648131747693 0.11204006532225727 1.0799999999999998
1.0301790395255328 0.1693137517222121 1.0799999999999998
1.0202293274403305 0.226179396565317 1.0799999999999998
1.00714006703048 0.28246218398546813 1.0799999999999998
0.9909453091684712 0.3379887486840398 1.0799999999999998
0.9716886795859933 0.3925877098998757 1.0799999999999998
0.9494232634534563 0.4460902003108663 1.0799999999999998
0.9242114607391171 0.49833038823502196 1.0799999999999998
0.8961248127361507 0.5491459915164624 1.0799999999999998
0.8652438002352567 0.5983787815042001 1.0799999999999998
0.8316576139082908 0.6458750755590187 1.0799999999999998
0.7954638975548025 0.6914862165559937 1.0799999999999998
0.7567684649478508 0.7350690378872405 1.0799999999999998
0.7156849910978939 0.7764863125111785 1.0799999999999998
0.6723346788335972 0.8156071846408194 1.0799999999999998
0.6268459016758596 0.8523075827142327 1.0799999999999998
0.5793538240559293 0.8864706123452549 1.0799999999999998
0.5300000000000005 0.9179869280115047 1.0799999999999998
0.7200817765318392 0.6042203531053468 1.11
0.6863341187105633 0.6437596426414091 1.11
0.6504149109864252 0.6814135627990688 1.11
0.6124295095753632 0.7170628255608292 1.11
0.5724898246164799 0.7505940318911362 1.11
0.530713990910401 0.7819000318787275 1.11
0.4872260188649113 0.8108802664641981 1.11
0.44215542667806573 0.8374410896649014 1.11
0.3956368548487634 0.8614960702669389 1.11
0.34780966416135833 0.8829662720149412 1.11
0.298817518344033 0.9017805113943822 1.11
0.24880795265025948 0.917875592168125 1.11
0.19793192965850678 0.931196515898583 1.11
0.14634338362733337 0.9416966677590524 1.11
0.09419875478091831 0.9493379770122569 1.11
0.04165651493389588 0.9540910516106742 1.11
-0.01112331410613536 0.9559352864515966 1.11
-0.06397964789488085 0.954858944899846 1.11
-0.11675083098213117 0.9508592132723865 1.11
-0.16927513131660052 0.9439422280615205 1.11
-0.2213912359127425 0.9341230757566308 1.11
-0.27293874626046943 0.9214257652083336 1.11
-0.3237586719563732 0.9058831725631321 1.11
-0.373693921037365 0.8875369588809919 1.11
-0.4225897855046707 0.8664374606323969 1.11
-0.4702944205377888 0.8426435533551688 1.11
-0.5166593159143195 0.8162224888343541 1.11
-0.5615397581724787 0.7872497062505607 1.11
-0.6047952820785533 0.7558086178230062 1.11
-0.6462901099914711 0.7219903695529547 1.11
-0.6858935777509511 0.6858935777509512 1.11
-0.7234805457543023 0.6476240421070366 1.11
-0.7589317939297126 0.6072944361367296 1.11
-0.7921343993606985 0.5650239759067445 1.11
-0.8229820953671435 0.5209380680129894 1.11
-0.8513756109028908 0.47516793784906136 1.11
-0.8772229891879868 0.4278502392661398 1.11
-0.9004398845552742 0.3791266467845335 1.11
-0.9209498365558659 0.32914343157311177 1.11
-0.938684520435961 0.2780510224651402 1.11
-0.9535839731682273 0.22600355332759153 1.11
-0.9655967942944229 0.17315839814555295 1.11
-0.9746803209117781 0.11967569522385532 1.11
-0.9808007762137393 0.06571786194427194 1.11
-0.983933391075702 0.01144910154857509 1.11
-0.98406249825813 -0.04296509655485579 1.11
-0.9811815988826891 -0.09735846144023637 1.11
-0.9752934009214951 -0.15156444873051192 1.11
-0.9664098295249999 -0.2054167505279464 1.11
-0.9545520091001848 -0.2587498056478508 1.11
-0.9397502171373037 -0.31139930859009735 1.11
-0.9220438098701864 -0.36320271568377827 1.11
-0.9014811199417758 -0.41399974684596325 1.11
-0.8781193263328906 -0.46363288140582787 1.11
-0.8520242968978996 -0.5119478464605939 1.11
-0.8232704039358031 -0.5587940962495753 1.11
-0.7919403133088684 -0.6040252810572182 1.11
-0.7581247477032312 -0.6474997041851926 1.11
-0.7219222247064447 -0.6890807655673589 1.11
-0.6834387704556514 -0.728637390639588 1.11
-0.6427876096865395 -0.7660444431189779 1.11
-0.6000888330873877 -0.8011831203937194 1.11
-0.55546904293395 -0.8339413302757224 1.11
-0.5090609780495863 -0.8642140479228505 1.11
-0.4610031192005606 -0.8919036517961757 1.11
-0.411439276098724 -0.9169202375797787 1.11
-0.3605181572425725 -0.9391819090561848 1.11
-0.3083929238827865 -0.9586150449993082 1.11
-0.25522072944964097 -0.9751545412185666 1.11
-0.2011622458269529 -0.9887440269624167 1.11
-0.14638117790031954 -0.9993360549667539 1.11
-0.09104376784622296 -1.006892264513122 1.11
-0.03531829066293167 -1.0113835169433247 1.11
0.020625457526015297 -1.0127900031604984 1.11
0.07661667683979685 -1.011101322731815 1.11
0.13248408510335202 -1.0063165342944176 1.11
0.1880564418134295 -0.998444177053716 1.11
0.24316307300477755 -0.9875022632515194 1.11
0.297634395407746 -0.97351824157037 1.11
0.35130243828761654 -0.9565289315296089 1.11
0.40400136135993964 -0.9365804290178797 1.11
0.45556796718511505 -0.9137279831956673 1.11
0.5058422064592815 -0.8880358450898285 1.11
0.5546676746373391 -0.8595770882895883 1.11
0.6018920983474916 -0.8284334022399469 1.11
0.6473678100850596 -0.7946948587135028 1.11
0.6909522097063913 -0.758459652125184 1.11
0.7325082112813438 -0.7198338144359474 1.11
0.7719046739049805 -0.6789309054709807 1.11
0.8090168151156828 -0.6358716795549845 1.11
0.8437266056176613 -0.5907837294415779 1.11
0.875923144060743 -0.5438011085854302 1.11
0.9055030106891286 -0.49506393287425404 1.11
0.932370598733406 -0.4447179630029689 1.11
0.9564384224862753 -0.39291416873404433 1.11
0.9776274010719707 -0.3398082763460361 1.11
0.9958671169920984 -0.2855603006264109 1.11
1.0110960486062748 -0.23033406281481106 1.11
1.023261775784361 -0.17429669594870764 1.11
1.032321158047974 -0.11761813910485629 1.11
1.038240484602119 -0.06047062206689535 1.11
1.0409955957429111 -0.0030281419817214566 1.11
1.0405719752142661 0.0545340664051466 1.11
1.0369648131747693 0.11204006532225727 1.11
1.0301790395255328 0.1693137517222121 1.11
1.0202293274403305 0.226179396565317 1.11
1.00714006703048 0.28246218398546813 1.11
0.9909453091684712 0.3379887486840398 1.11
0.9716886795859933 0.3925877098998757 1.11
0.9494232634534563 0.4460902003108663 1.11
0.9242114607391171 0.49833038823502196 1.11
0.8961248127361507 0.5491459915164624 1.11
0.8652438002352567 0.5983787815042001 1.11
0.8316576139082908 0.6458750755590187 1.11
0.7954638975548025 0.6914862165559937 1.11
0.7567684649478508 0.7350690378872405 1.11
0.7156849910978939 0.7764863125111785 1.11
0.6723346788335972 0.8156071846408194 1.11
0.6268459016758596 0.8523075827142327 1.11
0.5793538240559293 0.8864706123452549 1.11
0.5300000000000005 0.9179869280115047 1.11
0.7200817765318392 0.6042203531053468 1.14
0.6863341187105633 0.6437596426414091 1.14
0.6504149109864252 0.6814135627990688 1.14
0.6124295095753632 0.7170628255608292 1.14
0.5724898246164799 0.7505940318911362 1.14
0.530713990910401 0.7819000318787275 1.14
0.4872260188649113 0.8108802664641981 1.14
0.44215542667806573 0.8374410896649014 1.14
0.3956368548487634 0.8614960702669389 1.14
0.34780966416135833 0.8829662720149412 1.14
0.298817518344033 0.9017805113943822 1.14
0.24880795265025948 0.917875592168125 1.14
0.19793192965850678 0.931196515898583 1.14
0.14634338362733337 0.9416966677590524 1.14
0.09419875478091831 0.9493379770122569 1.14
0.04165651493389588 0.9540910516106742 1.14
-0.01112331410613536 0.9559352864515966 1.14
-0.06397964789488085 0.954858944899846 1.14
-0.11675083098213117 0.9508592132723865 1.14
-0.16927513131660052 0.9439422280615205 1.14
-0.2213912359127425 0.9341230757566308 1.14
-0.27293874626046943 0.9214257652083336 1.14
-0.3237586719563732 0.9058831725631321 1.14
-0.373693921037365 0.8875369588809919 1.14
-0.4225897855046707 0.8664374606323969 1.14
-0.4702944205377888 0.8426435533551688 1.14
-0.5166593159143195 0.8162224888343541 1.14
-0.5615397581724787 0.7872497062505607 1.14
-0.6047952820785533 0.7558086178230062 1.14
-0.6462901099914711 0.7219903695529547 1.14
-0.6858935777509511 0.6858935777509512 1.14
-0.7234805457543023 0.6476240421070366 1.14
-0.7589317939297126 0.6072944361367296 1.14
-0.7921343993606985 0.5650239759067445 1.14
-0.8229820953671435 0.5209380680129894 1.14
-0.8513756109028908 0.47516793784906136 1.14
-0.8772229891879868 0.4278502392661398 1.14
-0.9004398845552742 0.3791266467845335 1.14
-0.9209498365558659 0.32914343157311177 1.14
-0.938684520435961 0.2780510224651402 1.14
-0.9535839731682273 0.22600355332759153 1.14
-0.9655967942944229 0.17315839814555295 1.14
-0.9746803209117781 0.11967569522385532 1.14
-0.9808007762137393 0.06571786194427194 1.14
-0.983933391075702 0.01144910154857509 1.14
-0.98406249825813 -0.04296509655485579 1.14
-0.9811815988826891 -0.09735846144023637 1.14
-0.9752934009214951 -0.15156444873051192 1.14
-0.9664098295249999 -0.2054167505279464 1.14
-0.9545520091001848 -0.2587498056478508 1.14
-0.9397502171373037 -0.31139930859009735 1.14
-0.9220438098701864 -0.36320271568377827 1.14
-0.9014811199417758 -0.41399974684596325 1.14
-0.8781193263328906 -0.46363288140582787 1.14
-0.8520242968978996 -0.5119478464605939 1.14
-0.8232704039358031 -0.5587940962495753 1.14
-0.7919403133088684 -0.6040252810572182 1.14
-0.7581247477032312 -0.6474997041851926 1.14
-0.7219222247064447 -0.6890807655673589 1.14
-0.6834387704556514 -0.728637390639588 1.14
-0.6427876096865395 -0.7660444431189779 1.14
-0.6000888330873877 -0.8011831203937194 1.14
-0.55546904293395 -0.8339413302757224 1.14
-0.5090609780495863 -0.8642140479228505 1.14
-0.4610031192005606 -0.8919036517961757 1.14
-0.411439276098724 -0.9169202375797787 1.14
-0.3605181572425725 -0.9391819090561848 1.14
-0.3083929238827865 -0.9586150449993082 1.14
-0.25522072944964097 -0.9751545412185666 1.14
-0.2011622458269529 -0.9887440269624167 1.14
-0.14638117790031954 -0.9993360549667539 1.14
-0.09104376784622296 -1.006892264513122 1.14
-0.03531829066293167 -1.0113835169433247 1.14
0.020625457526015297 -1.0127900031604984 1.14
0.07661667683979685 -1.011101322731815 1.14
0.13248408510335202 -1.0063165342944176 1.14
0.1880564418134295 -0.998444177053716 1.14
0.24316307300477755 -0.9875022632515194 1.14
0.297634395407746 -0.97351824157037 1.14
0.35130243828761654 -0.9565289315296089 1.14
0.40400136135993964 -0.9365804290178797 1.14
0.45556796718511505 -0.9137279831956673 1.14
0.5058422064592815 -0.8880358450898285 1.14
0.5546676746373391 -0.8595770882895883 1.14
0.6018920983474916 -0.8284334022399469 1.14
0.6473678100850596 -0.7946948587135028 1.14
0.6909522097063913 -0.758459652125184 1.14
0.7325082112813438 -0.7198338144359474 1.14
0.7719046739049805 -0.6789309054709807 1.14
0.8090168151156828 -0.6358716795549845 1.14
0.8437266056176613 -0.5907837294415779 1.14
0.875923144060743 -0.5438011085854302 1.14
0.9055030106891286 -0.49506393287425404 1.14
0.932370598733406 -0.4447179630029689 1.14
0.9564384224862753 -0.39291416873404433 1.14
0.9776274010719707 -0.3398082763460361 1.14
0.9958671169920984 -0.2855603006264109 1.14
1.0110960486062748 -0.23033406281481106 1.14
1.023261775784361 -0.17429669594870764 1.14
1.032321158047974 -0.11761813910485629 1.14
1.038240484602119 -0.06047062206689535 1.14
1.0409955957429111 -0.0030281419817214566 1.14
1.0405719752142661 0.0545340664051466 1.14
1.0369648131747693 0.11204006532225727 1.14
1.0301790395255328 0.1693137517222121 1.14
1.0202293274403305 0.226179396565317 1.14
1.00714006703048 0.28246218398546813 1.14
0.9909453091684712 0.3379887486840398 1.14
0.9716886795859933 0.3925877098998757 1.14
0.9494232634534563 0.4460902003108663 1.14
0.9242114607391171 0.49833038823502196 1.14
0.8961248127361507 0.5491459915164624 1.14
0.8652438002352567 0.5983787815042001 1.14
0.8316576139082908 0.6458750755590187 1.14
0.7954638975548025 0.6914862165559937 1.14
0.7567684649478508 0.7350690378872405 1.14
0.7156849910978939 0.7764863125111785 1.14
0.6723346788335972 0.8156071846408194 1.14
0.6268459016758596 0.8523075827142327 1.14
0.5793538240559293 0.8864706123452549 1.14
0.5300000000000005 0.9179869280115047 1.14
0.7200817765318392 0.6042203531053468 1.1700000000000002
0.6863341187105633 0.6437596426414091 1.1700000000000002
0.6504149109864252 0.6814135627990688 1.1700000000000002
0.6124295095753632 0.7170628255608292 1.1700000000000002
0.5724898246164799 0.7505940318911362 1.1700000000000002
0.530713990910401 0.7819000318787275 1.1700000000000002
0.4872260188649113 0.8108802664641981 1.1700000000000002
0.44215542667806573 0.8374410896649014 1.1700000000000002
0.3956368548487634 0.8614960702669389 1.1700000000000002
0.34780966416135833 0.8829662720149412 1.1700000000000002
0.298817518344033 0.9017805113943822 1.1700000000000002
0.24880795265025948 0.917875592168125 1.1700000000000002
0.19793192965850678 0.931196515898583 1.1700000000000002
0.14634338362733337 0.9416966677590524 1.1700000000000002
0.09419875478091831 0.9493379770122569 1.1700000000000002
0.04165651493389588 0.9540910516106742 1.1700000000000002
-0.01112331410613536 0.9559352864515966 1.1700000000000002
-0.06397964789488085 0.954858944899846 1.1700000000000002
-0.11675083098213117 0.9508592132723865 1.1700000000000002
-0.16927513131660052 0.9439422280615205 1.1700000000000002
-0.2213912359127425 0.9341230757566308 1.1700000000000002
-0.27293874626046943 0.9214257652083336 1.1700000000000002
-0.3237586719563732 0.9058831725631321 1.1700000000000002
-0.373693921037365 0.8875369588809919 1.1700000000000002
-0.4225897855046707 0.8664374606323969 1.1700000000000002
-0.4702944205377888 0.8426435533551688 1.1700000000000002
-0.5166593159143195 0.8162224888343541 1.1700000000000002
-0.5615397581724787 0.7872497062505607 1.1700000000000002
-0.6047952820785533 0.7558086178230062 1.1700000000000002
-0.6462901099914711 0.7219903695529547 1.1700000000000002
-0.6858935777509511 0.6858935777509512 1.1700000000000002
-0.7234805457543023 0.6476240421070366 1.1700000000000002
-0.7589317939297126 0.6072944361367296 1.1700000000000002
-0.7921343993606985 0.5650239759067445 1.1700000000000002
-0.8229820953671435 0.5209380680129894 1.1700000000000002
-0.8513756109028908 0.47516793784906136 1.1700000000000002
-0.8772229891879868 0.4278502392661398 1.1700000000000002
-0.9004398845552742 0.3791266467845335 1.1700000000000002
-0.9209498365558659 0.32914343157311177 1.1700000000000002
-0.938684520435961 0.2780510224651402 1.1700000000000002
-0.9535839731682273 0.22600355332759153 1.1700000000000002
-0.9655967942944229 0.17315839814555295 1.1700000000000002
-0.9746803209117781 0.11967569522385532 1.1700000000000002
-0.9808007762137393 0.06571786194427194 1.1700000000000002
-0.983933391075702 0.01144910154857509 1.1700000000000002
-0.98406249825813 -0.04296509655485579 1.1700000000000002
-0.9811815988826891 -0.09735846144023637 1.1700000000000002
-0.9752934009214951 -0.15156444873051192 1.1700000000000002
-0.9664098295249999 -0.2054167505279464 1.1700000000000002
-0.9545520091001848 -0.2587498056478508 1.1700000000000002
-0.9397502171373037 -0.31139930859009735 1.1700000000000002
-0.9220438098701864 -0.36320271568377827 1.1700000000000002
-0.9014811199417758 -0.41399974684596325 1.1700000000000002
-0.8781193263328906 -0.46363288140582787 1.1700000000000002
-0.8520242968978996 -0.5119478464605939 1.1700000000000002
-0.8232704039358031 -0.5587940962495753 1.1700000000000002
-0.7919403133088684 -0.6040252810572182 1.1700000000000002
-0.7581247477032312 -0.6474997041851926 1.1700000000000002
-0.7219222247064447 -0.6890807655673589 1.1700000000000002
-0.6834387704556514 -0.728637390639588 1.1700000000000002
-0.6427876096865395 -0.7660444431189779 1.1700000000000002
-0.6000888330873877 -0.8011831203937194 1.1700000000000002
-0.55546904293395 -0.8339413302757224 1.1700000000000002
-0.5090609780495863 -0.8642140479228505 1.1700000000000002
-0.4610031192005606 -0.8919036517961757 1.1700000000000002
-0.411439276098724 -0.9169202375797787 1.1700000000000002
-0.3605181572425725 -0.9391819090561848 1.1700000000000002
-0.3083929238827865 -0.9586150449993082 1.1700000000000002
-0.25522072944964097 -0.9751545412185666 1.1700000000000002
-0.2011622458269529 -0.9887440269624167 1.1700000000000002
-0.14638117790031954 -0.9993360549667539 1.1700000000000002
-0.09104376784622296 -1.006892264513122 1.1700000000000002
-0.03531829066293167 -1.0113835169433247 1.1700000000000002
0.020625457526015297 -1.0127900031604984 1.1700000000000002
0.07661667683979685 -1.011101322731815 1.1700000000000002
0.13248408510335202 -1.0063165342944176 1.1700000000000002
0.1880564418134295 -0.998444177053716 1.1700000000000002
0.24316307300477755 -0.9875022632515194 1.1700000000000002
0.297634395407746 -0.97351824157037 1.1700000000000002
0.35130243828761654 -0.9565289315296089 1.1700000000000002
0.40400136135993964 -0.9365804290178797 1.1700000000000002
0.45556796718511505 -0.9137279831956673 1.1700000000000002
0.5058422064592815 -0.8880358450898285 1.1700000000000002
0.5546676746373391 -0.8595770882895883 1.1700000000000002
0.6018920983474916 -0.8284334022399469 1.1700000000000002
0.6473678100850596 -0.7946948587135028 1.1700000000000002
0.6909522097063913 -0.758459652125184 1.1700000000000002
0.7325082112813438 -0.7198338144359474 1.1700000000000002
0.7719046739049805 -0.6789309054709807 1.1700000000000002
0.8090168151156828 -0.6358716795549845 1.1700000000000002
0.8437266056176613 -0.5907837294415779 1.1700000000000002
0.875923144060743 -0.5438011085854302 1.1700000000000002
0.9055030106891286 -0.49506393287425404 1.1700000000000002
0.932370598733406 -0.4447179630029689 1.1700000000000002
0.9564384224862753 -0.39291416873404433 1.1700000000000002
0.9776274010719707 -0.3398082763460361 1.1700000000000002
0.9958671169920984 -0.2855603006264109 1.1700000000000002
1.0110960486062748 -0.23033406281481106 1.1700000000000002
1.023261775784361 -0.17429669594870764 1.1700000000000002
1.032321158047974 -0.11761813910485629 1.1700000000000002
1.038240484602119 -0.06047062206689535 1.1700000000000002
1.0409955957429111 -0.0030281419817214566 1.1700000000000002
1.0405719752142661 0.0545340664051466 1.1700000000000002
1.0369648131747693 0.11204006532225727 1.1700000000000002
1.0301790395255328 0.1693137517222121 1.1700000000000002
1.0202293274403305 0.226179396565317 1.1700000000000002
1.00714006703048 0.28246218398546813 1.1700000000000002
0.9909453091684712 0.3379887486840398 1.1700000000000002
0.9716886795859933 0.3925877098998757 1.1700000000000002
0.9494232634534563 0.4460902003108663 1.1700000000000002
0.9242114607391171 0.49833038823502196 1.1700000000000002
0.8961248127361507 0.5491459915164624 1.1700000000000002
0.8652438002352567 0.5983787815042001 1.1700000000000002
0.8316576139082908 0.6458750755590187 1.1700000000000002
0.7954638975548025 0.6914862165559937 1.1700000000000002
0.7567684649478508 0.7350690378872405 1.1700000000000002
0.7156849910978939 0.7764863125111785 1.1700000000000002
0.6723346788335972 0.8156071846408194 1.1700000000000002
0.6268459016758596 0.8523075827142327 1.1700000000000002
0.5793538240559293 0.8864706123452549 1.1700000000000002
0.5300000000000005 0.9179869280115047 1.1700000000000002
0.7200817765318392 0.6042203531053468 1.2
0.6863341187105633 0.6437596426414091 1.2
0.6504149109864252 0.6814135627990688 1.2
0.6124295095753632 0.7170628255608292 1.2
0.5724898246164799 0.7505940318911362 1.2
0.530713990910401 0.7819000318787275 1.2
0.4872260188649113 0.8108802664641981 1.2
0.44215542667806573 0.8374410896649014 1.2
0.3956368548487634 0.8614960702669389 1.2
0.34780966416135833 0.8829662720149412 1.2
0.298817518344033 0.9017805113943822 1.2
0.24880795265025948 0.917875592168125 1.2
0.19793192965850678 0.931196515898583 1.2
0.14634338362733337 0.9416966677590524 1.2
0.09419875478091831 0.9493379770122569 1.2
0.04165651493389588 0.9540910516106742 1.2
-0.01112331410613536 0.9559352864515966 1.2
-0.06397964789488085 0.954858944899846 1.2
-0.11675083098213117 0.9508592132723865 1.2
-0.16927513131660052 0.9439422280615205 1.2
-0.2213912359127425 0.9341230757566308 1.2
-0.27293874626046943 0.9214257652083336 1.2
-0.3237586719563732 0.9058831725631321 1.2
-0.373693921037365 0.8875369588809919 1.2
-0.4225897855046707 0.8664374606323969 1.2
-0.4702944205377888 0.8426435533551688 1.2
-0.5166593159143195 0.8162224888343541 1.2
-0.5615397581724787 0.7872497062505607 1.2
-0.6047952820785533 0.7558086178230062 1.2
-0.6462901099914711 0.7219903695529547 1.2
-0.6858935777509511 0.6858935777509512 1.2
-0.7234805457543023 0.6476240421070366 1.2
-0.7589317939297126 0.6072944361367296 1.2
-0.7921343993606985 0.5650239759067445 1.2
-0.8229820953671435 0.5209380680129894 1.2
-0.8513756109028908 0.47516793784906136 1.2
-0.8772229891879868 0.4278502392661398 1.2
-0.9004398845552742 0.3791266467845335 1.2
-0.9209498365558659 0.32914343157311177 1.2
-0.938684520435961 0.2780510224651402 1.2
-0.9535839731682273 0.22600355332759153 1.2
-0.9655967942944229 0.17315839814555295 1.2
-0.9746803209117781 0.11967569522385532 1.2
-0.9808007762137393 0.06571786194427194 1.2
-0.983933391075702 0.01144910154857509 1.2
-0.98406249825813 -0.04296509655485579 1.2
-0.9811815988826891 -0.09735846144023637 1.2
-0.9752934009214951 -0.15156444873051192 1.2
-0.9664098295249999 -0.2054167505279464 1.2
-0.9545520091001848 -0.2587498056478508 1.2
-0.9397502171373037 -0.31139930859009735 1.2
-0.9220438098701864 -0.36320271568377827 1.2
-0.9014811199417758 -0.41399974684596325 1.2
-0.8781193263328906 -0.46363288140582787 1.2
-0.8520242968978996 -0.5119478464605939 1.2
-0.8232704039358031 -0.5587940962495753 1.2
-0.7919403133088684 -0.6040252810572182 1.2
-0.7581247477032312 -0.6474997041851926 1.2
-0.7219222247064447 -0.6890807655673589 1.2
-0.6834387704556514 -0.728637390639588 1.2
-0.6427876096865395 -0.7660444431189779 1.2
-0.6000888330873877 -0.8011831203937194 1.2
-0.55546904293395 -0.8339413302757224 1.2
-0.5090609780495863 -0.8642140479228505 1.2
-0.4610031192005606 -0.8919036517961757 1.2
-0.411439276098724 -0.9169202375797787 1.2
-0.3605181572425725 -0.9391819090561848 1.2
-0.3083929238827865 -0.9586150449993082 1.2
-0.25522072944964097 -0.9751545412185666 1.2
-0.2011622458269529 -0.9887440269624167 1.2
-0.14638117790031954 -0.9993360549667539 1.2
-0.09104376784622296 -1.006892264513122 1.2
-0.03531829066293167 -1.0113835169433247 1.2
0.020625457526015297 -1.0127900031604984 1.2
0.07661667683979685 -1.011101322731815 1.2
0.13248408510335202 -1.0063165342944176 1.2
0.1880564418134295 -0.998444177053716 1.2
0.24316307300477755 -0.9875022632515194 1.2
0.297634395407746 -0.97351824157037 1.2
0.35130243828761654 -0.9565289315296089 1.2
0.40400136135993964 -0.9365804290178797 1.2
0.45556796718511505 -0.9137279831956673 1.2
0.5058422064592815 -0.8880358450898285 1.2
0.5546676746373391 -0.8595770882895883 1.2
0.6018920983474916 -0.8284334022399469 1.2
0.6473678100850596 -0.7946948587135028 1.2
0.6909522097063913 -0.758459652125184 1.2
0.7325082112813438 -0.7198338144359474 1.2
0.7719046739049805 -0.6789309054709807 1.2
0.8090168151156828 -0.6358716795549845 1.2
0.8437266056176613 -0.5907837294415779 1.2
0.875923144060743 -0.5438011085854302 1.2
0.9055030106891286 -0.49506393287425404 1.2
0.932370598733406 -0.4447179630029689 1.2
0.9564384224862753 -0.39291416873404433 1.2
0.9776274010719707 -0.3398082763460361 1.2
0.9958671169920984 -0.2855603006264109 1.2
1.0110960486062748 -0.23033406281481106 1.2
1.023261775784361 -0.17429669594870764 1.2
1.032321158047974 -0.11761813910485629 1.2
1.038240484602119 -0.06047062206689535 1.2
1.0409955957429111 -0.0030281419817214566 1.2
1.0405719752142661 0.0545340664051466 1.2
1.0369648131747693 0.11204006532225727 1.2
1.0301790395255328 0.1693137517222121 1.2
1.0202293274403305 0.226179396565317 1.2
1.00714006703048 0.28246218398546813 1.2
0.9909453091684712 0.3379887486840398 1.2
0.9716886795859933 0.3925877098998757 1.2
0.9494232634534563 0.4460902003108663 1.2
0.9242114607391171 0.49833038823502196 1.2
0.8961248127361507 0.5491459915164624 1.2
0.8652438002352567 0.5983787815042001 1.2
0.8316576139082908 0.6458750755590187 1.2
0.7954638975548025 0.6914862165559937 1.2
0.7567684649478508 0.7350690378872405 1.2
0.7156849910978939 0.7764863125111785 1.2
0.6723346788335972 0.8156071846408194 1.2
0.6268459016758596 0.8523075827142327 1.2
0.5793538240559293 0.8864706123452549 1.2
0.5300000000000005 0.9179869280115047 1.2
3 0 121 122
3 0 122 1
3 1 122 123
3 1 123 2
3 2 123 124
3 2 124 3
3 3 124 125
3 3 125 4
3 4 125 126
3 4 126 5
3 5 126 127
3 5 127 6
3 6 127 128
3 6 128 7
3 7 128 129
3 7 129 8
3 8 129 130
3 8 130 9
3 9 130 131
3 9 131 10
3 10 131 132
3 10 132 11
3 11 132 133
3 11 133 12
3 12 133 134
3 12 134 13
3 13 134 135
3 13 135 14
3 14 135 136
3 14 136 15
3 15 136 137
3 15 137 16
3 16 137 138
3 16 138 17
3 17 138 139
3 17 139 18
3 18 139 140
3 18 140 19
3 19 140 141
3 19 141 20
3 20 141 142
3 20 142 21
3 21 142 143
3 21 143 22
3 22 143 144
3 22 144 23
3 23 144 145
3 23 145 24
3 24 145 146
3 24 146 25
3 25 146 147
3 25 147 26
3 26 147 148
3 26 148 27
3 27 148 149
3 27 149 28
3 28 149 150
3 28 150 29
3 29 150 151
3 29 151 30
3 30 151 152
3 30 152 31
3 31 152 153
3 31 153 32
3 32 153 154
3 32 154 33
3 33 154 155
3 33 155 34
3 34 155 156
3 34 156 35
3 35 156 157
3 35 157 36
3 36 157 158
3 36 158 37
3 37 158 159
3 37 159 38
3 38 159 160
3 38 160 39
3 39 160 161
3 39 161 40
3 40 161 162
3 40 162 41
3 41 162 163
3 41 163 42
3 42 163 164
3 42 164 43
3 43 164 165
3 43 165 44
3 44 165 166
3 44 166 45
3 45 166 167
3 45 167 46
3 46 167 168
3 46 168 47
3 47 168 169
3 47 169 48
3 48 169 170
3 48 170 49
3 49 170 171
3 49 171 50
3 50 171 172
3 50 172 51
3 51 172 173
3 51 173 52
3 52 173 174
3 52 174 53
3 53 174 175
3 53 175 54
3 54 175 176
3 54 176 55
3 55 176 177
3 55 177 56
3 56 177 178
3 56 178 57
3 57 178 179
3 57 179 58
3 58 179 180
3 58 180 59
3 59 180 181
3 59 181 60
3 60 181 182
3 60 182 61
3 61 182 183
3 61 183 62
3 62 183 184
3 62 184 63
3 63 184 185
3 63 185 64
3 64 185 186
3 64 186 65
3 65 186 187
3 65 187 66
3 66 187 188
3 66 188 67
3 67 188 189
3 67 189 68
3 68 189 190
3 68 190 69
3 69 190 191
3 69 191 70
3 70 191 192
3 70 192 71
3 71 192 193
3 71 193 72
3 72 193 194
3 72 194 73
3 73 194 195
3 73 195 74
3 74 195 196
3 74 196 75
3 75 196 197
3 75 197 76
3 76 197 198
3 76 198 77
3 77 198 199
3 77 199 78
3 78 199 200
3 78 200 79
3 79 200 201
3 79 201 80
3 80 201 202
3 80 202 81
3 81 202 203
3 81 203 82
3 82 203 204
3 82 204 83
3 83 204 205
3 83 205 84
3 84 205 206
3 84 206 85
3 85 206 207
3 85 207 86
3 86 207 208
3 86 208 87
3 87 208 209
3 87 209 88
3 88 209 210
3 88 210 89
3 89 210 211
3 89 211 90
3 90 211 212
3 90 212 91
3 91 212 213
3 91 213 92
3 92 213 214
3 92 214 93
3 93 214 215
3 93 215 94
3 94 215 216
3 94 216 95
3 95 216 217
3 95 217 96
3 96 217 218
3 96 218 97
3 97 218 219
3 97 219 98
3 98 219 220
3 98 220 99
3 99 220 221
3 99 221 100
3 100 221 222
3 100 222 101
3 101 222 223
3 101 223 102
3 102 223 224
3 102 224 103
3 103 224 225
3 103 225 104
3 104 225 226
3 104 226 105
3 105 226 227
3 105 227 106
3 106 227 228
3 106 228 107
3 107 228 229
3 107 229 108
3 108 229 230
3 108 230 109
3 109 230 231
3 109 231 110
3 110 231 232
3 110 232 111
3 111 232 233
3 111 233 112
3 112 233 234
3 112 234 113
3 113 234 235
3 113 235 114
3 114 235 236
3 114 236 115
3 115 236 237
3 115 237 116
3 116 237 238
3 116 238 117
3 117 238 239
3 117 239 118
3 118 239 240
3 118 240 119
3 119 240 241
3 119 241 120
3 121 242 243
3 121 243 122
3 122 243 244
3 122 244 123
3 123 244 245
3 123 245 124
3 124 245 246
3 124 246 125
3 125 246 247
3 125 247 126
3 126 247 248
3 126 248 127
3 127 248 249
3 127 249 128
3 128 249 250
3 128 250 129
3 129 250 251
3 129 251 130
3 130 251 252
3 130 252 131
3 131 252 253
3 131 253 132
3 132 253 254
3 132 254 133
3 133 254 255
3 133 255 134
3 134 255 256
3 134 256 135
3 135 256 257
3 135 257 136
3 136 257 258
3 136 258 137
3 137 258 259
3 137 259 138
3 138 259 260
3 138 260 139
3 139 260 261
3 139 261 140
3 140 261 262
3 140 262 141
3 141 262 263
3 141 263 142
3 142 263 264
3 142 264 143
3 143 264 265
3 143 265 144
3 144 265 266
3 144 266 145
3 145 266 267
3 145 267 146
3 146 267 268
3 146 268 147
3 147 268 269
3 147 269 148
3 148 269 270
3 148 270 149
3 149 270 271
3 149 271 150
3 150 271 272
3 150 272 151
3 151 272 273
3 151 273 152
3 152 273 274
3 152 274 153
3 153 274 275
3 153 275 154
3 154 275 276
3 154 276 155
3 155 276 277
3 155 277 156
3 156 277 278
3 156 278 157
3 157 278 279
3 157 279 158
3 158 279 280
3 158 280 159
3 159 280 281
3 159 281 160
3 160 281 282
3 160 282 161
3 161 282 283
3 161 283 162
3 162 283 284
3 162 284 163
3 163 284 285
3 163 285 164
3 164 285 286
3 164 286 165
3 165 286 287
3 165 287 166
3 166 287 288
3 166 288 167
3 167 288 289
3 167 289 168
3 168 289 290
3 168 290 169
3 169 290 291
3 169 291 170
3 170 291 292
3 170 292 171
3 171 292 293
3 171 293 172
3 172 293 294
3 172 294 173
3 173 294 295
3 173 295 174
3 174 295 296
3 174 296 175
3 175 296 297
3 175 297 176
3 176 297 298
3 176 298 177
3 177 298 299
3 177 299 178
3 178 299 300
3 178 300 179
3 179 300 301
3 179 301 180
3 180 301 302
3 180 302 181
3 181 302 303
3 181 303 182
3 182 303 304
3 182 304 183
3 183 304 305
3 183 305 184
3 184 305 306
3 184 306 185
3 185 306 307
3 185 307 186
3 186 307 308
3 186 308 187
3 187 308 309
3 187 309 188
3 188 309 310
3 188 310 189
3 189 310 311
3 189 311 190
3 190 311 312
3 190 312 191
3 191 312 313
3 191 313 192
3 192 313 314
3 192 314 193
3 193 314 315
3 193 315 194
3 194 315 316
3 194 316 195
3 195 316 317
3 195 317 196
3 196 317 318
3 196 318 197
3 197 318 319
3 197 319 198
3 198 319 320
3 198 320 199
3 199 320 321
3 199 321 200
3 200 321 322
3 200 322 201
3 201 322 323
3 201 323 202
3 202 323 324
3 202 324 203
3 203 324 325
3 203 325 204
3 204 325 326
3 204 326 205
3 205 326 327
3 205 327 206
3 206 327 328
3 206 328 207
3 207 328 329
3 207 329 208
3 208 329 330
3 208 330 209
3 209 330 331
3 209 331 210
3 210 331 332
3 210 332 211
3 211 332 333
3 211 333 212
3 212 333 334
3 212 334 213
3 213 334 335
3 213 335 214
3 214 335 336
3 214 336 215
3 215 336 337
3 215 337 216
3 216 337 338
3 216 338 217
3 217 338 339
3 217 339 218
3 218 339 340
3 218 340 219
3 219 340 341
3 219 341 220
3 220 341 342
3 220 342 221
3 221 342 343
3 221 343 222
3 222 343 344
3 222 344 223
3 223 344 345
3 223 345 224
3 224 345 346
3 224 346 225
3 225 346 347
3 225 347 226
3 226 347 348
3 226 348 227
3 227 348 349
3 227 349 228
3 228 349 350
3 228 350 229
3 229 350 351
3 229 351 230
3 230 351 352
3 230 352 231
3 231 352 353
3 231 353 232
3 232 353 354
3 232 354 233
3 233 354 355
3 233 355 234
3 234 355 356
3 234 356 235
3 235 356 357
3 235 357 236
3 236 357 358
3 236 358 237
3 237 358 359
3 237 359 238
3 238 359 360
3 238 360 239
3 239 360 361
3 239 361 240
3 240 361 362
3 240 362 241
3 242 363 364
3 242 364 243
3 243 364 365
3 243 365 244
3 244 365 366
3 244 366 245
3 245 366 367
3 245 367 246
3 246 367 368
3 246 368 247
3 247 368 369
3 247 369 248
3 248 369 370
3 248 370 249
3 249 370 371
3 249 371 250
3 250 371 372
3 250 372 251
3 251 372 373
3 251 373 252
3 252 373 374
3 252 374 253
3 253 374 375
3 253 375 254
3 254 375 376
3 254 376 255
3 255 376 377
3 255 377 256
3 256 377 378
3 256 378 257
3 257 378 379
3 257 379 258
3 258 379 380
3 258 380 259
3 259 380 381
3 259 381 260
3 260 381 382
3 260 382 261
3 261 382 383
3 261 383 262
3 262 383 384
3 262 384 263
3 263 384 385
3 263 385 264
3 264 385 386
3 264 386 265
3 265 386 387
3 265 387 266
3 266 387 388
3 266 388 267
3 267 388 389
3 267 389 268
3 268 389 390
3 268 390 269
3 269 390 391
3 269 391 270
3 270 391 392
3 270 392 271
3 271 392 393
3 271 393 272
3 272 393 394
3 272 394 273
3 273 394 395
3 273 395 274
3 274 395 396
3 274 396 275
3 275 396 397
3 275 397 276
3 276 397 398
3 276 398 277
3 277 398 399
3 277 399 278
3 278 399 400
3 278 400 279
3 279 400 401
3 279 401 280
3 280 401 402
3 280 402 281
3 281 402 403
3 281 403 282
3 282 403 404
3 282 404 283
3 283 404 405
3 283 405 284
3 284 405 406
3 284 406 285
3 285 406 407
3 285 407 286
3 286 407 408
3 286 408 287
3 287 408 409
3 287 409 288
3 288 409 410
3 288 410 289
3 289 410 411
3 289 411 290
3 290 411 412
3 290 412 291
3 291 412 413
3 291 413 292
3 292 413 414
3 292 414 293
3 293 414 415
3 293 415 294
3 294 415 416
3 294 416 295
3 295 416 417
3 295 417 296
3 296 417 418
3 296 418 297
3 297 418 419
3 297 419 298
3 298 419 420
3 298 420 299
3 299 420 421
3 299 421 300
3 300 421 422
3 300 422 301
3 301 422 423
3 301 423 302
3 302 423 424
3 302 424 303
3 303 424 425
3 303 425 304
3 304 425 426
3 304 426 305
3 305 426 427
3 305 427 306
3 306 427 428
3 306 428 307
3 307 428 429
3 307 429 308
3 308 429 430
3 308 430 309
3 309 430 431
3 309 431 310
3 310 431 432
3 310 432 311
3 311 432 433
3 311 433 312
3 312 433 434
3 312 434 313
3 313 434 435
3 313 435 314
3 314 435 436
3 314 436 315
3 315 436 437
3 315 437 316
3 316 437 438
3 316 438 317
3 317 438 439
3 317 439 318
3 318 439 440
3 318 440 319
3 319 440 441
3 319 441 320
3 320 441 442
3 320 442 321
3 321 442 443
3 321 443 322
3 322 443 444
3 322 444 323
3 323 444 445
3 323 445 324
3 324 445 446
3 324 446 325
3 325 446 447
3 325 447 326
3 326 447 448
3 326 448 327
3 327 448 449
3 327 449 328
3 328 449 450
3 328 450 329
3 329 450 451
3 329 451 330
3 330 451 452
3 330 452 331
3 331 452 453
3 331 453 332
3 332 453 454
3 332 454 333
3 333 454 455
3 333 455 334
3 334 455 456
3 334 456 335
3 335 456 457
3 335 457 336
3 336 457 458
3 336 458 337
3 337 458 459
3 337 459 338
3 338 459 460
3 338 460 339
3 339 460 461
3 339 461 340
3 340 461 462
3 340 462 341
3 341 462 463
3 341 463 342
3 342 463 464
3 342 464 343
3 343 464 465
3 343 465 344
3 344 465 466
3 344 466 345
3 345 466 467
3 345 467 346
3 346 467 468
3 346 468 347
3 347 468 469
3 347 469 348
3 348 469 470
3 348 470 349
3 349 470 471
3 349 471 350
3 350 471 472
3 350 472 351
3 351 472 473
3 351 473 352
3 352 473 474
3 352 474 353
3 353 474 475
3 353 475 354
3 354 475 476
3 354 476 355
3 355 476 477
3 355 477 356
3 356 477 478
3 356 478 357
3 357 478 479
3 357 479 358
3 358 479 480
3 358 480 359
3 359 480 481
3 359 481 360
3 360 481 482
3 360 482 361
3 361 482 483
3 361 483 362
3 363 484 485
3 363 485 364
3 364 485 486
3 364 486 365
3 365 486 487
3 365 487 366
3 366 487 488
3 366 488 367
3 367 488 489
3 367 489 368
3 368 489 490
3 368 490 369
3 369 490 491
3 369 491 370
3 370 491 492
3 370 492 371
3 371 492 493
3 371 493 372
3 372 493 494
3 372 494 373
3 373 494 495
3 373 495 374
3 374 495 496
3 374 496 375
3 375 496 497
3 375 497 376
3 376 497 498
3 376 498 377
3 377 498 499
3 377 499 378
3 378 499 500
3 378 500 379
3 379 500 501
3 379 501 380
3 380 501 502
3 380 502 381
3 381 502 503
3 381 503 382
3 382 503 504
3 382 504 383
3 383 504 505
3 383 505 384
3 384 505 506
3 384 506 385
3 385 506 507
3 385 507 386
3 386 507 508
3 386 508 387
3 387 508 509
3 387 509 388
3 388 509 510
3 388 510 389
3 389 510 511
3 389 511 390
3 390 511 512
3 390 512 391
3 391 512 513
3 391 513 392
3 392 513 514
3 392 514 393
3 393 514 515
3 393 515 394
3 394 515 516
3 394 516 395
3 395 516 517
3 395 517 396
3 396 517 518
3 396 518 397
3 397 518 519
3 397 519 398
3 398 519 520
3 398 520 399
3 399 520 521
3 399 521 400
3 400 521 522
3 400 522 401
3 401 522 523
3 401 523 402
3 402 523 524
3 402 524 403
3 403 524 525
3 403 525 404
3 404 525 526
3 404 526 405
3 405 526 527
3 405 527 406
3 406 527 528
3 406 528 407
3 407 528 529
3 407 529 408
3 408 529 530
3 408 530 409
3 409 530 531
3 409 531 410
3 410 531 532
3 410 532 411
3 411 532 533
3 411 533 412
3 412 533 534
3 412 534 413
3 413 534 535
3 413 535 414
3 414 535 536
3 414 536 415
3 415 536 537
3 415 537 416
3 416 537 538
3 416 538 417
3 417 538 539
3 417 539 418
3 418 539 540
3 418 540 419
3 419 540 541
3 419 541 420
3 420 541 542
3 420 542 421
3 421 542 543
3 421 543 422
3 422 543 544
3 422 544 423
3 423 544 545
3 423 545 424
3 424 545 546
3 424 546 425
3 425 546 547
3 425 547 426
3 426 547 548
3 426 548 427
3 427 548 549
3 427 549 428
3 428 549 550
3 428 550 429
3 429 550 551
3 429 551 430
3 430 551 552
3 430 552 431
3 431 552 553
3 431 553 432
3 432 553 554
3 432 554 433
3 433 554 555
3 433 555 434
3 434 555 556
3 434 556 435
3 435 556 557
3 435 557 436
3 436 557 558
3 436 558 437
3 437 558 559
3 437 559 438
3 438 559 560
3 438 560 439
3 439 560 561
3 439 561 440
3 440 561 562
3 440 562 441
3 441 562 563
3 441 563 442
3 442 563 564
3 442 564 443
3 443 564 565
3 443 565 444
3 444 565 566
3 444 566 445
3 445 566 567
3 445 567 446
3 446 567 568
3 446 568 447
3 447 568 569
3 447 569 448
3 448 569 570
3 448 570 449
3 449 570 571
3 449 571 450
3 450 571 572
3 450 572 451
3 451 572 573
3 451 573 452
3 452 573 574
3 452 574 453
3 453 574 575
3 453 575 454
3 454 575 576
3 454 576 455
3 455 576 577
3 455 577 456
3 456 577 578
3 456 578 457
3 457 578 579
3 457 579 458
3 458 579 580
3 458 580 459
3 459 580 581
3 459 581 460
3 460 581 582
3 460 582 461
3 461 582 583
3 461 583 462
3 462 583 584
3 462 584 463
3 463 584 585
3 463 585 464
3 464 585 586
3 464 586 465
3 465 586 587
3 465 587 466
3 466 587 588
3 466 588 467
3 467 588 589
3 467 589 468
3 468 589 590
3 468 590 469
3 469 590 591
3 469 591 470
3 470 591 592
3 470 592 471
3 471 592 593
3 471 593 472
3 472 593 594
3 472 594 473
3 473 594 595
3 473 595 474
3 474 595 596
3 474 596 475
3 475 596 597
3 475 597 476
3 476 597 598
3 476 598 477
3 477 598 599
3 477 599 478
3 478 599 600
3 478 600 479
3 479 600 601
3 479 601 480
3 480 601 602
3 480 602 481
3 481 602 603
3 481 603 482
3 482 603 604
3 482 604 483
3 484 605 606
3 484 606 485
3 485 606 607
3 485 607 486
3 486 607 608
3 486 608 487
3 487 608 609
3 487 609 488
3 488 609 610
3 488 610 489
3 489 610 611
3 489 611 490
3 490 611 612
3 490 612 491
3 491 612 613
3 491 613 492
3 492 613 614
3 492 614 493
3 493 614 615
3 493 615 494
3 494 615 616
3 494 616 495
3 495 616 617
3 495 617 496
3 496 617 618
3 496 618 497
3 497 618 619
3 497 619 498
3 498 619 620
3 498 620 499
3 499 620 621
3 499 621 500
3 500 621 622
3 500 622 501
3 501 622 623
3 501 623 502
3 502 623 624
3 502 624 503
3 503 624 625
3 503 625 504
3 504 625 626
3 504 626 505
3 505 626 627
3 505 627 506
3 506 627 628
3 506 628 507
3 507 628 629
3 507 629 508
3 508 629 630
3 508 630 509
3 509 630 631
3 509 631 510
3 510 631 632
3 510 632 511
3 511 632 633
3 511 633 512
3 512 633 634
3 512 634 513
3 513 634 635
3 513 635 514
3 514 635 636
3 514 636 515
3 515 636 637
3 515 637 516
3 516 637 638
3 516 638 517
3 517 638 639
3 517 639 518
3 518 639 640
3 518 640 519
3 519 640 641
3 519 641 520
3 520 641 642
3 520 642 521
3 521 642 643
3 521 643 522
3 522 643 644
3 522 644 523
3 523 644 645
3 523 645 524
3 524 645 646
3 524 646 525
3 525 646 647
3 525 647 526
3 526 647 648
3 526 648 527
3 527 648 649
3 527 649 528
3 528 649 650
3 528 650 529
3 529 650 651
3 529 651 530
3 530 651 652
3 530 652 531
3 531 652 653
3 531 653 532
3 532 653 654
3 532 654 533
3 533 654 655
3 533 655 534
3 534 655 656
3 534 656 535
3 535 656 657
3 535 657 536
3 536 657 658
3 536 658 537
3 537 658 659
3 537 659 538
3 538 659 660
3 538 660 539
3 539 660 661
3 539 661 540
3 540 661 662
3 540 662 541
3 541 662 663
3 541 663 542
3 542 663 664
3 542 664 543
3 543 664 665
3 543 665 544
3 544 665 666
3 544 666 545
3 545 666 667
3 545 667 546
3 546 667 668
3 546 668 547
3 547 668 669
3 547 669 548
3 548 669 670
3 548 670 549
3 549 670 671
3 549 671 550
3 550 671 672
3 550 672 551
3 551 672 673
3 551 673 552
3 552 673 674
3 552 674 553
3 553 674 675
3 553 675 554
3 554 675 676
3 554 676 555
3 555 676 677
3 555 677 556
3 556 677 678
3 556 678 557
3 557 678 679
3 557 679 558
3 558 679 680
3 558 680 559
3 559 680 681
3 559 681 560
3 560 681 682
3 560 682 561
3 561 682 683
3 561 683 562
3 562 683 684
3 562 684 563
3 563 684 685
3 563 685 564
3 564 685 686
3 564 686 565
3 565 686 687
3 565 687 566
3 566 687 688
3 566 688 567
3 567 688 689
3 567 689 568
3 568 689 690
3 568 690 569
3 569 690 691
3 569 691 570
3 570 691 692
3 570 692 571
3 571 692 693
3 571 693 572
3 572 693 694
3 572 694 573
3 573 694 695
3 573 695 574
3 574 695 696
3 574 696 575
3 575 696 697
3 575 697 576
3 576 697 698
3 576 698 577
3 577 698 699
3 577 699 578
3 578 699 700
3 578 700 579
3 579 700 701
3 579 701 580
3 580 701 702
3 580 702 581
3 581 702 703
3 581 703 582
3 582 703 704
3 582 704 583
3 583 704 705
3 583 705 584
3 584 705 706
3 584 706 585
3 585 706 707
3 585 707 586
3 586 707 708
3 586 708 587
3 587 708 709
3 587 709 588
3 588 709 710
3 588 710 589
3 589 710 711
3 589 711 590
3 590 711 712
3 590 712 591
3 591 712 713
3 591 713 592
3 592 713 714
3 592 714 593
3 593 714 715
3 593 715 594
3 594 715 716
3 594 716 595
3 595 716 717
3 595 717 596
3 596 717 718
3 596 718 597
3 597 718 719
3 597 719 598
3 598 719 720
3 598 720 599
3 599 720 721
3 599 721 600
3 600 721 722
3 600 722 601
3 601 722 723
3 601 723 602
3 602 723 724
3 602 724 603
3 603 724 725
3 603 725 604
3 605 726 727
3 605 727 606
3 606 727 728
3 606 728 607
3 607 728 729
3 607 729 608
3 608 729 730
3 608 730 609
3 609 730 731
3 609 731 610
3 610 731 732
3 610 732 611
3 611 732 733
3 611 733 612
3 612 733 734
3 612 734 613
3 613 734 735
3 613 735 614
3 614 735 736
3 614 736 615
3 615 736 737
3 615 737 616
3 616 737 738
3 616 738 617
3 617 738 739
3 617 739 618
3 618 739 740
3 618 740 619
3 619 740 741
3 619 741 620
3 620 741 742
3 620 742 621
3 621 742 743
3 621 743 622
3 622 743 744
3 622 744 623
3 623 744 745
3 623 745 624
3 624 745 746
3 624 746 625
3 625 746 747
3 625 747 626
3 626 747 748
3 626 748 627
3 627 748 749
3 627 749 628
3 628 749 750
3 628 750 629
3 629 750 751
3 629 751 630
3 630 751 752
3 630 752 631
3 631 752 753
3 631 753 632
3 632 753 754
3 632 754 633
3 633 754 755
3 633 755 634
3 634 755 756
3 634 756 635
3 635 756 757
3 635 757 636
3 636 757 758
3 636 758 637
3 637 758 759
3 637 759 638
3 638 759 760
3 638 760 639
3 639 760 761
3 639 761 640
3 640 761 762
3 640 762 641
3 641 762 763
3 641 763 642
3 642 763 764
3 642 764 643
3 643 764 765
3 643 765 644
3 644 765 766
3 644 766 645
3 645 766 767
3 645 767 646
3 646 767 768
3 646 768 647
3 647 768 769
3 647 769 648
3 648 769 770
3 648 770 649
3 649 770 771
3 649 771 650
3 650 771 772
3 650 772 651
3 651 772 773
3 651 773 652
3 652 773 774
3 652 774 653
3 653 774 775
3 653 775 654
3 654 775 776
3 654 776 655
3 655 776 777
3 655 777 656
3 656 777 778
3 656 778 657
3 657 778 779
3 657 779 658
3 658 779 780
3 658 780 659
3 659 780 781
3 659 781 660
3 660 781 782
3 660 782 661
3 661 782 783
3 661 783 662
3 662 783 784
3 662 784 663
3 663 784 785
3 663 785 664
3 664 785 786
3 664 786 665
3 665 786 787
3 665 787 666
3 666 787 788
3 666 788 667
3 667 788 789
3 667 789 668
3 668 789 790
3 668 790 669
3 669 790 791
3 669 791 670
3 670 791 792
3 670 792 671
3 671 792 793
3 671 793 672
3 672 793 794
3 672 794 673
3 673 794 795
3 673 795 674
3 674 795 796
3 674 796 675
3 675 796 797
3 675 797 676
3 676 797 798
3 676 798 677
3 677 798 799
3 677 799 678
3 678 799 800
3 678 800 679
3 679 800 801
3 679 801 680
3 680 801 802
3 680 802 681
3 681 802 803
3 681 803 682
3 682 803 804
3 682 804 683
3 683 804 805
3 683 805 684
3 684 805 806
3 684 806 685
3 685 806 807
3 685 807 686
3 686 807 808
3 686 808 687
3 687 808 809
3 687 809 688
3 688 809 810
3 688 810 689
3 689 810 811
3 689 811 690
3 690 811 812
3 690 812 691
3 691 812 813
3 691 813 692
3 692 813 814
3 692 814 693
3 693 814 815
3 693 815 694
3 694 815 816
3 694 816 695
3 695 816 817
3 695 817 696
3 696 817 818
3 696 818 697
3 697 818 819
3 697 819 698
3 698 819 820
3 698 820 699
3 699 820 821
3 699 821 700
3 700 821 822
3 700 822 701
3 701 822 823
3 701 823 702
3 702 823 824
3 702 824 703
3 703 824 825
3 703 825 704
3 704 825 826
3 704 826 705
3 705 826 827
3 705 827 706
3 706 827 828
3 706 828 707
3 707 828 829
3 707 829 708
3 708 829 830
3 708 830 709
3 709 830 831
3 709 831 710
3 710 831 832
3 710 832 711
3 711 832 833
3 711 833 712
3 712 833 834
3 712 834 713
3 713 834 835
3 713 835 714
3 714 835 836
3 714 836 715
3 715 836 837
3 715 837 716
3 716 837 838
3 716 838 717
3 717 838 839
3 717 839 718
3 718 839 840
3 718 840 719
3 719 840 841
3 719 841 720
3 720 841 842
3 720 842 721
3 721 842 843
3 721 843 722
3 722 843 844
3 722 844 723
3 723 844 845
3 723 845 724
3 724 845 846
3 724 846 725
3 726 847 848
3 726 848 727
3 727 848 849
3 727 849 728
3 728 849 850
3 728 850 729
3 729 850 851
3 729 851 730
3 730 851 852
3 730 852 731
3 731 852 853
3 731 853 732
3 732 853 854
3 732 854 733
3 733 854 855
3 733 855 734
3 734 855 856
3 734 856 735
3 735 856 857
3 735 857 736
3 736 857 858
3 736 858 737
3 737 858 859
3 737 859 738
3 738 859 860
3 738 860 739
3 739 860 861
3 739 861 740
3 740 861 862
3 740 862 741
3 741 862 863
3 741 863 742
3 742 863 864
3 742 864 743
3 743 864 865
3 743 865 744
3 744 865 866
3 744 866 745
3 745 866 867
3 745 867 746
3 746 867 868
3 746 868 747
3 747 868 869
3 747 869 748
3 748 869 870
3 748 870 749
3 749 870 871
3 749 871 750
3 750 871 872
3 750 872 751
3 751 872 873
3 751 873 752
3 752 873 874
3 752 874 753
3 753 874 875
3 753 875 754
3 754 875 876
3 754 876 755
3 755 876 877
3 755 877 756
3 756 877 878
3 756 878 757
3 757 878 879
3 757 879 758
3 758 879 880
3 758 880 759
3 759 880 881
3 759 881 760
3 760 881 882
3 760 882 761
3 761 882 883
3 761 883 762
3 762 883 884
3 762 884 763
3 763 884 885
3 763 885 764
3 764 885 886
3 764 886 765
3 765 886 887
3 765 887 766
3 766 887 888
3 766 888 767
3 767 888 889
3 767 889 768
3 768 889 890
3 768 890 769
3 769 890 891
3 769 891 770
3 770 891 892
3 770 892 771
3 771 892 893
3 771 893 772
3 772 893 894
3 772 894 773
3 773 894 895
3 773 895 774
3 774 895 896
3 774 896 775
3 775 896 897
3 775 897 776
3 776 897 898
3 776 898 777
3 777 898 899
3 777 899 778
3 778 899 900
3 778 900 779
3 779 900 901
3 779 901 780
3 780 901 902
3 780 902 781
3 781 902 903
3 781 903 782
3 782 903 904
3 782 904 783
3 783 904 905
3 783 905 784
3 784 905 906
3 784 906 785
3 785 906 907
3 785 907 786
3 786 907 908
3 786 908 787
3 787 908 909
3 787 909 788
3 788 909 910
3 788 910 789
3 789 910 911
3 789 911 790
3 790 911 912
3 790 912 791
3 791 912 913
3 791 913 792
3 792 913 914
3 792 914 793
3 793 914 915
3 793 915 794
3 794 915 916
3 794 916 795
3 795 916 917
3 795 917 796
3 796 917 918
3 796 918 797
3 797 918 919
3 797 919 798
3 798 919 920
3 798 920 799
3 799 920 921
3 799 921 800
3 800 921 922
3 800 922 801
3 801 922 923
3 801 923 802
3 802 923 924
3 802 924 803
3 803 924 925
3 803 925 804
3 804 925 926
3 804 926 805
3 805 926 927
3 805 927 806
3 806 927 928
3 806 928 807
3 807 928 929
3 807 929 808
3 808 929 930
3 808 930 809
3 809 930 931
3 809 931 810
3 810 931 932
3 810 932 811
3 811 932 933
3 811 933 812
3 812 933 934
3 812 934 813
3 813 934 935
3 813 935 814
3 814 935 936
3 814 936 815
3 815 936 937
3 815 937 816
3 816 937 938
3 816 938 817
3 817 938 939
3 817 939 818
3 818 939 940
3 818 940 819
3 819 940 941
3 819 941 820
3 820 941 942
3 820 942 821
3 821 942 943
3 821 943 822
3 822 943 944
3 822 944 823
3 823 944 945
3 823 945 824
3 824 945 946
3 824 946 825
3 825 946 947
3 825 947 826
3 826 947 948
3 826 948 827
3 827 948 949
3 827 949 828
3 828 949 950
3 828 950 829
3 829 950 951
3 829 951 830
3 830 951 952
3 830 952 831
3 831 952 953
3 831 953 832
3 832 953 954
3 832 954 833
3 833 954 955
3 833 955 834
3 834 955 956
3 834 956 835
3 835 956 957
3 835 957 836
3 836 957 958
3 836 958 837
3 837 958 959
3 837 959 838
3 838 959 960
3 838 960 839
3 839 960 961
3 839 961 840
3 840 961 962
3 840 962 841
3 841 962 963
3 841 963 842
3 842 963 964
3 842 964 843
3 843 964 965
3 843 965 844
3 844 965 966
3 844 966 845
3 845 966 967
3 845 967 846
3 847 968 969
3 847 969 848
3 848 969 970
3 848 970 849
3 849 970 971
3 849 971 850
3 850 971 972
3 850 972 851
3 851 972 973
3 851 973 852
3 852 973 974
3 852 974 853
3 853 974 975
3 853 975 854
3 854 975 976
3 854 976 855
3 855 976 977
3 855 977 856
3 856 977 978
3 856 978 857
3 857 978 979
3 857 979 858
3 858 979 980
3 858 980 859
3 859 980 981
3 859 981 860
3 860 981 982
3 860 982 861
3 861 982 983
3 861 983 862
3 862 983 984
3 862 984 863
3 863 984 985
3 863 985 864
3 864 985 986
3 864 986 865
3 865 986 987
3 865 987 866
3 866 987 988
3 866 988 867
3 867 988 989
3 867 989 868
3 868 989 990
3 868 990 869
3 869 990 991
3 869 991 870
3 870 991 992
3 870 992 871
3 871 992 993
3 871 993 872
3 872 993 994
3 872 994 873
3 873 994 995
3 873 995 874
3 874 995 996
3 874 996 875
3 875 996 997
3 875 997 876
3 876 997 998
3 876 998 877
3 877 998 999
3 877 999 878
3 878 999 1000
3 878 1000 879
3 879 1000 1001
3 879 1001 880
3 880 1001 1002
3 880 1002 881
3 881 1002 1003
3 881 1003 882
3 882 1003 1004
3 882 1004 883
3 883 1004 1005
3 883 1005 884
3 884 1005 1006
3 884 1006 885
3 885 1006 1007
3 885 1007 886
3 886 1007 1008
3 886 1008 887
3 887 1008 1009
3 887 1009 888
3 888 1009 1010
3 888 1010 889
3 889 1010 1011
3 889 1011 890
3 890 1011 1012
3 890 1012 891
3 891 1012 1013
3 891 1013 892
3 892 1013 1014
3 892 1014 893
3 893 1014 1015
3 893 1015 894
3 894 1015 1016
3 894 1016 895
3 895 1016 1017
3 895 1017 896
3 896 1017 1018
3 896 1018 897
3 897 1018 1019
3 897 1019 898
3 898 1019 1020
3 898 1020 899
3 899 1020 1021
3 899 1021 900
3 900 1021 1022
3 900 1022 901
3 901 1022 1023
3 901 1023 902
3 902 1023 1024
3 902 1024 903
3 903 1024 1025
3 903 1025 904
3 904 1025 1026
3 904 1026 905
3 905 1026 1027
3 905 1027 906
3 906 1027 1028
3 906 1028 907
3 907 1028 1029
3 907 1029 908
3 908 1029 1030
3 908 1030 909
3 909 1030 1031
3 909 1031 910
3 910 1031 1032
3 910 1032 911
3 911 1032 1033
3 911 1033 912
3 912 1033 1034
3 912 1034 913
3 913 1034 1035
3 913 1035 914
3 914 1035 1036
3 914 1036 915
3 915 1036 1037
3 915 1037 916
3 916 1037 1038
3 916 1038 917
3 917 1038 1039
3 917 1039 918
3 918 1039 1040
3 918 1040 919
3 919 1040 1041
3 919 1041 920
3 920 1041 1042
3 920 1042 921
3 921 1042 1043
3 921 1043 922
3 922 1043 1044
3 922 1044 923
3 923 1044 1045
3 923 1045 924
3 924 1045 1046
3 924 1046 925
3 925 1046 1047
3 925 1047 926
3 926 1047 1048
3 926 1048 927
3 927 1048 1049
3 927 1049 928
3 928 1049 1050
3 928 1050 929
3 929 1050 1051
3 929 1051 930
3 930 1051 1052
3 930 1052 931
3 931 1052 1053
3 931 1053 932
3 932 1053 1054
3 932 1054 933
3 933 1054 1055
3 933 1055 934
3 934 1055 1056
3 934 1056 935
3 935 1056 1057
3 935 1057 936
3 936 1057 1058
3 936 1058 937
3 937 1058 1059
3 937 1059 938
3 938 1059 1060
3 938 1060 939
3 939 1060 1061
3 939 1061 940
3 940 1061 1062
3 940 1062 941
3 941 1062 1063
3 941 1063 942
3 942 1063 1064
3 942 1064 943
3 943 1064 1065
3 943 1065 944
3 944 1065 1066
3 944 1066 945
3 945 1066 1067
3 945 1067 946
3 946 1067 1068
3 946 1068 947
3 947 1068 1069
3 947 1069 948
3 948 1069 1070
3 948 1070 949
3 949 1070 1071
3 949 1071 950
3 950 1071 1072
3 950 1072 951
3 951 1072 1073
3 951 1073 952
3 952 1073 1074
3 952 1074 953
3 953 1074 1075
3 953 1075 954
3 954 1075 1076
3 954 1076 955
3 955 1076 1077
3 955 1077 956
3 956 1077 1078
3 956 1078 957
3 957 1078 1079
3 957 1079 958
3 958 1079 1080
3 958 1080 959
3 959 1080 1081
3 959 1081 960
3 960 1081 1082
3 960 1082 961
3 961 1082 1083
3 961 1083 962
3 962 1083 1084
3 962 1084 963
3 963 1084 1085
3 963 1085 964
3 964 1085 1086
3 964 1086 965
3 965 1086 1087
3 965 1087 966
3 966 1087 1088
3 966 1088 967
3 968 1089 1090
3 968 1090 969
3 969 1090 1091
3 969 1091 970
3 970 1091 1092
3 970 1092 971
3 971 1092 1093
3 971 1093 972
3 972 1093 1094
3 972 1094 973
3 973 1094 1095
3 973 1095 974
3 974 1095 1096
3 974 1096 975
3 975 1096 1097
3 975 1097 976
3 976 1097 1098
3 976 1098 977
3 977 1098 1099
3 977 1099 978
3 978 1099 1100
3 978 1100 979
3 979 1100 1101
3 979 1101 980
3 980 1101 1102
3 980 1102 981
3 981 1102 1103
3 981 1103 982
3 982 1103 1104
3 982 1104 983
3 983 1104 1105
3 983 1105 984
3 984 1105 1106
3 984 1106 985
3 985 1106 1107
3 985 1107 986
3 986 1107 1108
3 986 1108 987
3 987 1108 1109
3 987 1109 988
3 988 1109 1110
3 988 1110 989
3 989 1110 1111
3 989 1111 990
3 990 1111 1112
3 990 1112 991
3 991 1112 1113
3 991 1113 992
3 992 1113 1114
3 992 1114 993
3 993 1114 1115
3 993 1115 994
3 994 1115 1116
3 994 1116 995
3 995 1116 1117
3 995 1117 996
3 996 1117 1118
3 996 1118 997
3 997 1118 1119
3 997 1119 998
3 998 1119 1120
3 998 1120 999
3 999 1120 1121
3 999 1121 1000
3 1000 1121 1122
3 1000 1122 1001
3 1001 1122 1123
3 1001 1123 1002
3 1002 1123 1124
3 1002 1124 1003
3 1003 1124 1125
3 1003 1125 1004
3 1004 1125 1126
3 1004 1126 1005
3 1005 1126 1127
3 1005 1127 1006
3 1006 1127 1128
3 1006 1128 1007
3 1007 1128 1129
3 1007 1129 1008
3 1008 1129 1130
3 1008 1130 1009
3 1009 1130 1131
3 1009 1131 1010
3 1010 1131 1132
3 1010 1132 1011
3 1011 1132 1133
3 1011 1133 1012
3 1012 1133 1134
3 1012 1134 1013
3 1013 1134 1135
3 1013 1135 1014
3 1014 1135 1136
3 1014 1136 1015
3 1015 1136 1137
3 1015 1137 1016
3 1016 1137 1138
3 1016 1138 1017
3 1017 1138 1139
3 1017 1139 1018
3 1018 1139 1140
3 1018 1140 1019
3 1019 1140 1141
3 1019 1141 1020
3 1020 1141 1142
3 1020 1142 1021
3 1021 1142 1143
3 1021 1143 1022
3 1022 1143 1144
3 1022 1144 1023
3 1023 1144 1145
3 1023 1145 1024
3 1024 1145 1146
3 1024 1146 1025
3 1025 1146 1147
3 1025 1147 1026
3 1026 1147 1148
3 1026 1148 1027
3 1027 1148 1149
3 1027 1149 1028
3 1028 1149 1150
3 1028 1150 1029
3 1029 1150 1151
3 1029 1151 1030
3 1030 1151 1152
3 1030 1152 1031
3 1031 1152 1153
3 1031 1153 1032
3 1032 1153 1154
3 1032 1154 1033
3 1033 1154 1155
3 1033 1155 1034
3 1034 1155 1156
3 1034 1156 1035
3 1035 1156 1157
3 1035 1157 1036
3 1036 1157 1158
3 1036 1158 1037
3 1037 1158 1159
3 1037 1159 1038
3 1038 1159 1160
3 1038 1160 1039
3 1039 1160 1161
3 1039 1161 1040
3 1040 1161 1162
3 1040 1162 1041
3 1041 1162 1163
3 1041 1163 1042
3 1042 1163 1164
3 1042 1164 1043
3 1043 1164 1165
3 1043 1165 1044
3 1044 1165 1166
3 1044 1166 1045
3 1045 1166 1167
3 1045 1167 1046
3 1046 1167 1168
3 1046 1168 1047
3 1047 1168 1169
3 1047 1169 1048
3 1048 1169 1170
3 1048 1170 1049
3 1049 1170 1171
3 1049 1171 1050
3 1050 1171 1172
3 1050 1172 1051
3 1051 1172 1173
3 1051 1173 1052
3 1052 1173 1174
3 1052 1174 1053
3 1053 1174 1175
3 1053 1175 1054
3 1054 1175 1176
3 1054 1176 1055
3 1055 1176 1177
3 1055 1177 1056
3 1056 1177 1178
3 1056 1178 1057
3 1057 1178 1179
3 1057 1179 1058
3 1058 1179 1180
3 1058 1180 1059
3 1059 1180 1181
3 1059 1181 1060
3 1060 1181 1182
3 1060 1182 1061
3 1061 1182 1183
3 1061 1183 1062
3 1062 1183 1184
3 1062 1184 1063
3 1063 1184 1185
3 1063 1185 1064
3 1064 1185 1186
3 1064 1186 1065
3 1065 1186 1187
3 1065 1187 1066
3 1066 1187 1188
3 1066 1188 1067
3 1067 1188 1189
3 1067 1189 1068
3 1068 1189 1190
3 1068 1190 1069
3 1069 1190 1191
3 1069 1191 1070
3 1070 1191 1192
3 1070 1192 1071
3 1071 1192 1193
3 1071 1193 1072
3 1072 1193 1194
3 1072 1194 1073
3 1073 1194 1195
3 1073 1195 1074
3 1074 1195 1196
3 1074 1196 1075
3 1075 1196 1197
3 1075 1197 1076
3 1076 1197 1198
3 1076 1198 1077
3 1077 1198 1199
3 1077 1199 1078
3 1078 1199 1200
3 1078 1200 1079
3 1079 1200 1201
3 1079 1201 1080
3 1080 1201 1202
3 1080 1202 1081
3 1081 1202 1203
3 1081 1203 1082
3 1082 1203 1204
3 1082 1204 1083
3 1083 1204 1205
3 1083 1205 1084
3 1084 1205 1206
3 1084 1206 1085
3 1085 1206 1207
3 1085 1207 1086
3 1086 1207 1208
3 1086 1208 1087
3 1087 1208 1209
3 1087 1209 1088
3 1089 1210 1211
3 1089 1211 1090
3 1090 1211 1212
3 1090 1212 1091
3 1091 1212 1213
3 1091 1213 1092
3 1092 1213 1214
3 1092 1214 1093
3 1093 1214 1215
3 1093 1215 1094
3 1094 1215 1216
3 1094 1216 1095
3 1095 1216 1217
3 1095 1217 1096
3 1096 1217 1218
3 1096 1218 1097
3 1097 1218 1219
3 1097 1219 1098
3 1098 1219 1220
3 1098 1220 1099
3 1099 1220 1221
3 1099 1221 1100
3 1100 1221 1222
3 1100 1222 1101
3 1101 1222 1223
3 1101 1223 1102
3 1102 1223 1224
3 1102 1224 1103
3 1103 1224 1225
3 1103 1225 1104
3 1104 1225 1226
3 1104 1226 1105
3 1105 1226 1227
3 1105 1227 1106
3 1106 1227 1228
3 1106 1228 1107
3 1107 1228 1229
3 1107 1229 1108
3 1108 1229 1230
3 1108 1230 1109
3 1109 1230 1231
3 1109 1231 1110
3 1110 1231 1232
3 1110 1232 1111
3 1111 1232 1233
3 1111 1233 1112
3 1112 1233 1234
3 1112 1234 1113
3 1113 1234 1235
3 1113 1235 1114
3 1114 1235 1236
3 1114 1236 1115
3 1115 1236 1237
3 1115 1237 1116
3 1116 1237 1238
3 1116 1238 1117
3 1117 1238 1239
3 1117 1239 1118
3 1118 1239 1240
3 1118 1240 1119
3 1119 1240 1241
3 1119 1241 1120
3 1120 1241 1242
3 1120 1242 1121
3 1121 1242 1243
3 1121 1243 1122
3 1122 1243 1244
3 1122 1244 1123
3 1123 1244 1245
3 1123 1245 1124
3 1124 1245 1246
3 1124 1246 1125
3 1125 1246 1247
3 1125 1247 1126
3 1126 1247 1248
3 1126 1248 1127
3 1127 1248 1249
3 1127 1249 1128
3 1128 1249 1250
3 1128 1250 1129
3 1129 1250 1251
3 1129 1251 1130
3 1130 1251 1252
3 1130 1252 1131
3 1131 1252 1253
3 1131 1253 1132
3 1132 1253 1254
3 1132 1254 1133
3 1133 1254 1255
3 1133 1255 1134
3 1134 1255 1256
3 1134 1256 1135
3 1135 1256 1257
3 1135 1257 1136
3 1136 1257 1258
3 1136 1258 1137
3 1137 1258 1259
3 1137 1259 1138
3 1138 1259 1260
3 1138 1260 1139
3 1139 1260 1261
3 1139 1261 1140
3 1140 1261 1262
3 1140 1262 1141
3 1141 1262 1263
3 1141 1263 1142
3 1142 1263 1264
3 1142 1264 1143
3 1143 1264 1265
3 1143 1265 1144
3 1144 1265 1266
3 1144 1266 1145
3 1145 1266 1267
3 1145 1267 1146
3 1146 1267 1268
3 1146 1268 1147
3 1147 1268 1269
3 1147 1269 1148
3 1148 1269 1270
3 1148 1270 1149
3 1149 1270 1271
3 1149 1271 1150
3 1150 1271 1272
3 1150 1272 1151
3 1151 1272 1273
3 1151 1273 1152
3 1152 1273 1274
3 1152 1274 1153
3 1153 1274 1275
3 1153 1275 1154
3 1154 1275 1276
3 1154 1276 1155
3 1155 1276 1277
3 1155 1277 1156
3 1156 1277 1278
3 1156 1278 1157
3 1157 1278 1279
3 1157 1279 1158
3 1158 1279 1280
3 1158 1280 1159
3 1159 1280 1281
3 1159 1281 1160
3 1160 1281 1282
3 1160 1282 1161
3 1161 1282 1283
3 1161 1283 1162
3 1162 1283 1284
3 1162 1284 1163
3 1163 1284 1285
3 1163 1285 1164
3 1164 1285 1286
3 1164 1286 1165
3 1165 1286 1287
3 1165 1287 1166
3 1166 1287 1288
3 1166 1288 1167
3 1167 1288 1289
3 1167 1289 1168
3 1168 1289 1290
3 1168 1290 1169
3 1169 1290 1291
3 1169 1291 1170
3 1170 1291 1292
3 1170 1292 1171
3 1171 1292 1293
3 1171 1293 1172
3 1172 1293 1294
3 1172 1294 1173
3 1173 1294 1295
3 1173 1295 1174
3 1174 1295 1296
3 1174 1296 1175
3 1175 1296 1297
3 1175 1297 1176
3 1176 1297 1298
3 1176 1298 1177
3 1177 1298 1299
3 1177 1299 1178
3 1178 1299 1300
3 1178 1300 1179
3 1179 1300 1301
3 1179 1301 1180
3 1180 1301 1302
3 1180 1302 1181
3 1181 1302 1303
3 1181 1303 1182
3 1182 1303 1304
3 1182 1304 1183
3 1183 1304 1305
3 1183 1305 1184
3 1184 1305 1306
3 1184 1306 1185
3 1185 1306 1307
3 1185 1307 1186
3 1186 1307 1308
3 1186 1308 1187
3 1187 1308 1309
3 1187 1309 1188
3 1188 1309 1310
3 1188 1310 1189
3 1189 1310 1311
3 1189 1311 1190
3 1190 1311 1312
3 1190 1312 1191
3 1191 1312 1313
3 1191 1313 1192
3 1192 1313 1314
3 1192 1314 1193
3 1193 1314 1315
3 1193 1315 1194
3 1194 1315 1316
3 1194 1316 1195
3 1195 1316 1317
3 1195 1317 1196
3 1196 1317 1318
3 1196 1318 1197
3 1197 1318 1319
3 1197 1319 1198
3 1198 1319 1320
3 1198 1320 1199
3 1199 1320 1321
3 1199 1321 1200
3 1200 1321 1322
3 1200 1322 1201
3 1201 1322 1323
3 1201 1323 1202
3 1202 1323 1324
3 1202 1324 1203
3 1203 1324 1325
3 1203 1325 1204
3 1204 1325 1326
3 1204 1326 1205
3 1205 1326 1327
3 1205 1327 1206
3 1206 1327 1328
3 1206 1328 1207
3 1207 1328 1329
3 1207 1329 1208
3 1208 1329 1330
3 1208 1330 1209
3 1210 1331 1332
3 1210 1332 1211
3 1211 1332 1333
3 1211 1333 1212
3 1212 1333 1334
3 1212 1334 1213
3 1213 1334 1335
3 1213 1335 1214
3 1214 1335 1336
3 1214 1336 1215
3 1215 1336 1337
3 1215 1337 1216
3 1216 1337 1338
3 1216 1338 1217
3 1217 1338 1339
3 1217 1339 1218
3 1218 1339 1340
3 1218 1340 1219
3 1219 1340 1341
3 1219 1341 1220
3 1220 1341 1342
3 1220 1342 1221
3 1221 1342 1343
3 1221 1343 1222
3 1222 1343 1344
3 1222 1344 1223
3 1223 1344 1345
3 1223 1345 1224
3 1224 1345 1346
3 1224 1346 1225
3 1225 1346 1347
3 1225 1347 1226
3 1226 1347 1348
3 1226 1348 1227
3 1227 1348 1349
3 1227 1349 1228
3 1228 1349 1350
3 1228 1350 1229
3 1229 1350 1351
3 1229 1351 1230
3 1230 1351 1352
3 1230 1352 1231
3 1231 1352 1353
3 1231 1353 1232
3 1232 1353 1354
3 1232 1354 1233
3 1233 1354 1355
3 1233 1355 1234
3 1234 1355 1356
3 1234 1356 1235
3 1235 1356 1357
3 1235 1357 1236
3 1236 1357 1358
3 1236 1358 1237
3 1237 1358 1359
3 1237 1359 1238
3 1238 1359 1360
3 1238 1360 1239
3 1239 1360 1361
3 1239 1361 1240
3 1240 1361 1362
3 1240 1362 1241
3 1241 1362 1363
3 1241 1363 1242
3 1242 1363 1364
3 1242 1364 1243
3 1243 1364 1365
3 1243 1365 1244
3 1244 1365 1366
3 1244 1366 1245
3 1245 1366 1367
3 1245 1367 1246
3 1246 1367 1368
3 1246 1368 1247
3 1247 1368 1369
3 1247 1369 1248
3 1248 1369 1370
3 1248 1370 1249
3 1249 1370 1371
3 1249 1371 1250
3 1250 1371 1372
3 1250 1372 1251
3 1251 1372 1373
3 1251 1373 1252
3 1252 1373 1374
3 1252 1374 1253
3 1253 1374 1375
3 1253 1375 1254
3 1254 1375 1376
3 1254 1376 1255
3 1255 1376 1377
3 1255 1377 1256
3 1256 1377 1378
3 1256 1378 1257
3 1257 1378 1379
3 1257 1379 1258
3 1258 1379 1380
3 1258 1380 1259
3 1259 1380 1381
3 1259 1381 1260
3 1260 1381 1382
3 1260 1382 1261
3 1261 1382 1383
3 1261 1383 1262
3 1262 1383 1384
3 1262 1384 1263
3 1263 1384 1385
3 1263 1385 1264
3 1264 1385 1386
3 1264 1386 1265
3 1265 1386 1387
3 1265 1387 1266
3 1266 1387 1388
3 1266 1388 1267
3 1267 1388 1389
3 1267 1389 1268
3 1268 1389 1390
3 1268 1390 1269
3 1269 1390 1391
3 1269 1391 1270
3 1270 1391 1392
3 1270 1392 1271
3 1271 1392 1393
3 1271 1393 1272
3 1272 1393 1394
3 1272 1394 1273
3 1273 1394 1395
3 1273 1395 1274
3 1274 1395 1396
3 1274 1396 1275
3 1275 1396 1397
3 1275 1397 1276
3 1276 1397 1398
3 1276 1398 1277
3 1277 1398 1399
3 1277 1399 1278
3 1278 1399 1400
3 1278 1400 1279
3 1279 1400 1401
3 1279 1401 1280
3 1280 1401 1402
3 1280 1402 1281
3 1281 1402 1403
3 1281 1403 1282
3 1282 1403 1404
3 1282 1404 1283
3 1283 1404 1405
3 1283 1405 1284
3 1284 1405 1406
3 1284 1406 1285
3 1285 1406 1407
3 1285 1407 1286
3 1286 1407 1408
3 1286 1408 1287
3 1287 1408 1409
3 1287 1409 1288
3 1288 1409 1410
3 1288 1410 1289
3 1289 1410 1411
3 1289 1411 1290
3 1290 1411 1412
3 1290 1412 1291
3 1291 1412 1413
3 1291 1413 1292
3 1292 1413 1414
3 1292 1414 1293
3 1293 1414 1415
3 1293 1415 1294
3 1294 1415 1416
3 1294 1416 1295
3 1295 1416 1417
3 1295 1417 1296
3 1296 1417 1418
3 1296 1418 1297
3 1297 1418 1419
3 1297 1419 1298
3 1298 1419 1420
3 1298 1420 1299
3 1299 1420 1421
3 1299 1421 1300
3 1300 1421 1422
3 1300 1422 1301
3 1301 1422 1423
3 1301 1423 1302
3 1302 1423 1424
3 1302 1424 1303
3 1303 1424 1425
3 1303 1425 1304
3 1304 1425 1426
3 1304 1426 1305
3 1305 1426 1427
3 1305 1427 1306
3 1306 1427 1428
3 1306 1428 1307
3 1307 1428 1429
3 1307 1429 1308
3 1308 1429 1430
3 1308 1430 1309
3 1309 1430 1431
3 1309 1431 1310
3 1310 1431 1432
3 1310 1432 1311
3 1311 1432 1433
3 1311 1433 1312
3 1312 1433 1434
3 1312 1434 1313
3 1313 1434 1435
3 1313 1435 1314
3 1314 1435 1436
3 1314 1436 1315
3 1315 1436 1437
3 1315 1437 1316
3 1316 1437 1438
3 1316 1438 1317
3 1317 1438 1439
3 1317 1439 1318
3 1318 1439 1440
3 1318 1440 1319
3 1319 1440 1441
3 1319 1441 1320
3 1320 1441 1442
3 1320 1442 1321
3 1321 1442 1443
3 1321 1443 1322
3 1322 1443 1444
3 1322 1444 1323
3 1323 1444 1445
3 1323 1445 1324
3 1324 1445 1446
3 1324 1446 1325
3 1325 1446 1447
3 1325 1447 1326
3 1326 1447 1448
3 1326 1448 1327
3 1327 1448 1449
3 1327 1449 1328
3 1328 1449 1450
3 1328 1450 1329
3 1329 1450 1451
3 1329 1451 1330
3 1331 1452 1453
3 1331 1453 1332
3 1332 1453 1454
3 1332 1454 1333
3 1333 1454 1455
3 1333 1455 1334
3 1334 1455 1456
3 1334 1456 1335
3 1335 1456 1457
3 1335 1457 1336
3 1336 1457 1458
3 1336 1458 1337
3 1337 1458 1459
3 1337 1459 1338
3 1338 1459 1460
3 1338 1460 1339
3 1339 1460 1461
3 1339 1461 1340
3 1340 1461 1462
3 1340 1462 1341
3 1341 1462 1463
3 1341 1463 1342
3 1342 1463 1464
3 1342 1464 1343
3 1343 1464 1465
3 1343 1465 1344
3 1344 1465 1466
3 1344 1466 1345
3 1345 1466 1467
3 1345 1467 1346
3 1346 1467 1468
3 1346 1468 1347
3 1347 1468 1469
3 1347 1469 1348
3 1348 1469 1470
3 1348 1470 1349
3 1349 1470 1471
3 1349 1471 1350
3 1350 1471 1472
3 1350 1472 1351
3 1351 1472 1473
3 1351 1473 1352
3 1352 1473 1474
3 1352 1474 1353
3 1353 1474 1475
3 1353 1475 1354
3 1354 1475 1476
3 1354 1476 1355
3 1355 1476 1477
3 1355 1477 1356
3 1356 1477 1478
3 1356 1478 1357
3 1357 1478 1479
3 1357 1479 1358
3 1358 1479 1480
3 1358 1480 1359
3 1359 1480 1481
3 1359 1481 1360
3 1360 1481 1482
3 1360 1482 1361
3 1361 1482 1483
3 1361 1483 1362
3 1362 1483 1484
3 1362 1484 1363
3 1363 1484 1485
3 1363 1485 1364
3 1364 1485 1486
3 1364 1486 1365
3 1365 1486 1487
3 1365 1487 1366
3 1366 1487 1488
3 1366 1488 1367
3 1367 1488 1489
3 1367 1489 1368
3 1368 1489 1490
3 1368 1490 1369
3 1369 1490 1491
3 1369 1491 1370
3 1370 1491 1492
3 1370 1492 1371
3 1371 1492 1493
3 1371 1493 1372
3 1372 1493 1494
3 1372 1494 1373
3 1373 1494 1495
3 1373 1495 1374
3 1374 1495 1496
3 1374 1496 1375
3 1375 1496 1497
3 1375 1497 1376
3 1376 1497 1498
3 1376 1498 1377
3 1377 1498 1499
3 1377 1499 1378
3 1378 1499 1500
3 1378 1500 1379
3 1379 1500 1501
3 1379 1501 1380
3 1380 1501 1502
3 1380 1502 1381
3 1381 1502 1503
3 1381 1503 1382
3 1382 1503 1504
3 1382 1504 1383
3 1383 1504 1505
3 1383 1505 1384
3 1384 1505 1506
3 1384 1506 1385
3 1385 1506 1507
3 1385 1507 1386
3 1386 1507 1508
3 1386 1508 1387
3 1387 1508 1509
3 1387 1509 1388
3 1388 1509 1510
3 1388 1510 1389
3 1389 1510 1511
3 1389 1511 1390
3 1390 1511 1512
3 1390 1512 1391
3 1391 1512 1513
3 1391 1513 1392
3 1392 1513 1514
3 1392 1514 1393
3 1393 1514 1515
3 1393 1515 1394
3 1394 1515 1516
3 1394 1516 1395
3 1395 1516 1517
3 1395 1517 1396
3 1396 1517 1518
3 1396 1518 1397
3 1397 1518 1519
3 1397 1519 1398
3 1398 1519 1520
3 1398 1520 1399
3 1399 1520 1521
3 1399 1521 1400
3 1400 1521 1522
3 1400 1522 1401
3 1401 1522 1523
3 1401 1523 1402
3 1402 1523 1524
3 1402 1524 1403
3 1403 1524 1525
3 1403 1525 1404
3 1404 1525 1526
3 1404 1526 1405
3 1405 1526 1527
3 1405 1527 1406
3 1406 1527 1528
3 1406 1528 1407
3 1407 1528 1529
3 1407 1529 1408
3 1408 1529 1530
3 1408 1530 1409
3 1409 1530 1531
3 1409 1531 1410
3 1410 1531 1532
3 1410 1532 1411
3 1411 1532 1533
3 1411 1533 1412
3 1412 1533 1534
3 1412 1534 1413
3 1413 1534 1535
3 1413 1535 1414
3 1414 1535 1536
3 1414 1536 1415
3 1415 1536 1537
3 1415 1537 1416
3 1416 1537 1538
3 1416 1538 1417
3 1417 1538 1539
3 1417 1539 1418
3 1418 1539 1540
3 1418 1540 1419
3 1419 1540 1541
3 1419 1541 1420
3 1420 1541 1542
3 1420 1542 1421
3 1421 1542 1543
3 1421 1543 1422
3 1422 1543 1544
3 1422 1544 1423
3 1423 1544 1545
3 1423 1545 1424
3 1424 1545 1546
3 1424 1546 1425
3 1425 1546 1547
3 1425 1547 1426
3 1426 1547 1548
3 1426 1548 1427
3 1427 1548 1549
3 1427 1549 1428
3 1428 1549 1550
3 1428 1550 1429
3 1429 1550 1551
3 1429 1551 1430
3 1430 1551 1552
3 1430 1552 1431
3 1431 1552 1553
3 1431 1553 1432
3 1432 1553 1554
3 1432 1554 1433
3 1433 1554 1555
3 1433 1555 1434
3 1434 1555 1556
3 1434 1556 1435
3 1435 1556 1557
3 1435 1557 1436
3 1436 1557 1558
3 1436 1558 1437
3 1437 1558 1559
3 1437 1559 1438
3 1438 1559 1560
3 1438 1560 1439
3 1439 1560 1561
3 1439 1561 1440
3 1440 1561 1562
3 1440 1562 1441
3 1441 1562 1563
3 1441 1563 1442
3 1442 1563 1564
3 1442 1564 1443
3 1443 1564 1565
3 1443 1565 1444
3 1444 1565 1566
3 1444 1566 1445
3 1445 1566 1567
3 1445 1567 1446
3 1446 1567 1568
3 1446 1568 1447
3 1447 1568 1569
3 1447 1569 1448
3 1448 1569 1570
3 1448 1570 1449
3 1449 1570 1571
3 1449 1571 1450
3 1450 1571 1572
3 1450 1572 1451
3 1452 1573 1574
3 1452 1574 1453
3 1453 1574 1575
3 1453 1575 1454
3 1454 1575 1576
3 1454 1576 1455
3 1455 1576 1577
3 1455 1577 1456
3 1456 1577 1578
3 1456 1578 1457
3 1457 1578 1579
3 1457 1579 1458
3 1458 1579 1580
3 1458 1580 1459
3 1459 1580 1581
3 1459 1581 1460
3 1460 1581 1582
3 1460 1582 1461
3 1461 1582 1583
3 1461 1583 1462
3 1462 1583 1584
3 1462 1584 1463
3 1463 1584 1585
3 1463 1585 1464
3 1464 1585 1586
3 1464 1586 1465
3 1465 1586 1587
3 1465 1587 1466
3 1466 1587 1588
3 1466 1588 1467
3 1467 1588 1589
3 1467 1589 1468
3 1468 1589 1590
3 1468 1590 1469
3 1469 1590 1591
3 1469 1591 1470
3 1470 1591 1592
3 1470 1592 1471
3 1471 1592 1593
3 1471 1593 1472
3 1472 1593 1594
3 1472 1594 1473
3 1473 1594 1595
3 1473 1595 1474
3 1474 1595 1596
3 1474 1596 1475
3 1475 1596 1597
3 1475 1597 1476
3 1476 1597 1598
3 1476 1598 1477
3 1477 1598 1599
3 1477 1599 1478
3 1478 1599 1600
3 1478 1600 1479
3 1479 1600 1601
3 1479 1601 1480
3 1480 1601 1602
3 1480 1602 1481
3 1481 1602 1603
3 1481 1603 1482
3 1482 1603 1604
3 1482 1604 1483
3 1483 1604 1605
3 1483 1605 1484
3 1484 1605 1606
3 1484 1606 1485
3 1485 1606 1607
3 1485 1607 1486
3 1486 1607 1608
3 1486 1608 1487
3 1487 1608 1609
3 1487 1609 1488
3 1488 1609 1610
3 1488 1610 1489
3 1489 1610 1611
3 1489 1611 1490
3 1490 1611 1612
3 1490 1612 1491
3 1491 1612 1613
3 1491 1613 1492
3 1492 1613 1614
3 1492 1614 1493
3 1493 1614 1615
3 1493 1615 1494
3 1494 1615 1616
3 1494 1616 1495
3 1495 1616 1617
3 1495 1617 1496
3 1496 1617 1618
3 1496 1618 1497
3 1497 1618 1619
3 1497 1619 1498
3 1498 1619 1620
3 1498 1620 1499
3 1499 1620 1621
3 1499 1621 1500
3 1500 1621 1622
3 1500 1622 1501
3 1501 1622 1623
3 1501 1623 1502
3 1502 1623 1624
3 1502 1624 1503
3 1503 1624 1625
3 1503 1625 1504
3 1504 1625 1626
3 1504 1626 1505
3 1505 1626 1627
3 1505 1627 1506
3 1506 1627 1628
3 1506 1628 1507
3 1507 1628 1629
3 1507 1629 1508
3 1508 1629 1630
3 1508 1630 1509
3 1509 1630 1631
3 1509 1631 1510
3 1510 1631 1632
3 1510 1632 1511
3 1511 1632 1633
3 1511 1633 1512
3 1512 1633 1634
3 1512 1634 1513
3 1513 1634 1635
3 1513 1635 1514
3 1514 1635 1636
3 1514 1636 1515
3 1515 1636 1637
3 1515 1637 1516
3 1516 1637 1638
3 1516 1638 1517
3 1517 1638 1639
3 1517 1639 1518
3 1518 1639 1640
3 1518 1640 1519
3 1519 1640 1641
3 1519 1641 1520
3 1520 1641 1642
3 1520 1642 1521
3 1521 1642 1643
3 1521 1643 1522
3 1522 1643 1644
3 1522 1644 1523
3 1523 1644 1645
3 1523 1645 1524
3 1524 1645 1646
3 1524 1646 1525
3 1525 1646 1647
3 1525 1647 1526
3 1526 1647 1648
3 1526 1648 1527
3 1527 1648 1649
3 1527 1649 1528
3 1528 1649 1650
3 1528 1650 1529
3 1529 1650 1651
3 1529 1651 1530
3 1530 1651 1652
3 1530 1652 1531
3 1531 1652 1653
3 1531 1653 1532
3 1532 1653 1654
3 1532 1654 1533
3 1533 1654 1655
3 1533 1655 1534
3 1534 1655 1656
3 1534 1656 1535
3 1535 1656 1657
3 1535 1657 1536
3 1536 1657 1658
3 1536 1658 1537
3 1537 1658 1659
3 1537 1659 1538
3 1538 1659 1660
3 1538 1660 1539
3 1539 1660 1661
3 1539 1661 1540
3 1540 1661 1662
3 1540 1662 1541
3 1541 1662 1663
3 1541 1663 1542
3 1542 1663 1664
3 1542 1664 1543
3 1543 1664 1665
3 1543 1665 1544
3 1544 1665 1666
3 1544 1666 1545
3 1545 1666 1667
3 1545 1667 1546
3 1546 1667 1668
3 1546 1668 1547
3 1547 1668 1669
3 1547 1669 1548
3 1548 1669 1670
3 1548 1670 1549
3 1549 1670 1671
3 1549 1671 1550
3 1550 1671 1672
3 1550 1672 1551
3 1551 1672 1673
3 1551 1673 1552
3 1552 1673 1674
3 1552 1674 1553
3 1553 1674 1675
3 1553 1675 1554
3 1554 1675 1676
3 1554 1676 1555
3 1555 1676 1677
3 1555 1677 1556
3 1556 1677 1678
3 1556 1678 1557
3 1557 1678 1679
3 1557 1679 1558
3 1558 1679 1680
3 1558 1680 1559
3 1559 1680 1681
3 1559 1681 1560
3 1560 1681 1682
3 1560 1682 1561
3 1561 1682 1683
3 1561 1683 1562
3 1562 1683 1684
3 1562 1684 1563
3 1563 1684 1685
3 1563 1685 1564
3 1564 1685 1686
3 1564 1686 1565
3 1565 1686 1687
3 1565 1687 1566
3 1566 1687 1688
3 1566 1688 1567
3 1567 1688 1689
3 1567 1689 1568
3 1568 1689 1690
3 1568 1690 1569
3 1569 1690 1691
3 1569 1691 1570
3 1570 1691 1692
3 1570 1692 1571
3 1571 1692 1693
3 1571 1693 1572
3 1573 1694 1695
3 1573 1695 1574
3 1574 1695 1696
3 1574 1696 1575
3 1575 1696 1697
3 1575 1697 1576
3 1576 1697 1698
3 1576 1698 1577
3 1577 1698 1699
3 1577 1699 1578
3 1578 1699 1700
3 1578 1700 1579
3 1579 1700 1701
3 1579 1701 1580
3 1580 1701 1702
3 1580 1702 1581
3 1581 1702 1703
3 1581 1703 1582
3 1582 1703 1704
3 1582 1704 1583
3 1583 1704 1705
3 1583 1705 1584
3 1584 1705 1706
3 1584 1706 1585
3 1585 1706 1707
3 1585 1707 1586
3 1586 1707 1708
3 1586 1708 1587
3 1587 1708 1709
3 1587 1709 1588
3 1588 1709 1710
3 1588 1710 1589
3 1589 1710 1711
3 1589 1711 1590
3 1590 1711 1712
3 1590 1712 1591
3 1591 1712 1713
3 1591 1713 1592
3 1592 1713 1714
3 1592 1714 1593
3 1593 1714 1715
3 1593 1715 1594
3 1594 1715 1716
3 1594 1716 1595
3 1595 1716 1717
3 1595 1717 1596
3 1596 1717 1718
3 1596 1718 1597
3 1597 1718 1719
3 1597 1719 1598
3 1598 1719 1720
3 1598 1720 1599
3 1599 1720 1721
3 1599 1721 1600
3 1600 1721 1722
3 1600 1722 1601
3 1601 1722 1723
3 1601 1723 1602
3 1602 1723 1724
3 1602 1724 1603
3 1603 1724 1725
3 1603 1725 1604
3 1604 1725 1726
3 1604 1726 1605
3 1605 1726 1727
3 1605 1727 1606
3 1606 1727 1728
3 1606 1728 1607
3 1607 1728 1729
3 1607 1729 1608
3 1608 1729 1730
3 1608 1730 1609
3 1609 1730 1731
3 1609 1731 1610
3 1610 1731 1732
3 1610 1732 1611
3 1611 1732 1733
3 1611 1733 1612
3 1612 1733 1734
3 1612 1734 1613
3 1613 1734 1735
3 1613 1735 1614
3 1614 1735 1736
3 1614 1736 1615
3 1615 1736 1737
3 1615 1737 1616
3 1616 1737 1738
3 1616 1738 1617
3 1617 1738 1739
3 1617 1739 1618
3 1618 1739 1740
3 1618 1740 1619
3 1619 1740 1741
3 1619 1741 1620
3 1620 1741 1742
3 1620 1742 1621
3 1621 1742 1743
3 1621 1743 1622
3 1622 1743 1744
3 1622 1744 1623
3 1623 1744 1745
3 1623 1745 1624
3 1624 1745 1746
3 1624 1746 1625
3 1625 1746 1747
3 1625 1747 1626
3 1626 1747 1748
3 1626 1748 1627
3 1627 1748 1749
3 1627 1749 1628
3 1628 1749 1750
3 1628 1750 1629
3 1629 1750 1751
3 1629 1751 1630
3 1630 1751 1752
3 1630 1752 1631
3 1631 1752 1753
3 1631 1753 1632
3 1632 1753 1754
3 1632 1754 1633
3 1633 1754 1755
3 1633 1755 1634
3 1634 1755 1756
3 1634 1756 1635
3 1635 1756 1757
3 1635 1757 1636
3 1636 1757 1758
3 1636 1758 1637
3 1637 1758 1759
3 1637 1759 1638
3 1638 1759 1760
3 1638 1760 1639
3 1639 1760 1761
3 1639 1761 1640
3 1640 1761 1762
3 1640 1762 1641
3 1641 1762 1763
3 1641 1763 1642
3 1642 1763 1764
3 1642 1764 1643
3 1643 1764 1765
3 1643 1765 1644
3 1644 1765 1766
3 1644 1766 1645
3 1645 1766 1767
3 1645 1767 1646
3 1646 1767 1768
3 1646 1768 1647
3 1647 1768 1769
3 1647 1769 1648
3 1648 1769 1770
3 1648 1770 1649
3 1649 1770 1771
3 1649 1771 1650
3 1650 1771 1772
3 1650 1772 1651
3 1651 1772 1773
3 1651 1773 1652
3 1652 1773 1774
3 1652 1774 1653
3 1653 1774 1775
3 1653 1775 1654
3 1654 1775 1776
3 1654 1776 1655
3 1655 1776 1777
3 1655 1777 1656
3 1656 1777 1778
3 1656 1778 1657
3 1657 1778 1779
3 1657 1779 1658
3 1658 1779 1780
3 1658 1780 1659
3 1659 1780 1781
3 1659 1781 1660
3 1660 1781 1782
3 1660 1782 1661
3 1661 1782 1783
3 1661 1783 1662
3 1662 1783 1784
3 1662 1784 1663
3 1663 1784 1785
3 1663 1785 1664
3 1664 1785 1786
3 1664 1786 1665
3 1665 1786 1787
3 1665 1787 1666
3 1666 1787 1788
3 1666 1788 1667
3 1667 1788 1789
3 1667 1789 1668
3 1668 1789 1790
3 1668 1790 1669
3 1669 1790 1791
3 1669 1791 1670
3 1670 1791 1792
3 1670 1792 1671
3 1671 1792 1793
3 1671 1793 1672
3 1672 1793 1794
3 1672 1794 1673
3 1673 1794 1795
3 1673 1795 1674
3 1674 1795 1796
3 1674 1796 1675
3 1675 1796 1797
3 1675 1797 1676
3 1676 1797 1798
3 1676 1798 1677
3 1677 1798 1799
3 1677 1799 1678
3 1678 1799 1800
3 1678 1800 1679
3 1679 1800 1801
3 1679 1801 1680
3 1680 1801 1802
3 1680 1802 1681
3 1681 1802 1803
3 1681 1803 1682
3 1682 1803 1804
3 1682 1804 1683
3 1683 1804 1805
3 1683 1805 1684
3 1684 1805 1806
3 1684 1806 1685
3 1685 1806 1807
3 1685 1807 1686
3 1686 1807 1808
3 1686 1808 1687
3 1687 1808 1809
3 1687 1809 1688
3 1688 1809 1810
3 1688 1810 1689
3 1689 1810 1811
3 1689 1811 1690
3 1690 1811 1812
3 1690 1812 1691
3 1691 1812 1813
3 1691 1813 1692
3 1692 1813 1814
3 1692 1814 1693
3 1694 1815 1816
3 1694 1816 1695
3 1695 1816 1817
3 1695 1817 1696
3 1696 1817 1818
3 1696 1818 1697
3 1697 1818 1819
3 1697 1819 1698
3 1698 1819 1820
3 1698 1820 1699
3 1699 1820 1821
3 1699 1821 1700
3 1700 1821 1822
3 1700 1822 1701
3 1701 1822 1823
3 1701 1823 1702
3 1702 1823 1824
3 1702 1824 1703
3 1703 1824 1825
3 1703 1825 1704
3 1704 1825 1826
3 1704 1826 1705
3 1705 1826 1827
3 1705 1827 1706
3 1706 1827 1828
3 1706 1828 1707
3 1707 1828 1829
3 1707 1829 1708
3 1708 1829 1830
3 1708 1830 1709
3 1709 1830 1831
3 1709 1831 1710
3 1710 1831 1832
3 1710 1832 1711
3 1711 1832 1833
3 1711 1833 1712
3 1712 1833 1834
3 1712 1834 1713
3 1713 1834 1835
3 1713 1835 1714
3 1714 1835 1836
3 1714 1836 1715
3 1715 1836 1837
3 1715 1837 1716
3 1716 1837 1838
3 1716 1838 1717
3 1717 1838 1839
3 1717 1839 1718
3 1718 1839 1840
3 1718 1840 1719
3 1719 1840 1841
3 1719 1841 1720
3 1720 1841 1842
3 1720 1842 1721
3 1721 1842 1843
3 1721 1843 1722
3 1722 1843 1844
3 1722 1844 1723
3 1723 1844 1845
3 1723 1845 1724
3 1724 1845 1846
3 1724 1846 1725
3 1725 1846 1847
3 1725 1847 1726
3 1726 1847 1848
3 1726 1848 1727
3 1727 1848 1849
3 1727 1849 1728
3 1728 1849 1850
3 1728 1850 1729
3 1729 1850 1851
3 1729 1851 1730
3 1730 1851 1852
3 1730 1852 1731
3 1731 1852 1853
3 1731 1853 1732
3 1732 1853 1854
3 1732 1854 1733
3 1733 1854 1855
3 1733 1855 1734
3 1734 1855 1856
3 1734 1856 1735
3 1735 1856 1857
3 1735 1857 1736
3 1736 1857 1858
3 1736 1858 1737
3 1737 1858 1859
3 1737 1859 1738
3 1738 1859 1860
3 1738 1860 1739
3 1739 1860 1861
3 1739 1861 1740
3 1740 1861 1862
3 1740 1862 1741
3 1741 1862 1863
3 1741 1863 1742
3 1742 1863 1864
3 1742 1864 1743
3 1743 1864 1865
3 1743 1865 1744
3 1744 1865 1866
3 1744 1866 1745
3 1745 1866 1867
3 1745 1867 1746
3 1746 1867 1868
3 1746 1868 1747
3 1747 1868 1869
3 1747 1869 1748
3 1748 1869 1870
3 1748 1870 1749
3 1749 1870 1871
3 1749 1871 1750
3 1750 1871 1872
3 1750 1872 1751
3 1751 1872 1873
3 1751 1873 1752
3 1752 1873 1874
3 1752 1874 1753
3 1753 1874 1875
3 1753 1875 1754
3 1754 1875 1876
3 1754 1876 1755
3 1755 1876 1877
3 1755 1877 1756
3 1756 1877 1878
3 1756 1878 1757
3 1757 1878 1879
3 1757 1879 1758
3 1758 1879 1880
3 1758 1880 1759
3 1759 1880 1881
3 1759 1881 1760
3 1760 1881 1882
3 1760 1882 1761
3 1761 1882 1883
3 1761 1883 1762
3 1762 1883 1884
3 1762 1884 1763
3 1763 1884 1885
3 1763 1885 1764
3 1764 1885 1886
3 1764 1886 1765
3 1765 1886 1887
3 1765 1887 1766
3 1766 1887 1888
3 1766 1888 1767
3 1767 1888 1889
3 1767 1889 1768
3 1768 1889 1890
3 1768 1890 1769
3 1769 1890 1891
3 1769 1891 1770
3 1770 1891 1892
3 1770 1892 1771
3 1771 1892 1893
3 1771 1893 1772
3 1772 1893 1894
3 1772 1894 1773
3 1773 1894 1895
3 1773 1895 1774
3 1774 1895 1896
3 1774 1896 1775
3 1775 1896 1897
3 1775 1897 1776
3 1776 1897 1898
3 1776 1898 1777
3 1777 1898 1899
3 1777 1899 1778
3 1778 1899 1900
3 1778 1900 1779
3 1779 1900 1901
3 1779 1901 1780
3 1780 1901 1902
3 1780 1902 1781
3 1781 1902 1903
3 1781 1903 1782
3 1782 1903 1904
3 1782 1904 1783
3 1783 1904 1905
3 1783 1905 1784
3 1784 1905 1906
3 1784 1906 1785
3 1785 1906 1907
3 1785 1907 1786
3 1786 1907 1908
3 1786 1908 1787
3 1787 1908 1909
3 1787 1909 1788
3 1788 1909 1910
3 1788 1910 1789
3 1789 1910 1911
3 1789 1911 1790
3 1790 1911 1912
3 1790 1912 1791
3 1791 1912 1913
3 1791 1913 1792
3 1792 1913 1914
3 1792 1914 1793
3 1793 1914 1915
3 1793 1915 1794
3 1794 1915 1916
3 1794 1916 1795
3 1795 1916 1917
3 1795 1917 1796
3 1796 1917 1918
3 1796 1918 1797
3 1797 1918 1919
3 1797 1919 1798
3 1798 1919 1920
3 1798 1920 1799
3 1799 1920 1921
3 1799 1921 1800
3 1800 1921 1922
3 1800 1922 1801
3 1801 1922 1923
3 1801 1923 1802
3 1802 1923 1924
3 1802 1924 1803
3 1803 1924 1925
3 1803 1925 1804
3 1804 1925 1926
3 1804 1926 1805
3 1805 1926 1927
3 1805 1927 1806
3 1806 1927 1928
3 1806 1928 1807
3 1807 1928 1929
3 1807 1929 1808
3 1808 1929 1930
3 1808 1930 1809
3 1809 1930 1931
3 1809 1931 1810
3 1810 1931 1932
3 1810 1932 1811
3 1811 1932 1933
3 1811 1933 1812
3 1812 1933 1934
3 1812 1934 1813
3 1813 1934 1935
3 1813 1935 1814
3 1815 1936 1937
3 1815 1937 1816
3 1816 1937 1938
3 1816 1938 1817
3 1817 1938 1939
3 1817 1939 1818
3 1818 1939 1940
3 1818 1940 1819
3 1819 1940 1941
3 1819 1941 1820
3 1820 1941 1942
3 1820 1942 1821
3 1821 1942 1943
3 1821 1943 1822
3 1822 1943 1944
3 1822 1944 1823
3 1823 1944 1945
3 1823 1945 1824
3 1824 1945 1946
3 1824 1946 1825
3 1825 1946 1947
3 1825 1947 1826
3 1826 1947 1948
3 1826 1948 1827
3 1827 1948 1949
3 1827 1949 1828
3 1828 1949 1950
3 1828 1950 1829
3 1829 1950 1951
3 1829 1951 1830
3 1830 1951 1952
3 1830 1952 1831
3 1831 1952 1953
3 1831 1953 1832
3 1832 1953 1954
3 1832 1954 1833
3 1833 1954 1955
3 1833 1955 1834
3 1834 1955 1956
3 1834 1956 1835
3 1835 1956 1957
3 1835 1957 1836
3 1836 1957 1958
3 1836 1958 1837
3 1837 1958 1959
3 1837 1959 1838
3 1838 1959 1960
3 1838 1960 1839
3 1839 1960 1961
3 1839 1961 1840
3 1840 1961 1962
3 1840 1962 1841
3 1841 1962 1963
3 1841 1963 1842
3 1842 1963 1964
3 1842 1964 1843
3 1843 1964 1965
3 1843 1965 1844
3 1844 1965 1966
3 1844 1966 1845
3 1845 1966 1967
3 1845 1967 1846
3 1846 1967 1968
3 1846 1968 1847
3 1847 1968 1969
3 1847 1969 1848
3 1848 1969 1970
3 1848 1970 1849
3 1849 1970 1971
3 1849 1971 1850
3 1850 1971 1972
3 1850 1972 1851
3 1851 1972 1973
3 1851 1973 1852
3 1852 1973 1974
3 1852 1974 1853
3 1853 1974 1975
3 1853 1975 1854
3 1854 1975 1976
3 1854 1976 1855
3 1855 1976 1977
3 1855 1977 1856
3 1856 1977 1978
3 1856 1978 1857
3 1857 1978 1979
3 1857 1979 1858
3 1858 1979 1980
3 1858 1980 1859
3 1859 1980 1981
3 1859 1981 1860
3 1860 1981 1982
3 1860 1982 1861
3 1861 1982 1983
3 1861 1983 1862
3 1862 1983 1984
3 1862 1984 1863
3 1863 1984 1985
3 1863 1985 1864
3 1864 1985 1986
3 1864 1986 1865
3 1865 1986 1987
3 1865 1987 1866
3 1866 1987 1988
3 1866 1988 1867
3 1867 1988 1989
3 1867 1989 1868
3 1868 1989 1990
3 1868 1990 1869
3 1869 1990 1991
3 1869 1991 1870
3 1870 1991 1992
3 1870 1992 1871
3 1871 1992 1993
3 1871 1993 1872
3 1872 1993 1994
3 1872 1994 1873
3 1873 1994 1995
3 1873 1995 1874
3 1874 1995 1996
3 1874 1996 1875
3 1875 1996 1997
3 1875 1997 1876
3 1876 1997 1998
3 1876 1998 1877
3 1877 1998 1999
3 1877 1999 1878
3 1878 1999 2000
3 1878 2000 1879
3 1879 2000 2001
3 1879 2001 1880
3 1880 2001 2002
3 1880 2002 1881
3 1881 2002 2003
3 1881 2003 1882
3 1882 2003 2004
3 1882 2004 1883
3 1883 2004 2005
3 1883 2005 1884
3 1884 2005 2006
3 1884 2006 1885
3 1885 2006 2007
3 1885 2007 1886
3 1886 2007 2008
3 1886 2008 1887
3 1887 2008 2009
3 1887 2009 1888
3 1888 2009 2010
3 1888 2010 1889
3 1889 2010 2011
3 1889 2011 1890
3 1890 2011 2012
3 1890 2012 1891
3 1891 2012 2013
3 1891 2013 1892
3 1892 2013 2014
3 1892 2014 1893
3 1893 2014 2015
3 1893 2015 1894
3 1894 2015 2016
3 1894 2016 1895
3 1895 2016 2017
3 1895 2017 1896
3 1896 2017 2018
3 1896 2018 1897
3 1897 2018 2019
3 1897 2019 1898
3 1898 2019 2020
3 1898 2020 1899
3 1899 2020 2021
3 1899 2021 1900
3 1900 2021 2022
3 1900 2022 1901
3 1901 2022 2023
3 1901 2023 1902
3 1902 2023 2024
3 1902 2024 1903
3 1903 2024 2025
3 1903 2025 1904
3 1904 2025 2026
3 1904 2026 1905
3 1905 2026 2027
3 1905 2027 1906
3 1906 2027 2028
3 1906 2028 1907
3 1907 2028 2029
3 1907 2029 1908
3 1908 2029 2030
3 1908 2030 1909
3 1909 2030 2031
3 1909 2031 1910
3 1910 2031 2032
3 1910 2032 1911
3 1911 2032 2033
3 1911 2033 1912
3 1912 2033 2034
3 1912 2034 1913
3 1913 2034 2035
3 1913 2035 1914
3 1914 2035 2036
3 1914 2036 1915
3 1915 2036 2037
3 1915 2037 1916
3 1916 2037 2038
3 1916 2038 1917
3 1917 2038 2039
3 1917 2039 1918
3 1918 2039 2040
3 1918 2040 1919
3 1919 2040 2041
3 1919 2041 1920
3 1920 2041 2042
3 1920 2042 1921
3 1921 2042 2043
3 1921 2043 1922
3 1922 2043 2044
3 1922 2044 1923
3 1923 2044 2045
3 1923 2045 1924
3 1924 2045 2046
3 1924 2046 1925
3 1925 2046 2047
3 1925 2047 1926
3 1926 2047 2048
3 1926 2048 1927
3 1927 2048 2049
3 1927 2049 1928
3 1928 2049 2050
3 1928 2050 1929
3 1929 2050 2051
3 1929 2051 1930
3 1930 2051 2052
3 1930 2052 1931
3 1931 2052 2053
3 1931 2053 1932
3 1932 2053 2054
3 1932 2054 1933
3 1933 2054 2055
3 1933 2055 1934
3 1934 2055 2056
3 1934 2056 1935
3 1936 2057 2058
3 1936 2058 1937
3 1937 2058 2059
3 1937 2059 1938
3 1938 2059 2060
3 1938 2060 1939
3 1939 2060 2061
3 1939 2061 1940
3 1940 2061 2062
3 1940 2062 1941
3 1941 2062 2063
3 1941 2063 1942
3 1942 2063 2064
3 1942 2064 1943
3 1943 2064 2065
3 1943 2065 1944
3 1944 2065 2066
3 1944 2066 1945
3 1945 2066 2067
3 1945 2067 1946
3 1946 2067 2068
3 1946 2068 1947
3 1947 2068 2069
3 1947 2069 1948
3 1948 2069 2070
3 1948 2070 1949
3 1949 2070 2071
3 1949 2071 1950
3 1950 2071 2072
3 1950 2072 1951
3 1951 2072 2073
3 1951 2073 1952
3 1952 2073 2074
3 1952 2074 1953
3 1953 2074 2075
3 1953 2075 1954
3 1954 2075 2076
3 1954 2076 1955
3 1955 2076 2077
3 1955 2077 1956
3 1956 2077 2078
3 1956 2078 1957
3 1957 2078 2079
3 1957 2079 1958
3 1958 2079 2080
3 1958 2080 1959
3 1959 2080 2081
3 1959 2081 1960
3 1960 2081 2082
3 1960 2082 1961
3 1961 2082 2083
3 1961 2083 1962
3 1962 2083 2084
3 1962 2084 1963
3 1963 2084 2085
3 1963 2085 1964
3 1964 2085 2086
3 1964 2086 1965
3 1965 2086 2087
3 1965 2087 1966
3 1966 2087 2088
3 1966 2088 1967
3 1967 2088 2089
3 1967 2089 1968
3 1968 2089 2090
3 1968 2090 1969
3 1969 2090 2091
3 1969 2091 1970
3 1970 2091 2092
3 1970 2092 1971
3 1971 2092 2093
3 1971 2093 1972
3 1972 2093 2094
3 1972 2094 1973
3 1973 2094 2095
3 1973 2095 1974
3 1974 2095 2096
3 1974 2096 1975
3 1975 2096 2097
3 1975 2097 1976
3 1976 2097 2098
3 1976 2098 1977
3 1977 2098 2099
3 1977 2099 1978
3 1978 2099 2100
3 1978 2100 1979
3 1979 2100 2101
3 1979 2101 1980
3 1980 2101 2102
3 1980 2102 1981
3 1981 2102 2103
3 1981 2103 1982
3 1982 2103 2104
3 1982 2104 1983
3 1983 2104 2105
3 1983 2105 1984
3 1984 2105 2106
3 1984 2106 1985
3 1985 2106 2107
3 1985 2107 1986
3 1986 2107 2108
3 1986 2108 1987
3 1987 2108 2109
3 1987 2109 1988
3 1988 2109 2110
3 1988 2110 1989
3 1989 2110 2111
3 1989 2111 1990
3 1990 2111 2112
3 1990 2112 1991
3 1991 2112 2113
3 1991 2113 1992
3 1992 2113 2114
3 1992 2114 1993
3 1993 2114 2115
3 1993 2115 1994
3 1994 2115 2116
3 1994 2116 1995
3 1995 2116 2117
3 1995 2117 1996
3 1996 2117 2118
3 1996 2118 1997
3 1997 2118 2119
3 1997 2119 1998
3 1998 2119 2120
3 1998 2120 1999
3 1999 2120 2121
3 1999 2121 2000
3 2000 2121 2122
3 2000 2122 2001
3 2001 2122 2123
3 2001 2123 2002
3 2002 2123 2124
3 2002 2124 2003
3 2003 2124 2125
3 2003 2125 2004
3 2004 2125 2126
3 2004 2126 2005
3 2005 2126 2127
3 2005 2127 2006
3 2006 2127 2128
3 2006 2128 2007
3 2007 2128 2129
3 2007 2129 2008
3 2008 2129 2130
3 2008 2130 2009
3 2009 2130 2131
3 2009 2131 2010
3 2010 2131 2132
3 2010 2132 2011
3 2011 2132 2133
3 2011 2133 2012
3 2012 2133 2134
3 2012 2134 2013
3 2013 2134 2135
3 2013 2135 2014
3 2014 2135 2136
3 2014 2136 2015
3 2015 2136 2137
3 2015 2137 2016
3 2016 2137 2138
3 2016 2138 2017
3 2017 2138 2139
3 2017 2139 2018
3 2018 2139 2140
3 2018 2140 2019
3 2019 2140 2141
3 2019 2141 2020
3 2020 2141 2142
3 2020 2142 2021
3 2021 2142 2143
3 2021 2143 2022
3 2022 2143 2144
3 2022 2144 2023
3 2023 2144 2145
3 2023 2145 2024
3 2024 2145 2146
3 2024 2146 2025
3 2025 2146 2147
3 2025 2147 2026
3 2026 2147 2148
3 2026 2148 2027
3 2027 2148 2149
3 2027 2149 2028
3 2028 2149 2150
3 2028 2150 2029
3 2029 2150 2151
3 2029 2151 2030
3 2030 2151 2152
3 2030 2152 2031
3 2031 2152 2153
3 2031 2153 2032
3 2032 2153 2154
3 2032 2154 2033
3 2033 2154 2155
3 2033 2155 2034
3 2034 2155 2156
3 2034 2156 2035
3 2035 2156 2157
3 2035 2157 2036
3 2036 2157 2158
3 2036 2158 2037
3 2037 2158 2159
3 2037 2159 2038
3 2038 2159 2160
3 2038 2160 2039
3 2039 2160 2161
3 2039 2161 2040
3 2040 2161 2162
3 2040 2162 2041
3 2041 2162 2163
3 2041 2163 2042
3 2042 2163 2164
3 2042 2164 2043
3 2043 2164 2165
3 2043 2165 2044
3 2044 2165 2166
3 2044 2166 2045
3 2045 2166 2167
3 2045 2167 2046
3 2046 2167 2168
3 2046 2168 2047
3 2047 2168 2169
3 2047 2169 2048
3 2048 2169 2170
3 2048 2170 2049
3 2049 2170 2171
3 2049 2171 2050
3 2050 2171 2172
3 2050 2172 2051
3 2051 2172 2173
3 2051 2173 2052
3 2052 2173 2174
3 2052 2174 2053
3 2053 2174 2175
3 2053 2175 2054
3 2054 2175 2176
3 2054 2176 2055
3 2055 2176 2177
3 2055 2177 2056
3 2057 2178 2179
3 2057 2179 2058
3 2058 2179 2180
3 2058 2180 2059
3 2059 2180 2181
3 2059 2181 2060
3 2060 2181 2182
3 2060 2182 2061
3 2061 2182 2183
3 2061 2183 2062
3 2062 2183 2184
3 2062 2184 2063
3 2063 2184 2185
3 2063 2185 2064
3 2064 2185 2186
3 2064 2186 2065
3 2065 2186 2187
3 2065 2187 2066
3 2066 2187 2188
3 2066 2188 2067
3 2067 2188 2189
3 2067 2189 2068
3 2068 2189 2190
3 2068 2190 2069
3 2069 2190 2191
3 2069 2191 2070
3 2070 2191 2192
3 2070 2192 2071
3 2071 2192 2193
3 2071 2193 2072
3 2072 2193 2194
3 2072 2194 2073
3 2073 2194 2195
3 2073 2195 2074
3 2074 2195 2196
3 2074 2196 2075
3 2075 2196 2197
3 2075 2197 2076
3 2076 2197 2198
3 2076 2198 2077
3 2077 2198 2199
3 2077 2199 2078
3 2078 2199 2200
3 2078 2200 2079
3 2079 2200 2201
3 2079 2201 2080
3 2080 2201 2202
3 2080 2202 2081
3 2081 2202 2203
3 2081 2203 2082
3 2082 2203 2204
3 2082 2204 2083
3 2083 2204 2205
3 2083 2205 2084
3 2084 2205 2206
3 2084 2206 2085
3 2085 2206 2207
3 2085 2207 2086
3 2086 2207 2208
3 2086 2208 2087
3 2087 2208 2209
3 2087 2209 2088
3 2088 2209 2210
3 2088 2210 2089
3 2089 2210 2211
3 2089 2211 2090
3 2090 2211 2212
3 2090 2212 2091
3 2091 2212 2213
3 2091 2213 2092
3 2092 2213 2214
3 2092 2214 2093
3 2093 2214 2215
3 2093 2215 2094
3 2094 2215 2216
3 2094 2216 2095
3 2095 2216 2217
3 2095 2217 2096
3 2096 2217 2218
3 2096 2218 2097
3 2097 2218 2219
3 2097 2219 2098
3 2098 2219 2220
3 2098 2220 2099
3 2099 2220 2221
3 2099 2221 2100
3 2100 2221 2222
3 2100 2222 2101
3 2101 2222 2223
3 2101 2223 2102
3 2102 2223 2224
3 2102 2224 2103
3 2103 2224 2225
3 2103 2225 2104
3 2104 2225 2226
3 2104 2226 2105
3 2105 2226 2227
3 2105 2227 2106
3 2106 2227 2228
3 2106 2228 2107
3 2107 2228 2229
3 2107 2229 2108
3 2108 2229 2230
3 2108 2230 2109
3 2109 2230 2231
3 2109 2231 2110
3 2110 2231 2232
3 2110 2232 2111
3 2111 2232 2233
3 2111 2233 2112
3 2112 2233 2234
3 2112 2234 2113
3 2113 2234 2235
3 2113 2235 2114
3 2114 2235 2236
3 2114 2236 2115
3 2115 2236 2237
3 2115 2237 2116
3 2116 2237 2238
3 2116 2238 2117
3 2117 2238 2239
3 2117 2239 2118
3 2118 2239 2240
3 2118 2240 2119
3 2119 2240 2241
3 2119 2241 2120
3 2120 2241 2242
3 2120 2242 2121
3 2121 2242 2243
3 2121 2243 2122
3 2122 2243 2244
3 2122 2244 2123
3 2123 2244 2245
3 2123 2245 2124
3 2124 2245 2246
3 2124 2246 2125
3 2125 2246 2247
3 2125 2247 2126
3 2126 2247 2248
3 2126 2248 2127
3 2127 2248 2249
3 2127 2249 2128
3 2128 2249 2250
3 2128 2250 2129
3 2129 2250 2251
3 2129 2251 2130
3 2130 2251 2252
3 2130 2252 2131
3 2131 2252 2253
3 2131 2253 2132
3 2132 2253 2254
3 2132 2254 2133
3 2133 2254 2255
3 2133 2255 2134
3 2134 2255 2256
3 2134 2256 2135
3 2135 2256 2257
3 2135 2257 2136
3 2136 2257 2258
3 2136 2258 2137
3 2137 2258 2259
3 2137 2259 2138
3 2138 2259 2260
3 2138 2260 2139
3 2139 2260 2261
3 2139 2261 2140
3 2140 2261 2262
3 2140 2262 2141
3 2141 2262 2263
3 2141 2263 2142
3 2142 2263 2264
3 2142 2264 2143
3 2143 2264 2265
3 2143 2265 2144
3 2144 2265 2266
3 2144 2266 2145
3 2145 2266 2267
3 2145 2267 2146
3 2146 2267 2268
3 2146 2268 2147
3 2147 2268 2269
3 2147 2269 2148
3 2148 2269 2270
3 2148 2270 2149
3 2149 2270 2271
3 2149 2271 2150
3 2150 2271 2272
3 2150 2272 2151
3 2151 2272 2273
3 2151 2273 2152
3 2152 2273 2274
3 2152 2274 2153
3 2153 2274 2275
3 2153 2275 2154
3 2154 2275 2276
3 2154 2276 2155
3 2155 2276 2277
3 2155 2277 2156
3 2156 2277 2278
3 2156 2278 2157
3 2157 2278 2279
3 2157 2279 2158
3 2158 2279 2280
3 2158 2280 2159
3 2159 2280 2281
3 2159 2281 2160
3 2160 2281 2282
3 2160 2282 2161
3 2161 2282 2283
3 2161 2283 2162
3 2162 2283 2284
3 2162 2284 2163
3 2163 2284 2285
3 2163 2285 2164
3 2164 2285 2286
3 2164 2286 2165
3 2165 2286 2287
3 2165 2287 2166
3 2166 2287 2288
3 2166 2288 2167
3 2167 2288 2289
3 2167 2289 2168
3 2168 2289 2290
3 2168 2290 2169
3 2169 2290 2291
3 2169 2291 2170
3 2170 2291 2292
3 2170 2292 2171
3 2171 2292 2293
3 2171 2293 2172
3 2172 2293 2294
3 2172 2294 2173
3 2173 2294 2295
3 2173 2295 2174
3 2174 2295 2296
3 2174 2296 2175
3 2175 2296 2297
3 2175 2297 2176
3 2176 2297 2298
3 2176 2298 2177
3 2178 2299 2300
3 2178 2300 2179
3 2179 2300 2301
3 2179 2301 2180
3 2180 2301 2302
3 2180 2302 2181
3 2181 2302 2303
3 2181 2303 2182
3 2182 2303 2304
3 2182 2304 2183
3 2183 2304 2305
3 2183 2305 2184
3 2184 2305 2306
3 2184 2306 2185
3 2185 2306 2307
3 2185 2307 2186
3 2186 2307 2308
3 2186 2308 2187
3 2187 2308 2309
3 2187 2309 2188
3 2188 2309 2310
3 2188 2310 2189
3 2189 2310 2311
3 2189 2311 2190
3 2190 2311 2312
3 2190 2312 2191
3 2191 2312 2313
3 2191 2313 2192
3 2192 2313 2314
3 2192 2314 2193
3 2193 2314 2315
3 2193 2315 2194
3 2194 2315 2316
3 2194 2316 2195
3 2195 2316 2317
3 2195 2317 2196
3 2196 2317 2318
3 2196 2318 2197
3 2197 2318 2319
3 2197 2319 2198
3 2198 2319 2320
3 2198 2320 2199
3 2199 2320 2321
3 2199 2321 2200
3 2200 2321 2322
3 2200 2322 2201
3 2201 2322 2323
3 2201 2323 2202
3 2202 2323 2324
3 2202 2324 2203
3 2203 2324 2325
3 2203 2325 2204
3 2204 2325 2326
3 2204 2326 2205
3 2205 2326 2327
3 2205 2327 2206
3 2206 2327 2328
3 2206 2328 2207
3 2207 2328 2329
3 2207 2329 2208
3 2208 2329 2330
3 2208 2330 2209
3 2209 2330 2331
3 2209 2331 2210
3 2210 2331 2332
3 2210 2332 2211
3 2211 2332 2333
3 2211 2333 2212
3 2212 2333 2334
3 2212 2334 2213
3 2213 2334 2335
3 2213 2335 2214
3 2214 2335 2336
3 2214 2336 2215
3 2215 2336 2337
3 2215 2337 2216
3 2216 2337 2338
3 2216 2338 2217
3 2217 2338 2339
3 2217 2339 2218
3 2218 2339 2340
3 2218 2340 2219
3 2219 2340 2341
3 2219 2341 2220
3 2220 2341 2342
3 2220 2342 2221
3 2221 2342 2343
3 2221 2343 2222
3 2222 2343 2344
3 2222 2344 2223
3 2223 2344 2345
3 2223 2345 2224
3 2224 2345 2346
3 2224 2346 2225
3 2225 2346 2347
3 2225 2347 2226
3 2226 2347 2348
3 2226 2348 2227
3 2227 2348 2349
3 2227 2349 2228
3 2228 2349 2350
3 2228 2350 2229
3 2229 2350 2351
3 2229 2351 2230
3 2230 2351 2352
3 2230 2352 2231
3 2231 2352 2353
3 2231 2353 2232
3 2232 2353 2354
3 2232 2354 2233
3 2233 2354 2355
3 2233 2355 2234
3 2234 2355 2356
3 2234 2356 2235
3 2235 2356 2357
3 2235 2357 2236
3 2236 2357 2358
3 2236 2358 2237
3 2237 2358 2359
3 2237 2359 2238
3 2238 2359 2360
3 2238 2360 2239
3 2239 2360 2361
3 2239 2361 2240
3 2240 2361 2362
3 2240 2362 2241
3 2241 2362 2363
3 2241 2363 2242
3 2242 2363 2364
3 2242 2364 2243
3 2243 2364 2365
3 2243 2365 2244
3 2244 2365 2366
3 2244 2366 2245
3 2245 2366 2367
3 2245 2367 2246
3 2246 2367 2368
3 2246 2368 2247
3 2247 2368 2369
3 2247 2369 2248
3 2248 2369 2370
3 2248 2370 2249
3 2249 2370 2371
3 2249 2371 2250
3 2250 2371 2372
3 2250 2372 2251
3 2251 2372 2373
3 2251 2373 2252
3 2252 2373 2374
3 2252 2374 2253
3 2253 2374 2375
3 2253 2375 2254
3 2254 2375 2376
3 2254 2376 2255
3 2255 2376 2377
3 2255 2377 2256
3 2256 2377 2378
3 2256 2378 2257
3 2257 2378 2379
3 2257 2379 2258
3 2258 2379 2380
3 2258 2380 2259
3 2259 2380 2381
3 2259 2381 2260
3 2260 2381 2382
3 2260 2382 2261
3 2261 2382 2383
3 2261 2383 2262
3 2262 2383 2384
3 2262 2384 2263
3 2263 2384 2385
3 2263 2385 2264
3 2264 2385 2386
3 2264 2386 2265
3 2265 2386 2387
3 2265 2387 2266
3 2266 2387 2388
3 2266 2388 2267
3 2267 2388 2389
3 2267 2389 2268
3 2268 2389 2390
3 2268 2390 2269
3 2269 2390 2391
3 2269 2391 2270
3 2270 2391 2392
3 2270 2392 2271
3 2271 2392 2393
3 2271 2393 2272
3 2272 2393 2394
3 2272 2394 2273
3 2273 2394 2395
3 2273 2395 2274
3 2274 2395 2396
3 2274 2396 2275
3 2275 2396 2397
3 2275 2397 2276
3 2276 2397 2398
3 2276 2398 2277
3 2277 2398 2399
3 2277 2399 2278
3 2278 2399 2400
3 2278 2400 2279
3 2279 2400 2401
3 2279 2401 2280
3 2280 2401 2402
3 2280 2402 2281
3 2281 2402 2403
3 2281 2403 2282
3 2282 2403 2404
3 2282 2404 2283
3 2283 2404 2405
3 2283 2405 2284
3 2284 2405 2406
3 2284 2406 2285
3 2285 2406 2407
3 2285 2407 2286
3 2286 2407 2408
3 2286 2408 2287
3 2287 2408 2409
3 2287 2409 2288
3 2288 2409 2410
3 2288 2410 2289
3 2289 2410 2411
3 2289 2411 2290
3 2290 2411 2412
3 2290 2412 2291
3 2291 2412 2413
3 2291 2413 2292
3 2292 2413 2414
3 2292 2414 2293
3 2293 2414 2415
3 2293 2415 2294
3 2294 2415 2416
3 2294 2416 2295
3 2295 2416 2417
3 2295 2417 2296
3 2296 2417 2418
3 2296 2418 2297
3 2297 2418 2419
3 2297 2419 2298
3 2299 2420 2421
3 2299 2421 2300
3 2300 2421 2422
3 2300 2422 2301
3 2301 2422 2423
3 2301 2423 2302
3 2302 2423 2424
3 2302 2424 2303
3 2303 2424 2425
3 2303 2425 2304
3 2304 2425 2426
3 2304 2426 2305
3 2305 2426 2427
3 2305 2427 2306
3 2306 2427 2428
3 2306 2428 2307
3 2307 2428 2429
3 2307 2429 2308
3 2308 2429 2430
3 2308 2430 2309
3 2309 2430 2431
3 2309 2431 2310
3 2310 2431 2432
3 2310 2432 2311
3 2311 2432 2433
3 2311 2433 2312
3 2312 2433 2434
3 2312 2434 2313
3 2313 2434 2435
3 2313 2435 2314
3 2314 2435 2436
3 2314 2436 2315
3 2315 2436 2437
3 2315 2437 2316
3 2316 2437 2438
3 2316 2438 2317
3 2317 2438 2439
3 2317 2439 2318
3 2318 2439 2440
3 2318 2440 2319
3 2319 2440 2441
3 2319 2441 2320
3 2320 2441 2442
3 2320 2442 2321
3 2321 2442 2443
3 2321 2443 2322
3 2322 2443 2444
3 2322 2444 2323
3 2323 2444 2445
3 2323 2445 2324
3 2324 2445 2446
3 2324 2446 2325
3 2325 2446 2447
3 2325 2447 2326
3 2326 2447 2448
3 2326 2448 2327
3 2327 2448 2449
3 2327 2449 2328
3 2328 2449 2450
3 2328 2450 2329
3 2329 2450 2451
3 2329 2451 2330
3 2330 2451 2452
3 2330 2452 2331
3 2331 2452 2453
3 2331 2453 2332
3 2332 2453 2454
3 2332 2454 2333
3 2333 2454 2455
3 2333 2455 2334
3 2334 2455 2456
3 2334 2456 2335
3 2335 2456 2457
3 2335 2457 2336
3 2336 2457 2458
3 2336 2458 2337
3 2337 2458 2459
3 2337 2459 2338
3 2338 2459 2460
3 2338 2460 2339
3 2339 2460 2461
3 2339 2461 2340
3 2340 2461 2462
3 2340 2462 2341
3 2341 2462 2463
3 2341 2463 2342
3 2342 2463 2464
3 2342 2464 2343
3 2343 2464 2465
3 2343 2465 2344
3 2344 2465 2466
3 2344 2466 2345
3 2345 2466 2467
3 2345 2467 2346
3 2346 2467 2468
3 2346 2468 2347
3 2347 2468 2469
3 2347 2469 2348
3 2348 2469 2470
3 2348 2470 2349
3 2349 2470 2471
3 2349 2471 2350
3 2350 2471 2472
3 2350 2472 2351
3 2351 2472 2473
3 2351 2473 2352
3 2352 2473 2474
3 2352 2474 2353
3 2353 2474 2475
3 2353 2475 2354
3 2354 2475 2476
3 2354 2476 2355
3 2355 2476 2477
3 2355 2477 2356
3 2356 2477 2478
3 2356 2478 2357
3 2357 2478 2479
3 2357 2479 2358
3 2358 2479 2480
3 2358 2480 2359
3 2359 2480 2481
3 2359 2481 2360
3 2360 2481 2482
3 2360 2482 2361
3 2361 2482 2483
3 2361 2483 2362
3 2362 2483 2484
3 2362 2484 2363
3 2363 2484 2485
3 2363 2485 2364
3 2364 2485 2486
3 2364 2486 2365
3 2365 2486 2487
3 2365 2487 2366
3 2366 2487 2488
3 2366 2488 2367
3 2367 2488 2489
3 2367 2489 2368
3 2368 2489 2490
3 2368 2490 2369
3 2369 2490 2491
3 2369 2491 2370
3 2370 2491 2492
3 2370 2492 2371
3 2371 2492 2493
3 2371 2493 2372
3 2372 2493 2494
3 2372 2494 2373
3 2373 2494 2495
3 2373 2495 2374
3 2374 2495 2496
3 2374 2496 2375
3 2375 2496 2497
3 2375 2497 2376
3 2376 2497 2498
3 2376 2498 2377
3 2377 2498 2499
3 2377 2499 2378
3 2378 2499 2500
3 2378 2500 2379
3 2379 2500 2501
3 2379 2501 2380
3 2380 2501 2502
3 2380 2502 2381
3 2381 2502 2503
3 2381 2503 2382
3 2382 2503 2504
3 2382 2504 2383
3 2383 2504 2505
3 2383 2505 2384
3 2384 2505 2506
3 2384 2506 2385
3 2385 2506 2507
3 2385 2507 2386
3 2386 2507 2508
3 2386 2508 2387
3 2387 2508 2509
3 2387 2509 2388
3 2388 2509 2510
3 2388 2510 2389
3 2389 2510 2511
3 2389 2511 2390
3 2390 2511 2512
3 2390 2512 2391
3 2391 2512 2513
3 2391 2513 2392
3 2392 2513 2514
3 2392 2514 2393
3 2393 2514 2515
3 2393 2515 2394
3 2394 2515 2516
3 2394 2516 2395
3 2395 2516 2517
3 2395 2517 2396
3 2396 2517 2518
3 2396 2518 2397
3 2397 2518 2519
3 2397 2519 2398
3 2398 2519 2520
3 2398 2520 2399
3 2399 2520 2521
3 2399 2521 2400
3 2400 2521 2522
3 2400 2522 2401
3 2401 2522 2523
3 2401 2523 2402
3 2402 2523 2524
3 2402 2524 2403
3 2403 2524 2525
3 2403 2525 2404
3 2404 2525 2526
3 2404 2526 2405
3 2405 2526 2527
3 2405 2527 2406
3 2406 2527 2528
3 2406 2528 2407
3 2407 2528 2529
3 2407 2529 2408
3 2408 2529 2530
3 2408 2530 2409
3 2409 2530 2531
3 2409 2531 2410
3 2410 2531 2532
3 2410 2532 2411
3 2411 2532 2533
3 2411 2533 2412
3 2412 2533 2534
3 2412 2534 2413
3 2413 2534 2535
3 2413 2535 2414
3 2414 2535 2536
3 2414 2536 2415
3 2415 2536 2537
3 2415 2537 2416
3 2416 2537 2538
3 2416 2538 2417
3 2417 2538 2539
3 2417 2539 2418
3 2418 2539 2540
3 2418 2540 2419
3 2420 2541 2542
3 2420 2542 2421
3 2421 2542 2543
3 2421 2543 2422
3 2422 2543 2544
3 2422 2544 2423
3 2423 2544 2545
3 2423 2545 2424
3 2424 2545 2546
3 2424 2546 2425
3 2425 2546 2547
3 2425 2547 2426
3 2426 2547 2548
3 2426 2548 2427
3 2427 2548 2549
3 2427 2549 2428
3 2428 2549 2550
3 2428 2550 2429
3 2429 2550 2551
3 2429 2551 2430
3 2430 2551 2552
3 2430 2552 2431
3 2431 2552 2553
3 2431 2553 2432
3 2432 2553 2554
3 2432 2554 2433
3 2433 2554 2555
3 2433 2555 2434
3 2434 2555 2556
3 2434 2556 2435
3 2435 2556 2557
3 2435 2557 2436
3 2436 2557 2558
3 2436 2558 2437
3 2437 2558 2559
3 2437 2559 2438
3 2438 2559 2560
3 2438 2560 2439
3 2439 2560 2561
3 2439 2561 2440
3 2440 2561 2562
3 2440 2562 2441
3 2441 2562 2563
3 2441 2563 2442
3 2442 2563 2564
3 2442 2564 2443
3 2443 2564 2565
3 2443 2565 2444
3 2444 2565 2566
3 2444 2566 2445
3 2445 2566 2567
3 2445 2567 2446
3 2446 2567 2568
3 2446 2568 2447
3 2447 2568 2569
3 2447 2569 2448
3 2448 2569 2570
3 2448 2570 2449
3 2449 2570 2571
3 2449 2571 2450
3 2450 2571 2572
3 2450 2572 2451
3 2451 2572 2573
3 2451 2573 2452
3 2452 2573 2574
3 2452 2574 2453
3 2453 2574 2575
3 2453 2575 2454
3 2454 2575 2576
3 2454 2576 2455
3 2455 2576 2577
3 2455 2577 2456
3 2456 2577 2578
3 2456 2578 2457
3 2457 2578 2579
3 2457 2579 2458
3 2458 2579 2580
3 2458 2580 2459
3 2459 2580 2581
3 2459 2581 2460
3 2460 2581 2582
3 2460 2582 2461
3 2461 2582 2583
3 2461 2583 2462
3 2462 2583 2584
3 2462 2584 2463
3 2463 2584 2585
3 2463 2585 2464
3 2464 2585 2586
3 2464 2586 2465
3 2465 2586 2587
3 2465 2587 2466
3 2466 2587 2588
3 2466 2588 2467
3 2467 2588 2589
3 2467 2589 2468
3 2468 2589 2590
3 2468 2590 2469
3 2469 2590 2591
3 2469 2591 2470
3 2470 2591 2592
3 2470 2592 2471
3 2471 2592 2593
3 2471 2593 2472
3 2472 2593 2594
3 2472 2594 2473
3 2473 2594 2595
3 2473 2595 2474
3 2474 2595 2596
3 2474 2596 2475
3 2475 2596 2597
3 2475 2597 2476
3 2476 2597 2598
3 2476 2598 2477
3 2477 2598 2599
3 2477 2599 2478
3 2478 2599 2600
3 2478 2600 2479
3 2479 2600 2601
3 2479 2601 2480
3 2480 2601 2602
3 2480 2602 2481
3 2481 2602 2603
3 2481 2603 2482
3 2482 2603 2604
3 2482 2604 2483
3 2483 2604 2605
3 2483 2605 2484
3 2484 2605 2606
3 2484 2606 2485
3 2485 2606 2607
3 2485 2607 2486
3 2486 2607 2608
3 2486 2608 2487
3 2487 2608 2609
3 2487 2609 2488
3 2488 2609 2610
3 2488 2610 2489
3 2489 2610 2611
3 2489 2611 2490
3 2490 2611 2612
3 2490 2612 2491
3 2491 2612 2613
3 2491 2613 2492
3 2492 2613 2614
3 2492 2614 2493
3 2493 2614 2615
3 2493 2615 2494
3 2494 2615 2616
3 2494 2616 2495
3 2495 2616 2617
3 2495 2617 2496
3 2496 2617 2618
3 2496 2618 2497
3 2497 2618 2619
3 2497 2619 2498
3 2498 2619 2620
3 2498 2620 2499
3 2499 2620 2621
3 2499 2621 2500
3 2500 2621 2622
3 2500 2622 2501
3 2501 2622 2623
3 2501 2623 2502
3 2502 2623 2624
3 2502 2624 2503
3 2503 2624 2625
3 2503 2625 2504
3 2504 2625 2626
3 2504 2626 2505
3 2505 2626 2627
3 2505 2627 2506
3 2506 2627 2628
3 2506 2628 2507
3 2507 2628 2629
3 2507 2629 2508
3 2508 2629 2630
3 2508 2630 2509
3 2509 2630 2631
3 2509 2631 2510
3 2510 2631 2632
3 2510 2632 2511
3 2511 2632 2633
3 2511 2633 2512
3 2512 2633 2634
3 2512 2634 2513
3 2513 2634 2635
3 2513 2635 2514
3 2514 2635 2636
3 2514 2636 2515
3 2515 2636 2637
3 2515 2637 2516
3 2516 2637 2638
3 2516 2638 2517
3 2517 2638 2639
3 2517 2639 2518
3 2518 2639 2640
3 2518 2640 2519
3 2519 2640 2641
3 2519 2641 2520
3 2520 2641 2642
3 2520 2642 2521
3 2521 2642 2643
3 2521 2643 2522
3 2522 2643 2644
3 2522 2644 2523
3 2523 2644 2645
3 2523 2645 2524
3 2524 2645 2646
3 2524 2646 2525
3 2525 2646 2647
3 2525 2647 2526
3 2526 2647 2648
3 2526 2648 2527
3 2527 2648 2649
3 2527 2649 2528
3 2528 2649 2650
3 2528 2650 2529
3 2529 2650 2651
3 2529 2651 2530
3 2530 2651 2652
3 2530 2652 2531
3 2531 2652 2653
3 2531 2653 2532
3 2532 2653 2654
3 2532 2654 2533
3 2533 2654 2655
3 2533 2655 2534
3 2534 2655 2656
3 2534 2656 2535
3 2535 2656 2657
3 2535 2657 2536
3 2536 2657 2658
3 2536 2658 2537
3 2537 2658 2659
3 2537 2659 2538
3 2538 2659 2660
3 2538 2660 2539
3 2539 2660 2661
3 2539 2661 2540
3 2541 2662 2663
3 2541 2663 2542
3 2542 2663 2664
3 2542 2664 2543
3 2543 2664 2665
3 2543 2665 2544
3 2544 2665 2666
3 2544 2666 2545
3 2545 2666 2667
3 2545 2667 2546
3 2546 2667 2668
3 2546 2668 2547
3 2547 2668 2669
3 2547 2669 2548
3 2548 2669 2670
3 2548 2670 2549
3 2549 2670 2671
3 2549 2671 2550
3 2550 2671 2672
3 2550 2672 2551
3 2551 2672 2673
3 2551 2673 2552
3 2552 2673 2674
3 2552 2674 2553
3 2553 2674 2675
3 2553 2675 2554
3 2554 2675 2676
3 2554 2676 2555
3 2555 2676 2677
3 2555 2677 2556
3 2556 2677 2678
3 2556 2678 2557
3 2557 2678 2679
3 2557 2679 2558
3 2558 2679 2680
3 2558 2680 2559
3 2559 2680 2681
3 2559 2681 2560
3 2560 2681 2682
3 2560 2682 2561
3 2561 2682 2683
3 2561 2683 2562
3 2562 2683 2684
3 2562 2684 2563
3 2563 2684 2685
3 2563 2685 2564
3 2564 2685 2686
3 2564 2686 2565
3 2565 2686 2687
3 2565 2687 2566
3 2566 2687 2688
3 2566 2688 2567
3 2567 2688 2689
3 2567 2689 2568
3 2568 2689 2690
3 2568 2690 2569
3 2569 2690 2691
3 2569 2691 2570
3 2570 2691 2692
3 2570 2692 2571
3 2571 2692 2693
3 2571 2693 2572
3 2572 2693 2694
3 2572 2694 2573
3 2573 2694 2695
3 2573 2695 2574
3 2574 2695 2696
3 2574 2696 2575
3 2575 2696 2697
3 2575 2697 2576
3 2576 2697 2698
3 2576 2698 2577
3 2577 2698 2699
3 2577 2699 2578
3 2578 2699 2700
3 2578 2700 2579
3 2579 2700 2701
3 2579 2701 2580
3 2580 2701 2702
3 2580 2702 2581
3 2581 2702 2703
3 2581 2703 2582
3 2582 2703 2704
3 2582 2704 2583
3 2583 2704 2705
3 2583 2705 2584
3 2584 2705 2706
3 2584 2706 2585
3 2585 2706 2707
3 2585 2707 2586
3 2586 2707 2708
3 2586 2708 2587
3 2587 2708 2709
3 2587 2709 2588
3 2588 2709 2710
3 2588 2710 2589
3 2589 2710 2711
3 2589 2711 2590
3 2590 2711 2712
3 2590 2712 2591
3 2591 2712 2713
3 2591 2713 2592
3 2592 2713 2714
3 2592 2714 2593
3 2593 2714 2715
3 2593 2715 2594
3 2594 2715 2716
3 2594 2716 2595
3 2595 2716 2717
3 2595 2717 2596
3 2596 2717 2718
3 2596 2718 2597
3 2597 2718 2719
3 2597 2719 2598
3 2598 2719 2720
3 2598 2720 2599
3 2599 2720 2721
3 2599 2721 2600
3 2600 2721 2722
3 2600 2722 2601
3 2601 2722 2723
3 2601 2723 2602
3 2602 2723 2724
3 2602 2724 2603
3 2603 2724 2725
3 2603 2725 2604
3 2604 2725 2726
3 2604 2726 2605
3 2605 2726 2727
3 2605 2727 2606
3 2606 2727 2728
3 2606 2728 2607
3 2607 2728 2729
3 2607 2729 2608
3 2608 2729 2730
3 2608 2730 2609
3 2609 2730 2731
3 2609 2731 2610
3 2610 2731 2732
3 2610 2732 2611
3 2611 2732 2733
3 2611 2733 2612
3 2612 2733 2734
3 2612 2734 2613
3 2613 2734 2735
3 2613 2735 2614
3 2614 2735 2736
3 2614 2736 2615
3 2615 2736 2737
3 2615 2737 2616
3 2616 2737 2738
3 2616 2738 2617
3 2617 2738 2739
3 2617 2739 2618
3 2618 2739 2740
3 2618 2740 2619
3 2619 2740 2741
3 2619 2741 2620
3 2620 2741 2742
3 2620 2742 2621
3 2621 2742 2743
3 2621 2743 2622
3 2622 2743 2744
3 2622 2744 2623
3 2623 2744 2745
3 2623 2745 2624
3 2624 2745 2746
3 2624 2746 2625
3 2625 2746 2747
3 2625 2747 2626
3 2626 2747 2748
3 2626 2748 2627
3 2627 2748 2749
3 2627 2749 2628
3 2628 2749 2750
3 2628 2750 2629
3 2629 2750 2751
3 2629 2751 2630
3 2630 2751 2752
3 2630 2752 2631
3 2631 2752 2753
3 2631 2753 2632
3 2632 2753 2754
3 2632 2754 2633
3 2633 2754 2755
3 2633 2755 2634
3 2634 2755 2756
3 2634 2756 2635
3 2635 2756 2757
3 2635 2757 2636
3 2636 2757 2758
3 2636 2758 2637
3 2637 2758 2759
3 2637 2759 2638
3 2638 2759 2760
3 2638 2760 2639
3 2639 2760 2761
3 2639 2761 2640
3 2640 2761 2762
3 2640 2762 2641
3 2641 2762 2763
3 2641 2763 2642
3 2642 2763 2764
3 2642 2764 2643
3 2643 2764 2765
3 2643 2765 2644
3 2644 2765 2766
3 2644 2766 2645
3 2645 2766 2767
3 2645 2767 2646
3 2646 2767 2768
3 2646 2768 2647
3 2647 2768 2769
3 2647 2769 2648
3 2648 2769 2770
3 2648 2770 2649
3 2649 2770 2771
3 2649 2771 2650
3 2650 2771 2772
3 2650 2772 2651
3 2651 2772 2773
3 2651 2773 2652
3 2652 2773 2774
3 2652 2774 2653
3 2653 2774 2775
3 2653 2775 2654
3 2654 2775 2776
3 2654 2776 2655
3 2655 2776 2777
3 2655 2777 2656
3 2656 2777 2778
3 2656 2778 2657
3 2657 2778 2779
3 2657 2779 2658
3 2658 2779 2780
3 2658 2780 2659
3 2659 2780 2781
3 2659 2781 2660
3 2660 2781 2782
3 2660 2782 2661
3 2662 2783 2784
3 2662 2784 2663
3 2663 2784 2785
3 2663 2785 2664
3 2664 2785 2786
3 2664 2786 2665
3 2665 2786 2787
3 2665 2787 2666
3 2666 2787 2788
3 2666 2788 2667
3 2667 2788 2789
3 2667 2789 2668
3 2668 2789 2790
3 2668 2790 2669
3 2669 2790 2791
3 2669 2791 2670
3 2670 2791 2792
3 2670 2792 2671
3 2671 2792 2793
3 2671 2793 2672
3 2672 2793 2794
3 2672 2794 2673
3 2673 2794 2795
3 2673 2795 2674
3 2674 2795 2796
3 2674 2796 2675
3 2675 2796 2797
3 2675 2797 2676
3 2676 2797 2798
3 2676 2798 2677
3 2677 2798 2799
3 2677 2799 2678
3 2678 2799 2800
3 2678 2800 2679
3 2679 2800 2801
3 2679 2801 2680
3 2680 2801 2802
3 2680 2802 2681
3 2681 2802 2803
3 2681 2803 2682
3 2682 2803 2804
3 2682 2804 2683
3 2683 2804 2805
3 2683 2805 2684
3 2684 2805 2806
3 2684 2806 2685
3 2685 2806 2807
3 2685 2807 2686
3 2686 2807 2808
3 2686 2808 2687
3 2687 2808 2809
3 2687 2809 2688
3 2688 2809 2810
3 2688 2810 2689
3 2689 2810 2811
3 2689 2811 2690
3 2690 2811 2812
3 2690 2812 2691
3 2691 2812 2813
3 2691 2813 2692
3 2692 2813 2814
3 2692 2814 2693
3 2693 2814 2815
3 2693 2815 2694
3 2694 2815 2816
3 2694 2816 2695
3 2695 2816 2817
3 2695 2817 2696
3 2696 2817 2818
3 2696 2818 2697
3 2697 2818 2819
3 2697 2819 2698
3 2698 2819 2820
3 2698 2820 2699
3 2699 2820 2821
3 2699 2821 2700
3 2700 2821 2822
3 2700 2822 2701
3 2701 2822 2823
3 2701 2823 2702
3 2702 2823 2824
3 2702 2824 2703
3 2703 2824 2825
3 2703 2825 2704
3 2704 2825 2826
3 2704 2826 2705
3 2705 2826 2827
3 2705 2827 2706
3 2706 2827 2828
3 2706 2828 2707
3 2707 2828 2829
3 2707 2829 2708
3 2708 2829 2830
3 2708 2830 2709
3 2709 2830 2831
3 2709 2831 2710
3 2710 2831 2832
3 2710 2832 2711
3 2711 2832 2833
3 2711 2833 2712
3 2712 2833 2834
3 2712 2834 2713
3 2713 2834 2835
3 2713 2835 2714
3 2714 2835 2836
3 2714 2836 2715
3 2715 2836 2837
3 2715 2837 2716
3 2716 2837 2838
3 2716 2838 2717
3 2717 2838 2839
3 2717 2839 2718
3 2718 2839 2840
3 2718 2840 2719
3 2719 2840 2841
3 2719 2841 2720
3 2720 2841 2842
3 2720 2842 2721
3 2721 2842 2843
3 2721 2843 2722
3 2722 2843 2844
3 2722 2844 2723
3 2723 2844 2845
3 2723 2845 2724
3 2724 2845 2846
3 2724 2846 2725
3 2725 2846 2847
3 2725 2847 2726
3 2726 2847 2848
3 2726 2848 2727
3 2727 2848 2849
3 2727 2849 2728
3 2728 2849 2850
3 2728 2850 2729
3 2729 2850 2851
3 2729 2851 2730
3 2730 2851 2852
3 2730 2852 2731
3 2731 2852 2853
3 2731 2853 2732
3 2732 2853 2854
3 2732 2854 2733
3 2733 2854 2855
3 2733 2855 2734
3 2734 2855 2856
3 2734 2856 2735
3 2735 2856 2857
3 2735 2857 2736
3 2736 2857 2858
3 2736 2858 2737
3 2737 2858 2859
3 2737 2859 2738
3 2738 2859 2860
3 2738 2860 2739
3 2739 2860 2861
3 2739 2861 2740
3 2740 2861 2862
3 2740 2862 2741
3 2741 2862 2863
3 2741 2863 2742
3 2742 2863 2864
3 2742 2864 2743
3 2743 2864 2865
3 2743 2865 2744
3 2744 2865 2866
3 2744 2866 2745
3 2745 2866 2867
3 2745 2867 2746
3 2746 2867 2868
3 2746 2868 2747
3 2747 2868 2869
3 2747 2869 2748
3 2748 2869 2870
3 2748 2870 2749
3 2749 2870 2871
3 2749 2871 2750
3 2750 2871 2872
3 2750 2872 2751
3 2751 2872 2873
3 2751 2873 2752
3 2752 2873 2874
3 2752 2874 2753
3 2753 2874 2875
3 2753 2875 2754
3 2754 2875 2876
3 2754 2876 2755
3 2755 2876 2877
3 2755 2877 2756
3 2756 2877 2878
3 2756 2878 2757
3 2757 2878 2879
3 2757 2879 2758
3 2758 2879 2880
3 2758 2880 2759
3 2759 2880 2881
3 2759 2881 2760
3 2760 2881 2882
3 2760 2882 2761
3 2761 2882 2883
3 2761 2883 2762
3 2762 2883 2884
3 2762 2884 2763
3 2763 2884 2885
3 2763 2885 2764
3 2764 2885 2886
3 2764 2886 2765
3 2765 2886 2887
3 2765 2887 2766
3 2766 2887 2888
3 2766 2888 2767
3 2767 2888 2889
3 2767 2889 2768
3 2768 2889 2890
3 2768 2890 2769
3 2769 2890 2891
3 2769 2891 2770
3 2770 2891 2892
3 2770 2892 2771
3 2771 2892 2893
3 2771 2893 2772
3 2772 2893 2894
3 2772 2894 2773
3 2773 2894 2895
3 2773 2895 2774
3 2774 2895 2896
3 2774 2896 2775
3 2775 2896 2897
3 2775 2897 2776
3 2776 2897 2898
3 2776 2898 2777
3 2777 2898 2899
3 2777 2899 2778
3 2778 2899 2900
3 2778 2900 2779
3 2779 2900 2901
3 2779 2901 2780
3 2780 2901 2902
3 2780 2902 2781
3 2781 2902 2903
3 2781 2903 2782
3 2783 2904 2905
3 2783 2905 2784
3 2784 2905 2906
3 2784 2906 2785
3 2785 2906 2907
3 2785 2907 2786
3 2786 2907 2908
3 2786 2908 2787
3 2787 2908 2909
3 2787 2909 2788
3 2788 2909 2910
3 2788 2910 2789
3 2789 2910 2911
3 2789 2911 2790
3 2790 2911 2912
3 2790 2912 2791
3 2791 2912 2913
3 2791 2913 2792
3 2792 2913 2914
3 2792 2914 2793
3 2793 2914 2915
3 2793 2915 2794
3 2794 2915 2916
3 2794 2916 2795
3 2795 2916 2917
3 2795 2917 2796
3 2796 2917 2918
3 2796 2918 2797
3 2797 2918 2919
3 2797 2919 2798
3 2798 2919 2920
3 2798 2920 2799
3 2799 2920 2921
3 2799 2921 2800
3 2800 2921 2922
3 2800 2922 2801
3 2801 2922 2923
3 2801 2923 2802
3 2802 2923 2924
3 2802 2924 2803
3 2803 2924 2925
3 2803 2925 2804
3 2804 2925 2926
3 2804 2926 2805
3 2805 2926 2927
3 2805 2927 2806
3 2806 2927 2928
3 2806 2928 2807
3 2807 2928 2929
3 2807 2929 2808
3 2808 2929 2930
3 2808 2930 2809
3 2809 2930 2931
3 2809 2931 2810
3 2810 2931 2932
3 2810 2932 2811
3 2811 2932 2933
3 2811 2933 2812
3 2812 2933 2934
3 2812 2934 2813
3 2813 2934 2935
3 2813 2935 2814
3 2814 2935 2936
3 2814 2936 2815
3 2815 2936 2937
3 2815 2937 2816
3 2816 2937 2938
3 2816 2938 2817
3 2817 2938 2939
3 2817 2939 2818
3 2818 2939 2940
3 2818 2940 2819
3 2819 2940 2941
3 2819 2941 2820
3 2820 2941 2942
3 2820 2942 2821
3 2821 2942 2943
3 2821 2943 2822
3 2822 2943 2944
3 2822 2944 2823
3 2823 2944 2945
3 2823 2945 2824
3 2824 2945 2946
3 2824 2946 2825
3 2825 2946 2947
3 2825 2947 2826
3 2826 2947 2948
3 2826 2948 2827
3 2827 2948 2949
3 2827 2949 2828
3 2828 2949 2950
3 2828 2950 2829
3 2829 2950 2951
3 2829 2951 2830
3 2830 2951 2952
3 2830 2952 2831
3 2831 2952 2953
3 2831 2953 2832
3 2832 2953 2954
3 2832 2954 2833
3 2833 2954 2955
3 2833 2955 2834
3 2834 2955 2956
3 2834 2956 2835
3 2835 2956 2957
3 2835 2957 2836
3 2836 2957 2958
3 2836 2958 2837
3 2837 2958 2959
3 2837 2959 2838
3 2838 2959 2960
3 2838 2960 2839
3 2839 2960 2961
3 2839 2961 2840
3 2840 2961 2962
3 2840 2962 2841
3 2841 2962 2963
3 2841 2963 2842
3 2842 2963 2964
3 2842 2964 2843
3 2843 2964 2965
3 2843 2965 2844
3 2844 2965 2966
3 2844 2966 2845
3 2845 2966 2967
3 2845 2967 2846
3 2846 2967 2968
3 2846 2968 2847
3 2847 2968 2969
3 2847 2969 2848
3 2848 2969 2970
3 2848 2970 2849
3 2849 2970 2971
3 2849 2971 2850
3 2850 2971 2972
3 2850 2972 2851
3 2851 2972 2973
3 2851 2973 2852
3 2852 2973 2974
3 2852 2974 2853
3 2853 2974 2975
3 2853 2975 2854
3 2854 2975 2976
3 2854 2976 2855
3 2855 2976 2977
3 2855 2977 2856
3 2856 2977 2978
3 2856 2978 2857
3 2857 2978 2979
3 2857 2979 2858
3 2858 2979 2980
3 2858 2980 2859
3 2859 2980 2981
3 2859 2981 2860
3 2860 2981 2982
3 2860 2982 2861
3 2861 2982 2983
3 2861 2983 2862
3 2862 2983 2984
3 2862 2984 2863
3 2863 2984 2985
3 2863 2985 2864
3 2864 2985 2986
3 2864 2986 2865
3 2865 2986 2987
3 2865 2987 2866
3 2866 2987 2988
3 2866 2988 2867
3 2867 2988 2989
3 2867 2989 2868
3 2868 2989 2990
3 2868 2990 2869
3 2869 2990 2991
3 2869 2991 2870
3 2870 2991 2992
3 2870 2992 2871
3 2871 2992 2993
3 2871 2993 2872
3 2872 2993 2994
3 2872 2994 2873
3 2873 2994 2995
3 2873 2995 2874
3 2874 2995 2996
3 2874 2996 2875
3 2875 2996 2997
3 2875 2997 2876
3 2876 2997 2998
3 2876 2998 2877
3 2877 2998 2999
3 2877 2999 2878
3 2878 2999 3000
3 2878 3000 2879
3 2879 3000 3001
3 2879 3001 2880
3 2880 3001 3002
3 2880 3002 2881
3 2881 3002 3003
3 2881 3003 2882
3 2882 3003 3004
3 2882 3004 2883
3 2883 3004 3005
3 2883 3005 2884
3 2884 3005 3006
3 2884 3006 2885
3 2885 3006 3007
3 2885 3007 2886
3 2886 3007 3008
3 2886 3008 2887
3 2887 3008 3009
3 2887 3009 2888
3 2888 3009 3010
3 2888 3010 2889
3 2889 3010 3011
3 2889 3011 2890
3 2890 3011 3012
3 2890 3012 2891
3 2891 3012 3013
3 2891 3013 2892
3 2892 3013 3014
3 2892 3014 2893
3 2893 3014 3015
3 2893 3015 2894
3 2894 3015 3016
3 2894 3016 2895
3 2895 3016 3017
3 2895 3017 2896
3 2896 3017 3018
3 2896 3018 2897
3 2897 3018 3019
3 2897 3019 2898
3 2898 3019 3020
3 2898 3020 2899
3 2899 3020 3021
3 2899 3021 2900
3 2900 3021 3022
3 2900 3022 2901
3 2901 3022 3023
3 2901 3023 2902
3 2902 3023 3024
3 2902 3024 2903
3 2904 3025 3026
3 2904 3026 2905
3 2905 3026 3027
3 2905 3027 2906
3 2906 3027 3028
3 2906 3028 2907
3 2907 3028 3029
3 2907 3029 2908
3 2908 3029 3030
3 2908 3030 2909
3 2909 3030 3031
3 2909 3031 2910
3 2910 3031 3032
3 2910 3032 2911
3 2911 3032 3033
3 2911 3033 2912
3 2912 3033 3034
3 2912 3034 2913
3 2913 3034 3035
3 2913 3035 2914
3 2914 3035 3036
3 2914 3036 2915
3 2915 3036 3037
3 2915 3037 2916
3 2916 3037 3038
3 2916 3038 2917
3 2917 3038 3039
3 2917 3039 2918
3 2918 3039 3040
3 2918 3040 2919
3 2919 3040 3041
3 2919 3041 2920
3 2920 3041 3042
3 2920 3042 2921
3 2921 3042 3043
3 2921 3043 2922
3 2922 3043 3044
3 2922 3044 2923
3 2923 3044 3045
3 2923 3045 2924
3 2924 3045 3046
3 2924 3046 2925
3 2925 3046 3047
3 2925 3047 2926
3 2926 3047 3048
3 2926 3048 2927
3 2927 3048 3049
3 2927 3049 2928
3 2928 3049 3050
3 2928 3050 2929
3 2929 3050 3051
3 2929 3051 2930
3 2930 3051 3052
3 2930 3052 2931
3 2931 3052 3053
3 2931 3053 2932
3 2932 3053 3054
3 2932 3054 2933
3 2933 3054 3055
3 2933 3055 2934
3 2934 3055 3056
3 2934 3056 2935
3 2935 3056 3057
3 2935 3057 2936
3 2936 3057 3058
3 2936 3058 2937
3 2937 3058 3059
3 2937 3059 2938
3 2938 3059 3060
3 2938 3060 2939
3 2939 3060 3061
3 2939 3061 2940
3 2940 3061 3062
3 2940 3062 2941
3 2941 3062 3063
3 2941 3063 2942
3 2942 3063 3064
3 2942 3064 2943
3 2943 3064 3065
3 2943 3065 2944
3 2944 3065 3066
3 2944 3066 2945
3 2945 3066 3067
3 2945 3067 2946
3 2946 3067 3068
3 2946 3068 2947
3 2947 3068 3069
3 2947 3069 2948
3 2948 3069 3070
3 2948 3070 2949
3 2949 3070 3071
3 2949 3071 2950
3 2950 3071 3072
3 2950 3072 2951
3 2951 3072 3073
3 2951 3073 2952
3 2952 3073 3074
3 2952 3074 2953
3 2953 3074 3075
3 2953 3075 2954
3 2954 3075 3076
3 2954 3076 2955
3 2955 3076 3077
3 2955 3077 2956
3 2956 3077 3078
3 2956 3078 2957
3 2957 3078 3079
3 2957 3079 2958
3 2958 3079 3080
3 2958 3080 2959
3 2959 3080 3081
3 2959 3081 2960
3 2960 3081 3082
3 2960 3082 2961
3 2961 3082 3083
3 2961 3083 2962
3 2962 3083 3084
3 2962 3084 2963
3 2963 3084 3085
3 2963 3085 2964
3 2964 3085 3086
3 2964 3086 2965
3 2965 3086 3087
3 2965 3087 2966
3 2966 3087 3088
3 2966 3088 2967
3 2967 3088 3089
3 2967 3089 2968
3 2968 3089 3090
3 2968 3090 2969
3 2969 3090 3091
3 2969 3091 2970
3 2970 3091 3092
3 2970 3092 2971
3 2971 3092 3093
3 2971 3093 2972
3 2972 3093 3094
3 2972 3094 2973
3 2973 3094 3095
3 2973 3095 2974
3 2974 3095 3096
3 2974 3096 2975
3 2975 3096 3097
3 2975 3097 2976
3 2976 3097 3098
3 2976 3098 2977
3 2977 3098 3099
3 2977 3099 2978
3 2978 3099 3100
3 2978 3100 2979
3 2979 3100 3101
3 2979 3101 2980
3 2980 3101 3102
3 2980 3102 2981
3 2981 3102 3103
3 2981 3103 2982
3 2982 3103 3104
3 2982 3104 2983
3 2983 3104 3105
3 2983 3105 2984
3 2984 3105 3106
3 2984 3106 2985
3 2985 3106 3107
3 2985 3107 2986
3 2986 3107 3108
3 2986 3108 2987
3 2987 3108 3109
3 2987 3109 2988
3 2988 3109 3110
3 2988 3110 2989
3 2989 3110 3111
3 2989 3111 2990
3 2990 3111 3112
3 2990 3112 2991
3 2991 3112 3113
3 2991 3113 2992
3 2992 3113 3114
3 2992 3114 2993
3 2993 3114 3115
3 2993 3115 2994
3 2994 3115 3116
3 2994 3116 2995
3 2995 3116 3117
3 2995 3117 2996
3 2996 3117 3118
3 2996 3118 2997
3 2997 3118 3119
3 2997 3119 2998
3 2998 3119 3120
3 2998 3120 2999
3 2999 3120 3121
3 2999 3121 3000
3 3000 3121 3122
3 3000 3122 3001
3 3001 3122 3123
3 3001 3123 3002
3 3002 3123 3124
3 3002 3124 3003
3 3003 3124 3125
3 3003 3125 3004
3 3004 3125 3126
3 3004 3126 3005
3 3005 3126 3127
3 3005 3127 3006
3 3006 3127 3128
3 3006 3128 3007
3 3007 3128 3129
3 3007 3129 3008
3 3008 3129 3130
3 3008 3130 3009
3 3009 3130 3131
3 3009 3131 3010
3 3010 3131 3132
3 3010 3132 3011
3 3011 3132 3133
3 3011 3133 3012
3 3012 3133 3134
3 3012 3134 3013
3 3013 3134 3135
3 3013 3135 3014
3 3014 3135 3136
3 3014 3136 3015
3 3015 3136 3137
3 3015 3137 3016
3 3016 3137 3138
3 3016 3138 3017
3 3017 3138 3139
3 3017 3139 3018
3 3018 3139 3140
3 3018 3140 3019
3 3019 3140 3141
3 3019 3141 3020
3 3020 3141 3142
3 3020 3142 3021
3 3021 3142 3143
3 3021 3143 3022
3 3022 3143 3144
3 3022 3144 3023
3 3023 3144 3145
3 3023 3145 3024
3 3025 3146 3147
3 3025 3147 3026
3 3026 3147 3148
3 3026 3148 3027
3 3027 3148 3149
3 3027 3149 3028
3 3028 3149 3150
3 3028 3150 3029
3 3029 3150 3151
3 3029 3151 3030
3 3030 3151 3152
3 3030 3152 3031
3 3031 3152 3153
3 3031 3153 3032
3 3032 3153 3154
3 3032 3154 3033
3 3033 3154 3155
3 3033 3155 3034
3 3034 3155 3156
3 3034 3156 3035
3 3035 3156 3157
3 3035 3157 3036
3 3036 3157 3158
3 3036 3158 3037
3 3037 3158 3159
3 3037 3159 3038
3 3038 3159 3160
3 3038 3160 3039
3 3039 3160 3161
3 3039 3161 3040
3 3040 3161 3162
3 3040 3162 3041
3 3041 3162 3163
3 3041 3163 3042
3 3042 3163 3164
3 3042 3164 3043
3 3043 3164 3165
3 3043 3165 3044
3 3044 3165 3166
3 3044 3166 3045
3 3045 3166 3167
3 3045 3167 3046
3 3046 3167 3168
3 3046 3168 3047
3 3047 3168 3169
3 3047 3169 3048
3 3048 3169 3170
3 3048 3170 3049
3 3049 3170 3171
3 3049 3171 3050
3 3050 3171 3172
3 3050 3172 3051
3 3051 3172 3173
3 3051 3173 3052
3 3052 3173 3174
3 3052 3174 3053
3 3053 3174 3175
3 3053 3175 3054
3 3054 3175 3176
3 3054 3176 3055
3 3055 3176 3177
3 3055 3177 3056
3 3056 3177 3178
3 3056 3178 3057
3 3057 3178 3179
3 3057 3179 3058
3 3058 3179 3180
3 3058 3180 3059
3 3059 3180 3181
3 3059 3181 3060
3 3060 3181 3182
3 3060 3182 3061
3 3061 3182 3183
3 3061 3183 3062
3 3062 3183 3184
3 3062 3184 3063
3 3063 3184 3185
3 3063 3185 3064
3 3064 3185 3186
3 3064 3186 3065
3 3065 3186 3187
3 3065 3187 3066
3 3066 3187 3188
3 3066 3188 3067
3 3067 3188 3189
3 3067 3189 3068
3 3068 3189 3190
3 3068 3190 3069
3 3069 3190 3191
3 3069 3191 3070
3 3070 3191 3192
3 3070 3192 3071
3 3071 3192 3193
3 3071 3193 3072
3 3072 3193 3194
3 3072 3194 3073
3 3073 3194 3195
3 3073 3195 3074
3 3074 3195 3196
3 3074 3196 3075
3 3075 3196 3197
3 3075 3197 3076
3 3076 3197 3198
3 3076 3198 3077
3 3077 3198 3199
3 3077 3199 3078
3 3078 3199 3200
3 3078 3200 3079
3 3079 3200 3201
3 3079 3201 3080
3 3080 3201 3202
3 3080 3202 3081
3 3081 3202 3203
3 3081 3203 3082
3 3082 3203 3204
3 3082 3204 3083
3 3083 3204 3205
3 3083 3205 3084
3 3084 3205 3206
3 3084 3206 3085
3 3085 3206 3207
3 3085 3207 3086
3 3086 3207 3208
3 3086 3208 3087
3 3087 3208 3209
3 3087 3209 3088
3 3088 3209 3210
3 3088 3210 3089
3 3089 3210 3211
3 3089 3211 3090
3 3090 3211 3212
3 3090 3212 3091
3 3091 3212 3213
3 3091 3213 3092
3 3092 3213 3214
3 3092 3214 3093
3 3093 3214 3215
3 3093 3215 3094
3 3094 3215 3216
3 3094 3216 3095
3 3095 3216 3217
3 3095 3217 3096
3 3096 3217 3218
3 3096 3218 3097
3 3097 3218 3219
3 3097 3219 3098
3 3098 3219 3220
3 3098 3220 3099
3 3099 3220 3221
3 3099 3221 3100
3 3100 3221 3222
3 3100 3222 3101
3 3101 3222 3223
3 3101 3223 3102
3 3102 3223 3224
3 3102 3224 3103
3 3103 3224 3225
3 3103 3225 3104
3 3104 3225 3226
3 3104 3226 3105
3 3105 3226 3227
3 3105 3227 3106
3 3106 3227 3228
3 3106 3228 3107
3 3107 3228 3229
3 3107 3229 3108
3 3108 3229 3230
3 3108 3230 3109
3 3109 3230 3231
3 3109 3231 3110
3 3110 3231 3232
3 3110 3232 3111
3 3111 3232 3233
3 3111 3233 3112
3 3112 3233 3234
3 3112 3234 3113
3 3113 3234 3235
3 3113 3235 3114
3 3114 3235 3236
3 3114 3236 3115
3 3115 3236 3237
3 3115 3237 3116
3 3116 3237 3238
3 3116 3238 3117
3 3117 3238 3239
3 3117 3239 3118
3 3118 3239 3240
3 3118 3240 3119
3 3119 3240 3241
3 3119 3241 3120
3 3120 3241 3242
3 3120 3242 3121
3 3121 3242 3243
3 3121 3243 3122
3 3122 3243 3244
3 3122 3244 3123
3 3123 3244 3245
3 3123 3245 3124
3 3124 3245 3246
3 3124 3246 3125
3 3125 3246 3247
3 3125 3247 3126
3 3126 3247 3248
3 3126 3248 3127
3 3127 3248 3249
3 3127 3249 3128
3 3128 3249 3250
3 3128 3250 3129
3 3129 3250 3251
3 3129 3251 3130
3 3130 3251 3252
3 3130 3252 3131
3 3131 3252 3253
3 3131 3253 3132
3 3132 3253 3254
3 3132 3254 3133
3 3133 3254 3255
3 3133 3255 3134
3 3134 3255 3256
3 3134 3256 3135
3 3135 3256 3257
3 3135 3257 3136
3 3136 3257 3258
3 3136 3258 3137
3 3137 3258 3259
3 3137 3259 3138
3 3138 3259 3260
3 3138 3260 3139
3 3139 3260 3261
3 3139 3261 3140
3 3140 3261 3262
3 3140 3262 3141
3 3141 3262 3263
3 3141 3263 3142
3 3142 3263 3264
3 3142 3264 3143
3 3143 3264 3265
3 3143 3265 3144
3 3144 3265 3266
3 3144 3266 3145
3 3146 3267 3268
3 3146 3268 3147
3 3147 3268 3269
3 3147 3269 3148
3 3148 3269 3270
3 3148 3270 3149
3 3149 3270 3271
3 3149 3271 3150
3 3150 3271 3272
3 3150 3272 3151
3 3151 3272 3273
3 3151 3273 3152
3 3152 3273 3274
3 3152 3274 3153
3 3153 3274 3275
3 3153 3275 3154
3 3154 3275 3276
3 3154 3276 3155
3 3155 3276 3277
3 3155 3277 3156
3 3156 3277 3278
3 3156 3278 3157
3 3157 3278 3279
3 3157 3279 3158
3 3158 3279 3280
3 3158 3280 3159
3 3159 3280 3281
3 3159 3281 3160
3 3160 3281 3282
3 3160 3282 3161
3 3161 3282 3283
3 3161 3283 3162
3 3162 3283 3284
3 3162 3284 3163
3 3163 3284 3285
3 3163 3285 3164
3 3164 3285 3286
3 3164 3286 3165
3 3165 3286 3287
3 3165 3287 3166
3 3166 3287 3288
3 3166 3288 3167
3 3167 3288 3289
3 3167 3289 3168
3 3168 3289 3290
3 3168 3290 3169
3 3169 3290 3291
3 3169 3291 3170
3 3170 3291 3292
3 3170 3292 3171
3 3171 3292 3293
3 3171 3293 3172
3 3172 3293 3294
3 3172 3294 3173
3 3173 3294 3295
3 3173 3295 3174
3 3174 3295 3296
3 3174 3296 3175
3 3175 3296 3297
3 3175 3297 3176
3 3176 3297 3298
3 3176 3298 3177
3 3177 3298 3299
3 3177 3299 3178
3 3178 3299 3300
3 3178 3300 3179
3 3179 3300 3301
3 3179 3301 3180
3 3180 3301 3302
3 3180 3302 3181
3 3181 3302 3303
3 3181 3303 3182
3 3182 3303 3304
3 3182 3304 3183
3 3183 3304 3305
3 3183 3305 3184
3 3184 3305 3306
3 3184 3306 3185
3 3185 3306 3307
3 3185 3307 3186
3 3186 3307 3308
3 3186 3308 3187
3 3187 3308 3309
3 3187 3309 3188
3 3188 3309 3310
3 3188 3310 3189
3 3189 3310 3311
3 3189 3311 3190
3 3190 3311 3312
3 3190 3312 3191
3 3191 3312 3313
3 3191 3313 3192
3 3192 3313 3314
3 3192 3314 3193
3 3193 3314 3315
3 3193 3315 3194
3 3194 3315 3316
3 3194 3316 3195
3 3195 3316 3317
3 3195 3317 3196
3 3196 3317 3318
3 3196 3318 3197
3 3197 3318 3319
3 3197 3319 3198
3 3198 3319 3320
3 3198 3320 3199
3 3199 3320 3321
3 3199 3321 3200
3 3200 3321 3322
3 3200 3322 3201
3 3201 3322 3323
3 3201 3323 3202
3 3202 3323 3324
3 3202 3324 3203
3 3203 3324 3325
3 3203 3325 3204
3 3204 3325 3326
3 3204 3326 3205
3 3205 3326 3327
3 3205 3327 3206
3 3206 3327 3328
3 3206 3328 3207
3 3207 3328 3329
3 3207 3329 3208
3 3208 3329 3330
3 3208 3330 3209
3 3209 3330 3331
3 3209 3331 3210
3 3210 3331 3332
3 3210 3332 3211
3 3211 3332 3333
3 3211 3333 3212
3 3212 3333 3334
3 3212 3334 3213
3 3213 3334 3335
3 3213 3335 3214
3 3214 3335 3336
3 3214 3336 3215
3 3215 3336 3337
3 3215 3337 3216
3 3216 3337 3338
3 3216 3338 3217
3 3217 3338 3339
3 3217 3339 3218
3 3218 3339 3340
3 3218 3340 3219
3 3219 3340 3341
3 3219 3341 3220
3 3220 3341 3342
3 3220 3342 3221
3 3221 3342 3343
3 3221 3343 3222
3 3222 3343 3344
3 3222 3344 3223
3 3223 3344 3345
3 3223 3345 3224
3 3224 3345 3346
3 3224 3346 3225
3 3225 3346 3347
3 3225 3347 3226
3 3226 3347 3348
3 3226 3348 3227
3 3227 3348 3349
3 3227 3349 3228
3 3228 3349 3350
3 3228 3350 3229
3 3229 3350 3351
3 3229 3351 3230
3 3230 3351 3352
3 3230 3352 3231
3 3231 3352 3353
3 3231 3353 3232
3 3232 3353 3354
3 3232 3354 3233
3 3233 3354 3355
3 3233 3355 3234
3 3234 3355 3356
3 3234 3356 3235
3 3235 3356 3357
3 3235 3357 3236
3 3236 3357 3358
3 3236 3358 3237
3 3237 3358 3359
3 3237 3359 3238
3 3238 3359 3360
3 3238 3360 3239
3 3239 3360 3361
3 3239 3361 3240
3 3240 3361 3362
3 3240 3362 3241
3 3241 3362 3363
3 3241 3363 3242
3 3242 3363 3364
3 3242 3364 3243
3 3243 3364 3365
3 3243 3365 3244
3 3244 3365 3366
3 3244 3366 3245
3 3245 3366 3367
3 3245 3367 3246
3 3246 3367 3368
3 3246 3368 3247
3 3247 3368 3369
3 3247 3369 3248
3 3248 3369 3370
3 3248 3370 3249
3 3249 3370 3371
3 3249 3371 3250
3 3250 3371 3372
3 3250 3372 3251
3 3251 3372 3373
3 3251 3373 3252
3 3252 3373 3374
3 3252 3374 3253
3 3253 3374 3375
3 3253 3375 3254
3 3254 3375 3376
3 3254 3376 3255
3 3255 3376 3377
3 3255 3377 3256
3 3256 3377 3378
3 3256 3378 3257
3 3257 3378 3379
3 3257 3379 3258
3 3258 3379 3380
3 3258 3380 3259
3 3259 3380 3381
3 3259 3381 3260
3 3260 3381 3382
3 3260 3382 3261
3 3261 3382 3383
3 3261 3383 3262
3 3262 3383 3384
3 3262 3384 3263
3 3263 3384 3385
3 3263 3385 3264
3 3264 3385 3386
3 3264 3386 3265
3 3265 3386 3387
3 3265 3387 3266
3 3267 3388 3389
3 3267 3389 3268
3 3268 3389 3390
3 3268 3390 3269
3 3269 3390 3391
3 3269 3391 3270
3 3270 3391 3392
3 3270 3392 3271
3 3271 3392 3393
3 3271 3393 3272
3 3272 3393 3394
3 3272 3394 3273
3 3273 3394 3395
3 3273 3395 3274
3 3274 3395 3396
3 3274 3396 3275
3 3275 3396 3397
3 3275 3397 3276
3 3276 3397 3398
3 3276 3398 3277
3 3277 3398 3399
3 3277 3399 3278
3 3278 3399 3400
3 3278 3400 3279
3 3279 3400 3401
3 3279 3401 3280
3 3280 3401 3402
3 3280 3402 3281
3 3281 3402 3403
3 3281 3403 3282
3 3282 3403 3404
3 3282 3404 3283
3 3283 3404 3405
3 3283 3405 3284
3 3284 3405 3406
3 3284 3406 3285
3 3285 3406 3407
3 3285 3407 3286
3 3286 3407 3408
3 3286 3408 3287
3 3287 3408 3409
3 3287 3409 3288
3 3288 3409 3410
3 3288 3410 3289
3 3289 3410 3411
3 3289 3411 3290
3 3290 3411 3412
3 3290 3412 3291
3 3291 3412 3413
3 3291 3413 3292
3 3292 3413 3414
3 3292 3414 3293
3 3293 3414 3415
3 3293 3415 3294
3 3294 3415 3416
3 3294 3416 3295
3 3295 3416 3417
3 3295 3417 3296
3 3296 3417 3418
3 3296 3418 3297
3 3297 3418 3419
3 3297 3419 3298
3 3298 3419 3420
3 3298 3420 3299
3 3299 3420 3421
3 3299 3421 3300
3 3300 3421 3422
3 3300 3422 3301
3 3301 3422 3423
3 3301 3423 3302
3 3302 3423 3424
3 3302 3424 3303
3 3303 3424 3425
3 3303 3425 3304
3 3304 3425 3426
3 3304 3426 3305
3 3305 3426 3427
3 3305 3427 3306
3 3306 3427 3428
3 3306 3428 3307
3 3307 3428 3429
3 3307 3429 3308
3 3308 3429 3430
3 3308 3430 3309
3 3309 3430 3431
3 3309 3431 3310
3 3310 3431 3432
3 3310 3432 3311
3 3311 3432 3433
3 3311 3433 3312
3 3312 3433 3434
3 3312 3434 3313
3 3313 3434 3435
3 3313 3435 3314
3 3314 3435 3436
3 3314 3436 3315
3 3315 3436 3437
3 3315 3437 3316
3 3316 3437 3438
3 3316 3438 3317
3 3317 3438 3439
3 3317 3439 3318
3 3318 3439 3440
3 3318 3440 3319
3 3319 3440 3441
3 3319 3441 3320
3 3320 3441 3442
3 3320 3442 3321
3 3321 3442 3443
3 3321 3443 3322
3 3322 3443 3444
3 3322 3444 3323
3 3323 3444 3445
3 3323 3445 3324
3 3324 3445 3446
3 3324 3446 3325
3 3325 3446 3447
3 3325 3447 3326
3 3326 3447 3448
3 3326 3448 3327
3 3327 3448 3449
3 3327 3449 3328
3 3328 3449 3450
3 3328 3450 3329
3 3329 3450 3451
3 3329 3451 3330
3 3330 3451 3452
3 3330 3452 3331
3 3331 3452 3453
3 3331 3453 3332
3 3332 3453 3454
3 3332 3454 3333
3 3333 3454 3455
3 3333 3455 3334
3 3334 3455 3456
3 3334 3456 3335
3 3335 3456 3457
3 3335 3457 3336
3 3336 3457 3458
3 3336 3458 3337
3 3337 3458 3459
3 3337 3459 3338
3 3338 3459 3460
3 3338 3460 3339
3 3339 3460 3461
3 3339 3461 3340
3 3340 3461 3462
3 3340 3462 3341
3 3341 3462 3463
3 3341 3463 3342
3 3342 3463 3464
3 3342 3464 3343
3 3343 3464 3465
3 3343 3465 3344
3 3344 3465 3466
3 3344 3466 3345
3 3345 3466 3467
3 3345 3467 3346
3 3346 3467 3468
3 3346 3468 3347
3 3347 3468 3469
3 3347 3469 3348
3 3348 3469 3470
3 3348 3470 3349
3 3349 3470 3471
3 3349 3471 3350
3 3350 3471 3472
3 3350 3472 3351
3 3351 3472 3473
3 3351 3473 3352
3 3352 3473 3474
3 3352 3474 3353
3 3353 3474 3475
3 3353 3475 3354
3 3354 3475 3476
3 3354 3476 3355
3 3355 3476 3477
3 3355 3477 3356
3 3356 3477 3478
3 3356 3478 3357
3 3357 3478 3479
3 3357 3479 3358
3 3358 3479 3480
3 3358 3480 3359
3 3359 3480 3481
3 3359 3481 3360
3 3360 3481 3482
3 3360 3482 3361
3 3361 3482 3483
3 3361 3483 3362
3 3362 3483 3484
3 3362 3484 3363
3 3363 3484 3485
3 3363 3485 3364
3 3364 3485 3486
3 3364 3486 3365
3 3365 3486 3487
3 3365 3487 3366
3 3366 3487 3488
3 3366 3488 3367
3 3367 3488 3489
3 3367 3489 3368
3 3368 3489 3490
3 3368 3490 3369
3 3369 3490 3491
3 3369 3491 3370
3 3370 3491 3492
3 3370 3492 3371
3 3371 3492 3493
3 3371 3493 3372
3 3372 3493 3494
3 3372 3494 3373
3 3373 3494 3495
3 3373 3495 3374
3 3374 3495 3496
3 3374 3496 3375
3 3375 3496 3497
3 3375 3497 3376
3 3376 3497 3498
3 3376 3498 3377
3 3377 3498 3499
3 3377 3499 3378
3 3378 3499 3500
3 3378 3500 3379
3 3379 3500 3501
3 3379 3501 3380
3 3380 3501 3502
3 3380 3502 3381
3 3381 3502 3503
3 3381 3503 3382
3 3382 3503 3504
3 3382 3504 3383
3 3383 3504 3505
3 3383 3505 3384
3 3384 3505 3506
3 3384 3506 3385
3 3385 3506 3507
3 3385 3507 3386
3 3386 3507 3508
3 3386 3508 3387
3 3388 3509 3510
3 3388 3510 3389
3 3389 3510 3511
3 3389 3511 3390
3 3390 3511 3512
3 3390 3512 3391
3 3391 3512 3513
3 3391 3513 3392
3 3392 3513 3514
3 3392 3514 3393
3 3393 3514 3515
3 3393 3515 3394
3 3394 3515 3516
3 3394 3516 3395
3 3395 3516 3517
3 3395 3517 3396
3 3396 3517 3518
3 3396 3518 3397
3 3397 3518 3519
3 3397 3519 3398
3 3398 3519 3520
3 3398 3520 3399
3 3399 3520 3521
3 3399 3521 3400
3 3400 3521 3522
3 3400 3522 3401
3 3401 3522 3523
3 3401 3523 3402
3 3402 3523 3524
3 3402 3524 3403
3 3403 3524 3525
3 3403 3525 3404
3 3404 3525 3526
3 3404 3526 3405
3 3405 3526 3527
3 3405 3527 3406
3 3406 3527 3528
3 3406 3528 3407
3 3407 3528 3529
3 3407 3529 3408
3 3408 3529 3530
3 3408 3530 3409
3 3409 3530 3531
3 3409 3531 3410
3 3410 3531 3532
3 3410 3532 3411
3 3411 3532 3533
3 3411 3533 3412
3 3412 3533 3534
3 3412 3534 3413
3 3413 3534 3535
3 3413 3535 3414
3 3414 3535 3536
3 3414 3536 3415
3 3415 3536 3537
3 3415 3537 3416
3 3416 3537 3538
3 3416 3538 3417
3 3417 3538 3539
3 3417 3539 3418
3 3418 3539 3540
3 3418 3540 3419
3 3419 3540 3541
3 3419 3541 3420
3 3420 3541 3542
3 3420 3542 3421
3 3421 3542 3543
3 3421 3543 3422
3 3422 3543 3544
3 3422 3544 3423
3 3423 3544 3545
3 3423 3545 3424
3 3424 3545 3546
3 3424 3546 3425
3 3425 3546 3547
3 3425 3547 3426
3 3426 3547 3548
3 3426 3548 3427
3 3427 3548 3549
3 3427 3549 3428
3 3428 3549 3550
3 3428 3550 3429
3 3429 3550 3551
3 3429 3551 3430
3 3430 3551 3552
3 3430 3552 3431
3 3431 3552 3553
3 3431 3553 3432
3 3432 3553 3554
3 3432 3554 3433
3 3433 3554 3555
3 3433 3555 3434
3 3434 3555 3556
3 3434 3556 3435
3 3435 3556 3557
3 3435 3557 3436
3 3436 3557 3558
3 3436 3558 3437
3 3437 3558 3559
3 3437 3559 3438
3 3438 3559 3560
3 3438 3560 3439
3 3439 3560 3561
3 3439 3561 3440
3 3440 3561 3562
3 3440 3562 3441
3 3441 3562 3563
3 3441 3563 3442
3 3442 3563 3564
3 3442 3564 3443
3 3443 3564 3565
3 3443 3565 3444
3 3444 3565 3566
3 3444 3566 3445
3 3445 3566 3567
3 3445 3567 3446
3 3446 3567 3568
3 3446 3568 3447
3 3447 3568 3569
3 3447 3569 3448
3 3448 3569 3570
3 3448 3570 3449
3 3449 3570 3571
3 3449 3571 3450
3 3450 3571 3572
3 3450 3572 3451
3 3451 3572 3573
3 3451 3573 3452
3 3452 3573 3574
3 3452 3574 3453
3 3453 3574 3575
3 3453 3575 3454
3 3454 3575 3576
3 3454 3576 3455
3 3455 3576 3577
3 3455 3577 3456
3 3456 3577 3578
3 3456 3578 3457
3 3457 3578 3579
3 3457 3579 3458
3 3458 3579 3580
3 3458 3580 3459
3 3459 3580 3581
3 3459 3581 3460
3 3460 3581 3582
3 3460 3582 3461
3 3461 3582 3583
3 3461 3583 3462
3 3462 3583 3584
3 3462 3584 3463
3 3463 3584 3585
3 3463 3585 3464
3 3464 3585 3586
3 3464 3586 3465
3 3465 3586 3587
3 3465 3587 3466
3 3466 3587 3588
3 3466 3588 3467
3 3467 3588 3589
3 3467 3589 3468
3 3468 3589 3590
3 3468 3590 3469
3 3469 3590 3591
3 3469 3591 3470
3 3470 3591 3592
3 3470 3592 3471
3 3471 3592 3593
3 3471 3593 3472
3 3472 3593 3594
3 3472 3594 3473
3 3473 3594 3595
3 3473 3595 3474
3 3474 3595 3596
3 3474 3596 3475
3 3475 3596 3597
3 3475 3597 3476
3 3476 3597 3598
3 3476 3598 3477
3 3477 3598 3599
3 3477 3599 3478
3 3478 3599 3600
3 3478 3600 3479
3 3479 3600 3601
3 3479 3601 3480
3 3480 3601 3602
3 3480 3602 3481
3 3481 3602 3603
3 3481 3603 3482
3 3482 3603 3604
3 3482 3604 3483
3 3483 3604 3605
3 3483 3605 3484
3 3484 3605 3606
3 3484 3606 3485
3 3485 3606 3607
3 3485 3607 3486
3 3486 3607 3608
3 3486 3608 3487
3 3487 3608 3609
3 3487 3609 3488
3 3488 3609 3610
3 3488 3610 3489
3 3489 3610 3611
3 3489 3611 3490
3 3490 3611 3612
3 3490 3612 3491
3 3491 3612 3613
3 3491 3613 3492
3 3492 3613 3614
3 3492 3614 3493
3 3493 3614 3615
3 3493 3615 3494
3 3494 3615 3616
3 3494 3616 3495
3 3495 3616 3617
3 3495 3617 3496
3 3496 3617 3618
3 3496 3618 3497
3 3497 3618 3619
3 3497 3619 3498
3 3498 3619 3620
3 3498 3620 3499
3 3499 3620 3621
3 3499 3621 3500
3 3500 3621 3622
3 3500 3622 3501
3 3501 3622 3623
3 3501 3623 3502
3 3502 3623 3624
3 3502 3624 3503
3 3503 3624 3625
3 3503 3625 3504
3 3504 3625 3626
3 3504 3626 3505
3 3505 3626 3627
3 3505 3627 3506
3 3506 3627 3628
3 3506 3628 3507
3 3507 3628 3629
3 3507 3629 3508
3 3509 3630 3631
3 3509 3631 3510
3 3510 3631 3632
3 3510 3632 3511
3 3511 3632 3633
3 3511 3633 3512
3 3512 3633 3634
3 3512 3634 3513
3 3513 3634 3635
3 3513 3635 3514
3 3514 3635 3636
3 3514 3636 3515
3 3515 3636 3637
3 3515 3637 3516
3 3516 3637 3638
3 3516 3638 3517
3 3517 3638 3639
3 3517 3639 3518
3 3518 3639 3640
3 3518 3640 3519
3 3519 3640 3641
3 3519 3641 3520
3 3520 3641 3642
3 3520 3642 3521
3 3521 3642 3643
3 3521 3643 3522
3 3522 3643 3644
3 3522 3644 3523
3 3523 3644 3645
3 3523 3645 3524
3 3524 3645 3646
3 3524 3646 3525
3 3525 3646 3647
3 3525 3647 3526
3 3526 3647 3648
3 3526 3648 3527
3 3527 3648 3649
3 3527 3649 3528
3 3528 3649 3650
3 3528 3650 3529
3 3529 3650 3651
3 3529 3651 3530
3 3530 3651 3652
3 3530 3652 3531
3 3531 3652 3653
3 3531 3653 3532
3 3532 3653 3654
3 3532 3654 3533
3 3533 3654 3655
3 3533 3655 3534
3 3534 3655 3656
3 3534 3656 3535
3 3535 3656 3657
3 3535 3657 3536
3 3536 3657 3658
3 3536 3658 3537
3 3537 3658 3659
3 3537 3659 3538
3 3538 3659 3660
3 3538 3660 3539
3 3539 3660 3661
3 3539 3661 3540
3 3540 3661 3662
3 3540 3662 3541
3 3541 3662 3663
3 3541 3663 3542
3 3542 3663 3664
3 3542 3664 3543
3 3543 3664 3665
3 3543 3665 3544
3 3544 3665 3666
3 3544 3666 3545
3 3545 3666 3667
3 3545 3667 3546
3 3546 3667 3668
3 3546 3668 3547
3 3547 3668 3669
3 3547 3669 3548
3 3548 3669 3670
3 3548 3670 3549
3 3549 3670 3671
3 3549 3671 3550
3 3550 3671 3672
3 3550 3672 3551
3 3551 3672 3673
3 3551 3673 3552
3 3552 3673 3674
3 3552 3674 3553
3 3553 3674 3675
3 3553 3675 3554
3 3554 3675 3676
3 3554 3676 3555
3 3555 3676 3677
3 3555 3677 3556
3 3556 3677 3678
3 3556 3678 3557
3 3557 3678 3679
3 3557 3679 3558
3 3558 3679 3680
3 3558 3680 3559
3 3559 3680 3681
3 3559 3681 3560
3 3560 3681 3682
3 3560 3682 3561
3 3561 3682 3683
3 3561 3683 3562
3 3562 3683 3684
3 3562 3684 3563
3 3563 3684 3685
3 3563 3685 3564
3 3564 3685 3686
3 3564 3686 3565
3 3565 3686 3687
3 3565 3687 3566
3 3566 3687 3688
3 3566 3688 3567
3 3567 3688 3689
3 3567 3689 3568
3 3568 3689 3690
3 3568 3690 3569
3 3569 3690 3691
3 3569 3691 3570
3 3570 3691 3692
3 3570 3692 3571
3 3571 3692 3693
3 3571 3693 3572
3 3572 3693 3694
3 3572 3694 3573
3 3573 3694 3695
3 3573 3695 3574
3 3574 3695 3696
3 3574 3696 3575
3 3575 3696 3697
3 3575 3697 3576
3 3576 3697 3698
3 3576 3698 3577
3 3577 3698 3699
3 3577 3699 3578
3 3578 3699 3700
3 3578 3700 3579
3 3579 3700 3701
3 3579 3701 3580
3 3580 3701 3702
3 3580 3702 3581
3 3581 3702 3703
3 3581 3703 3582
3 3582 3703 3704
3 3582 3704 3583
3 3583 3704 3705
3 3583 3705 3584
3 3584 3705 3706
3 3584 3706 3585
3 3585 3706 3707
3 3585 3707 3586
3 3586 3707 3708
3 3586 3708 3587
3 3587 3708 3709
3 3587 3709 3588
3 3588 3709 3710
3 3588 3710 3589
3 3589 3710 3711
3 3589 3711 3590
3 3590 3711 3712
3 3590 3712 3591
3 3591 3712 3713
3 3591 3713 3592
3 3592 3713 3714
3 3592 3714 3593
3 3593 3714 3715
3 3593 3715 3594
3 3594 3715 3716
3 3594 3716 3595
3 3595 3716 3717
3 3595 3717 3596
3 3596 3717 3718
3 3596 3718 3597
3 3597 3718 3719
3 3597 3719 3598
3 3598 3719 3720
3 3598 3720 3599
3 3599 3720 3721
3 3599 3721 3600
3 3600 3721 3722
3 3600 3722 3601
3 3601 3722 3723
3 3601 3723 3602
3 3602 3723 3724
3 3602 3724 3603
3 3603 3724 3725
3 3603 3725 3604
3 3604 3725 3726
3 3604 3726 3605
3 3605 3726 3727
3 3605 3727 3606
3 3606 3727 3728
3 3606 3728 3607
3 3607 3728 3729
3 3607 3729 3608
3 3608 3729 3730
3 3608 3730 3609
3 3609 3730 3731
3 3609 3731 3610
3 3610 3731 3732
3 3610 3732 3611
3 3611 3732 3733
3 3611 3733 3612
3 3612 3733 3734
3 3612 3734 3613
3 3613 3734 3735
3 3613 3735 3614
3 3614 3735 3736
3 3614 3736 3615
3 3615 3736 3737
3 3615 3737 3616
3 3616 3737 3738
3 3616 3738 3617
3 3617 3738 3739
3 3617 3739 3618
3 3618 3739 3740
3 3618 3740 3619
3 3619 3740 3741
3 3619 3741 3620
3 3620 3741 3742
3 3620 3742 3621
3 3621 3742 3743
3 3621 3743 3622
3 3622 3743 3744
3 3622 3744 3623
3 3623 3744 3745
3 3623 3745 3624
3 3624 3745 3746
3 3624 3746 3625
3 3625 3746 3747
3 3625 3747 3626
3 3626 3747 3748
3 3626 3748 3627
3 3627 3748 3749
3 3627 3749 3628
3 3628 3749 3750
3 3628 3750 3629
3 3630 3751 3752
3 3630 3752 3631
3 3631 3752 3753
3 3631 3753 3632
3 3632 3753 3754
3 3632 3754 3633
3 3633 3754 3755
3 3633 3755 3634
3 3634 3755 3756
3 3634 3756 3635
3 3635 3756 3757
3 3635 3757 3636
3 3636 3757 3758
3 3636 3758 3637
3 3637 3758 3759
3 3637 3759 3638
3 3638 3759 3760
3 3638 3760 3639
3 3639 3760 3761
3 3639 3761 3640
3 3640 3761 3762
3 3640 3762 3641
3 3641 3762 3763
3 3641 3763 3642
3 3642 3763 3764
3 3642 3764 3643
3 3643 3764 3765
3 3643 3765 3644
3 3644 3765 3766
3 3644 3766 3645
3 3645 3766 3767
3 3645 3767 3646
3 3646 3767 3768
3 3646 3768 3647
3 3647 3768 3769
3 3647 3769 3648
3 3648 3769 3770
3 3648 3770 3649
3 3649 3770 3771
3 3649 3771 3650
3 3650 3771 3772
3 3650 3772 3651
3 3651 3772 3773
3 3651 3773 3652
3 3652 3773 3774
3 3652 3774 3653
3 3653 3774 3775
3 3653 3775 3654
3 3654 3775 3776
3 3654 3776 3655
3 3655 3776 3777
3 3655 3777 3656
3 3656 3777 3778
3 3656 3778 3657
3 3657 3778 3779
3 3657 3779 3658
3 3658 3779 3780
3 3658 3780 3659
3 3659 3780 3781
3 3659 3781 3660
3 3660 3781 3782
3 3660 3782 3661
3 3661 3782 3783
3 3661 3783 3662
3 3662 3783 3784
3 3662 3784 3663
3 3663 3784 3785
3 3663 3785 3664
3 3664 3785 3786
3 3664 3786 3665
3 3665 3786 3787
3 3665 3787 3666
3 3666 3787 3788
3 3666 3788 3667
3 3667 3788 3789
3 3667 3789 3668
3 3668 3789 3790
3 3668 3790 3669
3 3669 3790 3791
3 3669 3791 3670
3 3670 3791 3792
3 3670 3792 3671
3 3671 3792 3793
3 3671 3793 3672
3 3672 3793 3794
3 3672 3794 3673
3 3673 3794 3795
3 3673 3795 3674
3 3674 3795 3796
3 3674 3796 3675
3 3675 3796 3797
3 3675 3797 3676
3 3676 3797 3798
3 3676 3798 3677
3 3677 3798 3799
3 3677 3799 3678
3 3678 3799 3800
3 3678 3800 3679
3 3679 3800 3801
3 3679 3801 3680
3 3680 3801 3802
3 3680 3802 3681
3 3681 3802 3803
3 3681 3803 3682
3 3682 3803 3804
3 3682 3804 3683
3 3683 3804 3805
3 3683 3805 3684
3 3684 3805 3806
3 3684 3806 3685
3 3685 3806 3807
3 3685 3807 3686
3 3686 3807 3808
3 3686 3808 3687
3 3687 3808 3809
3 3687 3809 3688
3 3688 3809 3810
3 3688 3810 3689
3 3689 3810 3811
3 3689 3811 3690
3 3690 3811 3812
3 3690 3812 3691
3 3691 3812 3813
3 3691 3813 3692
3 3692 3813 3814
3 3692 3814 3693
3 3693 3814 3815
3 3693 3815 3694
3 3694 3815 3816
3 3694 3816 3695
3 3695 3816 3817
3 3695 3817 3696
3 3696 3817 3818
3 3696 3818 3697
3 3697 3818 3819
3 3697 3819 3698
3 3698 3819 3820
3 3698 3820 3699
3 3699 3820 3821
3 3699 3821 3700
3 3700 3821 3822
3 3700 3822 3701
3 3701 3822 3823
3 3701 3823 3702
3 3702 3823 3824
3 3702 3824 3703
3 3703 3824 3825
3 3703 3825 3704
3 3704 3825 3826
3 3704 3826 3705
3 3705 3826 3827
3 3705 3827 3706
3 3706 3827 3828
3 3706 3828 3707
3 3707 3828 3829
3 3707 3829 3708
3 3708 3829 3830
3 3708 3830 3709
3 3709 3830 3831
3 3709 3831 3710
3 3710 3831 3832
3 3710 3832 3711
3 3711 3832 3833
3 3711 3833 3712
3 3712 3833 3834
3 3712 3834 3713
3 3713 3834 3835
3 3713 3835 3714
3 3714 3835 3836
3 3714 3836 3715
3 3715 3836 3837
3 3715 3837 3716
3 3716 3837 3838
3 3716 3838 3717
3 3717 3838 3839
3 3717 3839 3718
3 3718 3839 3840
3 3718 3840 3719
3 3719 3840 3841
3 3719 3841 3720
3 3720 3841 3842
3 3720 3842 3721
3 3721 3842 3843
3 3721 3843 3722
3 3722 3843 3844
3 3722 3844 3723
3 3723 3844 3845
3 3723 3845 3724
3 3724 3845 3846
3 3724 3846 3725
3 3725 3846 3847
3 3725 3847 3726
3 3726 3847 3848
3 3726 3848 3727
3 3727 3848 3849
3 3727 3849 3728
3 3728 3849 3850
3 3728 3850 3729
3 3729 3850 3851
3 3729 3851 3730
3 3730 3851 3852
3 3730 3852 3731
3 3731 3852 3853
3 3731 3853 3732
3 3732 3853 3854
3 3732 3854 3733
3 3733 3854 3855
3 3733 3855 3734
3 3734 3855 3856
3 3734 3856 3735
3 3735 3856 3857
3 3735 3857 3736
3 3736 3857 3858
3 3736 3858 3737
3 3737 3858 3859
3 3737 3859 3738
3 3738 3859 3860
3 3738 3860 3739
3 3739 3860 3861
3 3739 3861 3740
3 3740 3861 3862
3 3740 3862 3741
3 3741 3862 3863
3 3741 3863 3742
3 3742 3863 3864
3 3742 3864 3743
3 3743 3864 3865
3 3743 3865 3744
3 3744 3865 3866
3 3744 3866 3745
3 3745 3866 3867
3 3745 3867 3746
3 3746 3867 3868
3 3746 3868 3747
3 3747 3868 3869
3 3747 3869 3748
3 3748 3869 3870
3 3748 3870 3749
3 3749 3870 3871
3 3749 3871 3750
3 3751 3872 3873
3 3751 3873 3752
3 3752 3873 3874
3 3752 3874 3753
3 3753 3874 3875
3 3753 3875 3754
3 3754 3875 3876
3 3754 3876 3755
3 3755 3876 3877
3 3755 3877 3756
3 3756 3877 3878
3 3756 3878 3757
3 3757 3878 3879
3 3757 3879 3758
3 3758 3879 3880
3 3758 3880 3759
3 3759 3880 3881
3 3759 3881 3760
3 3760 3881 3882
3 3760 3882 3761
3 3761 3882 3883
3 3761 3883 3762
3 3762 3883 3884
3 3762 3884 3763
3 3763 3884 3885
3 3763 3885 3764
3 3764 3885 3886
3 3764 3886 3765
3 3765 3886 3887
3 3765 3887 3766
3 3766 3887 3888
3 3766 3888 3767
3 3767 3888 3889
3 3767 3889 3768
3 3768 3889 3890
3 3768 3890 3769
3 3769 3890 3891
3 3769 3891 3770
3 3770 3891 3892
3 3770 3892 3771
3 3771 3892 3893
3 3771 3893 3772
3 3772 3893 3894
3 3772 3894 3773
3 3773 3894 3895
3 3773 3895 3774
3 3774 3895 3896
3 3774 3896 3775
3 3775 3896 3897
3 3775 3897 3776
3 3776 3897 3898
3 3776 3898 3777
3 3777 3898 3899
3 3777 3899 3778
3 3778 3899 3900
3 3778 3900 3779
3 3779 3900 3901
3 3779 3901 3780
3 3780 3901 3902
3 3780 3902 3781
3 3781 3902 3903
3 3781 3903 3782
3 3782 3903 3904
3 3782 3904 3783
3 3783 3904 3905
3 3783 3905 3784
3 3784 3905 3906
3 3784 3906 3785
3 3785 3906 3907
3 3785 3907 3786
3 3786 3907 3908
3 3786 3908 3787
3 3787 3908 3909
3 3787 3909 3788
3 3788 3909 3910
3 3788 3910 3789
3 3789 3910 3911
3 3789 3911 3790
3 3790 3911 3912
3 3790 3912 3791
3 3791 3912 3913
3 3791 3913 3792
3 3792 3913 3914
3 3792 3914 3793
3 3793 3914 3915
3 3793 3915 3794
3 3794 3915 3916
3 3794 3916 3795
3 3795 3916 3917
3 3795 3917 3796
3 3796 3917 3918
3 3796 3918 3797
3 3797 3918 3919
3 3797 3919 3798
3 3798 3919 3920
3 3798 3920 3799
3 3799 3920 3921
3 3799 3921 3800
3 3800 3921 3922
3 3800 3922 3801
3 3801 3922 3923
3 3801 3923 3802
3 3802 3923 3924
3 3802 3924 3803
3 3803 3924 3925
3 3803 3925 3804
3 3804 3925 3926
3 3804 3926 3805
3 3805 3926 3927
3 3805 3927 3806
3 3806 3927 3928
3 3806 3928 3807
3 3807 3928 3929
3 3807 3929 3808
3 3808 3929 3930
3 3808 3930 3809
3 3809 3930 3931
3 3809 3931 3810
3 3810 3931 3932
3 3810 3932 3811
3 3811 3932 3933
3 3811 3933 3812
3 3812 3933 3934
3 3812 3934 3813
3 3813 3934 3935
3 3813 3935 3814
3 3814 3935 3936
3 3814 3936 3815
3 3815 3936 3937
3 3815 3937 3816
3 3816 3937 3938
3 3816 3938 3817
3 3817 3938 3939
3 3817 3939 3818
3 3818 3939 3940
3 3818 3940 3819
3 3819 3940 3941
3 3819 3941 3820
3 3820 3941 3942
3 3820 3942 3821
3 3821 3942 3943
3 3821 3943 3822
3 3822 3943 3944
3 3822 3944 3823
3 3823 3944 3945
3 3823 3945 3824
3 3824 3945 3946
3 3824 3946 3825
3 3825 3946 3947
3 3825 3947 3826
3 3826 3947 3948
3 3826 3948 3827
3 3827 3948 3949
3 3827 3949 3828
3 3828 3949 3950
3 3828 3950 3829
3 3829 3950 3951
3 3829 3951 3830
3 3830 3951 3952
3 3830 3952 3831
3 3831 3952 3953
3 3831 3953 3832
3 3832 3953 3954
3 3832 3954 3833
3 3833 3954 3955
3 3833 3955 3834
3 3834 3955 3956
3 3834 3956 3835
3 3835 3956 3957
3 3835 3957 3836
3 3836 3957 3958
3 3836 3958 3837
3 3837 3958 3959
3 3837 3959 3838
3 3838 3959 3960
3 3838 3960 3839
3 3839 3960 3961
3 3839 3961 3840
3 3840 3961 3962
3 3840 3962 3841
3 3841 3962 3963
3 3841 3963 3842
3 3842 3963 3964
3 3842 3964 3843
3 3843 3964 3965
3 3843 3965 3844
3 3844 3965 3966
3 3844 3966 3845
3 3845 3966 3967
3 3845 3967 3846
3 3846 3967 3968
3 3846 3968 3847
3 3847 3968 3969
3 3847 3969 3848
3 3848 3969 3970
3 3848 3970 3849
3 3849 3970 3971
3 3849 3971 3850
3 3850 3971 3972
3 3850 3972 3851
3 3851 3972 3973
3 3851 3973 3852
3 3852 3973 3974
3 3852 3974 3853
3 3853 3974 3975
3 3853 3975 3854
3 3854 3975 3976
3 3854 3976 3855
3 3855 3976 3977
3 3855 3977 3856
3 3856 3977 3978
3 3856 3978 3857
3 3857 3978 3979
3 3857 3979 3858
3 3858 3979 3980
3 3858 3980 3859
3 3859 3980 3981
3 3859 3981 3860
3 3860 3981 3982
3 3860 3982 3861
3 3861 3982 3983
3 3861 3983 3862
3 3862 3983 3984
3 3862 3984 3863
3 3863 3984 3985
3 3863 3985 3864
3 3864 3985 3986
3 3864 3986 3865
3 3865 3986 3987
3 3865 3987 3866
3 3866 3987 3988
3 3866 3988 3867
3 3867 3988 3989
3 3867 3989 3868
3 3868 3989 3990
3 3868 3990 3869
3 3869 3990 3991
3 3869 3991 3870
3 3870 3991 3992
3 3870 3992 3871
3 3872 3993 3994
3 3872 3994 3873
3 3873 3994 3995
3 3873 3995 3874
3 3874 3995 3996
3 3874 3996 3875
3 3875 3996 3997
3 3875 3997 3876
3 3876 3997 3998
3 3876 3998 3877
3 3877 3998 3999
3 3877 3999 3878
3 3878 3999 4000
3 3878 4000 3879
3 3879 4000 4001
3 3879 4001 3880
3 3880 4001 4002
3 3880 4002 3881
3 3881 4002 4003
3 3881 4003 3882
3 3882 4003 4004
3 3882 4004 3883
3 3883 4004 4005
3 3883 4005 3884
3 3884 4005 4006
3 3884 4006 3885
3 3885 4006 4007
3 3885 4007 3886
3 3886 4007 4008
3 3886 4008 3887
3 3887 4008 4009
3 3887 4009 3888
3 3888 4009 4010
3 3888 4010 3889
3 3889 4010 4011
3 3889 4011 3890
3 3890 4011 4012
3 3890 4012 3891
3 3891 4012 4013
3 3891 4013 3892
3 3892 4013 4014
3 3892 4014 3893
3 3893 4014 4015
3 3893 4015 3894
3 3894 4015 4016
3 3894 4016 3895
3 3895 4016 4017
3 3895 4017 3896
3 3896 4017 4018
3 3896 4018 3897
3 3897 4018 4019
3 3897 4019 3898
3 3898 4019 4020
3 3898 4020 3899
3 3899 4020 4021
3 3899 4021 3900
3 3900 4021 4022
3 3900 4022 3901
3 3901 4022 4023
3 3901 4023 3902
3 3902 4023 4024
3 3902 4024 3903
3 3903 4024 4025
3 3903 4025 3904
3 3904 4025 4026
3 3904 4026 3905
3 3905 4026 4027
3 3905 4027 3906
3 3906 4027 4028
3 3906 4028 3907
3 3907 4028 4029
3 3907 4029 3908
3 3908 4029 4030
3 3908 4030 3909
3 3909 4030 4031
3 3909 4031 3910
3 3910 4031 4032
3 3910 4032 3911
3 3911 4032 4033
3 3911 4033 3912
3 3912 4033 4034
3 3912 4034 3913
3 3913 4034 4035
3 3913 4035 3914
3 3914 4035 4036
3 3914 4036 3915
3 3915 4036 4037
3 3915 4037 3916
3 3916 4037 4038
3 3916 4038 3917
3 3917 4038 4039
3 3917 4039 3918
3 3918 4039 4040
3 3918 4040 3919
3 3919 4040 4041
3 3919 4041 3920
3 3920 4041 4042
3 3920 4042 3921
3 3921 4042 4043
3 3921 4043 3922
3 3922 4043 4044
3 3922 4044 3923
3 3923 4044 4045
3 3923 4045 3924
3 3924 4045 4046
3 3924 4046 3925
3 3925 4046 4047
3 3925 4047 3926
3 3926 4047 4048
3 3926 4048 3927
3 3927 4048 4049
3 3927 4049 3928
3 3928 4049 4050
3 3928 4050 3929
3 3929 4050 4051
3 3929 4051 3930
3 3930 4051 4052
3 3930 4052 3931
3 3931 4052 4053
3 3931 4053 3932
3 3932 4053 4054
3 3932 4054 3933
3 3933 4054 4055
3 3933 4055 3934
3 3934 4055 4056
3 3934 4056 3935
3 3935 4056 4057
3 3935 4057 3936
3 3936 4057 4058
3 3936 4058 3937
3 3937 4058 4059
3 3937 4059 3938
3 3938 4059 4060
3 3938 4060 3939
3 3939 4060 4061
3 3939 4061 3940
3 3940 4061 4062
3 3940 4062 3941
3 3941 4062 4063
3 3941 4063 3942
3 3942 4063 4064
3 3942 4064 3943
3 3943 4064 4065
3 3943 4065 3944
3 3944 4065 4066
3 3944 4066 3945
3 3945 4066 4067
3 3945 4067 3946
3 3946 4067 4068
3 3946 4068 3947
3 3947 4068 4069
3 3947 4069 3948
3 3948 4069 4070
3 3948 4070 3949
3 3949 4070 4071
3 3949 4071 3950
3 3950 4071 4072
3 3950 4072 3951
3 3951 4072 4073
3 3951 4073 3952
3 3952 4073 4074
3 3952 4074 3953
3 3953 4074 4075
3 3953 4075 3954
3 3954 4075 4076
3 3954 4076 3955
3 3955 4076 4077
3 3955 4077 3956
3 3956 4077 4078
3 3956 4078 3957
3 3957 4078 4079
3 3957 4079 3958
3 3958 4079 4080
3 3958 4080 3959
3 3959 4080 4081
3 3959 4081 3960
3 3960 4081 4082
3 3960 4082 3961
3 3961 4082 4083
3 3961 4083 3962
3 3962 4083 4084
3 3962 4084 3963
3 3963 4084 4085
3 3963 4085 3964
3 3964 4085 4086
3 3964 4086 3965
3 3965 4086 4087
3 3965 4087 3966
3 3966 4087 4088
3 3966 4088 3967
3 3967 4088 4089
3 3967 4089 3968
3 3968 4089 4090
3 3968 4090 3969
3 3969 4090 4091
3 3969 4091 3970
3 3970 4091 4092
3 3970 4092 3971
3 3971 4092 4093
3 3971 4093 3972
3 3972 4093 4094
3 3972 4094 3973
3 3973 4094 4095
3 3973 4095 3974
3 3974 4095 4096
3 3974 4096 3975
3 3975 4096 4097
3 3975 4097 3976
3 3976 4097 4098
3 3976 4098 3977
3 3977 4098 4099
3 3977 4099 3978
3 3978 4099 4100
3 3978 4100 3979
3 3979 4100 4101
3 3979 4101 3980
3 3980 4101 4102
3 3980 4102 3981
3 3981 4102 4103
3 3981 4103 3982
3 3982 4103 4104
3 3982 4104 3983
3 3983 4104 4105
3 3983 4105 3984
3 3984 4105 4106
3 3984 4106 3985
3 3985 4106 4107
3 3985 4107 3986
3 3986 4107 4108
3 3986 4108 3987
3 3987 4108 4109
3 3987 4109 3988
3 3988 4109 4110
3 3988 4110 3989
3 3989 4110 4111
3 3989 4111 3990
3 3990 4111 4112
3 3990 4112 3991
3 3991 4112 4113
3 3991 4113 3992
3 3993 4114 4115
3 3993 4115 3994
3 3994 4115 4116
3 3994 4116 3995
3 3995 4116 4117
3 3995 4117 3996
3 3996 4117 4118
3 3996 4118 3997
3 3997 4118 4119
3 3997 4119 3998
3 3998 4119 4120
3 3998 4120 3999
3 3999 4120 4121
3 3999 4121 4000
3 4000 4121 4122
3 4000 4122 4001
3 4001 4122 4123
3 4001 4123 4002
3 4002 4123 4124
3 4002 4124 4003
3 4003 4124 4125
3 4003 4125 4004
3 4004 4125 4126
3 4004 4126 4005
3 4005 4126 4127
3 4005 4127 4006
3 4006 4127 4128
3 4006 4128 4007
3 4007 4128 4129
3 4007 4129 4008
3 4008 4129 4130
3 4008 4130 4009
3 4009 4130 4131
3 4009 4131 4010
3 4010 4131 4132
3 4010 4132 4011
3 4011 4132 4133
3 4011 4133 4012
3 4012 4133 4134
3 4012 4134 4013
3 4013 4134 4135
3 4013 4135 4014
3 4014 4135 4136
3 4014 4136 4015
3 4015 4136 4137
3 4015 4137 4016
3 4016 4137 4138
3 4016 4138 4017
3 4017 4138 4139
3 4017 4139 4018
3 4018 4139 4140
3 4018 4140 4019
3 4019 4140 4141
3 4019 4141 4020
3 4020 4141 4142
3 4020 4142 4021
3 4021 4142 4143
3 4021 4143 4022
3 4022 4143 4144
3 4022 4144 4023
3 4023 4144 4145
3 4023 4145 4024
3 4024 4145 4146
3 4024 4146 4025
3 4025 4146 4147
3 4025 4147 4026
3 4026 4147 4148
3 4026 4148 4027
3 4027 4148 4149
3 4027 4149 4028
3 4028 4149 4150
3 4028 4150 4029
3 4029 4150 4151
3 4029 4151 4030
3 4030 4151 4152
3 4030 4152 4031
3 4031 4152 4153
3 4031 4153 4032
3 4032 4153 4154
3 4032 4154 4033
3 4033 4154 4155
3 4033 4155 4034
3 4034 4155 4156
3 4034 4156 4035
3 4035 4156 4157
3 4035 4157 4036
3 4036 4157 4158
3 4036 4158 4037
3 4037 4158 4159
3 4037 4159 4038
3 4038 4159 4160
3 4038 4160 4039
3 4039 4160 4161
3 4039 4161 4040
3 4040 4161 4162
3 4040 4162 4041
3 4041 4162 4163
3 4041 4163 4042
3 4042 4163 4164
3 4042 4164 4043
3 4043 4164 4165
3 4043 4165 4044
3 4044 4165 4166
3 4044 4166 4045
3 4045 4166 4167
3 4045 4167 4046
3 4046 4167 4168
3 4046 4168 4047
3 4047 4168 4169
3 4047 4169 4048
3 4048 4169 4170
3 4048 4170 4049
3 4049 4170 4171
3 4049 4171 4050
3 4050 4171 4172
3 4050 4172 4051
3 4051 4172 4173
3 4051 4173 4052
3 4052 4173 4174
3 4052 4174 4053
3 4053 4174 4175
3 4053 4175 4054
3 4054 4175 4176
3 4054 4176 4055
3 4055 4176 4177
3 4055 4177 4056
3 4056 4177 4178
3 4056 4178 4057
3 4057 4178 4179
3 4057 4179 4058
3 4058 4179 4180
3 4058 4180 4059
3 4059 4180 4181
3 4059 4181 4060
3 4060 4181 4182
3 4060 4182 4061
3 4061 4182 4183
3 4061 4183 4062
3 4062 4183 4184
3 4062 4184 4063
3 4063 4184 4185
3 4063 4185 4064
3 4064 4185 4186
3 4064 4186 4065
3 4065 4186 4187
3 4065 4187 4066
3 4066 4187 4188
3 4066 4188 4067
3 4067 4188 4189
3 4067 4189 4068
3 4068 4189 4190
3 4068 4190 4069
3 4069 4190 4191
3 4069 4191 4070
3 4070 4191 4192
3 4070 4192 4071
3 4071 4192 4193
3 4071 4193 4072
3 4072 4193 4194
3 4072 4194 4073
3 4073 4194 4195
3 4073 4195 4074
3 4074 4195 4196
3 4074 4196 4075
3 4075 4196 4197
3 4075 4197 4076
3 4076 4197 4198
3 4076 4198 4077
3 4077 4198 4199
3 4077 4199 4078
3 4078 4199 4200
3 4078 4200 4079
3 4079 4200 4201
3 4079 4201 4080
3 4080 4201 4202
3 4080 4202 4081
3 4081 4202 4203
3 4081 4203 4082
3 4082 4203 4204
3 4082 4204 4083
3 4083 4204 4205
3 4083 4205 4084
3 4084 4205 4206
3 4084 4206 4085
3 4085 4206 4207
3 4085 4207 4086
3 4086 4207 4208
3 4086 4208 4087
3 4087 4208 4209
3 4087 4209 4088
3 4088 4209 4210
3 4088 4210 4089
3 4089 4210 4211
3 4089 4211 4090
3 4090 4211 4212
3 4090 4212 4091
3 4091 4212 4213
3 4091 4213 4092
3 4092 4213 4214
3 4092 4214 4093
3 4093 4214 4215
3 4093 4215 4094
3 4094 4215 4216
3 4094 4216 4095
3 4095 4216 4217
3 4095 4217 4096
3 4096 4217 4218
3 4096 4218 4097
3 4097 4218 4219
3 4097 4219 4098
3 4098 4219 4220
3 4098 4220 4099
3 4099 4220 4221
3 4099 4221 4100
3 4100 4221 4222
3 4100 4222 4101
3 4101 4222 4223
3 4101 4223 4102
3 4102 4223 4224
3 4102 4224 4103
3 4103 4224 4225
3 4103 4225 4104
3 4104 4225 4226
3 4104 4226 4105
3 4105 4226 4227
3 4105 4227 4106
3 4106 4227 4228
3 4106 4228 4107
3 4107 4228 4229
3 4107 4229 4108
3 4108 4229 4230
3 4108 4230 4109
3 4109 4230 4231
3 4109 4231 4110
3 4110 4231 4232
3 4110 4232 4111
3 4111 4232 4233
3 4111 4233 4112
3 4112 4233 4234
3 4112 4234 4113
3 4114 4235 4236
3 4114 4236 4115
3 4115 4236 4237
3 4115 4237 4116
3 4116 4237 4238
3 4116 4238 4117
3 4117 4238 4239
3 4117 4239 4118
3 4118 4239 4240
3 4118 4240 4119
3 4119 4240 4241
3 4119 4241 4120
3 4120 4241 4242
3 4120 4242 4121
3 4121 4242 4243
3 4121 4243 4122
3 4122 4243 4244
3 4122 4244 4123
3 4123 4244 4245
3 4123 4245 4124
3 4124 4245 4246
3 4124 4246 4125
3 4125 4246 4247
3 4125 4247 4126
3 4126 4247 4248
3 4126 4248 4127
3 4127 4248 4249
3 4127 4249 4128
3 4128 4249 4250
3 4128 4250 4129
3 4129 4250 4251
3 4129 4251 4130
3 4130 4251 4252
3 4130 4252 4131
3 4131 4252 4253
3 4131 4253 4132
3 4132 4253 4254
3 4132 4254 4133
3 4133 4254 4255
3 4133 4255 4134
3 4134 4255 4256
3 4134 4256 4135
3 4135 4256 4257
3 4135 4257 4136
3 4136 4257 4258
3 4136 4258 4137
3 4137 4258 4259
3 4137 4259 4138
3 4138 4259 4260
3 4138 4260 4139
3 4139 4260 4261
3 4139 4261 4140
3 4140 4261 4262
3 4140 4262 4141
3 4141 4262 4263
3 4141 4263 4142
3 4142 4263 4264
3 4142 4264 4143
3 4143 4264 4265
3 4143 4265 4144
3 4144 4265 4266
3 4144 4266 4145
3 4145 4266 4267
3 4145 4267 4146
3 4146 4267 4268
3 4146 4268 4147
3 4147 4268 4269
3 4147 4269 4148
3 4148 4269 4270
3 4148 4270 4149
3 4149 4270 4271
3 4149 4271 4150
3 4150 4271 4272
3 4150 4272 4151
3 4151 4272 4273
3 4151 4273 4152
3 4152 4273 4274
3 4152 4274 4153
3 4153 4274 4275
3 4153 4275 4154
3 4154 4275 4276
3 4154 4276 4155
3 4155 4276 4277
3 4155 4277 4156
3 4156 4277 4278
3 4156 4278 4157
3 4157 4278 4279
3 4157 4279 4158
3 4158 4279 4280
3 4158 4280 4159
3 4159 4280 4281
3 4159 4281 4160
3 4160 4281 4282
3 4160 4282 4161
3 4161 4282 4283
3 4161 4283 4162
3 4162 4283 4284
3 4162 4284 4163
3 4163 4284 4285
3 4163 4285 4164
3 4164 4285 4286
3 4164 4286 4165
3 4165 4286 4287
3 4165 4287 4166
3 4166 4287 4288
3 4166 4288 4167
3 4167 4288 4289
3 4167 4289 4168
3 4168 4289 4290
3 4168 4290 4169
3 4169 4290 4291
3 4169 4291 4170
3 4170 4291 4292
3 4170 4292 4171
3 4171 4292 4293
3 4171 4293 4172
3 4172 4293 4294
3 4172 4294 4173
3 4173 4294 4295
3 4173 4295 4174
3 4174 4295 4296
3 4174 4296 4175
3 4175 4296 4297
3 4175 4297 4176
3 4176 4297 4298
3 4176 4298 4177
3 4177 4298 4299
3 4177 4299 4178
3 4178 4299 4300
3 4178 4300 4179
3 4179 4300 4301
3 4179 4301 4180
3 4180 4301 4302
3 4180 4302 4181
3 4181 4302 4303
3 4181 4303 4182
3 4182 4303 4304
3 4182 4304 4183
3 4183 4304 4305
3 4183 4305 4184
3 4184 4305 4306
3 4184 4306 4185
3 4185 4306 4307
3 4185 4307 4186
3 4186 4307 4308
3 4186 4308 4187
3 4187 4308 4309
3 4187 4309 4188
3 4188 4309 4310
3 4188 4310 4189
3 4189 4310 4311
3 4189 4311 4190
3 4190 4311 4312
3 4190 4312 4191
3 4191 4312 4313
3 4191 4313 4192
3 4192 4313 4314
3 4192 4314 4193
3 4193 4314 4315
3 4193 4315 4194
3 4194 4315 4316
3 4194 4316 4195
3 4195 4316 4317
3 4195 4317 4196
3 4196 4317 4318
3 4196 4318 4197
3 4197 4318 4319
3 4197 4319 4198
3 4198 4319 4320
3 4198 4320 4199
3 4199 4320 4321
3 4199 4321 4200
3 4200 4321 4322
3 4200 4322 4201
3 4201 4322 4323
3 4201 4323 4202
3 4202 4323 4324
3 4202 4324 4203
3 4203 4324 4325
3 4203 4325 4204
3 4204 4325 4326
3 4204 4326 4205
3 4205 4326 4327
3 4205 4327 4206
3 4206 4327 4328
3 4206 4328 4207
3 4207 4328 4329
3 4207 4329 4208
3 4208 4329 4330
3 4208 4330 4209
3 4209 4330 4331
3 4209 4331 4210
3 4210 4331 4332
3 4210 4332 4211
3 4211 4332 4333
3 4211 4333 4212
3 4212 4333 4334
3 4212 4334 4213
3 4213 4334 4335
3 4213 4335 4214
3 4214 4335 4336
3 4214 4336 4215
3 4215 4336 4337
3 4215 4337 4216
3 4216 4337 4338
3 4216 4338 4217
3 4217 4338 4339
3 4217 4339 4218
3 4218 4339 4340
3 4218 4340 4219
3 4219 4340 4341
3 4219 4341 4220
3 4220 4341 4342
3 4220 4342 4221
3 4221 4342 4343
3 4221 4343 4222
3 4222 4343 4344
3 4222 4344 4223
3 4223 4344 4345
3 4223 4345 4224
3 4224 4345 4346
3 4224 4346 4225
3 4225 4346 4347
3 4225 4347 4226
3 4226 4347 4348
3 4226 4348 4227
3 4227 4348 4349
3 4227 4349 4228
3 4228 4349 4350
3 4228 4350 4229
3 4229 4350 4351
3 4229 4351 4230
3 4230 4351 4352
3 4230 4352 4231
3 4231 4352 4353
3 4231 4353 4232
3 4232 4353 4354
3 4232 4354 4233
3 4233 4354 4355
3 4233 4355 4234
3 4235 4356 4357
3 4235 4357 4236
3 4236 4357 4358
3 4236 4358 4237
3 4237 4358 4359
3 4237 4359 4238
3 4238 4359 4360
3 4238 4360 4239
3 4239 4360 4361
3 4239 4361 4240
3 4240 4361 4362
3 4240 4362 4241
3 4241 4362 4363
3 4241 4363 4242
3 4242 4363 4364
3 4242 4364 4243
3 4243 4364 4365
3 4243 4365 4244
3 4244 4365 4366
3 4244 4366 4245
3 4245 4366 4367
3 4245 4367 4246
3 4246 4367 4368
3 4246 4368 4247
3 4247 4368 4369
3 4247 4369 4248
3 4248 4369 4370
3 4248 4370 4249
3 4249 4370 4371
3 4249 4371 4250
3 4250 4371 4372
3 4250 4372 4251
3 4251 4372 4373
3 4251 4373 4252
3 4252 4373 4374
3 4252 4374 4253
3 4253 4374 4375
3 4253 4375 4254
3 4254 4375 4376
3 4254 4376 4255
3 4255 4376 4377
3 4255 4377 4256
3 4256 4377 4378
3 4256 4378 4257
3 4257 4378 4379
3 4257 4379 4258
3 4258 4379 4380
3 4258 4380 4259
3 4259 4380 4381
3 4259 4381 4260
3 4260 4381 4382
3 4260 4382 4261
3 4261 4382 4383
3 4261 4383 4262
3 4262 4383 4384
3 4262 4384 4263
3 4263 4384 4385
3 4263 4385 4264
3 4264 4385 4386
3 4264 4386 4265
3 4265 4386 4387
3 4265 4387 4266
3 4266 4387 4388
3 4266 4388 4267
3 4267 4388 4389
3 4267 4389 4268
3 4268 4389 4390
3 4268 4390 4269
3 4269 4390 4391
3 4269 4391 4270
3 4270 4391 4392
3 4270 4392 4271
3 4271 4392 4393
3 4271 4393 4272
3 4272 4393 4394
3 4272 4394 4273
3 4273 4394 4395
3 4273 4395 4274
3 4274 4395 4396
3 4274 4396 4275
3 4275 4396 4397
3 4275 4397 4276
3 4276 4397 4398
3 4276 4398 4277
3 4277 4398 4399
3 4277 4399 4278
3 4278 4399 4400
3 4278 4400 4279
3 4279 4400 4401
3 4279 4401 4280
3 4280 4401 4402
3 4280 4402 4281
3 4281 4402 4403
3 4281 4403 4282
3 4282 4403 4404
3 4282 4404 4283
3 4283 4404 4405
3 4283 4405 4284
3 4284 4405 4406
3 4284 4406 4285
3 4285 4406 4407
3 4285 4407 4286
3 4286 4407 4408
3 4286 4408 4287
3 4287 4408 4409
3 4287 4409 4288
3 4288 4409 4410
3 4288 4410 4289
3 4289 4410 4411
3 4289 4411 4290
3 4290 4411 4412
3 4290 4412 4291
3 4291 4412 4413
3 4291 4413 4292
3 4292 4413 4414
3 4292 4414 4293
3 4293 4414 4415
3 4293 4415 4294
3 4294 4415 4416
3 4294 4416 4295
3 4295 4416 4417
3 4295 4417 4296
3 4296 4417 4418
3 4296 4418 4297
3 4297 4418 4419
3 4297 4419 4298
3 4298 4419 4420
3 4298 4420 4299
3 4299 4420 4421
3 4299 4421 4300
3 4300 4421 4422
3 4300 4422 4301
3 4301 4422 4423
3 4301 4423 4302
3 4302 4423 4424
3 4302 4424 4303
3 4303 4424 4425
3 4303 4425 4304
3 4304 4425 4426
3 4304 4426 4305
3 4305 4426 4427
3 4305 4427 4306
3 4306 4427 4428
3 4306 4428 4307
3 4307 4428 4429
3 4307 4429 4308
3 4308 4429 4430
3 4308 4430 4309
3 4309 4430 4431
3 4309 4431 4310
3 4310 4431 4432
3 4310 4432 4311
3 4311 4432 4433
3 4311 4433 4312
3 4312 4433 4434
3 4312 4434 4313
3 4313 4434 4435
3 4313 4435 4314
3 4314 4435 4436
3 4314 4436 4315
3 4315 4436 4437
3 4315 4437 4316
3 4316 4437 4438
3 4316 4438 4317
3 4317 4438 4439
3 4317 4439 4318
3 4318 4439 4440
3 4318 4440 4319
3 4319 4440 4441
3 4319 4441 4320
3 4320 4441 4442
3 4320 4442 4321
3 4321 4442 4443
3 4321 4443 4322
3 4322 4443 4444
3 4322 4444 4323
3 4323 4444 4445
3 4323 4445 4324
3 4324 4445 4446
3 4324 4446 4325
3 4325 4446 4447
3 4325 4447 4326
3 4326 4447 4448
3 4326 4448 4327
3 4327 4448 4449
3 4327 4449 4328
3 4328 4449 4450
3 4328 4450 4329
3 4329 4450 4451
3 4329 4451 4330
3 4330 4451 4452
3 4330 4452 4331
3 4331 4452 4453
3 4331 4453 4332
3 4332 4453 4454
3 4332 4454 4333
3 4333 4454 4455
3 4333 4455 4334
3 4334 4455 4456
3 4334 4456 4335
3 4335 4456 4457
3 4335 4457 4336
3 4336 4457 4458
3 4336 4458 4337
3 4337 4458 4459
3 4337 4459 4338
3 4338 4459 4460
3 4338 4460 4339
3 4339 4460 4461
3 4339 4461 4340
3 4340 4461 4462
3 4340 4462 4341
3 4341 4462 4463
3 4341 4463 4342
3 4342 4463 4464
3 4342 4464 4343
3 4343 4464 4465
3 4343 4465 4344
3 4344 4465 4466
3 4344 4466 4345
3 4345 4466 4467
3 4345 4467 4346
3 4346 4467 4468
3 4346 4468 4347
3 4347 4468 4469
3 4347 4469 4348
3 4348 4469 4470
3 4348 4470 4349
3 4349 4470 4471
3 4349 4471 4350
3 4350 4471 4472
3 4350 4472 4351
3 4351 4472 4473
3 4351 4473 4352
3 4352 4473 4474
3 4352 4474 4353
3 4353 4474 4475
3 4353 4475 4354
3 4354 4475 4476
3 4354 4476 4355
3 4356 4477 4478
3 4356 4478 4357
3 4357 4478 4479
3 4357 4479 4358
3 4358 4479 4480
3 4358 4480 4359
3 4359 4480 4481
3 4359 4481 4360
3 4360 4481 4482
3 4360 4482 4361
3 4361 4482 4483
3 4361 4483 4362
3 4362 4483 4484
3 4362 4484 4363
3 4363 4484 4485
3 4363 4485 4364
3 4364 4485 4486
3 4364 4486 4365
3 4365 4486 4487
3 4365 4487 4366
3 4366 4487 4488
3 4366 4488 4367
3 4367 4488 4489
3 4367 4489 4368
3 4368 4489 4490
3 4368 4490 4369
3 4369 4490 4491
3 4369 4491 4370
3 4370 4491 4492
3 4370 4492 4371
3 4371 4492 4493
3 4371 4493 4372
3 4372 4493 4494
3 4372 4494 4373
3 4373 4494 4495
3 4373 4495 4374
3 4374 4495 4496
3 4374 4496 4375
3 4375 4496 4497
3 4375 4497 4376
3 4376 4497 4498
3 4376 4498 4377
3 4377 4498 4499
3 4377 4499 4378
3 4378 4499 4500
3 4378 4500 4379
3 4379 4500 4501
3 4379 4501 4380
3 4380 4501 4502
3 4380 4502 4381
3 4381 4502 4503
3 4381 4503 4382
3 4382 4503 4504
3 4382 4504 4383
3 4383 4504 4505
3 4383 4505 4384
3 4384 4505 4506
3 4384 4506 4385
3 4385 4506 4507
3 4385 4507 4386
3 4386 4507 4508
3 4386 4508 4387
3 4387 4508 4509
3 4387 4509 4388
3 4388 4509 4510
3 4388 4510 4389
3 4389 4510 4511
3 4389 4511 4390
3 4390 4511 4512
3 4390 4512 4391
3 4391 4512 4513
3 4391 4513 4392
3 4392 4513 4514
3 4392 4514 4393
3 4393 4514 4515
3 4393 4515 4394
3 4394 4515 4516
3 4394 4516 4395
3 4395 4516 4517
3 4395 4517 4396
3 4396 4517 4518
3 4396 4518 4397
3 4397 4518 4519
3 4397 4519 4398
3 4398 4519 4520
3 4398 4520 4399
3 4399 4520 4521
3 4399 4521 4400
3 4400 4521 4522
3 4400 4522 4401
3 4401 4522 4523
3 4401 4523 4402
3 4402 4523 4524
3 4402 4524 4403
3 4403 4524 4525
3 4403 4525 4404
3 4404 4525 4526
3 4404 4526 4405
3 4405 4526 4527
3 4405 4527 4406
3 4406 4527 4528
3 4406 4528 4407
3 4407 4528 4529
3 4407 4529 4408
3 4408 4529 4530
3 4408 4530 4409
3 4409 4530 4531
3 4409 4531 4410
3 4410 4531 4532
3 4410 4532 4411
3 4411 4532 4533
3 4411 4533 4412
3 4412 4533 4534
3 4412 4534 4413
3 4413 4534 4535
3 4413 4535 4414
3 4414 4535 4536
3 4414 4536 4415
3 4415 4536 4537
3 4415 4537 4416
3 4416 4537 4538
3 4416 4538 4417
3 4417 4538 4539
3 4417 4539 4418
3 4418 4539 4540
3 4418 4540 4419
3 4419 4540 4541
3 4419 4541 4420
3 4420 4541 4542
3 4420 4542 4421
3 4421 4542 4543
3 4421 4543 4422
3 4422 4543 4544
3 4422 4544 4423
3 4423 4544 4545
3 4423 4545 4424
3 4424 4545 4546
3 4424 4546 4425
3 4425 4546 4547
3 4425 4547 4426
3 4426 4547 4548
3 4426 4548 4427
3 4427 4548 4549
3 4427 4549 4428
3 4428 4549 4550
3 4428 4550 4429
3 4429 4550 4551
3 4429 4551 4430
3 4430 4551 4552
3 4430 4552 4431
3 4431 4552 4553
3 4431 4553 4432
3 4432 4553 4554
3 4432 4554 4433
3 4433 4554 4555
3 4433 4555 4434
3 4434 4555 4556
3 4434 4556 4435
3 4435 4556 4557
3 4435 4557 4436
3 4436 4557 4558
3 4436 4558 4437
3 4437 4558 4559
3 4437 4559 4438
3 4438 4559 4560
3 4438 4560 4439
3 4439 4560 4561
3 4439 4561 4440
3 4440 4561 4562
3 4440 4562 4441
3 4441 4562 4563
3 4441 4563 4442
3 4442 4563 4564
3 4442 4564 4443
3 4443 4564 4565
3 4443 4565 4444
3 4444 4565 4566
3 4444 4566 4445
3 4445 4566 4567
3 4445 4567 4446
3 4446 4567 4568
3 4446 4568 4447
3 4447 4568 4569
3 4447 4569 4448
3 4448 4569 4570
3 4448 4570 4449
3 4449 4570 4571
3 4449 4571 4450
3 4450 4571 4572
3 4450 4572 4451
3 4451 4572 4573
3 4451 4573 4452
3 4452 4573 4574
3 4452 4574 4453
3 4453 4574 4575
3 4453 4575 4454
3 4454 4575 4576
3 4454 4576 4455
3 4455 4576 4577
3 4455 4577 4456
3 4456 4577 4578
3 4456 4578 4457
3 4457 4578 4579
3 4457 4579 4458
3 4458 4579 4580
3 4458 4580 4459
3 4459 4580 4581
3 4459 4581 4460
3 4460 4581 4582
3 4460 4582 4461
3 4461 4582 4583
3 4461 4583 4462
3 4462 4583 4584
3 4462 4584 4463
3 4463 4584 4585
3 4463 4585 4464
3 4464 4585 4586
3 4464 4586 4465
3 4465 4586 4587
3 4465 4587 4466
3 4466 4587 4588
3 4466 4588 4467
3 4467 4588 4589
3 4467 4589 4468
3 4468 4589 4590
3 4468 4590 4469
3 4469 4590 4591
3 4469 4591 4470
3 4470 4591 4592
3 4470 4592 4471
3 4471 4592 4593
3 4471 4593 4472
3 4472 4593 4594
3 4472 4594 4473
3 4473 4594 4595
3 4473 4595 4474
3 4474 4595 4596
3 4474 4596 4475
3 4475 4596 4597
3 4475 4597 4476
3 4477 4598 4599
3 4477 4599 4478
3 4478 4599 4600
3 4478 4600 4479
3 4479 4600 4601
3 4479 4601 4480
3 4480 4601 4602
3 4480 4602 4481
3 4481 4602 4603
3 4481 4603 4482
3 4482 4603 4604
3 4482 4604 4483
3 4483 4604 4605
3 4483 4605 4484
3 4484 4605 4606
3 4484 4606 4485
3 4485 4606 4607
3 4485 4607 4486
3 4486 4607 4608
3 4486 4608 4487
3 4487 4608 4609
3 4487 4609 4488
3 4488 4609 4610
3 4488 4610 4489
3 4489 4610 4611
3 4489 4611 4490
3 4490 4611 4612
3 4490 4612 4491
3 4491 4612 4613
3 4491 4613 4492
3 4492 4613 4614
3 4492 4614 4493
3 4493 4614 4615
3 4493 4615 4494
3 4494 4615 4616
3 4494 4616 4495
3 4495 4616 4617
3 4495 4617 4496
3 4496 4617 4618
3 4496 4618 4497
3 4497 4618 4619
3 4497 4619 4498
3 4498 4619 4620
3 4498 4620 4499
3 4499 4620 4621
3 4499 4621 4500
3 4500 4621 4622
3 4500 4622 4501
3 4501 4622 4623
3 4501 4623 4502
3 4502 4623 4624
3 4502 4624 4503
3 4503 4624 4625
3 4503 4625 4504
3 4504 4625 4626
3 4504 4626 4505
3 4505 4626 4627
3 4505 4627 4506
3 4506 4627 4628
3 4506 4628 4507
3 4507 4628 4629
3 4507 4629 4508
3 4508 4629 4630
3 4508 4630 4509
3 4509 4630 4631
3 4509 4631 4510
3 4510 4631 4632
3 4510 4632 4511
3 4511 4632 4633
3 4511 4633 4512
3 4512 4633 4634
3 4512 4634 4513
3 4513 4634 4635
3 4513 4635 4514
3 4514 4635 4636
3 4514 4636 4515
3 4515 4636 4637
3 4515 4637 4516
3 4516 4637 4638
3 4516 4638 4517
3 4517 4638 4639
3 4517 4639 4518
3 4518 4639 4640
3 4518 4640 4519
3 4519 4640 4641
3 4519 4641 4520
3 4520 4641 4642
3 4520 4642 4521
3 4521 4642 4643
3 4521 4643 4522
3 4522 4643 4644
3 4522 4644 4523
3 4523 4644 4645
3 4523 4645 4524
3 4524 4645 4646
3 4524 4646 4525
3 4525 4646 4647
3 4525 4647 4526
3 4526 4647 4648
3 4526 4648 4527
3 4527 4648 4649
3 4527 4649 4528
3 4528 4649 4650
3 4528 4650 4529
3 4529 4650 4651
3 4529 4651 4530
3 4530 4651 4652
3 4530 4652 4531
3 4531 4652 4653
3 4531 4653 4532
3 4532 4653 4654
3 4532 4654 4533
3 4533 4654 4655
3 4533 4655 4534
3 4534 4655 4656
3 4534 4656 4535
3 4535 4656 4657
3 4535 4657 4536
3 4536 4657 4658
3 4536 4658 4537
3 4537 4658 4659
3 4537 4659 4538
3 4538 4659 4660
3 4538 4660 4539
3 4539 4660 4661
3 4539 4661 4540
3 4540 4661 4662
3 4540 4662 4541
3 4541 4662 4663
3 4541 4663 4542
3 4542 4663 4664
3 4542 4664 4543
3 4543 4664 4665
3 4543 4665 4544
3 4544 4665 4666
3 4544 4666 4545
3 4545 4666 4667
3 4545 4667 4546
3 4546 4667 4668
3 4546 4668 4547
3 4547 4668 4669
3 4547 4669 4548
3 4548 4669 4670
3 4548 4670 4549
3 4549 4670 4671
3 4549 4671 4550
3 4550 4671 4672
3 4550 4672 4551
3 4551 4672 4673
3 4551 4673 4552
3 4552 4673 4674
3 4552 4674 4553
3 4553 4674 4675
3 4553 4675 4554
3 4554 4675 4676
3 4554 4676 4555
3 4555 4676 4677
3 4555 4677 4556
3 4556 4677 4678
3 4556 4678 4557
3 4557 4678 4679
3 4557 4679 4558
3 4558 4679 4680
3 4558 4680 4559
3 4559 4680 4681
3 4559 4681 4560
3 4560 4681 4682
3 4560 4682 4561
3 4561 4682 4683
3 4561 4683 4562
3 4562 4683 4684
3 4562 4684 4563
3 4563 4684 4685
3 4563 4685 4564
3 4564 4685 4686
3 4564 4686 4565
3 4565 4686 4687
3 4565 4687 4566
3 4566 4687 4688
3 4566 4688 4567
3 4567 4688 4689
3 4567 4689 4568
3 4568 4689 4690
3 4568 4690 4569
3 4569 4690 4691
3 4569 4691 4570
3 4570 4691 4692
3 4570 4692 4571
3 4571 4692 4693
3 4571 4693 4572
3 4572 4693 4694
3 4572 4694 4573
3 4573 4694 4695
3 4573 4695 4574
3 4574 4695 4696
3 4574 4696 4575
3 4575 4696 4697
3 4575 4697 4576
3 4576 4697 4698
3 4576 4698 4577
3 4577 4698 4699
3 4577 4699 4578
3 4578 4699 4700
3 4578 4700 4579
3 4579 4700 4701
3 4579 4701 4580
3 4580 4701 4702
3 4580 4702 4581
3 4581 4702 4703
3 4581 4703 4582
3 4582 4703 4704
3 4582 4704 4583
3 4583 4704 4705
3 4583 4705 4584
3 4584 4705 4706
3 4584 4706 4585
3 4585 4706 4707
3 4585 4707 4586
3 4586 4707 4708
3 4586 4708 4587
3 4587 4708 4709
3 4587 4709 4588
3 4588 4709 4710
3 4588 4710 4589
3 4589 4710 4711
3 4589 4711 4590
3 4590 4711 4712
3 4590 4712 4591
3 4591 4712 4713
3 4591 4713 4592
3 4592 4713 4714
3 4592 4714 4593
3 4593 4714 4715
3 4593 4715 4594
3 4594 4715 4716
3 4594 4716 4595
3 4595 4716 4717
3 4595 4717 4596
3 4596 4717 4718
3 4596 4718 4597
3 4598 4719 4720
3 4598 4720 4599
3 4599 4720 4721
3 4599 4721 4600
3 4600 4721 4722
3 4600 4722 4601
3 4601 4722 4723
3 4601 4723 4602
3 4602 4723 4724
3 4602 4724 4603
3 4603 4724 4725
3 4603 4725 4604
3 4604 4725 4726
3 4604 4726 4605
3 4605 4726 4727
3 4605 4727 4606
3 4606 4727 4728
3 4606 4728 4607
3 4607 4728 4729
3 4607 4729 4608
3 4608 4729 4730
3 4608 4730 4609
3 4609 4730 4731
3 4609 4731 4610
3 4610 4731 4732
3 4610 4732 4611
3 4611 4732 4733
3 4611 4733 4612
3 4612 4733 4734
3 4612 4734 4613
3 4613 4734 4735
3 4613 4735 4614
3 4614 4735 4736
3 4614 4736 4615
3 4615 4736 4737
3 4615 4737 4616
3 4616 4737 4738
3 4616 4738 4617
3 4617 4738 4739
3 4617 4739 4618
3 4618 4739 4740
3 4618 4740 4619
3 4619 4740 4741
3 4619 4741 4620
3 4620 4741 4742
3 4620 4742 4621
3 4621 4742 4743
3 4621 4743 4622
3 4622 4743 4744
3 4622 4744 4623
3 4623 4744 4745
3 4623 4745 4624
3 4624 4745 4746
3 4624 4746 4625
3 4625 4746 4747
3 4625 4747 4626
3 4626 4747 4748
3 4626 4748 4627
3 4627 4748 4749
3 4627 4749 4628
3 4628 4749 4750
3 4628 4750 4629
3 4629 4750 4751
3 4629 4751 4630
3 4630 4751 4752
3 4630 4752 4631
3 4631 4752 4753
3 4631 4753 4632
3 4632 4753 4754
3 4632 4754 4633
3 4633 4754 4755
3 4633 4755 4634
3 4634 4755 4756
3 4634 4756 4635
3 4635 4756 4757
3 4635 4757 4636
3 4636 4757 4758
3 4636 4758 4637
3 4637 4758 4759
3 4637 4759 4638
3 4638 4759 4760
3 4638 4760 4639
3 4639 4760 4761
3 4639 4761 4640
3 4640 4761 4762
3 4640 4762 4641
3 4641 4762 4763
3 4641 4763 4642
3 4642 4763 4764
3 4642 4764 4643
3 4643 4764 4765
3 4643 4765 4644
3 4644 4765 4766
3 4644 4766 4645
3 4645 4766 4767
3 4645 4767 4646
3 4646 4767 4768
3 4646 4768 4647
3 4647 4768 4769
3 4647 4769 4648
3 4648 4769 4770
3 4648 4770 4649
3 4649 4770 4771
3 4649 4771 4650
3 4650 4771 4772
3 4650 4772 4651
3 4651 4772 4773
3 4651 4773 4652
3 4652 4773 4774
3 4652 4774 4653
3 4653 4774 4775
3 4653 4775 4654
3 4654 4775 4776
3 4654 4776 4655
3 4655 4776 4777
3 4655 4777 4656
3 4656 4777 4778
3 4656 4778 4657
3 4657 4778 4779
3 4657 4779 4658
3 4658 4779 4780
3 4658 4780 4659
3 4659 4780 4781
3 4659 4781 4660
3 4660 4781 4782
3 4660 4782 4661
3 4661 4782 4783
3 4661 4783 4662
3 4662 4783 4784
3 4662 4784 4663
3 4663 4784 4785
3 4663 4785 4664
3 4664 4785 4786
3 4664 4786 4665
3 4665 4786 4787
3 4665 4787 4666
3 4666 4787 4788
3 4666 4788 4667
3 4667 4788 4789
3 4667 4789 4668
3 4668 4789 4790
3 4668 4790 4669
3 4669 4790 4791
3 4669 4791 4670
3 4670 4791 4792
3 4670 4792 4671
3 4671 4792 4793
3 4671 4793 4672
3 4672 4793 4794
3 4672 4794 4673
3 4673 4794 4795
3 4673 4795 4674
3 4674 4795 4796
3 4674 4796 4675
3 4675 4796 4797
3 4675 4797 4676
3 4676 4797 4798
3 4676 4798 4677
3 4677 4798 4799
3 4677 4799 4678
3 4678 4799 4800
3 4678 4800 4679
3 4679 4800 4801
3 4679 4801 4680
3 4680 4801 4802
3 4680 4802 4681
3 4681 4802 4803
3 4681 4803 4682
3 4682 4803 4804
3 4682 4804 4683
3 4683 4804 4805
3 4683 4805 4684
3 4684 4805 4806
3 4684 4806 4685
3 4685 4806 4807
3 4685 4807 4686
3 4686 4807 4808
3 4686 4808 4687
3 4687 4808 4809
3 4687 4809 4688
3 4688 4809 4810
3 4688 4810 4689
3 4689 4810 4811
3 4689 4811 4690
3 4690 4811 4812
3 4690 4812 4691
3 4691 4812 4813
3 4691 4813 4692
3 4692 4813 4814
3 4692 4814 4693
3 4693 4814 4815
3 4693 4815 4694
3 4694 4815 4816
3 4694 4816 4695
3 4695 4816 4817
3 4695 4817 4696
3 4696 4817 4818
3 4696 4818 4697
3 4697 4818 4819
3 4697 4819 4698
3 4698 4819 4820
3 4698 4820 4699
3 4699 4820 4821
3 4699 4821 4700
3 4700 4821 4822
3 4700 4822 4701
3 4701 4822 4823
3 4701 4823 4702
3 4702 4823 4824
3 4702 4824 4703
3 4703 4824 4825
3 4703 4825 4704
3 4704 4825 4826
3 4704 4826 4705
3 4705 4826 4827
3 4705 4827 4706
3 4706 4827 4828
3 4706 4828 4707
3 4707 4828 4829
3 4707 4829 4708
3 4708 4829 4830
3 4708 4830 4709
3 4709 4830 4831
3 4709 4831 4710
3 4710 4831 4832
3 4710 4832 4711
3 4711 4832 4833
3 4711 4833 4712
3 4712 4833 4834
3 4712 4834 4713
3 4713 4834 4835
3 4713 4835 4714
3 4714 4835 4836
3 4714 4836 4715
3 4715 4836 4837
3 4715 4837 4716
3 4716 4837 4838
3 4716 4838 4717
3 4717 4838 4839
3 4717 4839 4718
3 4719 4840 4841
3 4719 4841 4720
3 4720 4841 4842
3 4720 4842 4721
3 4721 4842 4843
3 4721 4843 4722
3 4722 4843 4844
3 4722 4844 4723
3 4723 4844 4845
3 4723 4845 4724
3 4724 4845 4846
3 4724 4846 4725
3 4725 4846 4847
3 4725 4847 4726
3 4726 4847 4848
3 4726 4848 4727
3 4727 4848 4849
3 4727 4849 4728
3 4728 4849 4850
3 4728 4850 4729
3 4729 4850 4851
3 4729 4851 4730
3 4730 4851 4852
3 4730 4852 4731
3 4731 4852 4853
3 4731 4853 4732
3 4732 4853 4854
3 4732 4854 4733
3 4733 4854 4855
3 4733 4855 4734
3 4734 4855 4856
3 4734 4856 4735
3 4735 4856 4857
3 4735 4857 4736
3 4736 4857 4858
3 4736 4858 4737
3 4737 4858 4859
3 4737 4859 4738
3 4738 4859 4860
3 4738 4860 4739
3 4739 4860 4861
3 4739 4861 4740
3 4740 4861 4862
3 4740 4862 4741
3 4741 4862 4863
3 4741 4863 4742
3 4742 4863 4864
3 4742 4864 4743
3 4743 4864 4865
3 4743 4865 4744
3 4744 4865 4866
3 4744 4866 4745
3 4745 4866 4867
3 4745 4867 4746
3 4746 4867 4868
3 4746 4868 4747
3 4747 4868 4869
3 4747 4869 4748
3 4748 4869 4870
3 4748 4870 4749
3 4749 4870 4871
3 4749 4871 4750
3 4750 4871 4872
3 4750 4872 4751
3 4751 4872 4873
3 4751 4873 4752
3 4752 4873 4874
3 4752 4874 4753
3 4753 4874 4875
3 4753 4875 4754
3 4754 4875 4876
3 4754 4876 4755
3 4755 4876 4877
3 4755 4877 4756
3 4756 4877 4878
3 4756 4878 4757
3 4757 4878 4879
3 4757 4879 4758
3 4758 4879 4880
3 4758 4880 4759
3 4759 4880 4881
3 4759 4881 4760
3 4760 4881 4882
3 4760 4882 4761
3 4761 4882 4883
3 4761 4883 4762
3 4762 4883 4884
3 4762 4884 4763
3 4763 4884 4885
3 4763 4885 4764
3 4764 4885 4886
3 4764 4886 4765
3 4765 4886 4887
3 4765 4887 4766
3 4766 4887 4888
3 4766 4888 4767
3 4767 4888 4889
3 4767 4889 4768
3 4768 4889 4890
3 4768 4890 4769
3 4769 4890 4891
3 4769 4891 4770
3 4770 4891 4892
3 4770 4892 4771
3 4771 4892 4893
3 4771 4893 4772
3 4772 4893 4894
3 4772 4894 4773
3 4773 4894 4895
3 4773 4895 4774
3 4774 4895 4896
3 4774 4896 4775
3 4775 4896 4897
3 4775 4897 4776
3 4776 4897 4898
3 4776 4898 4777
3 4777 4898 4899
3 4777 4899 4778
3 4778 4899 4900
3 4778 4900 4779
3 4779 4900 4901
3 4779 4901 4780
3 4780 4901 4902
3 4780 4902 4781
3 4781 4902 4903
3 4781 4903 4782
3 4782 4903 4904
3 4782 4904 4783
3 4783 4904 4905
3 4783 4905 4784
3 4784 4905 4906
3 4784 4906 4785
3 4785 4906 4907
3 4785 4907 4786
3 4786 4907 4908
3 4786 4908 4787
3 4787 4908 4909
3 4787 4909 4788
3 4788 4909 4910
3 4788 4910 4789
3 4789 4910 4911
3 4789 4911 4790
3 4790 4911 4912
3 4790 4912 4791
3 4791 4912 4913
3 4791 4913 4792
3 4792 4913 4914
3 4792 4914 4793
3 4793 4914 4915
3 4793 4915 4794
3 4794 4915 4916
3 4794 4916 4795
3 4795 4916 4917
3 4795 4917 4796
3 4796 4917 4918
3 4796 4918 4797
3 4797 4918 4919
3 4797 4919 4798
3 4798 4919 4920
3 4798 4920 4799
3 4799 4920 4921
3 4799 4921 4800
3 4800 4921 4922
3 4800 4922 4801
3 4801 4922 4923
3 4801 4923 4802
3 4802 4923 4924
3 4802 4924 4803
3 4803 4924 4925
3 4803 4925 4804
3 4804 4925 4926
3 4804 4926 4805
3 4805 4926 4927
3 4805 4927 4806
3 4806 4927 4928
3 4806 4928 4807
3 4807 4928 4929
3 4807 4929 4808
3 4808 4929 4930
3 4808 4930 4809
3 4809 4930 4931
3 4809 4931 4810
3 4810 4931 4932
3 4810 4932 4811
3 4811 4932 4933
3 4811 4933 4812
3 4812 4933 4934
3 4812 4934 4813
3 4813 4934 4935
3 4813 4935 4814
3 4814 4935 4936
3 4814 4936 4815
3 4815 4936 4937
3 4815 4937 4816
3 4816 4937 4938
3 4816 4938 4817
3 4817 4938 4939
3 4817 4939 4818
3 4818 4939 4940
3 4818 4940 4819
3 4819 4940 4941
3 4819 4941 4820
3 4820 4941 4942
3 4820 4942 4821
3 4821 4942 4943
3 4821 4943 4822
3 4822 4943 4944
3 4822 4944 4823
3 4823 4944 4945
3 4823 4945 4824
3 4824 4945 4946
3 4824 4946 4825
3 4825 4946 4947
3 4825 4947 4826
3 4826 4947 4948
3 4826 4948 4827
3 4827 4948 4949
3 4827 4949 4828
3 4828 4949 4950
3 4828 4950 4829
3 4829 4950 4951
3 4829 4951 4830
3 4830 4951 4952
3 4830 4952 4831
3 4831 4952 4953
3 4831 4953 4832
3 4832 4953 4954
3 4832 4954 4833
3 4833 4954 4955
3 4833 4955 4834
3 4834 4955 4956
3 4834 4956 4835
3 4835 4956 4957
3 4835 4957 4836
3 4836 4957 4958
3 4836 4958 4837
3 4837 4958 4959
3 4837 4959 4838
3 4838 4959 4960
3 4838 4960 4839
3 4840 4961 4962
3 4840 4962 4841
3 4841 4962 4963
3 4841 4963 4842
3 4842 4963 4964
3 4842 4964 4843
3 4843 4964 4965
3 4843 4965 4844
3 4844 4965 4966
3 4844 4966 4845
3 4845 4966 4967
3 4845 4967 4846
3 4846 4967 4968
3 4846 4968 4847
3 4847 4968 4969
3 4847 4969 4848
3 4848 4969 4970
3 4848 4970 4849
3 4849 4970 4971
3 4849 4971 4850
3 4850 4971 4972
3 4850 4972 4851
3 4851 4972 4973
3 4851 4973 4852
3 4852 4973 4974
3 4852 4974 4853
3 4853 4974 4975
3 4853 4975 4854
3 4854 4975 4976
3 4854 4976 4855
3 4855 4976 4977
3 4855 4977 4856
3 4856 4977 4978
3 4856 4978 4857
3 4857 4978 4979
3 4857 4979 4858
3 4858 4979 4980
3 4858 4980 4859
3 4859 4980 4981
3 4859 4981 4860
3 4860 4981 4982
3 4860 4982 4861
3 4861 4982 4983
3 4861 4983 4862
3 4862 4983 4984
3 4862 4984 4863
3 4863 4984 4985
3 4863 4985 4864
3 4864 4985 4986
3 4864 4986 4865
3 4865 4986 4987
3 4865 4987 4866
3 4866 4987 4988
3 4866 4988 4867
3 4867 4988 4989
3 4867 4989 4868
3 4868 4989 4990
3 4868 4990 4869
3 4869 4990 4991
3 4869 4991 4870
3 4870 4991 4992
3 4870 4992 4871
3 4871 4992 4993
3 4871 4993 4872
3 4872 4993 4994
3 4872 4994 4873
3 4873 4994 4995
3 4873 4995 4874
3 4874 4995 4996
3 4874 4996 4875
3 4875 4996 4997
3 4875 4997 4876
3 4876 4997 4998
3 4876 4998 4877
3 4877 4998 4999
3 4877 4999 4878
3 4878 4999 5000
3 4878 5000 4879
3 4879 5000 5001
3 4879 5001 4880
3 4880 5001 5002
3 4880 5002 4881
3 4881 5002 5003
3 4881 5003 4882
3 4882 5003 5004
3 4882 5004 4883
3 4883 5004 5005
3 4883 5005 4884
3 4884 5005 5006
3 4884 5006 4885
3 4885 5006 5007
3 4885 5007 4886
3 4886 5007 5008
3 4886 5008 4887
3 4887 5008 5009
3 4887 5009 4888
3 4888 5009 5010
3 4888 5010 4889
3 4889 5010 5011
3 4889 5011 4890
3 4890 5011 5012
3 4890 5012 4891
3 4891 5012 5013
3 4891 5013 4892
3 4892 5013 5014
3 4892 5014 4893
3 4893 5014 5015
3 4893 5015 4894
3 4894 5015 5016
3 4894 5016 4895
3 4895 5016 5017
3 4895 5017 4896
3 4896 5017 5018
3 4896 5018 4897
3 4897 5018 5019
3 4897 5019 4898
3 4898 5019 5020
3 4898 5020 4899
3 4899 5020 5021
3 4899 5021 4900
3 4900 5021 5022
3 4900 5022 4901
3 4901 5022 5023
3 4901 5023 4902
3 4902 5023 5024
3 4902 5024 4903
3 4903 5024 5025
3 4903 5025 4904
3 4904 5025 5026
3 4904 5026 4905
3 4905 5026 5027
3 4905 5027 4906
3 4906 5027 5028
3 4906 5028 4907
3 4907 5028 5029
3 4907 5029 4908
3 4908 5029 5030
3 4908 5030 4909
3 4909 5030 5031
3 4909 5031 4910
3 4910 5031 5032
3 4910 5032 4911
3 4911 5032 5033
3 4911 5033 4912
3 4912 5033 5034
3 4912 5034 4913
3 4913 5034 5035
3 4913 5035 4914
3 4914 5035 5036
3 4914 5036 4915
3 4915 5036 5037
3 4915 5037 4916
3 4916 5037 5038
3 4916 5038 4917
3 4917 5038 5039
3 4917 5039 4918
3 4918 5039 5040
3 4918 5040 4919
3 4919 5040 5041
3 4919 5041 4920
3 4920 5041 5042
3 4920 5042 4921
3 4921 5042 5043
3 4921 5043 4922
3 4922 5043 5044
3 4922 5044 4923
3 4923 5044 5045
3 4923 5045 4924
3 4924 5045 5046
3 4924 5046 4925
3 4925 5046 5047
3 4925 5047 4926
3 4926 5047 5048
3 4926 5048 4927
3 4927 5048 5049
3 4927 5049 4928
3 4928 5049 5050
3 4928 5050 4929
3 4929 5050 5051
3 4929 5051 4930
3 4930 5051 5052
3 4930 5052 4931
3 4931 5052 5053
3 4931 5053 4932
3 4932 5053 5054
3 4932 5054 4933
3 4933 5054 5055
3 4933 5055 4934
3 4934 5055 5056
3 4934 5056 4935
3 4935 5056 5057
3 4935 5057 4936
3 4936 5057 5058
3 4936 5058 4937
3 4937 5058 5059
3 4937 5059 4938
3 4938 5059 5060
3 4938 5060 4939
3 4939 5060 5061
3 4939 5061 4940
3 4940 5061 5062
3 4940 5062 4941
3 4941 5062 5063
3 4941 5063 4942
3 4942 5063 5064
3 4942 5064 4943
3 4943 5064 5065
3 4943 5065 4944
3 4944 5065 5066
3 4944 5066 4945
3 4945 5066 5067
3 4945 5067 4946
3 4946 5067 5068
3 4946 5068 4947
3 4947 5068 5069
3 4947 5069 4948
3 4948 5069 5070
3 4948 5070 4949
3 4949 5070 5071
3 4949 5071 4950
3 4950 5071 5072
3 4950 5072 4951
3 4951 5072 5073
3 4951 5073 4952
3 4952 5073 5074
3 4952 5074 4953
3 4953 5074 5075
3 4953 5075 4954
3 4954 5075 5076
3 4954 5076 4955
3 4955 5076 5077
3 4955 5077 4956
3 4956 5077 5078
3 4956 5078 4957
3 4957 5078 5079
3 4957 5079 4958
3 4958 5079 5080
3 4958 5080 4959
3 4959 5080 5081
3 4959 5081 4960
3 4961 5082 5083
3 4961 5083 4962
3 4962 5083 5084
3 4962 5084 4963
3 4963 5084 5085
3 4963 5085 4964
3 4964 5085 5086
3 4964 5086 4965
3 4965 5086 5087
3 4965 5087 4966
3 4966 5087 5088
3 4966 5088 4967
3 4967 5088 5089
3 4967 5089 4968
3 4968 5089 5090
3 4968 5090 4969
3 4969 5090 5091
3 4969 5091 4970
3 4970 5091 5092
3 4970 5092 4971
3 4971 5092 5093
3 4971 5093 4972
3 4972 5093 5094
3 4972 5094 4973
3 4973 5094 5095
3 4973 5095 4974
3 4974 5095 5096
3 4974 5096 4975
3 4975 5096 5097
3 4975 5097 4976
3 4976 5097 5098
3 4976 5098 4977
3 4977 5098 5099
3 4977 5099 4978
3 4978 5099 5100
3 4978 5100 4979
3 4979 5100 5101
3 4979 5101 4980
3 4980 5101 5102
3 4980 5102 4981
3 4981 5102 5103
3 4981 5103 4982
3 4982 5103 5104
3 4982 5104 4983
3 4983 5104 5105
3 4983 5105 4984
3 4984 5105 5106
3 4984 5106 4985
3 4985 5106 5107
3 4985 5107 4986
3 4986 5107 5108
3 4986 5108 4987
3 4987 5108 5109
3 4987 5109 4988
3 4988 5109 5110
3 4988 5110 4989
3 4989 5110 5111
3 4989 5111 4990
3 4990 5111 5112
3 4990 5112 4991
3 4991 5112 5113
3 4991 5113 4992
3 4992 5113 5114
3 4992 5114 4993
3 4993 5114 5115
3 4993 5115 4994
3 4994 5115 5116
3 4994 5116 4995
3 4995 5116 5117
3 4995 5117 4996
3 4996 5117 5118
3 4996 5118 4997
3 4997 5118 5119
3 4997 5119 4998
3 4998 5119 5120
3 4998 5120 4999
3 4999 5120 5121
3 4999 5121 5000
3 5000 5121 5122
3 5000 5122 5001
3 5001 5122 5123
3 5001 5123 5002
3 5002 5123 5124
3 5002 5124 5003
3 5003 5124 5125
3 5003 5125 5004
3 5004 5125 5126
3 5004 5126 5005
3 5005 5126 5127
3 5005 5127 5006
3 5006 5127 5128
3 5006 5128 5007
3 5007 5128 5129
3 5007 5129 5008
3 5008 5129 5130
3 5008 5130 5009
3 5009 5130 5131
3 5009 5131 5010
3 5010 5131 5132
3 5010 5132 5011
3 5011 5132 5133
3 5011 5133 5012
3 5012 5133 5134
3 5012 5134 5013
3 5013 5134 5135
3 5013 5135 5014
3 5014 5135 5136
3 5014 5136 5015
3 5015 5136 5137
3 5015 5137 5016
3 5016 5137 5138
3 5016 5138 5017
3 5017 5138 5139
3 5017 5139 5018
3 5018 5139 5140
3 5018 5140 5019
3 5019 5140 5141
3 5019 5141 5020
3 5020 5141 5142
3 5020 5142 5021
3 5021 5142 5143
3 5021 5143 5022
3 5022 5143 5144
3 5022 5144 5023
3 5023 5144 5145
3 5023 5145 5024
3 5024 5145 5146
3 5024 5146 5025
3 5025 5146 5147
3 5025 5147 5026
3 5026 5147 5148
3 5026 5148 5027
3 5027 5148 5149
3 5027 5149 5028
3 5028 5149 5150
3 5028 5150 5029
3 5029 5150 5151
3 5029 5151 5030
3 5030 5151 5152
3 5030 5152 5031
3 5031 5152 5153
3 5031 5153 5032
3 5032 5153 5154
3 5032 5154 5033
3 5033 5154 5155
3 5033 5155 5034
3 5034 5155 5156
3 5034 5156 5035
3 5035 5156 5157
3 5035 5157 5036
3 5036 5157 5158
3 5036 5158 5037
3 5037 5158 5159
3 5037 5159 5038
3 5038 5159 5160
3 5038 5160 5039
3 5039 5160 5161
3 5039 5161 5040
3 5040 5161 5162
3 5040 5162 5041
3 5041 5162 5163
3 5041 5163 5042
3 5042 5163 5164
3 5042 5164 5043
3 5043 5164 5165
3 5043 5165 5044
3 5044 5165 5166
3 5044 5166 5045
3 5045 5166 5167
3 5045 5167 5046
3 5046 5167 5168
3 5046 5168 5047
3 5047 5168 5169
3 5047 5169 5048
3 5048 5169 5170
3 5048 5170 5049
3 5049 5170 5171
3 5049 5171 5050
3 5050 5171 5172
3 5050 5172 5051
3 5051 5172 5173
3 5051 5173 5052
3 5052 5173 5174
3 5052 5174 5053
3 5053 5174 5175
3 5053 5175 5054
3 5054 5175 5176
3 5054 5176 5055
3 5055 5176 5177
3 5055 5177 5056
3 5056 5177 5178
3 5056 5178 5057
3 5057 5178 5179
3 5057 5179 5058
3 5058 5179 5180
3 5058 5180 5059
3 5059 5180 5181
3 5059 5181 5060
3 5060 5181 5182
3 5060 5182 5061
3 5061 5182 5183
3 5061 5183 5062
3 5062 5183 5184
3 5062 5184 5063
3 5063 5184 5185
3 5063 5185 5064
3 5064 5185 5186
3 5064 5186 5065
3 5065 5186 5187
3 5065 5187 5066
3 5066 5187 5188
3 5066 5188 5067
3 5067 5188 5189
3 5067 5189 5068
3 5068 5189 5190
3 5068 5190 5069
3 5069 5190 5191
3 5069 5191 5070
3 5070 5191 5192
3 5070 5192 5071
3 5071 5192 5193
3 5071 5193 5072
3 5072 5193 5194
3 5072 5194 5073
3 5073 5194 5195
3 5073 5195 5074
3 5074 5195 5196
3 5074 5196 5075
3 5075 5196 5197
3 5075 5197 5076
3 5076 5197 5198
3 5076 5198 5077
3 5077 5198 5199
3 5077 5199 5078
3 5078 5199 5200
3 5078 5200 5079
3 5079 5200 5201
3 5079 5201 5080
3 5080 5201 5202
3 5080 5202 5081
3 5082 5203 5204
3 5082 5204 5083
3 5083 5204 5205
3 5083 5205 5084
3 5084 5205 5206
3 5084 5206 5085
3 5085 5206 5207
3 5085 5207 5086
3 5086 5207 5208
3 5086 5208 5087
3 5087 5208 5209
3 5087 5209 5088
3 5088 5209 5210
3 5088 5210 5089
3 5089 5210 5211
3 5089 5211 5090
3 5090 5211 5212
3 5090 5212 5091
3 5091 5212 5213
3 5091 5213 5092
3 5092 5213 5214
3 5092 5214 5093
3 5093 5214 5215
3 5093 5215 5094
3 5094 5215 5216
3 5094 5216 5095
3 5095 5216 5217
3 5095 5217 5096
3 5096 5217 5218
3 5096 5218 5097
3 5097 5218 5219
3 5097 5219 5098
3 5098 5219 5220
3 5098 5220 5099
3 5099 5220 5221
3 5099 5221 5100
3 5100 5221 5222
3 5100 5222 5101
3 5101 5222 5223
3 5101 5223 5102
3 5102 5223 5224
3 5102 5224 5103
3 5103 5224 5225
3 5103 5225 5104
3 5104 5225 5226
3 5104 5226 5105
3 5105 5226 5227
3 5105 5227 5106
3 5106 5227 5228
3 5106 5228 5107
3 5107 5228 5229
3 5107 5229 5108
3 5108 5229 5230
3 5108 5230 5109
3 5109 5230 5231
3 5109 5231 5110
3 5110 5231 5232
3 5110 5232 5111
3 5111 5232 5233
3 5111 5233 5112
3 5112 5233 5234
3 5112 5234 5113
3 5113 5234 5235
3 5113 5235 5114
3 5114 5235 5236
3 5114 5236 5115
3 5115 5236 5237
3 5115 5237 5116
3 5116 5237 5238
3 5116 5238 5117
3 5117 5238 5239
3 5117 5239 5118
3 5118 5239 5240
3 5118 5240 5119
3 5119 5240 5241
3 5119 5241 5120
3 5120 5241 5242
3 5120 5242 5121
3 5121 5242 5243
3 5121 5243 5122
3 5122 5243 5244
3 5122 5244 5123
3 5123 5244 5245
3 5123 5245 5124
3 5124 5245 5246
3 5124 5246 5125
3 5125 5246 5247
3 5125 5247 5126
3 5126 5247 5248
3 5126 5248 5127
3 5127 5248 5249
3 5127 5249 5128
3 5128 5249 5250
3 5128 5250 5129
3 5129 5250 5251
3 5129 5251 5130
3 5130 5251 5252
3 5130 5252 5131
3 5131 5252 5253
3 5131 5253 5132
3 5132 5253 5254
3 5132 5254 5133
3 5133 5254 5255
3 5133 5255 5134
3 5134 5255 5256
3 5134 5256 5135
3 5135 5256 5257
3 5135 5257 5136
3 5136 5257 5258
3 5136 5258 5137
3 5137 5258 5259
3 5137 5259 5138
3 5138 5259 5260
3 5138 5260 5139
3 5139 5260 5261
3 5139 5261 5140
3 5140 5261 5262
3 5140 5262 5141
3 5141 5262 5263
3 5141 5263 5142
3 5142 5263 5264
3 5142 5264 5143
3 5143 5264 5265
3 5143 5265 5144
3 5144 5265 5266
3 5144 5266 5145
3 5145 5266 5267
3 5145 5267 5146
3 5146 5267 5268
3 5146 5268 5147
3 5147 5268 5269
3 5147 5269 5148
3 5148 5269 5270
3 5148 5270 5149
3 5149 5270 5271
3 5149 5271 5150
3 5150 5271 5272
3 5150 5272 5151
3 5151 5272 5273
3 5151 5273 5152
3 5152 5273 5274
3 5152 5274 5153
3 5153 5274 5275
3 5153 5275 5154
3 5154 5275 5276
3 5154 5276 5155
3 5155 5276 5277
3 5155 5277 5156
3 5156 5277 5278
3 5156 5278 5157
3 5157 5278 5279
3 5157 5279 5158
3 5158 5279 5280
3 5158 5280 5159
3 5159 5280 5281
3 5159 5281 5160
3 5160 5281 5282
3 5160 5282 5161
3 5161 5282 5283
3 5161 5283 5162
3 5162 5283 5284
3 5162 5284 5163
3 5163 5284 5285
3 5163 5285 5164
3 5164 5285 5286
3 5164 5286 5165
3 5165 5286 5287
3 5165 5287 5166
3 5166 5287 5288
3 5166 5288 5167
3 5167 5288 5289
3 5167 5289 5168
3 5168 5289 5290
3 5168 5290 5169
3 5169 5290 5291
3 5169 5291 5170
3 5170 5291 5292
3 5170 5292 5171
3 5171 5292 5293
3 5171 5293 5172
3 5172 5293 5294
3 5172 5294 5173
3 5173 5294 5295
3 5173 5295 5174
3 5174 5295 5296
3 5174 5296 5175
3 5175 5296 5297
3 5175 5297 5176
3 5176 5297 5298
3 5176 5298 5177
3 5177 5298 5299
3 5177 5299 5178
3 5178 5299 5300
3 5178 5300 5179
3 5179 5300 5301
3 5179 5301 5180
3 5180 5301 5302
3 5180 5302 5181
3 5181 5302 5303
3 5181 5303 5182
3 5182 5303 5304
3 5182 5304 5183
3 5183 5304 5305
3 5183 5305 5184
3 5184 5305 5306
3 5184 5306 5185
3 5185 5306 5307
3 5185 5307 5186
3 5186 5307 5308
3 5186 5308 5187
3 5187 5308 5309
3 5187 5309 5188
3 5188 5309 5310
3 5188 5310 5189
3 5189 5310 5311
3 5189 5311 5190
3 5190 5311 5312
3 5190 5312 5191
3 5191 5312 5313
3 5191 5313 5192
3 5192 5313 5314
3 5192 5314 5193
3 5193 5314 5315
3 5193 5315 5194
3 5194 5315 5316
3 5194 5316 5195
3 5195 5316 5317
3 5195 5317 5196
3 5196 5317 5318
3 5196 5318 5197
3 5197 5318 5319
3 5197 5319 5198
3 5198 5319 5320
3 5198 5320 5199
3 5199 5320 5321
3 5199 5321 5200
3 5200 5321 5322
3 5200 5322 5201
3 5201 5322 5323
3 5201 5323 5202
3 5203 5324 5325
3 5203 5325 5204
3 5204 5325 5326
3 5204 5326 5205
3 5205 5326 5327
3 5205 5327 5206
3 5206 5327 5328
3 5206 5328 5207
3 5207 5328 5329
3 5207 5329 5208
3 5208 5329 5330
3 5208 5330 5209
3 5209 5330 5331
3 5209 5331 5210
3 5210 5331 5332
3 5210 5332 5211
3 5211 5332 5333
3 5211 5333 5212
3 5212 5333 5334
3 5212 5334 5213
3 5213 5334 5335
3 5213 5335 5214
3 5214 5335 5336
3 5214 5336 5215
3 5215 5336 5337
3 5215 5337 5216
3 5216 5337 5338
3 5216 5338 5217
3 5217 5338 5339
3 5217 5339 5218
3 5218 5339 5340
3 5218 5340 5219
3 5219 5340 5341
3 5219 5341 5220
3 5220 5341 5342
3 5220 5342 5221
3 5221 5342 5343
3 5221 5343 5222
3 5222 5343 5344
3 5222 5344 5223
3 5223 5344 5345
3 5223 5345 5224
3 5224 5345 5346
3 5224 5346 5225
3 5225 5346 5347
3 5225 5347 5226
3 5226 5347 5348
3 5226 5348 5227
3 5227 5348 5349
3 5227 5349 5228
3 5228 5349 5350
3 5228 5350 5229
3 5229 5350 5351
3 5229 5351 5230
3 5230 5351 5352
3 5230 5352 5231
3 5231 5352 5353
3 5231 5353 5232
3 5232 5353 5354
3 5232 5354 5233
3 5233 5354 5355
3 5233 5355 5234
3 5234 5355 5356
3 5234 5356 5235
3 5235 5356 5357
3 5235 5357 5236
3 5236 5357 5358
3 5236 5358 5237
3 5237 5358 5359
3 5237 5359 5238
3 5238 5359 5360
3 5238 5360 5239
3 5239 5360 5361
3 5239 5361 5240
3 5240 5361 5362
3 5240 5362 5241
3 5241 5362 5363
3 5241 5363 5242
3 5242 5363 5364
3 5242 5364 5243
3 5243 5364 5365
3 5243 5365 5244
3 5244 5365 5366
3 5244 5366 5245
3 5245 5366 5367
3 5245 5367 5246
3 5246 5367 5368
3 5246 5368 5247
3 5247 5368 5369
3 5247 5369 5248
3 5248 5369 5370
3 5248 5370 5249
3 5249 5370 5371
3 5249 5371 5250
3 5250 5371 5372
3 5250 5372 5251
3 5251 5372 5373
3 5251 5373 5252
3 5252 5373 5374
3 5252 5374 5253
3 5253 5374 5375
3 5253 5375 5254
3 5254 5375 5376
3 5254 5376 5255
3 5255 5376 5377
3 5255 5377 5256
3 5256 5377 5378
3 5256 5378 5257
3 5257 5378 5379
3 5257 5379 5258
3 5258 5379 5380
3 5258 5380 5259
3 5259 5380 5381
3 5259 5381 5260
3 5260 5381 5382
3 5260 5382 5261
3 5261 5382 5383
3 5261 5383 5262
3 5262 5383 5384
3 5262 5384 5263
3 5263 5384 5385
3 5263 5385 5264
3 5264 5385 5386
3 5264 5386 5265
3 5265 5386 5387
3 5265 5387 5266
3 5266 5387 5388
3 5266 5388 5267
3 5267 5388 5389
3 5267 5389 5268
3 5268 5389 5390
3 5268 5390 5269
3 5269 5390 5391
3 5269 5391 5270
3 5270 5391 5392
3 5270 5392 5271
3 5271 5392 5393
3 5271 5393 5272
3 5272 5393 5394
3 5272 5394 5273
3 5273 5394 5395
3 5273 5395 5274
3 5274 5395 5396
3 5274 5396 5275
3 5275 5396 5397
3 5275 5397 5276
3 5276 5397 5398
3 5276 5398 5277
3 5277 5398 5399
3 5277 5399 5278
3 5278 5399 5400
3 5278 5400 5279
3 5279 5400 5401
3 5279 5401 5280
3 5280 5401 5402
3 5280 5402 5281
3 5281 5402 5403
3 5281 5403 5282
3 5282 5403 5404
3 5282 5404 5283
3 5283 5404 5405
3 5283 5405 5284
3 5284 5405 5406
3 5284 5406 5285
3 5285 5406 5407
3 5285 5407 5286
3 5286 5407 5408
3 5286 5408 5287
3 5287 5408 5409
3 5287 5409 5288
3 5288 5409 5410
3 5288 5410 5289
3 5289 5410 5411
3 5289 5411 5290
3 5290 5411 5412
3 5290 5412 5291
3 5291 5412 5413
3 5291 5413 5292
3 5292 5413 5414
3 5292 5414 5293
3 5293 5414 5415
3 5293 5415 5294
3 5294 5415 5416
3 5294 5416 5295
3 5295 5416 5417
3 5295 5417 5296
3 5296 5417 5418
3 5296 5418 5297
3 5297 5418 5419
3 5297 5419 5298
3 5298 5419 5420
3 5298 5420 5299
3 5299 5420 5421
3 5299 5421 5300
3 5300 5421 5422
3 5300 5422 5301
3 5301 5422 5423
3 5301 5423 5302
3 5302 5423 5424
3 5302 5424 5303
3 5303 5424 5425
3 5303 5425 5304
3 5304 5425 5426
3 5304 5426 5305
3 5305 5426 5427
3 5305 5427 5306
3 5306 5427 5428
3 5306 5428 5307
3 5307 5428 5429
3 5307 5429 5308
3 5308 5429 5430
3 5308 5430 5309
3 5309 5430 5431
3 5309 5431 5310
3 5310 5431 5432
3 5310 5432 5311
3 5311 5432 5433
3 5311 5433 5312
3 5312 5433 5434
3 5312 5434 5313
3 5313 5434 5435
3 5313 5435 5314
3 5314 5435 5436
3 5314 5436 5315
3 5315 5436 5437
3 5315 5437 5316
3 5316 5437 5438
3 5316 5438 5317
3 5317 5438 5439
3 5317 5439 5318
3 5318 5439 5440
3 5318 5440 5319
3 5319 5440 5441
3 5319 5441 5320
3 5320 5441 5442
3 5320 5442 5321
3 5321 5442 5443
3 5321 5443 5322
3 5322 5443 5444
3 5322 5444 5323
3 5324 5445 5446
3 5324 5446 5325
3 5325 5446 5447
3 5325 5447 5326
3 5326 5447 5448
3 5326 5448 5327
3 5327 5448 5449
3 5327 5449 5328
3 5328 5449 5450
3 5328 5450 5329
3 5329 5450 5451
3 5329 5451 5330
3 5330 5451 5452
3 5330 5452 5331
3 5331 5452 5453
3 5331 5453 5332
3 5332 5453 5454
3 5332 5454 5333
3 5333 5454 5455
3 5333 5455 5334
3 5334 5455 5456
3 5334 5456 5335
3 5335 5456 5457
3 5335 5457 5336
3 5336 5457 5458
3 5336 5458 5337
3 5337 5458 5459
3 5337 5459 5338
3 5338 5459 5460
3 5338 5460 5339
3 5339 5460 5461
3 5339 5461 5340
3 5340 5461 5462
3 5340 5462 5341
3 5341 5462 5463
3 5341 5463 5342
3 5342 5463 5464
3 5342 5464 5343
3 5343 5464 5465
3 5343 5465 5344
3 5344 5465 5466
3 5344 5466 5345
3 5345 5466 5467
3 5345 5467 5346
3 5346 5467 5468
3 5346 5468 5347
3 5347 5468 5469
3 5347 5469 5348
3 5348 5469 5470
3 5348 5470 5349
3 5349 5470 5471
3 5349 5471 5350
3 5350 5471 5472
3 5350 5472 5351
3 5351 5472 5473
3 5351 5473 5352
3 5352 5473 5474
3 5352 5474 5353
3 5353 5474 5475
3 5353 5475 5354
3 5354 5475 5476
3 5354 5476 5355
3 5355 5476 5477
3 5355 5477 5356
3 5356 5477 5478
3 5356 5478 5357
3 5357 5478 5479
3 5357 5479 5358
3 5358 5479 5480
3 5358 5480 5359
3 5359 5480 5481
3 5359 5481 5360
3 5360 5481 5482
3 5360 5482 5361
3 5361 5482 5483
3 5361 5483 5362
3 5362 5483 5484
3 5362 5484 5363
3 5363 5484 5485
3 5363 5485 5364
3 5364 5485 5486
3 5364 5486 5365
3 5365 5486 5487
3 5365 5487 5366
3 5366 5487 5488
3 5366 5488 5367
3 5367 5488 5489
3 5367 5489 5368
3 5368 5489 5490
3 5368 5490 5369
3 5369 5490 5491
3 5369 5491 5370
3 5370 5491 5492
3 5370 5492 5371
3 5371 5492 5493
3 5371 5493 5372
3 5372 5493 5494
3 5372 5494 5373
3 5373 5494 5495
3 5373 5495 5374
3 5374 5495 5496
3 5374 5496 5375
3 5375 5496 5497
3 5375 5497 5376
3 5376 5497 5498
3 5376 5498 5377
3 5377 5498 5499
3 5377 5499 5378
3 5378 5499 5500
3 5378 5500 5379
3 5379 5500 5501
3 5379 5501 5380
3 5380 5501 5502
3 5380 5502 5381
3 5381 5502 5503
3 5381 5503 5382
3 5382 5503 5504
3 5382 5504 5383
3 5383 5504 5505
3 5383 5505 5384
3 5384 5505 5506
3 5384 5506 5385
3 5385 5506 5507
3 5385 5507 5386
3 5386 5507 5508
3 5386 5508 5387
3 5387 5508 5509
3 5387 5509 5388
3 5388 5509 5510
3 5388 5510 5389
3 5389 5510 5511
3 5389 5511 5390
3 5390 5511 5512
3 5390 5512 5391
3 5391 5512 5513
3 5391 5513 5392
3 5392 5513 5514
3 5392 5514 5393
3 5393 5514 5515
3 5393 5515 5394
3 5394 5515 5516
3 5394 5516 5395
3 5395 5516 5517
3 5395 5517 5396
3 5396 5517 5518
3 5396 5518 5397
3 5397 5518 5519
3 5397 5519 5398
3 5398 5519 5520
3 5398 5520 5399
3 5399 5520 5521
3 5399 5521 5400
3 5400 5521 5522
3 5400 5522 5401
3 5401 5522 5523
3 5401 5523 5402
3 5402 5523 5524
3 5402 5524 5403
3 5403 5524 5525
3 5403 5525 5404
3 5404 5525 5526
3 5404 5526 5405
3 5405 5526 5527
3 5405 5527 5406
3 5406 5527 5528
3 5406 5528 5407
3 5407 5528 5529
3 5407 5529 5408
3 5408 5529 5530
3 5408 5530 5409
3 5409 5530 5531
3 5409 5531 5410
3 5410 5531 5532
3 5410 5532 5411
3 5411 5532 5533
3 5411 5533 5412
3 5412 5533 5534
3 5412 5534 5413
3 5413 5534 5535
3 5413 5535 5414
3 5414 5535 5536
3 5414 5536 5415
3 5415 5536 5537
3 5415 5537 5416
3 5416 5537 5538
3 5416 5538 5417
3 5417 5538 5539
3 5417 5539 5418
3 5418 5539 5540
3 5418 5540 5419
3 5419 5540 5541
3 5419 5541 5420
3 5420 5541 5542
3 5420 5542 5421
3 5421 5542 5543
3 5421 5543 5422
3 5422 5543 5544
3 5422 5544 5423
3 5423 5544 5545
3 5423 5545 5424
3 5424 5545 5546
3 5424 5546 5425
3 5425 5546 5547
3 5425 5547 5426
3 5426 5547 5548
3 5426 5548 5427
3 5427 5548 5549
3 5427 5549 5428
3 5428 5549 5550
3 5428 5550 5429
3 5429 5550 5551
3 5429 5551 5430
3 5430 5551 5552
3 5430 5552 5431
3 5431 5552 5553
3 5431 5553 5432
3 5432 5553 5554
3 5432 5554 5433
3 5433 5554 5555
3 5433 5555 5434
3 5434 5555 5556
3 5434 5556 5435
3 5435 5556 5557
3 5435 5557 5436
3 5436 5557 5558
3 5436 5558 5437
3 5437 5558 5559
3 5437 5559 5438
3 5438 5559 5560
3 5438 5560 5439
3 5439 5560 5561
3 5439 5561 5440
3 5440 5561 5562
3 5440 5562 5441
3 5441 5562 5563
3 5441 5563 5442
3 5442 5563 5564
3 5442 5564 5443
3 5443 5564 5565
3 5443 5565 5444
3 5445 5566 5567
3 5445 5567 5446
3 5446 5567 5568
3 5446 5568 5447
3 5447 5568 5569
3 5447 5569 5448
3 5448 5569 5570
3 5448 5570 5449
3 5449 5570 5571
3 5449 5571 5450
3 5450 5571 5572
3 5450 5572 5451
3 5451 5572 5573
3 5451 5573 5452
3 5452 5573 5574
3 5452 5574 5453
3 5453 5574 5575
3 5453 5575 5454
3 5454 5575 5576
3 5454 5576 5455
3 5455 5576 5577
3 5455 5577 5456
3 5456 5577 5578
3 5456 5578 5457
3 5457 5578 5579
3 5457 5579 5458
3 5458 5579 5580
3 5458 5580 5459
3 5459 5580 5581
3 5459 5581 5460
3 5460 5581 5582
3 5460 5582 5461
3 5461 5582 5583
3 5461 5583 5462
3 5462 5583 5584
3 5462 5584 5463
3 5463 5584 5585
3 5463 5585 5464
3 5464 5585 5586
3 5464 5586 5465
3 5465 5586 5587
3 5465 5587 5466
3 5466 5587 5588
3 5466 5588 5467
3 5467 5588 5589
3 5467 5589 5468
3 5468 5589 5590
3 5468 5590 5469
3 5469 5590 5591
3 5469 5591 5470
3 5470 5591 5592
3 5470 5592 5471
3 5471 5592 5593
3 5471 5593 5472
3 5472 5593 5594
3 5472 5594 5473
3 5473 5594 5595
3 5473 5595 5474
3 5474 5595 5596
3 5474 5596 5475
3 5475 5596 5597
3 5475 5597 5476
3 5476 5597 5598
3 5476 5598 5477
3 5477 5598 5599
3 5477 5599 5478
3 5478 5599 5600
3 5478 5600 5479
3 5479 5600 5601
3 5479 5601 5480
3 5480 5601 5602
3 5480 5602 5481
3 5481 5602 5603
3 5481 5603 5482
3 5482 5603 5604
3 5482 5604 5483
3 5483 5604 5605
3 5483 5605 5484
3 5484 5605 5606
3 5484 5606 5485
3 5485 5606 5607
3 5485 5607 5486
3 5486 5607 5608
3 5486 5608 5487
3 5487 5608 5609
3 5487 5609 5488
3 5488 5609 5610
3 5488 5610 5489
3 5489 5610 5611
3 5489 5611 5490
3 5490 5611 5612
3 5490 5612 5491
3 5491 5612 5613
3 5491 5613 5492
3 5492 5613 5614
3 5492 5614 5493
3 5493 5614 5615
3 5493 5615 5494
3 5494 5615 5616
3 5494 5616 5495
3 5495 5616 5617
3 5495 5617 5496
3 5496 5617 5618
3 5496 5618 5497
3 5497 5618 5619
3 5497 5619 5498
3 5498 5619 5620
3 5498 5620 5499
3 5499 5620 5621
3 5499 5621 5500
3 5500 5621 5622
3 5500 5622 5501
3 5501 5622 5623
3 5501 5623 5502
3 5502 5623 5624
3 5502 5624 5503
3 5503 5624 5625
3 5503 5625 5504
3 5504 5625 5626
3 5504 5626 5505
3 5505 5626 5627
3 5505 5627 5506
3 5506 5627 5628
3 5506 5628 5507
3 5507 5628 5629
3 5507 5629 5508
3 5508 5629 5630
3 5508 5630 5509
3 5509 5630 5631
3 5509 5631 5510
3 5510 5631 5632
3 5510 5632 5511
3 5511 5632 5633
3 5511 5633 5512
3 5512 5633 5634
3 5512 5634 5513
3 5513 5634 5635
3 5513 5635 5514
3 5514 5635 5636
3 5514 5636 5515
3 5515 5636 5637
3 5515 5637 5516
3 5516 5637 5638
3 5516 5638 5517
3 5517 5638 5639
3 5517 5639 5518
3 5518 5639 5640
3 5518 5640 5519
3 5519 5640 5641
3 5519 5641 5520
3 5520 5641 5642
3 5520 5642 5521
3 5521 5642 5643
3 5521 5643 5522
3 5522 5643 5644
3 5522 5644 5523
3 5523 5644 5645
3 5523 5645 5524
3 5524 5645 5646
3 5524 5646 5525
3 5525 5646 5647
3 5525 5647 5526
3 5526 5647 5648
3 5526 5648 5527
3 5527 5648 5649
3 5527 5649 5528
3 5528 5649 5650
3 5528 5650 5529
3 5529 5650 5651
3 5529 5651 5530
3 5530 5651 5652
3 5530 5652 5531
3 5531 5652 5653
3 5531 5653 5532
3 5532 5653 5654
3 5532 5654 5533
3 5533 5654 5655
3 5533 5655 5534
3 5534 5655 5656
3 5534 5656 5535
3 5535 5656 5657
3 5535 5657 5536
3 5536 5657 5658
3 5536 5658 5537
3 5537 5658 5659
3 5537 5659 5538
3 5538 5659 5660
3 5538 5660 5539
3 5539 5660 5661
3 5539 5661 5540
3 5540 5661 5662
3 5540 5662 5541
3 5541 5662 5663
3 5541 5663 5542
3 5542 5663 5664
3 5542 5664 5543
3 5543 5664 5665
3 5543 5665 5544
3 5544 5665 5666
3 5544 5666 5545
3 5545 5666 5667
3 5545 5667 5546
3 5546 5667 5668
3 5546 5668 5547
3 5547 5668 5669
3 5547 5669 5548
3 5548 5669 5670
3 5548 5670 5549
3 5549 5670 5671
3 5549 5671 5550
3 5550 5671 5672
3 5550 5672 5551
3 5551 5672 5673
3 5551 5673 5552
3 5552 5673 5674
3 5552 5674 5553
3 5553 5674 5675
3 5553 5675 5554
3 5554 5675 5676
3 5554 5676 5555
3 5555 5676 5677
3 5555 5677 5556
3 5556 5677 5678
3 5556 5678 5557
3 5557 5678 5679
3 5557 5679 5558
3 5558 5679 5680
3 5558 5680 5559
3 5559 5680 5681
3 5559 5681 5560
3 5560 5681 5682
3 5560 5682 5561
3 5561 5682 5683
3 5561 5683 5562
3 5562 5683 5684
3 5562 5684 5563
3 5563 5684 5685
3 5563 5685 5564
3 5564 5685 5686
3 5564 5686 5565
3 5566 5687 5688
3 5566 5688 5567
3 5567 5688 5689
3 5567 5689 5568
3 5568 5689 5690
3 5568 5690 5569
3 5569 5690 5691
3 5569 5691 5570
3 5570 5691 5692
3 5570 5692 5571
3 5571 5692 5693
3 5571 5693 5572
3 5572 5693 5694
3 5572 5694 5573
3 5573 5694 5695
3 5573 5695 5574
3 5574 5695 5696
3 5574 5696 5575
3 5575 5696 5697
3 5575 5697 5576
3 5576 5697 5698
3 5576 5698 5577
3 5577 5698 5699
3 5577 5699 5578
3 5578 5699 5700
3 5578 5700 5579
3 5579 5700 5701
3 5579 5701 5580
3 5580 5701 5702
3 5580 5702 5581
3 5581 5702 5703
3 5581 5703 5582
3 5582 5703 5704
3 5582 5704 5583
3 5583 5704 5705
3 5583 5705 5584
3 5584 5705 5706
3 5584 5706 5585
3 5585 5706 5707
3 5585 5707 5586
3 5586 5707 5708
3 5586 5708 5587
3 5587 5708 5709
3 5587 5709 5588
3 5588 5709 5710
3 5588 5710 5589
3 5589 5710 5711
3 5589 5711 5590
3 5590 5711 5712
3 5590 5712 5591
3 5591 5712 5713
3 5591 5713 5592
3 5592 5713 5714
3 5592 5714 5593
3 5593 5714 5715
3 5593 5715 5594
3 5594 5715 5716
3 5594 5716 5595
3 5595 5716 5717
3 5595 5717 5596
3 5596 5717 5718
3 5596 5718 5597
3 5597 5718 5719
3 5597 5719 5598
3 5598 5719 5720
3 5598 5720 5599
3 5599 5720 5721
3 5599 5721 5600
3 5600 5721 5722
3 5600 5722 5601
3 5601 5722 5723
3 5601 5723 5602
3 5602 5723 5724
3 5602 5724 5603
3 5603 5724 5725
3 5603 5725 5604
3 5604 5725 5726
3 5604 5726 5605
3 5605 5726 5727
3 5605 5727 5606
3 5606 5727 5728
3 5606 5728 5607
3 5607 5728 5729
3 5607 5729 5608
3 5608 5729 5730
3 5608 5730 5609
3 5609 5730 5731
3 5609 5731 5610
3 5610 5731 5732
3 5610 5732 5611
3 5611 5732 5733
3 5611 5733 5612
3 5612 5733 5734
3 5612 5734 5613
3 5613 5734 5735
3 5613 5735 5614
3 5614 5735 5736
3 5614 5736 5615
3 5615 5736 5737
3 5615 5737 5616
3 5616 5737 5738
3 5616 5738 5617
3 5617 5738 5739
3 5617 5739 5618
3 5618 5739 5740
3 5618 5740 5619
3 5619 5740 5741
3 5619 5741 5620
3 5620 5741 5742
3 5620 5742 5621
3 5621 5742 5743
3 5621 5743 5622
3 5622 5743 5744
3 5622 5744 5623
3 5623 5744 5745
3 5623 5745 5624
3 5624 5745 5746
3 5624 5746 5625
3 5625 5746 5747
3 5625 5747 5626
3 5626 5747 5748
3 5626 5748 5627
3 5627 5748 5749
3 5627 5749 5628
3 5628 5749 5750
3 5628 5750 5629
3 5629 5750 5751
3 5629 5751 5630
3 5630 5751 5752
3 5630 5752 5631
3 5631 5752 5753
3 5631 5753 5632
3 5632 5753 5754
3 5632 5754 5633
3 5633 5754 5755
3 5633 5755 5634
3 5634 5755 5756
3 5634 5756 5635
3 5635 5756 5757
3 5635 5757 5636
3 5636 5757 5758
3 5636 5758 5637
3 5637 5758 5759
3 5637 5759 5638
3 5638 5759 5760
3 5638 5760 5639
3 5639 5760 5761
3 5639 5761 5640
3 5640 5761 5762
3 5640 5762 5641
3 5641 5762 5763
3 5641 5763 5642
3 5642 5763 5764
3 5642 5764 5643
3 5643 5764 5765
3 5643 5765 5644
3 5644 5765 5766
3 5644 5766 5645
3 5645 5766 5767
3 5645 5767 5646
3 5646 5767 5768
3 5646 5768 5647
3 5647 5768 5769
3 5647 5769 5648
3 5648 5769 5770
3 5648 5770 5649
3 5649 5770 5771
3 5649 5771 5650
3 5650 5771 5772
3 5650 5772 5651
3 5651 5772 5773
3 5651 5773 5652
3 5652 5773 5774
3 5652 5774 5653
3 5653 5774 5775
3 5653 5775 5654
3 5654 5775 5776
3 5654 5776 5655
3 5655 5776 5777
3 5655 5777 5656
3 5656 5777 5778
3 5656 5778 5657
3 5657 5778 5779
3 5657 5779 5658
3 5658 5779 5780
3 5658 5780 5659
3 5659 5780 5781
3 5659 5781 5660
3 5660 5781 5782
3 5660 5782 5661
3 5661 5782 5783
3 5661 5783 5662
3 5662 5783 5784
3 5662 5784 5663
3 5663 5784 5785
3 5663 5785 5664
3 5664 5785 5786
3 5664 5786 5665
3 5665 5786 5787
3 5665 5787 5666
3 5666 5787 5788
3 5666 5788 5667
3 5667 5788 5789
3 5667 5789 5668
3 5668 5789 5790
3 5668 5790 5669
3 5669 5790 5791
3 5669 5791 5670
3 5670 5791 5792
3 5670 5792 5671
3 5671 5792 5793
3 5671 5793 5672
3 5672 5793 5794
3 5672 5794 5673
3 5673 5794 5795
3 5673 5795 5674
3 5674 5795 5796
3 5674 5796 5675
3 5675 5796 5797
3 5675 5797 5676
3 5676 5797 5798
3 5676 5798 5677
3 5677 5798 5799
3 5677 5799 5678
3 5678 5799 5800
3 5678 5800 5679
3 5679 5800 5801
3 5679 5801 5680
3 5680 5801 5802
3 5680 5802 5681
3 5681 5802 5803
3 5681 5803 5682
3 5682 5803 5804
3 5682 5804 5683
3 5683 5804 5805
3 5683 5805 5684
3 5684 5805 5806
3 5684 5806 5685
3 5685 5806 5807
3 5685 5807 5686
3 5687 5808 5809
3 5687 5809 5688
3 5688 5809 5810
3 5688 5810 5689
3 5689 5810 5811
3 5689 5811 5690
3 5690 5811 5812
3 5690 5812 5691
3 5691 5812 5813
3 5691 5813 5692
3 5692 5813 5814
3 5692 5814 5693
3 5693 5814 5815
3 5693 5815 5694
3 5694 5815 5816
3 5694 5816 5695
3 5695 5816 5817
3 5695 5817 5696
3 5696 5817 5818
3 5696 5818 5697
3 5697 5818 5819
3 5697 5819 5698
3 5698 5819 5820
3 5698 5820 5699
3 5699 5820 5821
3 5699 5821 5700
3 5700 5821 5822
3 5700 5822 5701
3 5701 5822 5823
3 5701 5823 5702
3 5702 5823 5824
3 5702 5824 5703
3 5703 5824 5825
3 5703 5825 5704
3 5704 5825 5826
3 5704 5826 5705
3 5705 5826 5827
3 5705 5827 5706
3 5706 5827 5828
3 5706 5828 5707
3 5707 5828 5829
3 5707 5829 5708
3 5708 5829 5830
3 5708 5830 5709
3 5709 5830 5831
3 5709 5831 5710
3 5710 5831 5832
3 5710 5832 5711
3 5711 5832 5833
3 5711 5833 5712
3 5712 5833 5834
3 5712 5834 5713
3 5713 5834 5835
3 5713 5835 5714
3 5714 5835 5836
3 5714 5836 5715
3 5715 5836 5837
3 5715 5837 5716
3 5716 5837 5838
3 5716 5838 5717
3 5717 5838 5839
3 5717 5839 5718
3 5718 5839 5840
3 5718 5840 5719
3 5719 5840 5841
3 5719 5841 5720
3 5720 5841 5842
3 5720 5842 5721
3 5721 5842 5843
3 5721 5843 5722
3 5722 5843 5844
3 5722 5844 5723
3 5723 5844 5845
3 5723 5845 5724
3 5724 5845 5846
3 5724 5846 5725
3 5725 5846 5847
3 5725 5847 5726
3 5726 5847 5848
3 5726 5848 5727
3 5727 5848 5849
3 5727 5849 5728
3 5728 5849 5850
3 5728 5850 5729
3 5729 5850 5851
3 5729 5851 5730
3 5730 5851 5852
3 5730 5852 5731
3 5731 5852 5853
3 5731 5853 5732
3 5732 5853 5854
3 5732 5854 5733
3 5733 5854 5855
3 5733 5855 5734
3 5734 5855 5856
3 5734 5856 5735
3 5735 5856 5857
3 5735 5857 5736
3 5736 5857 5858
3 5736 5858 5737
3 5737 5858 5859
3 5737 5859 5738
3 5738 5859 5860
3 5738 5860 5739
3 5739 5860 5861
3 5739 5861 5740
3 5740 5861 5862
3 5740 5862 5741
3 5741 5862 5863
3 5741 5863 5742
3 5742 5863 5864
3 5742 5864 5743
3 5743 5864 5865
3 5743 5865 5744
3 5744 5865 5866
3 5744 5866 5745
3 5745 5866 5867
3 5745 5867 5746
3 5746 5867 5868
3 5746 5868 5747
3 5747 5868 5869
3 5747 5869 5748
3 5748 5869 5870
3 5748 5870 5749
3 5749 5870 5871
3 5749 5871 5750
3 5750 5871 5872
3 5750 5872 5751
3 5751 5872 5873
3 5751 5873 5752
3 5752 5873 5874
3 5752 5874 5753
3 5753 5874 5875
3 5753 5875 5754
3 5754 5875 5876
3 5754 5876 5755
3 5755 5876 5877
3 5755 5877 5756
3 5756 5877 5878
3 5756 5878 5757
3 5757 5878 5879
3 5757 5879 5758
3 5758 5879 5880
3 5758 5880 5759
3 5759 5880 5881
3 5759 5881 5760
3 5760 5881 5882
3 5760 5882 5761
3 5761 5882 5883
3 5761 5883 5762
3 5762 5883 5884
3 5762 5884 5763
3 5763 5884 5885
3 5763 5885 5764
3 5764 5885 5886
3 5764 5886 5765
3 5765 5886 5887
3 5765 5887 5766
3 5766 5887 5888
3 5766 5888 5767
3 5767 5888 5889
3 5767 5889 5768
3 5768 5889 5890
3 5768 5890 5769
3 5769 5890 5891
3 5769 5891 5770
3 5770 5891 5892
3 5770 5892 5771
3 5771 5892 5893
3 5771 5893 5772
3 5772 5893 5894
3 5772 5894 5773
3 5773 5894 5895
3 5773 5895 5774
3 5774 5895 5896
3 5774 5896 5775
3 5775 5896 5897
3 5775 5897 5776
3 5776 5897 5898
3 5776 5898 5777
3 5777 5898 5899
3 5777 5899 5778
3 5778 5899 5900
3 5778 5900 5779
3 5779 5900 5901
3 5779 5901 5780
3 5780 5901 5902
3 5780 5902 5781
3 5781 5902 5903
3 5781 5903 5782
3 5782 5903 5904
3 5782 5904 5783
3 5783 5904 5905
3 5783 5905 5784
3 5784 5905 5906
3 5784 5906 5785
3 5785 5906 5907
3 5785 5907 5786
3 5786 5907 5908
3 5786 5908 5787
3 5787 5908 5909
3 5787 5909 5788
3 5788 5909 5910
3 5788 5910 5789
3 5789 5910 5911
3 5789 5911 5790
3 5790 5911 5912
3 5790 5912 5791
3 5791 5912 5913
3 5791 5913 5792
3 5792 5913 5914
3 5792 5914 5793
3 5793 5914 5915
3 5793 5915 5794
3 5794 5915 5916
3 5794 5916 5795
3 5795 5916 5917
3 5795 5917 5796
3 5796 5917 5918
3 5796 5918 5797
3 5797 5918 5919
3 5797 5919 5798
3 5798 5919 5920
3 5798 5920 5799
3 5799 5920 5921
3 5799 5921 5800
3 5800 5921 5922
3 5800 5922 5801
3 5801 5922 5923
3 5801 5923 5802
3 5802 5923 5924
3 5802 5924 5803
3 5803 5924 5925
3 5803 5925 5804
3 5804 5925 5926
3 5804 5926 5805
3 5805 5926 5927
3 5805 5927 5806
3 5806 5927 5928
3 5806 5928 5807
3 5808 5929 5930
3 5808 5930 5809
3 5809 5930 5931
3 5809 5931 5810
3 5810 5931 5932
3 5810 5932 5811
3 5811 5932 5933
3 5811 5933 5812
3 5812 5933 5934
3 5812 5934 5813
3 5813 5934 5935
3 5813 5935 5814
3 5814 5935 5936
3 5814 5936 5815
3 5815 5936 5937
3 5815 5937 5816
3 5816 5937 5938
3 5816 5938 5817
3 5817 5938 5939
3 5817 5939 5818
3 5818 5939 5940
3 5818 5940 5819
3 5819 5940 5941
3 5819 5941 5820
3 5820 5941 5942
3 5820 5942 5821
3 5821 5942 5943
3 5821 5943 5822
3 5822 5943 5944
3 5822 5944 5823
3 5823 5944 5945
3 5823 5945 5824
3 5824 5945 5946
3 5824 5946 5825
3 5825 5946 5947
3 5825 5947 5826
3 5826 5947 5948
3 5826 5948 5827
3 5827 5948 5949
3 5827 5949 5828
3 5828 5949 5950
3 5828 5950 5829
3 5829 5950 5951
3 5829 5951 5830
3 5830 5951 5952
3 5830 5952 5831
3 5831 5952 5953
3 5831 5953 5832
3 5832 5953 5954
3 5832 5954 5833
3 5833 5954 5955
3 5833 5955 5834
3 5834 5955 5956
3 5834 5956 5835
3 5835 5956 5957
3 5835 5957 5836
3 5836 5957 5958
3 5836 5958 5837
3 5837 5958 5959
3 5837 5959 5838
3 5838 5959 5960
3 5838 5960 5839
3 5839 5960 5961
3 5839 5961 5840
3 5840 5961 5962
3 5840 5962 5841
3 5841 5962 5963
3 5841 5963 5842
3 5842 5963 5964
3 5842 5964 5843
3 5843 5964 5965
3 5843 5965 5844
3 5844 5965 5966
3 5844 5966 5845
3 5845 5966 5967
3 5845 5967 5846
3 5846 5967 5968
3 5846 5968 5847
3 5847 5968 5969
3 5847 5969 5848
3 5848 5969 5970
3 5848 5970 5849
3 5849 5970 5971
3 5849 5971 5850
3 5850 5971 5972
3 5850 5972 5851
3 5851 5972 5973
3 5851 5973 5852
3 5852 5973 5974
3 5852 5974 5853
3 5853 5974 5975
3 5853 5975 5854
3 5854 5975 5976
3 5854 5976 5855
3 5855 5976 5977
3 5855 5977 5856
3 5856 5977 5978
3 5856 5978 5857
3 5857 5978 5979
3 5857 5979 5858
3 5858 5979 5980
3 5858 5980 5859
3 5859 5980 5981
3 5859 5981 5860
3 5860 5981 5982
3 5860 5982 5861
3 5861 5982 5983
3 5861 5983 5862
3 5862 5983 5984
3 5862 5984 5863
3 5863 5984 5985
3 5863 5985 5864
3 5864 5985 5986
3 5864 5986 5865
3 5865 5986 5987
3 5865 5987 5866
3 5866 5987 5988
3 5866 5988 5867
3 5867 5988 5989
3 5867 5989 5868
3 5868 5989 5990
3 5868 5990 5869
3 5869 5990 5991
3 5869 5991 5870
3 5870 5991 5992
3 5870 5992 5871
3 5871 5992 5993
3 5871 5993 5872
3 5872 5993 5994
3 5872 5994 5873
3 5873 5994 5995
3 5873 5995 5874
3 5874 5995 5996
3 5874 5996 5875
3 5875 5996 5997
3 5875 5997 5876
3 5876 5997 5998
3 5876 5998 5877
3 5877 5998 5999
3 5877 5999 5878
3 5878 5999 6000
3 5878 6000 5879
3 5879 6000 6001
3 5879 6001 5880
3 5880 6001 6002
3 5880 6002 5881
3 5881 6002 6003
3 5881 6003 5882
3 5882 6003 6004
3 5882 6004 5883
3 5883 6004 6005
3 5883 6005 5884
3 5884 6005 6006
3 5884 6006 5885
3 5885 6006 6007
3 5885 6007 5886
3 5886 6007 6008
3 5886 6008 5887
3 5887 6008 6009
3 5887 6009 5888
3 5888 6009 6010
3 5888 6010 5889
3 5889 6010 6011
3 5889 6011 5890
3 5890 6011 6012
3 5890 6012 5891
3 5891 6012 6013
3 5891 6013 5892
3 5892 6013 6014
3 5892 6014 5893
3 5893 6014 6015
3 5893 6015 5894
3 5894 6015 6016
3 5894 6016 5895
3 5895 6016 6017
3 5895 6017 5896
3 5896 6017 6018
3 5896 6018 5897
3 5897 6018 6019
3 5897 6019 5898
3 5898 6019 6020
3 5898 6020 5899
3 5899 6020 6021
3 5899 6021 5900
3 5900 6021 6022
3 5900 6022 5901
3 5901 6022 6023
3 5901 6023 5902
3 5902 6023 6024
3 5902 6024 5903
3 5903 6024 6025
3 5903 6025 5904
3 5904 6025 6026
3 5904 6026 5905
3 5905 6026 6027
3 5905 6027 5906
3 5906 6027 6028
3 5906 6028 5907
3 5907 6028 6029
3 5907 6029 5908
3 5908 6029 6030
3 5908 6030 5909
3 5909 6030 6031
3 5909 6031 5910
3 5910 6031 6032
3 5910 6032 5911
3 5911 6032 6033
3 5911 6033 5912
3 5912 6033 6034
3 5912 6034 5913
3 5913 6034 6035
3 5913 6035 5914
3 5914 6035 6036
3 5914 6036 5915
3 5915 6036 6037
3 5915 6037 5916
3 5916 6037 6038
3 5916 6038 5917
3 5917 6038 6039
3 5917 6039 5918
3 5918 6039 6040
3 5918 6040 5919
3 5919 6040 6041
3 5919 6041 5920
3 5920 6041 6042
3 5920 6042 5921
3 5921 6042 6043
3 5921 6043 5922
3 5922 6043 6044
3 5922 6044 5923
3 5923 6044 6045
3 5923 6045 5924
3 5924 6045 6046
3 5924 6046 5925
3 5925 6046 6047
3 5925 6047 5926
3 5926 6047 6048
3 5926 6048 5927
3 5927 6048 6049
3 5927 6049 5928
3 5929 6050 6051
3 5929 6051 5930
3 5930 6051 6052
3 5930 6052 5931
3 5931 6052 6053
3 5931 6053 5932
3 5932 6053 6054
3 5932 6054 5933
3 5933 6054 6055
3 5933 6055 5934
3 5934 6055 6056
3 5934 6056 5935
3 5935 6056 6057
3 5935 6057 5936
3 5936 6057 6058
3 5936 6058 5937
3 5937 6058 6059
3 5937 6059 5938
3 5938 6059 6060
3 5938 6060 5939
3 5939 6060 6061
3 5939 6061 5940
3 5940 6061 6062
3 5940 6062 5941
3 5941 6062 6063
3 5941 6063 5942
3 5942 6063 6064
3 5942 6064 5943
3 5943 6064 6065
3 5943 6065 5944
3 5944 6065 6066
3 5944 6066 5945
3 5945 6066 6067
3 5945 6067 5946
3 5946 6067 6068
3 5946 6068 5947
3 5947 6068 6069
3 5947 6069 5948
3 5948 6069 6070
3 5948 6070 5949
3 5949 6070 6071
3 5949 6071 5950
3 5950 6071 6072
3 5950 6072 5951
3 5951 6072 6073
3 5951 6073 5952
3 5952 6073 6074
3 5952 6074 5953
3 5953 6074 6075
3 5953 6075 5954
3 5954 6075 6076
3 5954 6076 5955
3 5955 6076 6077
3 5955 6077 5956
3 5956 6077 6078
3 5956 6078 5957
3 5957 6078 6079
3 5957 6079 5958
3 5958 6079 6080
3 5958 6080 5959
3 5959 6080 6081
3 5959 6081 5960
3 5960 6081 6082
3 5960 6082 5961
3 5961 6082 6083
3 5961 6083 5962
3 5962 6083 6084
3 5962 6084 5963
3 5963 6084 6085
3 5963 6085 5964
3 5964 6085 6086
3 5964 6086 5965
3 5965 6086 6087
3 5965 6087 5966
3 5966 6087 6088
3 5966 6088 5967
3 5967 6088 6089
3 5967 6089 5968
3 5968 6089 6090
3 5968 6090 5969
3 5969 6090 6091
3 5969 6091 5970
3 5970 6091 6092
3 5970 6092 5971
3 5971 6092 6093
3 5971 6093 5972
3 5972 6093 6094
3 5972 6094 5973
3 5973 6094 6095
3 5973 6095 5974
3 5974 6095 6096
3 5974 6096 5975
3 5975 6096 6097
3 5975 6097 5976
3 5976 6097 6098
3 5976 6098 5977
3 5977 6098 6099
3 5977 6099 5978
3 5978 6099 6100
3 5978 6100 5979
3 5979 6100 6101
3 5979 6101 5980
3 5980 6101 6102
3 5980 6102 5981
3 5981 6102 6103
3 5981 6103 5982
3 5982 6103 6104
3 5982 6104 5983
3 5983 6104 6105
3 5983 6105 5984
3 5984 6105 6106
3 5984 6106 5985
3 5985 6106 6107
3 5985 6107 5986
3 5986 6107 6108
3 5986 6108 5987
3 5987 6108 6109
3 5987 6109 5988
3 5988 6109 6110
3 5988 6110 5989
3 5989 6110 6111
3 5989 6111 5990
3 5990 6111 6112
3 5990 6112 5991
3 5991 6112 6113
3 5991 6113 5992
3 5992 6113 6114
3 5992 6114 5993
3 5993 6114 6115
3 5993 6115 5994
3 5994 6115 6116
3 5994 6116 5995
3 5995 6116 6117
3 5995 6117 5996
3 5996 6117 6118
3 5996 6118 5997
3 5997 6118 6119
3 5997 6119 5998
3 5998 6119 6120
3 5998 6120 5999
3 5999 6120 6121
3 5999 6121 6000
3 6000 6121 6122
3 6000 6122 6001
3 6001 6122 6123
3 6001 6123 6002
3 6002 6123 6124
3 6002 6124 6003
3 6003 6124 6125
3 6003 6125 6004
3 6004 6125 6126
3 6004 6126 6005
3 6005 6126 6127
3 6005 6127 6006
3 6006 6127 6128
3 6006 6128 6007
3 6007 6128 6129
3 6007 6129 6008
3 6008 6129 6130
3 6008 6130 6009
3 6009 6130 6131
3 6009 6131 6010
3 6010 6131 6132
3 6010 6132 6011
3 6011 6132 6133
3 6011 6133 6012
3 6012 6133 6134
3 6012 6134 6013
3 6013 6134 6135
3 6013 6135 6014
3 6014 6135 6136
3 6014 6136 6015
3 6015 6136 6137
3 6015 6137 6016
3 6016 6137 6138
3 6016 6138 6017
3 6017 6138 6139
3 6017 6139 6018
3 6018 6139 6140
3 6018 6140 6019
3 6019 6140 6141
3 6019 6141 6020
3 6020 6141 6142
3 6020 6142 6021
3 6021 6142 6143
3 6021 6143 6022
3 6022 6143 6144
3 6022 6144 6023
3 6023 6144 6145
3 6023 6145 6024
3 6024 6145 6146
3 6024 6146 6025
3 6025 6146 6147
3 6025 6147 6026
3 6026 6147 6148
3 6026 6148 6027
3 6027 6148 6149
3 6027 6149 6028
3 6028 6149 6150
3 6028 6150 6029
3 6029 6150 6151
3 6029 6151 6030
3 6030 6151 6152
3 6030 6152 6031
3 6031 6152 6153
3 6031 6153 6032
3 6032 6153 6154
3 6032 6154 6033
3 6033 6154 6155
3 6033 6155 6034
3 6034 6155 6156
3 6034 6156 6035
3 6035 6156 6157
3 6035 6157 6036
3 6036 6157 6158
3 6036 6158 6037
3 6037 6158 6159
3 6037 6159 6038
3 6038 6159 6160
3 6038 6160 6039
3 6039 6160 6161
3 6039 6161 6040
3 6040 6161 6162
3 6040 6162 6041
3 6041 6162 6163
3 6041 6163 6042
3 6042 6163 6164
3 6042 6164 6043
3 6043 6164 6165
3 6043 6165 6044
3 6044 6165 6166
3 6044 6166 6045
3 6045 6166 6167
3 6045 6167 6046
3 6046 6167 6168
3 6046 6168 6047
3 6047 6168 6169
3 6047 6169 6048
3 6048 6169 6170
3 6048 6170 6049
3 6050 6171 6172
3 6050 6172 6051
3 6051 6172 6173
3 6051 6173 6052
3 6052 6173 6174
3 6052 6174 6053
3 6053 6174 6175
3 6053 6175 6054
3 6054 6175 6176
3 6054 6176 6055
3 6055 6176 6177
3 6055 6177 6056
3 6056 6177 6178
3 6056 6178 6057
3 6057 6178 6179
3 6057 6179 6058
3 6058 6179 6180
3 6058 6180 6059
3 6059 6180 6181
3 6059 6181 6060
3 6060 6181 6182
3 6060 6182 6061
3 6061 6182 6183
3 6061 6183 6062
3 6062 6183 6184
3 6062 6184 6063
3 6063 6184 6185
3 6063 6185 6064
3 6064 6185 6186
3 6064 6186 6065
3 6065 6186 6187
3 6065 6187 6066
3 6066 6187 6188
3 6066 6188 6067
3 6067 6188 6189
3 6067 6189 6068
3 6068 6189 6190
3 6068 6190 6069
3 6069 6190 6191
3 6069 6191 6070
3 6070 6191 6192
3 6070 6192 6071
3 6071 6192 6193
3 6071 6193 6072
3 6072 6193 6194
3 6072 6194 6073
3 6073 6194 6195
3 6073 6195 6074
3 6074 6195 6196
3 6074 6196 6075
3 6075 6196 6197
3 6075 6197 6076
3 6076 6197 6198
3 6076 6198 6077
3 6077 6198 6199
3 6077 6199 6078
3 6078 6199 6200
3 6078 6200 6079
3 6079 6200 6201
3 6079 6201 6080
3 6080 6201 6202
3 6080 6202 6081
3 6081 6202 6203
3 6081 6203 6082
3 6082 6203 6204
3 6082 6204 6083
3 6083 6204 6205
3 6083 6205 6084
3 6084 6205 6206
3 6084 6206 6085
3 6085 6206 6207
3 6085 6207 6086
3 6086 6207 6208
3 6086 6208 6087
3 6087 6208 6209
3 6087 6209 6088
3 6088 6209 6210
3 6088 6210 6089
3 6089 6210 6211
3 6089 6211 6090
3 6090 6211 6212
3 6090 6212 6091
3 6091 6212 6213
3 6091 6213 6092
3 6092 6213 6214
3 6092 6214 6093
3 6093 6214 6215
3 6093 6215 6094
3 6094 6215 6216
3 6094 6216 6095
3 6095 6216 6217
3 6095 6217 6096
3 6096 6217 6218
3 6096 6218 6097
3 6097 6218 6219
3 6097 6219 6098
3 6098 6219 6220
3 6098 6220 6099
3 6099 6220 6221
3 6099 6221 6100
3 6100 6221 6222
3 6100 6222 6101
3 6101 6222 6223
3 6101 6223 6102
3 6102 6223 6224
3 6102 6224 6103
3 6103 6224 6225
3 6103 6225 6104
3 6104 6225 6226
3 6104 6226 6105
3 6105 6226 6227
3 6105 6227 6106
3 6106 6227 6228
3 6106 6228 6107
3 6107 6228 6229
3 6107 6229 6108
3 6108 6229 6230
3 6108 6230 6109
3 6109 6230 6231
3 6109 6231 6110
3 6110 6231 6232
3 6110 6232 6111
3 6111 6232 6233
3 6111 6233 6112
3 6112 6233 6234
3 6112 6234 6113
3 6113 6234 6235
3 6113 6235 6114
3 6114 6235 6236
3 6114 6236 6115
3 6115 6236 6237
3 6115 6237 6116
3 6116 6237 6238
3 6116 6238 6117
3 6117 6238 6239
3 6117 6239 6118
3 6118 6239 6240
3 6118 6240 6119
3 6119 6240 6241
3 6119 6241 6120
3 6120 6241 6242
3 6120 6242 6121
3 6121 6242 6243
3 6121 6243 6122
3 6122 6243 6244
3 6122 6244 6123
3 6123 6244 6245
3 6123 6245 6124
3 6124 6245 6246
3 6124 6246 6125
3 6125 6246 6247
3 6125 6247 6126
3 6126 6247 6248
3 6126 6248 6127
3 6127 6248 6249
3 6127 6249 6128
3 6128 6249 6250
3 6128 6250 6129
3 6129 6250 6251
3 6129 6251 6130
3 6130 6251 6252
3 6130 6252 6131
3 6131 6252 6253
3 6131 6253 6132
3 6132 6253 6254
3 6132 6254 6133
3 6133 6254 6255
3 6133 6255 6134
3 6134 6255 6256
3 6134 6256 6135
3 6135 6256 6257
3 6135 6257 6136
3 6136 6257 6258
3 6136 6258 6137
3 6137 6258 6259
3 6137 6259 6138
3 6138 6259 6260
3 6138 6260 6139
3 6139 6260 6261
3 6139 6261 6140
3 6140 6261 6262
3 6140 6262 6141
3 6141 6262 6263
3 6141 6263 6142
3 6142 6263 6264
3 6142 6264 6143
3 6143 6264 6265
3 6143 6265 6144
3 6144 6265 6266
3 6144 6266 6145
3 6145 6266 6267
3 6145 6267 6146
3 6146 6267 6268
3 6146 6268 6147
3 6147 6268 6269
3 6147 6269 6148
3 6148 6269 6270
3 6148 6270 6149
3 6149 6270 6271
3 6149 6271 6150
3 6150 6271 6272
3 6150 6272 6151
3 6151 6272 6273
3 6151 6273 6152
3 6152 6273 6274
3 6152 6274 6153
3 6153 6274 6275
3 6153 6275 6154
3 6154 6275 6276
3 6154 6276 6155
3 6155 6276 6277
3 6155 6277 6156
3 6156 6277 6278
3 6156 6278 6157
3 6157 6278 6279
3 6157 6279 6158
3 6158 6279 6280
3 6158 6280 6159
3 6159 6280 6281
3 6159 6281 6160
3 6160 6281 6282
3 6160 6282 6161
3 6161 6282 6283
3 6161 6283 6162
3 6162 6283 6284
3 6162 6284 6163
3 6163 6284 6285
3 6163 6285 6164
3 6164 6285 6286
3 6164 6286 6165
3 6165 6286 6287
3 6165 6287 6166
3 6166 6287 6288
3 6166 6288 6167
3 6167 6288 6289
3 6167 6289 6168
3 6168 6289 6290
3 6168 6290 6169
3 6169 6290 6291
3 6169 6291 6170
3 6171 6292 6293
3 6171 6293 6172
3 6172 6293 6294
3 6172 6294 6173
3 6173 6294 6295
3 6173 6295 6174
3 6174 6295 6296
3 6174 6296 6175
3 6175 6296 6297
3 6175 6297 6176
3 6176 6297 6298
3 6176 6298 6177
3 6177 6298 6299
3 6177 6299 6178
3 6178 6299 6300
3 6178 6300 6179
3 6179 6300 6301
3 6179 6301 6180
3 6180 6301 6302
3 6180 6302 6181
3 6181 6302 6303
3 6181 6303 6182
3 6182 6303 6304
3 6182 6304 6183
3 6183 6304 6305
3 6183 6305 6184
3 6184 6305 6306
3 6184 6306 6185
3 6185 6306 6307
3 6185 6307 6186
3 6186 6307 6308
3 6186 6308 6187
3 6187 6308 6309
3 6187 6309 6188
3 6188 6309 6310
3 6188 6310 6189
3 6189 6310 6311
3 6189 6311 6190
3 6190 6311 6312
3 6190 6312 6191
3 6191 6312 6313
3 6191 6313 6192
3 6192 6313 6314
3 6192 6314 6193
3 6193 6314 6315
3 6193 6315 6194
3 6194 6315 6316
3 6194 6316 6195
3 6195 6316 6317
3 6195 6317 6196
3 6196 6317 6318
3 6196 6318 6197
3 6197 6318 6319
3 6197 6319 6198
3 6198 6319 6320
3 6198 6320 6199
3 6199 6320 6321
3 6199 6321 6200
3 6200 6321 6322
3 6200 6322 6201
3 6201 6322 6323
3 6201 6323 6202
3 6202 6323 6324
3 6202 6324 6203
3 6203 6324 6325
3 6203 6325 6204
3 6204 6325 6326
3 6204 6326 6205
3 6205 6326 6327
3 6205 6327 6206
3 6206 6327 6328
3 6206 6328 6207
3 6207 6328 6329
3 6207 6329 6208
3 6208 6329 6330
3 6208 6330 6209
3 6209 6330 6331
3 6209 6331 6210
3 6210 6331 6332
3 6210 6332 6211
3 6211 6332 6333
3 6211 6333 6212
3 6212 6333 6334
3 6212 6334 6213
3 6213 6334 6335
3 6213 6335 6214
3 6214 6335 6336
3 6214 6336 6215
3 6215 6336 6337
3 6215 6337 6216
3 6216 6337 6338
3 6216 6338 6217
3 6217 6338 6339
3 6217 6339 6218
3 6218 6339 6340
3 6218 6340 6219
3 6219 6340 6341
3 6219 6341 6220
3 6220 6341 6342
3 6220 6342 6221
3 6221 6342 6343
3 6221 6343 6222
3 6222 6343 6344
3 6222 6344 6223
3 6223 6344 6345
3 6223 6345 6224
3 6224 6345 6346
3 6224 6346 6225
3 6225 6346 6347
3 6225 6347 6226
3 6226 6347 6348
3 6226 6348 6227
3 6227 6348 6349
3 6227 6349 6228
3 6228 6349 6350
3 6228 6350 6229
3 6229 6350 6351
3 6229 6351 6230
3 6230 6351 6352
3 6230 6352 6231
3 6231 6352 6353
3 6231 6353 6232
3 6232 6353 6354
3 6232 6354 6233
3 6233 6354 6355
3 6233 6355 6234
3 6234 6355 6356
3 6234 6356 6235
3 6235 6356 6357
3 6235 6357 6236
3 6236 6357 6358
3 6236 6358 6237
3 6237 6358 6359
3 6237 6359 6238
3 6238 6359 6360
3 6238 6360 6239
3 6239 6360 6361
3 6239 6361 6240
3 6240 6361 6362
3 6240 6362 6241
3 6241 6362 6363
3 6241 6363 6242
3 6242 6363 6364
3 6242 6364 6243
3 6243 6364 6365
3 6243 6365 6244
3 6244 6365 6366
3 6244 6366 6245
3 6245 6366 6367
3 6245 6367 6246
3 6246 6367 6368
3 6246 6368 6247
3 6247 6368 6369
3 6247 6369 6248
3 6248 6369 6370
3 6248 6370 6249
3 6249 6370 6371
3 6249 6371 6250
3 6250 6371 6372
3 6250 6372 6251
3 6251 6372 6373
3 6251 6373 6252
3 6252 6373 6374
3 6252 6374 6253
3 6253 6374 6375
3 6253 6375 6254
3 6254 6375 6376
3 6254 6376 6255
3 6255 6376 6377
3 6255 6377 6256
3 6256 6377 6378
3 6256 6378 6257
3 6257 6378 6379
3 6257 6379 6258
3 6258 6379 6380
3 6258 6380 6259
3 6259 6380 6381
3 6259 6381 6260
3 6260 6381 6382
3 6260 6382 6261
3 6261 6382 6383
3 6261 6383 6262
3 6262 6383 6384
3 6262 6384 6263
3 6263 6384 6385
3 6263 6385 6264
3 6264 6385 6386
3 6264 6386 6265
3 6265 6386 6387
3 6265 6387 6266
3 6266 6387 6388
3 6266 6388 6267
3 6267 6388 6389
3 6267 6389 6268
3 6268 6389 6390
3 6268 6390 6269
3 6269 6390 6391
3 6269 6391 6270
3 6270 6391 6392
3 6270 6392 6271
3 6271 6392 6393
3 6271 6393 6272
3 6272 6393 6394
3 6272 6394 6273
3 6273 6394 6395
3 6273 6395 6274
3 6274 6395 6396
3 6274 6396 6275
3 6275 6396 6397
3 6275 6397 6276
3 6276 6397 6398
3 6276 6398 6277
3 6277 6398 6399
3 6277 6399 6278
3 6278 6399 6400
3 6278 6400 6279
3 6279 6400 6401
3 6279 6401 6280
3 6280 6401 6402
3 6280 6402 6281
3 6281 6402 6403
3 6281 6403 6282
3 6282 6403 6404
3 6282 6404 6283
3 6283 6404 6405
3 6283 6405 6284
3 6284 6405 6406
3 6284 6406 6285
3 6285 6406 6407
3 6285 6407 6286
3 6286 6407 6408
3 6286 6408 6287
3 6287 6408 6409
3 6287 6409 6288
3 6288 6409 6410
3 6288 6410 6289
3 6289 6410 6411
3 6289 6411 6290
3 6290 6411 6412
3 6290 6412 6291
3 6292 6413 6414
3 6292 6414 6293
3 6293 6414 6415
3 6293 6415 6294
3 6294 6415 6416
3 6294 6416 6295
3 6295 6416 6417
3 6295 6417 6296
3 6296 6417 6418
3 6296 6418 6297
3 6297 6418 6419
3 6297 6419 6298
3 6298 6419 6420
3 6298 6420 6299
3 6299 6420 6421
3 6299 6421 6300
3 6300 6421 6422
3 6300 6422 6301
3 6301 6422 6423
3 6301 6423 6302
3 6302 6423 6424
3 6302 6424 6303
3 6303 6424 6425
3 6303 6425 6304
3 6304 6425 6426
3 6304 6426 6305
3 6305 6426 6427
3 6305 6427 6306
3 6306 6427 6428
3 6306 6428 6307
3 6307 6428 6429
3 6307 6429 6308
3 6308 6429 6430
3 6308 6430 6309
3 6309 6430 6431
3 6309 6431 6310
3 6310 6431 6432
3 6310 6432 6311
3 6311 6432 6433
3 6311 6433 6312
3 6312 6433 6434
3 6312 6434 6313
3 6313 6434 6435
3 6313 6435 6314
3 6314 6435 6436
3 6314 6436 6315
3 6315 6436 6437
3 6315 6437 6316
3 6316 6437 6438
3 6316 6438 6317
3 6317 6438 6439
3 6317 6439 6318
3 6318 6439 6440
3 6318 6440 6319
3 6319 6440 6441
3 6319 6441 6320
3 6320 6441 6442
3 6320 6442 6321
3 6321 6442 6443
3 6321 6443 6322
3 6322 6443 6444
3 6322 6444 6323
3 6323 6444 6445
3 6323 6445 6324
3 6324 6445 6446
3 6324 6446 6325
3 6325 6446 6447
3 6325 6447 6326
3 6326 6447 6448
3 6326 6448 6327
3 6327 6448 6449
3 6327 6449 6328
3 6328 6449 6450
3 6328 6450 6329
3 6329 6450 6451
3 6329 6451 6330
3 6330 6451 6452
3 6330 6452 6331
3 6331 6452 6453
3 6331 6453 6332
3 6332 6453 6454
3 6332 6454 6333
3 6333 6454 6455
3 6333 6455 6334
3 6334 6455 6456
3 6334 6456 6335
3 6335 6456 6457
3 6335 6457 6336
3 6336 6457 6458
3 6336 6458 6337
3 6337 6458 6459
3 6337 6459 6338
3 6338 6459 6460
3 6338 6460 6339
3 6339 6460 6461
3 6339 6461 6340
3 6340 6461 6462
3 6340 6462 6341
3 6341 6462 6463
3 6341 6463 6342
3 6342 6463 6464
3 6342 6464 6343
3 6343 6464 6465
3 6343 6465 6344
3 6344 6465 6466
3 6344 6466 6345
3 6345 6466 6467
3 6345 6467 6346
3 6346 6467 6468
3 6346 6468 6347
3 6347 6468 6469
3 6347 6469 6348
3 6348 6469 6470
3 6348 6470 6349
3 6349 6470 6471
3 6349 6471 6350
3 6350 6471 6472
3 6350 6472 6351
3 6351 6472 6473
3 6351 6473 6352
3 6352 6473 6474
3 6352 6474 6353
3 6353 6474 6475
3 6353 6475 6354
3 6354 6475 6476
3 6354 6476 6355
3 6355 6476 6477
3 6355 6477 6356
3 6356 6477 6478
3 6356 6478 6357
3 6357 6478 6479
3 6357 6479 6358
3 6358 6479 6480
3 6358 6480 6359
3 6359 6480 6481
3 6359 6481 6360
3 6360 6481 6482
3 6360 6482 6361
3 6361 6482 6483
3 6361 6483 6362
3 6362 6483 6484
3 6362 6484 6363
3 6363 6484 6485
3 6363 6485 6364
3 6364 6485 6486
3 6364 6486 6365
3 6365 6486 6487
3 6365 6487 6366
3 6366 6487 6488
3 6366 6488 6367
3 6367 6488 6489
3 6367 6489 6368
3 6368 6489 6490
3 6368 6490 6369
3 6369 6490 6491
3 6369 6491 6370
3 6370 6491 6492
3 6370 6492 6371
3 6371 6492 6493
3 6371 6493 6372
3 6372 6493 6494
3 6372 6494 6373
3 6373 6494 6495
3 6373 6495 6374
3 6374 6495 6496
3 6374 6496 6375
3 6375 6496 6497
3 6375 6497 6376
3 6376 6497 6498
3 6376 6498 6377
3 6377 6498 6499
3 6377 6499 6378
3 6378 6499 6500
3 6378 6500 6379
3 6379 6500 6501
3 6379 6501 6380
3 6380 6501 6502
3 6380 6502 6381
3 6381 6502 6503
3 6381 6503 6382
3 6382 6503 6504
3 6382 6504 6383
3 6383 6504 6505
3 6383 6505 6384
3 6384 6505 6506
3 6384 6506 6385
3 6385 6506 6507
3 6385 6507 6386
3 6386 6507 6508
3 6386 6508 6387
3 6387 6508 6509
3 6387 6509 6388
3 6388 6509 6510
3 6388 6510 6389
3 6389 6510 6511
3 6389 6511 6390
3 6390 6511 6512
3 6390 6512 6391
3 6391 6512 6513
3 6391 6513 6392
3 6392 6513 6514
3 6392 6514 6393
3 6393 6514 6515
3 6393 6515 6394
3 6394 6515 6516
3 6394 6516 6395
3 6395 6516 6517
3 6395 6517 6396
3 6396 6517 6518
3 6396 6518 6397
3 6397 6518 6519
3 6397 6519 6398
3 6398 6519 6520
3 6398 6520 6399
3 6399 6520 6521
3 6399 6521 6400
3 6400 6521 6522
3 6400 6522 6401
3 6401 6522 6523
3 6401 6523 6402
3 6402 6523 6524
3 6402 6524 6403
3 6403 6524 6525
3 6403 6525 6404
3 6404 6525 6526
3 6404 6526 6405
3 6405 6526 6527
3 6405 6527 6406
3 6406 6527 6528
3 6406 6528 6407
3 6407 6528 6529
3 6407 6529 6408
3 6408 6529 6530
3 6408 6530 6409
3 6409 6530 6531
3 6409 6531 6410
3 6410 6531 6532
3 6410 6532 6411
3 6411 6532 6533
3 6411 6533 6412
3 6413 6534 6535
3 6413 6535 6414
3 6414 6535 6536
3 6414 6536 6415
3 6415 6536 6537
3 6415 6537 6416
3 6416 6537 6538
3 6416 6538 6417
3 6417 6538 6539
3 6417 6539 6418
3 6418 6539 6540
3 6418 6540 6419
3 6419 6540 6541
3 6419 6541 6420
3 6420 6541 6542
3 6420 6542 6421
3 6421 6542 6543
3 6421 6543 6422
3 6422 6543 6544
3 6422 6544 6423
3 6423 6544 6545
3 6423 6545 6424
3 6424 6545 6546
3 6424 6546 6425
3 6425 6546 6547
3 6425 6547 6426
3 6426 6547 6548
3 6426 6548 6427
3 6427 6548 6549
3 6427 6549 6428
3 6428 6549 6550
3 6428 6550 6429
3 6429 6550 6551
3 6429 6551 6430
3 6430 6551 6552
3 6430 6552 6431
3 6431 6552 6553
3 6431 6553 6432
3 6432 6553 6554
3 6432 6554 6433
3 6433 6554 6555
3 6433 6555 6434
3 6434 6555 6556
3 6434 6556 6435
3 6435 6556 6557
3 6435 6557 6436
3 6436 6557 6558
3 6436 6558 6437
3 6437 6558 6559
3 6437 6559 6438
3 6438 6559 6560
3 6438 6560 6439
3 6439 6560 6561
3 6439 6561 6440
3 6440 6561 6562
3 6440 6562 6441
3 6441 6562 6563
3 6441 6563 6442
3 6442 6563 6564
3 6442 6564 6443
3 6443 6564 6565
3 6443 6565 6444
3 6444 6565 6566
3 6444 6566 6445
3 6445 6566 6567
3 6445 6567 6446
3 6446 6567 6568
3 6446 6568 6447
3 6447 6568 6569
3 6447 6569 6448
3 6448 6569 6570
3 6448 6570 6449
3 6449 6570 6571
3 6449 6571 6450
3 6450 6571 6572
3 6450 6572 6451
3 6451 6572 6573
3 6451 6573 6452
3 6452 6573 6574
3 6452 6574 6453
3 6453 6574 6575
3 6453 6575 6454
3 6454 6575 6576
3 6454 6576 6455
3 6455 6576 6577
3 6455 6577 6456
3 6456 6577 6578
3 6456 6578 6457
3 6457 6578 6579
3 6457 6579 6458
3 6458 6579 6580
3 6458 6580 6459
3 6459 6580 6581
3 6459 6581 6460
3 6460 6581 6582
3 6460 6582 6461
3 6461 6582 6583
3 6461 6583 6462
3 6462 6583 6584
3 6462 6584 6463
3 6463 6584 6585
3 6463 6585 6464
3 6464 6585 6586
3 6464 6586 6465
3 6465 6586 6587
3 6465 6587 6466
3 6466 6587 6588
3 6466 6588 6467
3 6467 6588 6589
3 6467 6589 6468
3 6468 6589 6590
3 6468 6590 6469
3 6469 6590 6591
3 6469 6591 6470
3 6470 6591 6592
3 6470 6592 6471
3 6471 6592 6593
3 6471 6593 6472
3 6472 6593 6594
3 6472 6594 6473
3 6473 6594 6595
3 6473 6595 6474
3 6474 6595 6596
3 6474 6596 6475
3 6475 6596 6597
3 6475 6597 6476
3 6476 6597 6598
3 6476 6598 6477
3 6477 6598 6599
3 6477 6599 6478
3 6478 6599 6600
3 6478 6600 6479
3 6479 6600 6601
3 6479 6601 6480
3 6480 6601 6602
3 6480 6602 6481
3 6481 6602 6603
3 6481 6603 6482
3 6482 6603 6604
3 6482 6604 6483
3 6483 6604 6605
3 6483 6605 6484
3 6484 6605 6606
3 6484 6606 6485
3 6485 6606 6607
3 6485 6607 6486
3 6486 6607 6608
3 6486 6608 6487
3 6487 6608 6609
3 6487 6609 6488
3 6488 6609 6610
3 6488 6610 6489
3 6489 6610 6611
3 6489 6611 6490
3 6490 6611 6612
3 6490 6612 6491
3 6491 6612 6613
3 6491 6613 6492
3 6492 6613 6614
3 6492 6614 6493
3 6493 6614 6615
3 6493 6615 6494
3 6494 6615 6616
3 6494 6616 6495
3 6495 6616 6617
3 6495 6617 6496
3 6496 6617 6618
3 6496 6618 6497
3 6497 6618 6619
3 6497 6619 6498
3 6498 6619 6620
3 6498 6620 6499
3 6499 6620 6621
3 6499 6621 6500
3 6500 6621 6622
3 6500 6622 6501
3 6501 6622 6623
3 6501 6623 6502
3 6502 6623 6624
3 6502 6624 6503
3 6503 6624 6625
3 6503 6625 6504
3 6504 6625 6626
3 6504 6626 6505
3 6505 6626 6627
3 6505 6627 6506
3 6506 6627 6628
3 6506 6628 6507
3 6507 6628 6629
3 6507 6629 6508
3 6508 6629 6630
3 6508 6630 6509
3 6509 6630 6631
3 6509 6631 6510
3 6510 6631 6632
3 6510 6632 6511
3 6511 6632 6633
3 6511 6633 6512
3 6512 6633 6634
3 6512 6634 6513
3 6513 6634 6635
3 6513 6635 6514
3 6514 6635 6636
3 6514 6636 6515
3 6515 6636 6637
3 6515 6637 6516
3 6516 6637 6638
3 6516 6638 6517
3 6517 6638 6639
3 6517 6639 6518
3 6518 6639 6640
3 6518 6640 6519
3 6519 6640 6641
3 6519 6641 6520
3 6520 6641 6642
3 6520 6642 6521
3 6521 6642 6643
3 6521 6643 6522
3 6522 6643 6644
3 6522 6644 6523
3 6523 6644 6645
3 6523 6645 6524
3 6524 6645 6646
3 6524 6646 6525
3 6525 6646 6647
3 6525 6647 6526
3 6526 6647 6648
3 6526 6648 6527
3 6527 6648 6649
3 6527 6649 6528
3 6528 6649 6650
3 6528 6650 6529
3 6529 6650 6651
3 6529 6651 6530
3 6530 6651 6652
3 6530 6652 6531
3 6531 6652 6653
3 6531 6653 6532
3 6532 6653 6654
3 6532 6654 6533
3 6534 6655 6656
3 6534 6656 6535
3 6535 6656 6657
3 6535 6657 6536
3 6536 6657 6658
3 6536 6658 6537
3 6537 6658 6659
3 6537 6659 6538
3 6538 6659 6660
3 6538 6660 6539
3 6539 6660 6661
3 6539 6661 6540
3 6540 6661 6662
3 6540 6662 6541
3 6541 6662 6663
3 6541 6663 6542
3 6542 6663 6664
3 6542 6664 6543
3 6543 6664 6665
3 6543 6665 6544
3 6544 6665 6666
3 6544 6666 6545
3 6545 6666 6667
3 6545 6667 6546
3 6546 6667 6668
3 6546 6668 6547
3 6547 6668 6669
3 6547 6669 6548
3 6548 6669 6670
3 6548 6670 6549
3 6549 6670 6671
3 6549 6671 6550
3 6550 6671 6672
3 6550 6672 6551
3 6551 6672 6673
3 6551 6673 6552
3 6552 6673 6674
3 6552 6674 6553
3 6553 6674 6675
3 6553 6675 6554
3 6554 6675 6676
3 6554 6676 6555
3 6555 6676 6677
3 6555 6677 6556
3 6556 6677 6678
3 6556 6678 6557
3 6557 6678 6679
3 6557 6679 6558
3 6558 6679 6680
3 6558 6680 6559
3 6559 6680 6681
3 6559 6681 6560
3 6560 6681 6682
3 6560 6682 6561
3 6561 6682 6683
3 6561 6683 6562
3 6562 6683 6684
3 6562 6684 6563
3 6563 6684 6685
3 6563 6685 6564
3 6564 6685 6686
3 6564 6686 6565
3 6565 6686 6687
3 6565 6687 6566
3 6566 6687 6688
3 6566 6688 6567
3 6567 6688 6689
3 6567 6689 6568
3 6568 6689 6690
3 6568 6690 6569
3 6569 6690 6691
3 6569 6691 6570
3 6570 6691 6692
3 6570 6692 6571
3 6571 6692 6693
3 6571 6693 6572
3 6572 6693 6694
3 6572 6694 6573
3 6573 6694 6695
3 6573 6695 6574
3 6574 6695 6696
3 6574 6696 6575
3 6575 6696 6697
3 6575 6697 6576
3 6576 6697 6698
3 6576 6698 6577
3 6577 6698 6699
3 6577 6699 6578
3 6578 6699 6700
3 6578 6700 6579
3 6579 6700 6701
3 6579 6701 6580
3 6580 6701 6702
3 6580 6702 6581
3 6581 6702 6703
3 6581 6703 6582
3 6582 6703 6704
3 6582 6704 6583
3 6583 6704 6705
3 6583 6705 6584
3 6584 6705 6706
3 6584 6706 6585
3 6585 6706 6707
3 6585 6707 6586
3 6586 6707 6708
3 6586 6708 6587
3 6587 6708 6709
3 6587 6709 6588
3 6588 6709 6710
3 6588 6710 6589
3 6589 6710 6711
3 6589 6711 6590
3 6590 6711 6712
3 6590 6712 6591
3 6591 6712 6713
3 6591 6713 6592
3 6592 6713 6714
3 6592 6714 6593
3 6593 6714 6715
3 6593 6715 6594
3 6594 6715 6716
3 6594 6716 6595
3 6595 6716 6717
3 6595 6717 6596
3 6596 6717 6718
3 6596 6718 6597
3 6597 6718 6719
3 6597 6719 6598
3 6598 6719 6720
3 6598 6720 6599
3 6599 6720 6721
3 6599 6721 6600
3 6600 6721 6722
3 6600 6722 6601
3 6601 6722 6723
3 6601 6723 6602
3 6602 6723 6724
3 6602 6724 6603
3 6603 6724 6725
3 6603 6725 6604
3 6604 6725 6726
3 6604 6726 6605
3 6605 6726 6727
3 6605 6727 6606
3 6606 6727 6728
3 6606 6728 6607
3 6607 6728 6729
3 6607 6729 6608
3 6608 6729 6730
3 6608 6730 6609
3 6609 6730 6731
3 6609 6731 6610
3 6610 6731 6732
3 6610 6732 6611
3 6611 6732 6733
3 6611 6733 6612
3 6612 6733 6734
3 6612 6734 6613
3 6613 6734 6735
3 6613 6735 6614
3 6614 6735 6736
3 6614 6736 6615
3 6615 6736 6737
3 6615 6737 6616
3 6616 6737 6738
3 6616 6738 6617
3 6617 6738 6739
3 6617 6739 6618
3 6618 6739 6740
3 6618 6740 6619
3 6619 6740 6741
3 6619 6741 6620
3 6620 6741 6742
3 6620 6742 6621
3 6621 6742 6743
3 6621 6743 6622
3 6622 6743 6744
3 6622 6744 6623
3 6623 6744 6745
3 6623 6745 6624
3 6624 6745 6746
3 6624 6746 6625
3 6625 6746 6747
3 6625 6747 6626
3 6626 6747 6748
3 6626 6748 6627
3 6627 6748 6749
3 6627 6749 6628
3 6628 6749 6750
3 6628 6750 6629
3 6629 6750 6751
3 6629 6751 6630
3 6630 6751 6752
3 6630 6752 6631
3 6631 6752 6753
3 6631 6753 6632
3 6632 6753 6754
3 6632 6754 6633
3 6633 6754 6755
3 6633 6755 6634
3 6634 6755 6756
3 6634 6756 6635
3 6635 6756 6757
3 6635 6757 6636
3 6636 6757 6758
3 6636 6758 6637
3 6637 6758 6759
3 6637 6759 6638
3 6638 6759 6760
3 6638 6760 6639
3 6639 6760 6761
3 6639 6761 6640
3 6640 6761 6762
3 6640 6762 6641
3 6641 6762 6763
3 6641 6763 6642
3 6642 6763 6764
3 6642 6764 6643
3 6643 6764 6765
3 6643 6765 6644
3 6644 6765 6766
3 6644 6766 6645
3 6645 6766 6767
3 6645 6767 6646
3 6646 6767 6768
3 6646 6768 6647
3 6647 6768 6769
3 6647 6769 6648
3 6648 6769 6770
3 6648 6770 6649
3 6649 6770 6771
3 6649 6771 6650
3 6650 6771 6772
3 6650 6772 6651
3 6651 6772 6773
3 6651 6773 6652
3 6652 6773 6774
3 6652 6774 6653
3 6653 6774 6775
3 6653 6775 6654
3 6655 6776 6777
3 6655 6777 6656
3 6656 6777 6778
3 6656 6778 6657
3 6657 6778 6779
3 6657 6779 6658
3 6658 6779 6780
3 6658 6780 6659
3 6659 6780 6781
3 6659 6781 6660
3 6660 6781 6782
3 6660 6782 6661
3 6661 6782 6783
3 6661 6783 6662
3 6662 6783 6784
3 6662 6784 6663
3 6663 6784 6785
3 6663 6785 6664
3 6664 6785 6786
3 6664 6786 6665
3 6665 6786 6787
3 6665 6787 6666
3 6666 6787 6788
3 6666 6788 6667
3 6667 6788 6789
3 6667 6789 6668
3 6668 6789 6790
3 6668 6790 6669
3 6669 6790 6791
3 6669 6791 6670
3 6670 6791 6792
3 6670 6792 6671
3 6671 6792 6793
3 6671 6793 6672
3 6672 6793 6794
3 6672 6794 6673
3 6673 6794 6795
3 6673 6795 6674
3 6674 6795 6796
3 6674 6796 6675
3 6675 6796 6797
3 6675 6797 6676
3 6676 6797 6798
3 6676 6798 6677
3 6677 6798 6799
3 6677 6799 6678
3 6678 6799 6800
3 6678 6800 6679
3 6679 6800 6801
3 6679 6801 6680
3 6680 6801 6802
3 6680 6802 6681
3 6681 6802 6803
3 6681 6803 6682
3 6682 6803 6804
3 6682 6804 6683
3 6683 6804 6805
3 6683 6805 6684
3 6684 6805 6806
3 6684 6806 6685
3 6685 6806 6807
3 6685 6807 6686
3 6686 6807 6808
3 6686 6808 6687
3 6687 6808 6809
3 6687 6809 6688
3 6688 6809 6810
3 6688 6810 6689
3 6689 6810 6811
3 6689 6811 6690
3 6690 6811 6812
3 6690 6812 6691
3 6691 6812 6813
3 6691 6813 6692
3 6692 6813 6814
3 6692 6814 6693
3 6693 6814 6815
3 6693 6815 6694
3 6694 6815 6816
3 6694 6816 6695
3 6695 6816 6817
3 6695 6817 6696
3 6696 6817 6818
3 6696 6818 6697
3 6697 6818 6819
3 6697 6819 6698
3 6698 6819 6820
3 6698 6820 6699
3 6699 6820 6821
3 6699 6821 6700
3 6700 6821 6822
3 6700 6822 6701
3 6701 6822 6823
3 6701 6823 6702
3 6702 6823 6824
3 6702 6824 6703
3 6703 6824 6825
3 6703 6825 6704
3 6704 6825 6826
3 6704 6826 6705
3 6705 6826 6827
3 6705 6827 6706
3 6706 6827 6828
3 6706 6828 6707
3 6707 6828 6829
3 6707 6829 6708
3 6708 6829 6830
3 6708 6830 6709
3 6709 6830 6831
3 6709 6831 6710
3 6710 6831 6832
3 6710 6832 6711
3 6711 6832 6833
3 6711 6833 6712
3 6712 6833 6834
3 6712 6834 6713
3 6713 6834 6835
3 6713 6835 6714
3 6714 6835 6836
3 6714 6836 6715
3 6715 6836 6837
3 6715 6837 6716
3 6716 6837 6838
3 6716 6838 6717
3 6717 6838 6839
3 6717 6839 6718
3 6718 6839 6840
3 6718 6840 6719
3 6719 6840 6841
3 6719 6841 6720
3 6720 6841 6842
3 6720 6842 6721
3 6721 6842 6843
3 6721 6843 6722
3 6722 6843 6844
3 6722 6844 6723
3 6723 6844 6845
3 6723 6845 6724
3 6724 6845 6846
3 6724 6846 6725
3 6725 6846 6847
3 6725 6847 6726
3 6726 6847 6848
3 6726 6848 6727
3 6727 6848 6849
3 6727 6849 6728
3 6728 6849 6850
3 6728 6850 6729
3 6729 6850 6851
3 6729 6851 6730
3 6730 6851 6852
3 6730 6852 6731
3 6731 6852 6853
3 6731 6853 6732
3 6732 6853 6854
3 6732 6854 6733
3 6733 6854 6855
3 6733 6855 6734
3 6734 6855 6856
3 6734 6856 6735
3 6735 6856 6857
3 6735 6857 6736
3 6736 6857 6858
3 6736 6858 6737
3 6737 6858 6859
3 6737 6859 6738
3 6738 6859 6860
3 6738 6860 6739
3 6739 6860 6861
3 6739 6861 6740
3 6740 6861 6862
3 6740 6862 6741
3 6741 6862 6863
3 6741 6863 6742
3 6742 6863 6864
3 6742 6864 6743
3 6743 6864 6865
3 6743 6865 6744
3 6744 6865 6866
3 6744 6866 6745
3 6745 6866 6867
3 6745 6867 6746
3 6746 6867 6868
3 6746 6868 6747
3 6747 6868 6869
3 6747 6869 6748
3 6748 6869 6870
3 6748 6870 6749
3 6749 6870 6871
3 6749 6871 6750
3 6750 6871 6872
3 6750 6872 6751
3 6751 6872 6873
3 6751 6873 6752
3 6752 6873 6874
3 6752 6874 6753
3 6753 6874 6875
3 6753 6875 6754
3 6754 6875 6876
3 6754 6876 6755
3 6755 6876 6877
3 6755 6877 6756
3 6756 6877 6878
3 6756 6878 6757
3 6757 6878 6879
3 6757 6879 6758
3 6758 6879 6880
3 6758 6880 6759
3 6759 6880 6881
3 6759 6881 6760
3 6760 6881 6882
3 6760 6882 6761
3 6761 6882 6883
3 6761 6883 6762
3 6762 6883 6884
3 6762 6884 6763
3 6763 6884 6885
3 6763 6885 6764
3 6764 6885 6886
3 6764 6886 6765
3 6765 6886 6887
3 6765 6887 6766
3 6766 6887 6888
3 6766 6888 6767
3 6767 6888 6889
3 6767 6889 6768
3 6768 6889 6890
3 6768 6890 6769
3 6769 6890 6891
3 6769 6891 6770
3 6770 6891 6892
3 6770 6892 6771
3 6771 6892 6893
3 6771 6893 6772
3 6772 6893 6894
3 6772 6894 6773
3 6773 6894 6895
3 6773 6895 6774
3 6774 6895 6896
3 6774 6896 6775
3 6776 6897 6898
3 6776 6898 6777
3 6777 6898 6899
3 6777 6899 6778
3 6778 6899 6900
3 6778 6900 6779
3 6779 6900 6901
3 6779 6901 6780
3 6780 6901 6902
3 6780 6902 6781
3 6781 6902 6903
3 6781 6903 6782
3 6782 6903 6904
3 6782 6904 6783
3 6783 6904 6905
3 6783 6905 6784
3 6784 6905 6906
3 6784 6906 6785
3 6785 6906 6907
3 6785 6907 6786
3 6786 6907 6908
3 6786 6908 6787
3 6787 6908 6909
3 6787 6909 6788
3 6788 6909 6910
3 6788 6910 6789
3 6789 6910 6911
3 6789 6911 6790
3 6790 6911 6912
3 6790 6912 6791
3 6791 6912 6913
3 6791 6913 6792
3 6792 6913 6914
3 6792 6914 6793
3 6793 6914 6915
3 6793 6915 6794
3 6794 6915 6916
3 6794 6916 6795
3 6795 6916 6917
3 6795 6917 6796
3 6796 6917 6918
3 6796 6918 6797
3 6797 6918 6919
3 6797 6919 6798
3 6798 6919 6920
3 6798 6920 6799
3 6799 6920 6921
3 6799 6921 6800
3 6800 6921 6922
3 6800 6922 6801
3 6801 6922 6923
3 6801 6923 6802
3 6802 6923 6924
3 6802 6924 6803
3 6803 6924 6925
3 6803 6925 6804
3 6804 6925 6926
3 6804 6926 6805
3 6805 6926 6927
3 6805 6927 6806
3 6806 6927 6928
3 6806 6928 6807
3 6807 6928 6929
3 6807 6929 6808
3 6808 6929 6930
3 6808 6930 6809
3 6809 6930 6931
3 6809 6931 6810
3 6810 6931 6932
3 6810 6932 6811
3 6811 6932 6933
3 6811 6933 6812
3 6812 6933 6934
3 6812 6934 6813
3 6813 6934 6935
3 6813 6935 6814
3 6814 6935 6936
3 6814 6936 6815
3 6815 6936 6937
3 6815 6937 6816
3 6816 6937 6938
3 6816 6938 6817
3 6817 6938 6939
3 6817 6939 6818
3 6818 6939 6940
3 6818 6940 6819
3 6819 6940 6941
3 6819 6941 6820
3 6820 6941 6942
3 6820 6942 6821
3 6821 6942 6943
3 6821 6943 6822
3 6822 6943 6944
3 6822 6944 6823
3 6823 6944 6945
3 6823 6945 6824
3 6824 6945 6946
3 6824 6946 6825
3 6825 6946 6947
3 6825 6947 6826
3 6826 6947 6948
3 6826 6948 6827
3 6827 6948 6949
3 6827 6949 6828
3 6828 6949 6950
3 6828 6950 6829
3 6829 6950 6951
3 6829 6951 6830
3 6830 6951 6952
3 6830 6952 6831
3 6831 6952 6953
3 6831 6953 6832
3 6832 6953 6954
3 6832 6954 6833
3 6833 6954 6955
3 6833 6955 6834
3 6834 6955 6956
3 6834 6956 6835
3 6835 6956 6957
3 6835 6957 6836
3 6836 6957 6958
3 6836 6958 6837
3 6837 6958 6959
3 6837 6959 6838
3 6838 6959 6960
3 6838 6960 6839
3 6839 6960 6961
3 6839 6961 6840
3 6840 6961 6962
3 6840 6962 6841
3 6841 6962 6963
3 6841 6963 6842
3 6842 6963 6964
3 6842 6964 6843
3 6843 6964 6965
3 6843 6965 6844
3 6844 6965 6966
3 6844 6966 6845
3 6845 6966 6967
3 6845 6967 6846
3 6846 6967 6968
3 6846 6968 6847
3 6847 6968 6969
3 6847 6969 6848
3 6848 6969 6970
3 6848 6970 6849
3 6849 6970 6971
3 6849 6971 6850
3 6850 6971 6972
3 6850 6972 6851
3 6851 6972 6973
3 6851 6973 6852
3 6852 6973 6974
3 6852 6974 6853
3 6853 6974 6975
3 6853 6975 6854
3 6854 6975 6976
3 6854 6976 6855
3 6855 6976 6977
3 6855 6977 6856
3 6856 6977 6978
3 6856 6978 6857
3 6857 6978 6979
3 6857 6979 6858
3 6858 6979 6980
3 6858 6980 6859
3 6859 6980 6981
3 6859 6981 6860
3 6860 6981 6982
3 6860 6982 6861
3 6861 6982 6983
3 6861 6983 6862
3 6862 6983 6984
3 6862 6984 6863
3 6863 6984 6985
3 6863 6985 6864
3 6864 6985 6986
3 6864 6986 6865
3 6865 6986 6987
3 6865 6987 6866
3 6866 6987 6988
3 6866 6988 6867
3 6867 6988 6989
3 6867 6989 6868
3 6868 6989 6990
3 6868 6990 6869
3 6869 6990 6991
3 6869 6991 6870
3 6870 6991 6992
3 6870 6992 6871
3 6871 6992 6993
3 6871 6993 6872
3 6872 6993 6994
3 6872 6994 6873
3 6873 6994 6995
3 6873 6995 6874
3 6874 6995 6996
3 6874 6996 6875
3 6875 6996 6997
3 6875 6997 6876
3 6876 6997 6998
3 6876 6998 6877
3 6877 6998 6999
3 6877 6999 6878
3 6878 6999 7000
3 6878 7000 6879
3 6879 7000 7001
3 6879 7001 6880
3 6880 7001 7002
3 6880 7002 6881
3 6881 7002 7003
3 6881 7003 6882
3 6882 7003 7004
3 6882 7004 6883
3 6883 7004 7005
3 6883 7005 6884
3 6884 7005 7006
3 6884 7006 6885
3 6885 7006 7007
3 6885 7007 6886
3 6886 7007 7008
3 6886 7008 6887
3 6887 7008 7009
3 6887 7009 6888
3 6888 7009 7010
3 6888 7010 6889
3 6889 7010 7011
3 6889 7011 6890
3 6890 7011 7012
3 6890 7012 6891
3 6891 7012 7013
3 6891 7013 6892
3 6892 7013 7014
3 6892 7014 6893
3 6893 7014 7015
3 6893 7015 6894
3 6894 7015 7016
3 6894 7016 6895
3 6895 7016 7017
3 6895 7017 6896
3 6897 7018 7019
3 6897 7019 6898
3 6898 7019 7020
3 6898 7020 6899
3 6899 7020 7021
3 6899 7021 6900
3 6900 7021 7022
3 6900 7022 6901
3 6901 7022 7023
3 6901 7023 6902
3 6902 7023 7024
3 6902 7024 6903
3 6903 7024 7025
3 6903 7025 6904
3 6904 7025 7026
3 6904 7026 6905
3 6905 7026 7027
3 6905 7027 6906
3 6906 7027 7028
3 6906 7028 6907
3 6907 7028 7029
3 6907 7029 6908
3 6908 7029 7030
3 6908 7030 6909
3 6909 7030 7031
3 6909 7031 6910
3 6910 7031 7032
3 6910 7032 6911
3 6911 7032 7033
3 6911 7033 6912
3 6912 7033 7034
3 6912 7034 6913
3 6913 7034 7035
3 6913 7035 6914
3 6914 7035 7036
3 6914 7036 6915
3 6915 7036 7037
3 6915 7037 6916
3 6916 7037 7038
3 6916 7038 6917
3 6917 7038 7039
3 6917 7039 6918
3 6918 7039 7040
3 6918 7040 6919
3 6919 7040 7041
3 6919 7041 6920
3 6920 7041 7042
3 6920 7042 6921
3 6921 7042 7043
3 6921 7043 6922
3 6922 7043 7044
3 6922 7044 6923
3 6923 7044 7045
3 6923 7045 6924
3 6924 7045 7046
3 6924 7046 6925
3 6925 7046 7047
3 6925 7047 6926
3 6926 7047 7048
3 6926 7048 6927
3 6927 7048 7049
3 6927 7049 6928
3 6928 7049 7050
3 6928 7050 6929
3 6929 7050 7051
3 6929 7051 6930
3 6930 7051 7052
3 6930 7052 6931
3 6931 7052 7053
3 6931 7053 6932
3 6932 7053 7054
3 6932 7054 6933
3 6933 7054 7055
3 6933 7055 6934
3 6934 7055 7056
3 6934 7056 6935
3 6935 7056 7057
3 6935 7057 6936
3 6936 7057 7058
3 6936 7058 6937
3 6937 7058 7059
3 6937 7059 6938
3 6938 7059 7060
3 6938 7060 6939
3 6939 7060 7061
3 6939 7061 6940
3 6940 7061 7062
3 6940 7062 6941
3 6941 7062 7063
3 6941 7063 6942
3 6942 7063 7064
3 6942 7064 6943
3 6943 7064 7065
3 6943 7065 6944
3 6944 7065 7066
3 6944 7066 6945
3 6945 7066 7067
3 6945 7067 6946
3 6946 7067 7068
3 6946 7068 6947
3 6947 7068 7069
3 6947 7069 6948
3 6948 7069 7070
3 6948 7070 6949
3 6949 7070 7071
3 6949 7071 6950
3 6950 7071 7072
3 6950 7072 6951
3 6951 7072 7073
3 6951 7073 6952
3 6952 7073 7074
3 6952 7074 6953
3 6953 7074 7075
3 6953 7075 6954
3 6954 7075 7076
3 6954 7076 6955
3 6955 7076 7077
3 6955 7077 6956
3 6956 7077 7078
3 6956 7078 6957
3 6957 7078 7079
3 6957 7079 6958
3 6958 7079 7080
3 6958 7080 6959
3 6959 7080 7081
3 6959 7081 6960
3 6960 7081 7082
3 6960 7082 6961
3 6961 7082 7083
3 6961 7083 6962
3 6962 7083 7084
3 6962 7084 6963
3 6963 7084 7085
3 6963 7085 6964
3 6964 7085 7086
3 6964 7086 6965
3 6965 7086 7087
3 6965 7087 6966
3 6966 7087 7088
3 6966 7088 6967
3 6967 7088 7089
3 6967 7089 6968
3 6968 7089 7090
3 6968 7090 6969
3 6969 7090 7091
3 6969 7091 6970
3 6970 7091 7092
3 6970 7092 6971
3 6971 7092 7093
3 6971 7093 6972
3 6972 7093 7094
3 6972 7094 6973
3 6973 7094 7095
3 6973 7095 6974
3 6974 7095 7096
3 6974 7096 6975
3 6975 7096 7097
3 6975 7097 6976
3 6976 7097 7098
3 6976 7098 6977
3 6977 7098 7099
3 6977 7099 6978
3 6978 7099 7100
3 6978 7100 6979
3 6979 7100 7101
3 6979 7101 6980
3 6980 7101 7102
3 6980 7102 6981
3 6981 7102 7103
3 6981 7103 6982
3 6982 7103 7104
3 6982 7104 6983
3 6983 7104 7105
3 6983 7105 6984
3 6984 7105 7106
3 6984 7106 6985
3 6985 7106 7107
3 6985 7107 6986
3 6986 7107 7108
3 6986 7108 6987
3 6987 7108 7109
3 6987 7109 6988
3 6988 7109 7110
3 6988 7110 6989
3 6989 7110 7111
3 6989 7111 6990
3 6990 7111 7112
3 6990 7112 6991
3 6991 7112 7113
3 6991 7113 6992
3 6992 7113 7114
3 6992 7114 6993
3 6993 7114 7115
3 6993 7115 6994
3 6994 7115 7116
3 6994 7116 6995
3 6995 7116 7117
3 6995 7117 6996
3 6996 7117 7118
3 6996 7118 6997
3 6997 7118 7119
3 6997 7119 6998
3 6998 7119 7120
3 6998 7120 6999
3 6999 7120 7121
3 6999 7121 7000
3 7000 7121 7122
3 7000 7122 7001
3 7001 7122 7123
3 7001 7123 7002
3 7002 7123 7124
3 7002 7124 7003
3 7003 7124 7125
3 7003 7125 7004
3 7004 7125 7126
3 7004 7126 7005
3 7005 7126 7127
3 7005 7127 7006
3 7006 7127 7128
3 7006 7128 7007
3 7007 7128 7129
3 7007 7129 7008
3 7008 7129 7130
3 7008 7130 7009
3 7009 7130 7131
3 7009 7131 7010
3 7010 7131 7132
3 7010 7132 7011
3 7011 7132 7133
3 7011 7133 7012
3 7012 7133 7134
3 7012 7134 7013
3 7013 7134 7135
3 7013 7135 7014
3 7014 7135 7136
3 7014 7136 7015
3 7015 7136 7137
3 7015 7137 7016
3 7016 7137 7138
3 7016 7138 7017
3 7018 7139 7140
3 7018 7140 7019
3 7019 7140 7141
3 7019 7141 7020
3 7020 7141 7142
3 7020 7142 7021
3 7021 7142 7143
3 7021 7143 7022
3 7022 7143 7144
3 7022 7144 7023
3 7023 7144 7145
3 7023 7145 7024
3 7024 7145 7146
3 7024 7146 7025
3 7025 7146 7147
3 7025 7147 7026
3 7026 7147 7148
3 7026 7148 7027
3 7027 7148 7149
3 7027 7149 7028
3 7028 7149 7150
3 7028 7150 7029
3 7029 7150 7151
3 7029 7151 7030
3 7030 7151 7152
3 7030 7152 7031
3 7031 7152 7153
3 7031 7153 7032
3 7032 7153 7154
3 7032 7154 7033
3 7033 7154 7155
3 7033 7155 7034
3 7034 7155 7156
3 7034 7156 7035
3 7035 7156 7157
3 7035 7157 7036
3 7036 7157 7158
3 7036 7158 7037
3 7037 7158 7159
3 7037 7159 7038
3 7038 7159 7160
3 7038 7160 7039
3 7039 7160 7161
3 7039 7161 7040
3 7040 7161 7162
3 7040 7162 7041
3 7041 7162 7163
3 7041 7163 7042
3 7042 7163 7164
3 7042 7164 7043
3 7043 7164 7165
3 7043 7165 7044
3 7044 7165 7166
3 7044 7166 7045
3 7045 7166 7167
3 7045 7167 7046
3 7046 7167 7168
3 7046 7168 7047
3 7047 7168 7169
3 7047 7169 7048
3 7048 7169 7170
3 7048 7170 7049
3 7049 7170 7171
3 7049 7171 7050
3 7050 7171 7172
3 7050 7172 7051
3 7051 7172 7173
3 7051 7173 7052
3 7052 7173 7174
3 7052 7174 7053
3 7053 7174 7175
3 7053 7175 7054
3 7054 7175 7176
3 7054 7176 7055
3 7055 7176 7177
3 7055 7177 7056
3 7056 7177 7178
3 7056 7178 7057
3 7057 7178 7179
3 7057 7179 7058
3 7058 7179 7180
3 7058 7180 7059
3 7059 7180 7181
3 7059 7181 7060
3 7060 7181 7182
3 7060 7182 7061
3 7061 7182 7183
3 7061 7183 7062
3 7062 7183 7184
3 7062 7184 7063
3 7063 7184 7185
3 7063 7185 7064
3 7064 7185 7186
3 7064 7186 7065
3 7065 7186 7187
3 7065 7187 7066
3 7066 7187 7188
3 7066 7188 7067
3 7067 7188 7189
3 7067 7189 7068
3 7068 7189 7190
3 7068 7190 7069
3 7069 7190 7191
3 7069 7191 7070
3 7070 7191 7192
3 7070 7192 7071
3 7071 7192 7193
3 7071 7193 7072
3 7072 7193 7194
3 7072 7194 7073
3 7073 7194 7195
3 7073 7195 7074
3 7074 7195 7196
3 7074 7196 7075
3 7075 7196 7197
3 7075 7197 7076
3 7076 7197 7198
3 7076 7198 7077
3 7077 7198 7199
3 7077 7199 7078
3 7078 7199 7200
3 7078 7200 7079
3 7079 7200 7201
3 7079 7201 7080
3 7080 7201 7202
3 7080 7202 7081
3 7081 7202 7203
3 7081 7203 7082
3 7082 7203 7204
3 7082 7204 7083
3 7083 7204 7205
3 7083 7205 7084
3 7084 7205 7206
3 7084 7206 7085
3 7085 7206 7207
3 7085 7207 7086
3 7086 7207 7208
3 7086 7208 7087
3 7087 7208 7209
3 7087 7209 7088
3 7088 7209 7210
3 7088 7210 7089
3 7089 7210 7211
3 7089 7211 7090
3 7090 7211 7212
3 7090 7212 7091
3 7091 7212 7213
3 7091 7213 7092
3 7092 7213 7214
3 7092 7214 7093
3 7093 7214 7215
3 7093 7215 7094
3 7094 7215 7216
3 7094 7216 7095
3 7095 7216 7217
3 7095 7217 7096
3 7096 7217 7218
3 7096 7218 7097
3 7097 7218 7219
3 7097 7219 7098
3 7098 7219 7220
3 7098 7220 7099
3 7099 7220 7221
3 7099 7221 7100
3 7100 7221 7222
3 7100 7222 7101
3 7101 7222 7223
3 7101 7223 7102
3 7102 7223 7224
3 7102 7224 7103
3 7103 7224 7225
3 7103 7225 7104
3 7104 7225 7226
3 7104 7226 7105
3 7105 7226 7227
3 7105 7227 7106
3 7106 7227 7228
3 7106 7228 7107
3 7107 7228 7229
3 7107 7229 7108
3 7108 7229 7230
3 7108 7230 7109
3 7109 7230 7231
3 7109 7231 7110
3 7110 7231 7232
3 7110 7232 7111
3 7111 7232 7233
3 7111 7233 7112
3 7112 7233 7234
3 7112 7234 7113
3 7113 7234 7235
3 7113 7235 7114
3 7114 7235 7236
3 7114 7236 7115
3 7115 7236 7237
3 7115 7237 7116
3 7116 7237 7238
3 7116 7238 7117
3 7117 7238 7239
3 7117 7239 7118
3 7118 7239 7240
3 7118 7240 7119
3 7119 7240 7241
3 7119 7241 7120
3 7120 7241 7242
3 7120 7242 7121
3 7121 7242 7243
3 7121 7243 7122
3 7122 7243 7244
3 7122 7244 7123
3 7123 7244 7245
3 7123 7245 7124
3 7124 7245 7246
3 7124 7246 7125
3 7125 7246 7247
3 7125 7247 7126
3 7126 7247 7248
3 7126 7248 7127
3 7127 7248 7249
3 7127 7249 7128
3 7128 7249 7250
3 7128 7250 7129
3 7129 7250 7251
3 7129 7251 7130
3 7130 7251 7252
3 7130 7252 7131
3 7131 7252 7253
3 7131 7253 7132
3 7132 7253 7254
3 7132 7254 7133
3 7133 7254 7255
3 7133 7255 7134
3 7134 7255 7256
3 7134 7256 7135
3 7135 7256 7257
3 7135 7257 7136
3 7136 7257 7258
3 7136 7258 7137
3 7137 7258 7259
3 7137 7259 7138
3 7139 7260 7261
3 7139 7261 7140
3 7140 7261 7262
3 7140 7262 7141
3 7141 7262 7263
3 7141 7263 7142
3 7142 7263 7264
3 7142 7264 7143
3 7143 7264 7265
3 7143 7265 7144
3 7144 7265 7266
3 7144 7266 7145
3 7145 7266 7267
3 7145 7267 7146
3 7146 7267 7268
3 7146 7268 7147
3 7147 7268 7269
3 7147 7269 7148
3 7148 7269 7270
3 7148 7270 7149
3 7149 7270 7271
3 7149 7271 7150
3 7150 7271 7272
3 7150 7272 7151
3 7151 7272 7273
3 7151 7273 7152
3 7152 7273 7274
3 7152 7274 7153
3 7153 7274 7275
3 7153 7275 7154
3 7154 7275 7276
3 7154 7276 7155
3 7155 7276 7277
3 7155 7277 7156
3 7156 7277 7278
3 7156 7278 7157
3 7157 7278 7279
3 7157 7279 7158
3 7158 7279 7280
3 7158 7280 7159
3 7159 7280 7281
3 7159 7281 7160
3 7160 7281 7282
3 7160 7282 7161
3 7161 7282 7283
3 7161 7283 7162
3 7162 7283 7284
3 7162 7284 7163
3 7163 7284 7285
3 7163 7285 7164
3 7164 7285 7286
3 7164 7286 7165
3 7165 7286 7287
3 7165 7287 7166
3 7166 7287 7288
3 7166 7288 7167
3 7167 7288 7289
3 7167 7289 7168
3 7168 7289 7290
3 7168 7290 7169
3 7169 7290 7291
3 7169 7291 7170
3 7170 7291 7292
3 7170 7292 7171
3 7171 7292 7293
3 7171 7293 7172
3 7172 7293 7294
3 7172 7294 7173
3 7173 7294 7295
3 7173 7295 7174
3 7174 7295 7296
3 7174 7296 7175
3 7175 7296 7297
3 7175 7297 7176
3 7176 7297 7298
3 7176 7298 7177
3 7177 7298 7299
3 7177 7299 7178
3 7178 7299 7300
3 7178 7300 7179
3 7179 7300 7301
3 7179 7301 7180
3 7180 7301 7302
3 7180 7302 7181
3 7181 7302 7303
3 7181 7303 7182
3 7182 7303 7304
3 7182 7304 7183
3 7183 7304 7305
3 7183 7305 7184
3 7184 7305 7306
3 7184 7306 7185
3 7185 7306 7307
3 7185 7307 7186
3 7186 7307 7308
3 7186 7308 7187
3 7187 7308 7309
3 7187 7309 7188
3 7188 7309 7310
3 7188 7310 7189
3 7189 7310 7311
3 7189 7311 7190
3 7190 7311 7312
3 7190 7312 7191
3 7191 7312 7313
3 7191 7313 7192
3 7192 7313 7314
3 7192 7314 7193
3 7193 7314 7315
3 7193 7315 7194
3 7194 7315 7316
3 7194 7316 7195
3 7195 7316 7317
3 7195 7317 7196
3 7196 7317 7318
3 7196 7318 7197
3 7197 7318 7319
3 7197 7319 7198
3 7198 7319 7320
3 7198 7320 7199
3 7199 7320 7321
3 7199 7321 7200
3 7200 7321 7322
3 7200 7322 7201
3 7201 7322 7323
3 7201 7323 7202
3 7202 7323 7324
3 7202 7324 7203
3 7203 7324 7325
3 7203 7325 7204
3 7204 7325 7326
3 7204 7326 7205
3 7205 7326 7327
3 7205 7327 7206
3 7206 7327 7328
3 7206 7328 7207
3 7207 7328 7329
3 7207 7329 7208
3 7208 7329 7330
3 7208 7330 7209
3 7209 7330 7331
3 7209 7331 7210
3 7210 7331 7332
3 7210 7332 7211
3 7211 7332 7333
3 7211 7333 7212
3 7212 7333 7334
3 7212 7334 7213
3 7213 7334 7335
3 7213 7335 7214
3 7214 7335 7336
3 7214 7336 7215
3 7215 7336 7337
3 7215 7337 7216
3 7216 7337 7338
3 7216 7338 7217
3 7217 7338 7339
3 7217 7339 7218
3 7218 7339 7340
3 7218 7340 7219
3 7219 7340 7341
3 7219 7341 7220
3 7220 7341 7342
3 7220 7342 7221
3 7221 7342 7343
3 7221 7343 7222
3 7222 7343 7344
3 7222 7344 7223
3 7223 7344 7345
3 7223 7345 7224
3 7224 7345 7346
3 7224 7346 7225
3 7225 7346 7347
3 7225 7347 7226
3 7226 7347 7348
3 7226 7348 7227
3 7227 7348 7349
3 7227 7349 7228
3 7228 7349 7350
3 7228 7350 7229
3 7229 7350 7351
3 7229 7351 7230
3 7230 7351 7352
3 7230 7352 7231
3 7231 7352 7353
3 7231 7353 7232
3 7232 7353 7354
3 7232 7354 7233
3 7233 7354 7355
3 7233 7355 7234
3 7234 7355 7356
3 7234 7356 7235
3 7235 7356 7357
3 7235 7357 7236
3 7236 7357 7358
3 7236 7358 7237
3 7237 7358 7359
3 7237 7359 7238
3 7238 7359 7360
3 7238 7360 7239
3 7239 7360 7361
3 7239 7361 7240
3 7240 7361 7362
3 7240 7362 7241
3 7241 7362 7363
3 7241 7363 7242
3 7242 7363 7364
3 7242 7364 7243
3 7243 7364 7365
3 7243 7365 7244
3 7244 7365 7366
3 7244 7366 7245
3 7245 7366 7367
3 7245 7367 7246
3 7246 7367 7368
3 7246 7368 7247
3 7247 7368 7369
3 7247 7369 7248
3 7248 7369 7370
3 7248 7370 7249
3 7249 7370 7371
3 7249 7371 7250
3 7250 7371 7372
3 7250 7372 7251
3 7251 7372 7373
3 7251 7373 7252
3 7252 7373 7374
3 7252 7374 7253
3 7253 7374 7375
3 7253 7375 7254
3 7254 7375 7376
3 7254 7376 7255
3 7255 7376 7377
3 7255 7377 7256
3 7256 7377 7378
3 7256 7378 7257
3 7257 7378 7379
3 7257 7379 7258
3 7258 7379 7380
3 7258 7380 7259
3 7260 7381 7382
3 7260 7382 7261
3 7261 7382 7383
3 7261 7383 7262
3 7262 7383 7384
3 7262 7384 7263
3 7263 7384 7385
3 7263 7385 7264
3 7264 7385 7386
3 7264 7386 7265
3 7265 7386 7387
3 7265 7387 7266
3 7266 7387 7388
3 7266 7388 7267
3 7267 7388 7389
3 7267 7389 7268
3 7268 7389 7390
3 7268 7390 7269
3 7269 7390 7391
3 7269 7391 7270
3 7270 7391 7392
3 7270 7392 7271
3 7271 7392 7393
3 7271 7393 7272
3 7272 7393 7394
3 7272 7394 7273
3 7273 7394 7395
3 7273 7395 7274
3 7274 7395 7396
3 7274 7396 7275
3 7275 7396 7397
3 7275 7397 7276
3 7276 7397 7398
3 7276 7398 7277
3 7277 7398 7399
3 7277 7399 7278
3 7278 7399 7400
3 7278 7400 7279
3 7279 7400 7401
3 7279 7401 7280
3 7280 7401 7402
3 7280 7402 7281
3 7281 7402 7403
3 7281 7403 7282
3 7282 7403 7404
3 7282 7404 7283
3 7283 7404 7405
3 7283 7405 7284
3 7284 7405 7406
3 7284 7406 7285
3 7285 7406 7407
3 7285 7407 7286
3 7286 7407 7408
3 7286 7408 7287
3 7287 7408 7409
3 7287 7409 7288
3 7288 7409 7410
3 7288 7410 7289
3 7289 7410 7411
3 7289 7411 7290
3 7290 7411 7412
3 7290 7412 7291
3 7291 7412 7413
3 7291 7413 7292
3 7292 7413 7414
3 7292 7414 7293
3 7293 7414 7415
3 7293 7415 7294
3 7294 7415 7416
3 7294 7416 7295
3 7295 7416 7417
3 7295 7417 7296
3 7296 7417 7418
3 7296 7418 7297
3 7297 7418 7419
3 7297 7419 7298
3 7298 7419 7420
3 7298 7420 7299
3 7299 7420 7421
3 7299 7421 7300
3 7300 7421 7422
3 7300 7422 7301
3 7301 7422 7423
3 7301 7423 7302
3 7302 7423 7424
3 7302 7424 7303
3 7303 7424 7425
3 7303 7425 7304
3 7304 7425 7426
3 7304 7426 7305
3 7305 7426 7427
3 7305 7427 7306
3 7306 7427 7428
3 7306 7428 7307
3 7307 7428 7429
3 7307 7429 7308
3 7308 7429 7430
3 7308 7430 7309
3 7309 7430 7431
3 7309 7431 7310
3 7310 7431 7432
3 7310 7432 7311
3 7311 7432 7433
3 7311 7433 7312
3 7312 7433 7434
3 7312 7434 7313
3 7313 7434 7435
3 7313 7435 7314
3 7314 7435 7436
3 7314 7436 7315
3 7315 7436 7437
3 7315 7437 7316
3 7316 7437 7438
3 7316 7438 7317
3 7317 7438 7439
3 7317 7439 7318
3 7318 7439 7440
3 7318 7440 7319
3 7319 7440 7441
3 7319 7441 7320
3 7320 7441 7442
3 7320 7442 7321
3 7321 7442 7443
3 7321 7443 7322
3 7322 7443 7444
3 7322 7444 7323
3 7323 7444 7445
3 7323 7445 7324
3 7324 7445 7446
3 7324 7446 7325
3 7325 7446 7447
3 7325 7447 7326
3 7326 7447 7448
3 7326 7448 7327
3 7327 7448 7449
3 7327 7449 7328
3 7328 7449 7450
3 7328 7450 7329
3 7329 7450 7451
3 7329 7451 7330
3 7330 7451 7452
3 7330 7452 7331
3 7331 7452 7453
3 7331 7453 7332
3 7332 7453 7454
3 7332 7454 7333
3 7333 7454 7455
3 7333 7455 7334
3 7334 7455 7456
3 7334 7456 7335
3 7335 7456 7457
3 7335 7457 7336
3 7336 7457 7458
3 7336 7458 7337
3 7337 7458 7459
3 7337 7459 7338
3 7338 7459 7460
3 7338 7460 7339
3 7339 7460 7461
3 7339 7461 7340
3 7340 7461 7462
3 7340 7462 7341
3 7341 7462 7463
3 7341 7463 7342
3 7342 7463 7464
3 7342 7464 7343
3 7343 7464 7465
3 7343 7465 7344
3 7344 7465 7466
3 7344 7466 7345
3 7345 7466 7467
3 7345 7467 7346
3 7346 7467 7468
3 7346 7468 7347
3 7347 7468 7469
3 7347 7469 7348
3 7348 7469 7470
3 7348 7470 7349
3 7349 7470 7471
3 7349 7471 7350
3 7350 7471 7472
3 7350 7472 7351
3 7351 7472 7473
3 7351 7473 7352
3 7352 7473 7474
3 7352 7474 7353
3 7353 7474 7475
3 7353 7475 7354
3 7354 7475 7476
3 7354 7476 7355
3 7355 7476 7477
3 7355 7477 7356
3 7356 7477 7478
3 7356 7478 7357
3 7357 7478 7479
3 7357 7479 7358
3 7358 7479 7480
3 7358 7480 7359
3 7359 7480 7481
3 7359 7481 7360
3 7360 7481 7482
3 7360 7482 7361
3 7361 7482 7483
3 7361 7483 7362
3 7362 7483 7484
3 7362 7484 7363
3 7363 7484 7485
3 7363 7485 7364
3 7364 7485 7486
3 7364 7486 7365
3 7365 7486 7487
3 7365 7487 7366
3 7366 7487 7488
3 7366 7488 7367
3 7367 7488 7489
3 7367 7489 7368
3 7368 7489 7490
3 7368 7490 7369
3 7369 7490 7491
3 7369 7491 7370
3 7370 7491 7492
3 7370 7492 7371
3 7371 7492 7493
3 7371 7493 7372
3 7372 7493 7494
3 7372 7494 7373
3 7373 7494 7495
3 7373 7495 7374
3 7374 7495 7496
3 7374 7496 7375
3 7375 7496 7497
3 7375 7497 7376
3 7376 7497 7498
3 7376 7498 7377
3 7377 7498 7499
3 7377 7499 7378
3 7378 7499 7500
3 7378 7500 7379
3 7379 7500 7501
3 7379 7501 7380
3 7381 7502 7503
3 7381 7503 7382
3 7382 7503 7504
3 7382 7504 7383
3 7383 7504 7505
3 7383 7505 7384
3 7384 7505 7506
3 7384 7506 7385
3 7385 7506 7507
3 7385 7507 7386
3 7386 7507 7508
3 7386 7508 7387
3 7387 7508 7509
3 7387 7509 7388
3 7388 7509 7510
3 7388 7510 7389
3 7389 7510 7511
3 7389 7511 7390
3 7390 7511 7512
3 7390 7512 7391
3 7391 7512 7513
3 7391 7513 7392
3 7392 7513 7514
3 7392 7514 7393
3 7393 7514 7515
3 7393 7515 7394
3 7394 7515 7516
3 7394 7516 7395
3 7395 7516 7517
3 7395 7517 7396
3 7396 7517 7518
3 7396 7518 7397
3 7397 7518 7519
3 7397 7519 7398
3 7398 7519 7520
3 7398 7520 7399
3 7399 7520 7521
3 7399 7521 7400
3 7400 7521 7522
3 7400 7522 7401
3 7401 7522 7523
3 7401 7523 7402
3 7402 7523 7524
3 7402 7524 7403
3 7403 7524 7525
3 7403 7525 7404
3 7404 7525 7526
3 7404 7526 7405
3 7405 7526 7527
3 7405 7527 7406
3 7406 7527 7528
3 7406 7528 7407
3 7407 7528 7529
3 7407 7529 7408
3 7408 7529 7530
3 7408 7530 7409
3 7409 7530 7531
3 7409 7531 7410
3 7410 7531 7532
3 7410 7532 7411
3 7411 7532 7533
3 7411 7533 7412
3 7412 7533 7534
3 7412 7534 7413
3 7413 7534 7535
3 7413 7535 7414
3 7414 7535 7536
3 7414 7536 7415
3 7415 7536 7537
3 7415 7537 7416
3 7416 7537 7538
3 7416 7538 7417
3 7417 7538 7539
3 7417 7539 7418
3 7418 7539 7540
3 7418 7540 7419
3 7419 7540 7541
3 7419 7541 7420
3 7420 7541 7542
3 7420 7542 7421
3 7421 7542 7543
3 7421 7543 7422
3 7422 7543 7544
3 7422 7544 7423
3 7423 7544 7545
3 7423 7545 7424
3 7424 7545 7546
3 7424 7546 7425
3 7425 7546 7547
3 7425 7547 7426
3 7426 7547 7548
3 7426 7548 7427
3 7427 7548 7549
3 7427 7549 7428
3 7428 7549 7550
3 7428 7550 7429
3 7429 7550 7551
3 7429 7551 7430
3 7430 7551 7552
3 7430 7552 7431
3 7431 7552 7553
3 7431 7553 7432
3 7432 7553 7554
3 7432 7554 7433
3 7433 7554 7555
3 7433 7555 7434
3 7434 7555 7556
3 7434 7556 7435
3 7435 7556 7557
3 7435 7557 7436
3 7436 7557 7558
3 7436 7558 7437
3 7437 7558 7559
3 7437 7559 7438
3 7438 7559 7560
3 7438 7560 7439
3 7439 7560 7561
3 7439 7561 7440
3 7440 7561 7562
3 7440 7562 7441
3 7441 7562 7563
3 7441 7563 7442
3 7442 7563 7564
3 7442 7564 7443
3 7443 7564 7565
3 7443 7565 7444
3 7444 7565 7566
3 7444 7566 7445
3 7445 7566 7567
3 7445 7567 7446
3 7446 7567 7568
3 7446 7568 7447
3 7447 7568 7569
3 7447 7569 7448
3 7448 7569 7570
3 7448 7570 7449
3 7449 7570 7571
3 7449 7571 7450
3 7450 7571 7572
3 7450 7572 7451
3 7451 7572 7573
3 7451 7573 7452
3 7452 7573 7574
3 7452 7574 7453
3 7453 7574 7575
3 7453 7575 7454
3 7454 7575 7576
3 7454 7576 7455
3 7455 7576 7577
3 7455 7577 7456
3 7456 7577 7578
3 7456 7578 7457
3 7457 7578 7579
3 7457 7579 7458
3 7458 7579 7580
3 7458 7580 7459
3 7459 7580 7581
3 7459 7581 7460
3 7460 7581 7582
3 7460 7582 7461
3 7461 7582 7583
3 7461 7583 7462
3 7462 7583 7584
3 7462 7584 7463
3 7463 7584 7585
3 7463 7585 7464
3 7464 7585 7586
3 7464 7586 7465
3 7465 7586 7587
3 7465 7587 7466
3 7466 7587 7588
3 7466 7588 7467
3 7467 7588 7589
3 7467 7589 7468
3 7468 7589 7590
3 7468 7590 7469
3 7469 7590 7591
3 7469 7591 7470
3 7470 7591 7592
3 7470 7592 7471
3 7471 7592 7593
3 7471 7593 7472
3 7472 7593 7594
3 7472 7594 7473
3 7473 7594 7595
3 7473 7595 7474
3 7474 7595 7596
3 7474 7596 7475
3 7475 7596 7597
3 7475 7597 7476
3 7476 7597 7598
3 7476 7598 7477
3 7477 7598 7599
3 7477 7599 7478
3 7478 7599 7600
3 7478 7600 7479
3 7479 7600 7601
3 7479 7601 7480
3 7480 7601 7602
3 7480 7602 7481
3 7481 7602 7603
3 7481 7603 7482
3 7482 7603 7604
3 7482 7604 7483
3 7483 7604 7605
3 7483 7605 7484
3 7484 7605 7606
3 7484 7606 7485
3 7485 7606 7607
3 7485 7607 7486
3 7486 7607 7608
3 7486 7608 7487
3 7487 7608 7609
3 7487 7609 7488
3 7488 7609 7610
3 7488 7610 7489
3 7489 7610 7611
3 7489 7611 7490
3 7490 7611 7612
3 7490 7612 7491
3 7491 7612 7613
3 7491 7613 7492
3 7492 7613 7614
3 7492 7614 7493
3 7493 7614 7615
3 7493 7615 7494
3 7494 7615 7616
3 7494 7616 7495
3 7495 7616 7617
3 7495 7617 7496
3 7496 7617 7618
3 7496 7618 7497
3 7497 7618 7619
3 7497 7619 7498
3 7498 7619 7620
3 7498 7620 7499
3 7499 7620 7621
3 7499 7621 7500
3 7500 7621 7622
3 7500 7622 7501
3 7502 7623 7624
3 7502 7624 7503
3 7503 7624 7625
3 7503 7625 7504
3 7504 7625 7626
3 7504 7626 7505
3 7505 7626 7627
3 7505 7627 7506
3 7506 7627 7628
3 7506 7628 7507
3 7507 7628 7629
3 7507 7629 7508
3 7508 7629 7630
3 7508 7630 7509
3 7509 7630 7631
3 7509 7631 7510
3 7510 7631 7632
3 7510 7632 7511
3 7511 7632 7633
3 7511 7633 7512
3 7512 7633 7634
3 7512 7634 7513
3 7513 7634 7635
3 7513 7635 7514
3 7514 7635 7636
3 7514 7636 7515
3 7515 7636 7637
3 7515 7637 7516
3 7516 7637 7638
3 7516 7638 7517
3 7517 7638 7639
3 7517 7639 7518
3 7518 7639 7640
3 7518 7640 7519
3 7519 7640 7641
3 7519 7641 7520
3 7520 7641 7642
3 7520 7642 7521
3 7521 7642 7643
3 7521 7643 7522
3 7522 7643 7644
3 7522 7644 7523
3 7523 7644 7645
3 7523 7645 7524
3 7524 7645 7646
3 7524 7646 7525
3 7525 7646 7647
3 7525 7647 7526
3 7526 7647 7648
3 7526 7648 7527
3 7527 7648 7649
3 7527 7649 7528
3 7528 7649 7650
3 7528 7650 7529
3 7529 7650 7651
3 7529 7651 7530
3 7530 7651 7652
3 7530 7652 7531
3 7531 7652 7653
3 7531 7653 7532
3 7532 7653 7654
3 7532 7654 7533
3 7533 7654 7655
3 7533 7655 7534
3 7534 7655 7656
3 7534 7656 7535
3 7535 7656 7657
3 7535 7657 7536
3 7536 7657 7658
3 7536 7658 7537
3 7537 7658 7659
3 7537 7659 7538
3 7538 7659 7660
3 7538 7660 7539
3 7539 7660 7661
3 7539 7661 7540
3 7540 7661 7662
3 7540 7662 7541
3 7541 7662 7663
3 7541 7663 7542
3 7542 7663 7664
3 7542 7664 7543
3 7543 7664 7665
3 7543 7665 7544
3 7544 7665 7666
3 7544 7666 7545
3 7545 7666 7667
3 7545 7667 7546
3 7546 7667 7668
3 7546 7668 7547
3 7547 7668 7669
3 7547 7669 7548
3 7548 7669 7670
3 7548 7670 7549
3 7549 7670 7671
3 7549 7671 7550
3 7550 7671 7672
3 7550 7672 7551
3 7551 7672 7673
3 7551 7673 7552
3 7552 7673 7674
3 7552 7674 7553
3 7553 7674 7675
3 7553 7675 7554
3 7554 7675 7676
3 7554 7676 7555
3 7555 7676 7677
3 7555 7677 7556
3 7556 7677 7678
3 7556 7678 7557
3 7557 7678 7679
3 7557 7679 7558
3 7558 7679 7680
3 7558 7680 7559
3 7559 7680 7681
3 7559 7681 7560
3 7560 7681 7682
3 7560 7682 7561
3 7561 7682 7683
3 7561 7683 7562
3 7562 7683 7684
3 7562 7684 7563
3 7563 7684 7685
3 7563 7685 7564
3 7564 7685 7686
3 7564 7686 7565
3 7565 7686 7687
3 7565 7687 7566
3 7566 7687 7688
3 7566 7688 7567
3 7567 7688 7689
3 7567 7689 7568
3 7568 7689 7690
3 7568 7690 7569
3 7569 7690 7691
3 7569 7691 7570
3 7570 7691 7692
3 7570 7692 7571
3 7571 7692 7693
3 7571 7693 7572
3 7572 7693 7694
3 7572 7694 7573
3 7573 7694 7695
3 7573 7695 7574
3 7574 7695 7696
3 7574 7696 7575
3 7575 7696 7697
3 7575 7697 7576
3 7576 7697 7698
3 7576 7698 7577
3 7577 7698 7699
3 7577 7699 7578
3 7578 7699 7700
3 7578 7700 7579
3 7579 7700 7701
3 7579 7701 7580
3 7580 7701 7702
3 7580 7702 7581
3 7581 7702 7703
3 7581 7703 7582
3 7582 7703 7704
3 7582 7704 7583
3 7583 7704 7705
3 7583 7705 7584
3 7584 7705 7706
3 7584 7706 7585
3 7585 7706 7707
3 7585 7707 7586
3 7586 7707 7708
3 7586 7708 7587
3 7587 7708 7709
3 7587 7709 7588
3 7588 7709 7710
3 7588 7710 7589
3 7589 7710 7711
3 7589 7711 7590
3 7590 7711 7712
3 7590 7712 7591
3 7591 7712 7713
3 7591 7713 7592
3 7592 7713 7714
3 7592 7714 7593
3 7593 7714 7715
3 7593 7715 7594
3 7594 7715 7716
3 7594 7716 7595
3 7595 7716 7717
3 7595 7717 7596
3 7596 7717 7718
3 7596 7718 7597
3 7597 7718 7719
3 7597 7719 7598
3 7598 7719 7720
3 7598 7720 7599
3 7599 7720 7721
3 7599 7721 7600
3 7600 7721 7722
3 7600 7722 7601
3 7601 7722 7723
3 7601 7723 7602
3 7602 7723 7724
3 7602 7724 7603
3 7603 7724 7725
3 7603 7725 7604
3 7604 7725 7726
3 7604 7726 7605
3 7605 7726 7727
3 7605 7727 7606
3 7606 7727 7728
3 7606 7728 7607
3 7607 7728 7729
3 7607 7729 7608
3 7608 7729 7730
3 7608 7730 7609
3 7609 7730 7731
3 7609 7731 7610
3 7610 7731 7732
3 7610 7732 7611
3 7611 7732 7733
3 7611 7733 7612
3 7612 7733 7734
3 7612 7734 7613
3 7613 7734 7735
3 7613 7735 7614
3 7614 7735 7736
3 7614 7736 7615
3 7615 7736 7737
3 7615 7737 7616
3 7616 7737 7738
3 7616 7738 7617
3 7617 7738 7739
3 7617 7739 7618
3 7618 7739 7740
3 7618 7740 7619
3 7619 7740 7741
3 7619 7741 7620
3 7620 7741 7742
3 7620 7742 7621
3 7621 7742 7743
3 7621 7743 7622
3 7623 7744 7745
3 7623 7745 7624
3 7624 7745 7746
3 7624 7746 7625
3 7625 7746 7747
3 7625 7747 7626
3 7626 7747 7748
3 7626 7748 7627
3 7627 7748 7749
3 7627 7749 7628
3 7628 7749 7750
3 7628 7750 7629
3 7629 7750 7751
3 7629 7751 7630
3 7630 7751 7752
3 7630 7752 7631
3 7631 7752 7753
3 7631 7753 7632
3 7632 7753 7754
3 7632 7754 7633
3 7633 7754 7755
3 7633 7755 7634
3 7634 7755 7756
3 7634 7756 7635
3 7635 7756 7757
3 7635 7757 7636
3 7636 7757 7758
3 7636 7758 7637
3 7637 7758 7759
3 7637 7759 7638
3 7638 7759 7760
3 7638 7760 7639
3 7639 7760 7761
3 7639 7761 7640
3 7640 7761 7762
3 7640 7762 7641
3 7641 7762 7763
3 7641 7763 7642
3 7642 7763 7764
3 7642 7764 7643
3 7643 7764 7765
3 7643 7765 7644
3 7644 7765 7766
3 7644 7766 7645
3 7645 7766 7767
3 7645 7767 7646
3 7646 7767 7768
3 7646 7768 7647
3 7647 7768 7769
3 7647 7769 7648
3 7648 7769 7770
3 7648 7770 7649
3 7649 7770 7771
3 7649 7771 7650
3 7650 7771 7772
3 7650 7772 7651
3 7651 7772 7773
3 7651 7773 7652
3 7652 7773 7774
3 7652 7774 7653
3 7653 7774 7775
3 7653 7775 7654
3 7654 7775 7776
3 7654 7776 7655
3 7655 7776 7777
3 7655 7777 7656
3 7656 7777 7778
3 7656 7778 7657
3 7657 7778 7779
3 7657 7779 7658
3 7658 7779 7780
3 7658 7780 7659
3 7659 7780 7781
3 7659 7781 7660
3 7660 7781 7782
3 7660 7782 7661
3 7661 7782 7783
3 7661 7783 7662
3 7662 7783 7784
3 7662 7784 7663
3 7663 7784 7785
3 7663 7785 7664
3 7664 7785 7786
3 7664 7786 7665
3 7665 7786 7787
3 7665 7787 7666
3 7666 7787 7788
3 7666 7788 7667
3 7667 7788 7789
3 7667 7789 7668
3 7668 7789 7790
3 7668 7790 7669
3 7669 7790 7791
3 7669 7791 7670
3 7670 7791 7792
3 7670 7792 7671
3 7671 7792 7793
3 7671 7793 7672
3 7672 7793 7794
3 7672 7794 7673
3 7673 7794 7795
3 7673 7795 7674
3 7674 7795 7796
3 7674 7796 7675
3 7675 7796 7797
3 7675 7797 7676
3 7676 7797 7798
3 7676 7798 7677
3 7677 7798 7799
3 7677 7799 7678
3 7678 7799 7800
3 7678 7800 7679
3 7679 7800 7801
3 7679 7801 7680
3 7680 7801 7802
3 7680 7802 7681
3 7681 7802 7803
3 7681 7803 7682
3 7682 7803 7804
3 7682 7804 7683
3 7683 7804 7805
3 7683 7805 7684
3 7684 7805 7806
3 7684 7806 7685
3 7685 7806 7807
3 7685 7807 7686
3 7686 7807 7808
3 7686 7808 7687
3 7687 7808 7809
3 7687 7809 7688
3 7688 7809 7810
3 7688 7810 7689
3 7689 7810 7811
3 7689 7811 7690
3 7690 7811 7812
3 7690 7812 7691
3 7691 7812 7813
3 7691 7813 7692
3 7692 7813 7814
3 7692 7814 7693
3 7693 7814 7815
3 7693 7815 7694
3 7694 7815 7816
3 7694 7816 7695
3 7695 7816 7817
3 7695 7817 7696
3 7696 7817 7818
3 7696 7818 7697
3 7697 7818 7819
3 7697 7819 7698
3 7698 7819 7820
3 7698 7820 7699
3 7699 7820 7821
3 7699 7821 7700
3 7700 7821 7822
3 7700 7822 7701
3 7701 7822 7823
3 7701 7823 7702
3 7702 7823 7824
3 7702 7824 7703
3 7703 7824 7825
3 7703 7825 7704
3 7704 7825 7826
3 7704 7826 7705
3 7705 7826 7827
3 7705 7827 7706
3 7706 7827 7828
3 7706 7828 7707
3 7707 7828 7829
3 7707 7829 7708
3 7708 7829 7830
3 7708 7830 7709
3 7709 7830 7831
3 7709 7831 7710
3 7710 7831 7832
3 7710 7832 7711
3 7711 7832 7833
3 7711 7833 7712
3 7712 7833 7834
3 7712 7834 7713
3 7713 7834 7835
3 7713 7835 7714
3 7714 7835 7836
3 7714 7836 7715
3 7715 7836 7837
3 7715 7837 7716
3 7716 7837 7838
3 7716 7838 7717
3 7717 7838 7839
3 7717 7839 7718
3 7718 7839 7840
3 7718 7840 7719
3 7719 7840 7841
3 7719 7841 7720
3 7720 7841 7842
3 7720 7842 7721
3 7721 7842 7843
3 7721 7843 7722
3 7722 7843 7844
3 7722 7844 7723
3 7723 7844 7845
3 7723 7845 7724
3 7724 7845 7846
3 7724 7846 7725
3 7725 7846 7847
3 7725 7847 7726
3 7726 7847 7848
3 7726 7848 7727
3 7727 7848 7849
3 7727 7849 7728
3 7728 7849 7850
3 7728 7850 7729
3 7729 7850 7851
3 7729 7851 7730
3 7730 7851 7852
3 7730 7852 7731
3 7731 7852 7853
3 7731 7853 7732
3 7732 7853 7854
3 7732 7854 7733
3 7733 7854 7855
3 7733 7855 7734
3 7734 7855 7856
3 7734 7856 7735
3 7735 7856 7857
3 7735 7857 7736
3 7736 7857 7858
3 7736 7858 7737
3 7737 7858 7859
3 7737 7859 7738
3 7738 7859 7860
3 7738 7860 7739
3 7739 7860 7861
3 7739 7861 7740
3 7740 7861 7862
3 7740 7862 7741
3 7741 7862 7863
3 7741 7863 7742
3 7742 7863 7864
3 7742 7864 7743
3 7744 7865 7866
3 7744 7866 7745
3 7745 7866 7867
3 7745 7867 7746
3 7746 7867 7868
3 7746 7868 7747
3 7747 7868 7869
3 7747 7869 7748
3 7748 7869 7870
3 7748 7870 7749
3 7749 7870 7871
3 7749 7871 7750
3 7750 7871 7872
3 7750 7872 7751
3 7751 7872 7873
3 7751 7873 7752
3 7752 7873 7874
3 7752 7874 7753
3 7753 7874 7875
3 7753 7875 7754
3 7754 7875 7876
3 7754 7876 7755
3 7755 7876 7877
3 7755 7877 7756
3 7756 7877 7878
3 7756 7878 7757
3 7757 7878 7879
3 7757 7879 7758
3 7758 7879 7880
3 7758 7880 7759
3 7759 7880 7881
3 7759 7881 7760
3 7760 7881 7882
3 7760 7882 7761
3 7761 7882 7883
3 7761 7883 7762
3 7762 7883 7884
3 7762 7884 7763
3 7763 7884 7885
3 7763 7885 7764
3 7764 7885 7886
3 7764 7886 7765
3 7765 7886 7887
3 7765 7887 7766
3 7766 7887 7888
3 7766 7888 7767
3 7767 7888 7889
3 7767 7889 7768
3 7768 7889 7890
3 7768 7890 7769
3 7769 7890 7891
3 7769 7891 7770
3 7770 7891 7892
3 7770 7892 7771
3 7771 7892 7893
3 7771 7893 7772
3 7772 7893 7894
3 7772 7894 7773
3 7773 7894 7895
3 7773 7895 7774
3 7774 7895 7896
3 7774 7896 7775
3 7775 7896 7897
3 7775 7897 7776
3 7776 7897 7898
3 7776 7898 7777
3 7777 7898 7899
3 7777 7899 7778
3 7778 7899 7900
3 7778 7900 7779
3 7779 7900 7901
3 7779 7901 7780
3 7780 7901 7902
3 7780 7902 7781
3 7781 7902 7903
3 7781 7903 7782
3 7782 7903 7904
3 7782 7904 7783
3 7783 7904 7905
3 7783 7905 7784
3 7784 7905 7906
3 7784 7906 7785
3 7785 7906 7907
3 7785 7907 7786
3 7786 7907 7908
3 7786 7908 7787
3 7787 7908 7909
3 7787 7909 7788
3 7788 7909 7910
3 7788 7910 7789
3 7789 7910 7911
3 7789 7911 7790
3 7790 7911 7912
3 7790 7912 7791
3 7791 7912 7913
3 7791 7913 7792
3 7792 7913 7914
3 7792 7914 7793
3 7793 7914 7915
3 7793 7915 7794
3 7794 7915 7916
3 7794 7916 7795
3 7795 7916 7917
3 7795 7917 7796
3 7796 7917 7918
3 7796 7918 7797
3 7797 7918 7919
3 7797 7919 7798
3 7798 7919 7920
3 7798 7920 7799
3 7799 7920 7921
3 7799 7921 7800
3 7800 7921 7922
3 7800 7922 7801
3 7801 7922 7923
3 7801 7923 7802
3 7802 7923 7924
3 7802 7924 7803
3 7803 7924 7925
3 7803 7925 7804
3 7804 7925 7926
3 7804 7926 7805
3 7805 7926 7927
3 7805 7927 7806
3 7806 7927 7928
3 7806 7928 7807
3 7807 7928 7929
3 7807 7929 7808
3 7808 7929 7930
3 7808 7930 7809
3 7809 7930 7931
3 7809 7931 7810
3 7810 7931 7932
3 7810 7932 7811
3 7811 7932 7933
3 7811 7933 7812
3 7812 7933 7934
3 7812 7934 7813
3 7813 7934 7935
3 7813 7935 7814
3 7814 7935 7936
3 7814 7936 7815
3 7815 7936 7937
3 7815 7937 7816
3 7816 7937 7938
3 7816 7938 7817
3 7817 7938 7939
3 7817 7939 7818
3 7818 7939 7940
3 7818 7940 7819
3 7819 7940 7941
3 7819 7941 7820
3 7820 7941 7942
3 7820 7942 7821
3 7821 7942 7943
3 7821 7943 7822
3 7822 7943 7944
3 7822 7944 7823
3 7823 7944 7945
3 7823 7945 7824
3 7824 7945 7946
3 7824 7946 7825
3 7825 7946 7947
3 7825 7947 7826
3 7826 7947 7948
3 7826 7948 7827
3 7827 7948 7949
3 7827 7949 7828
3 7828 7949 7950
3 7828 7950 7829
3 7829 7950 7951
3 7829 7951 7830
3 7830 7951 7952
3 7830 7952 7831
3 7831 7952 7953
3 7831 7953 7832
3 7832 7953 7954
3 7832 7954 7833
3 7833 7954 7955
3 7833 7955 7834
3 7834 7955 7956
3 7834 7956 7835
3 7835 7956 7957
3 7835 7957 7836
3 7836 7957 7958
3 7836 7958 7837
3 7837 7958 7959
3 7837 7959 7838
3 7838 7959 7960
3 7838 7960 7839
3 7839 7960 7961
3 7839 7961 7840
3 7840 7961 7962
3 7840 7962 7841
3 7841 7962 7963
3 7841 7963 7842
3 7842 7963 7964
3 7842 7964 7843
3 7843 7964 7965
3 7843 7965 7844
3 7844 7965 7966
3 7844 7966 7845
3 7845 7966 7967
3 7845 7967 7846
3 7846 7967 7968
3 7846 7968 7847
3 7847 7968 7969
3 7847 7969 7848
3 7848 7969 7970
3 7848 7970 7849
3 7849 7970 7971
3 7849 7971 7850
3 7850 7971 7972
3 7850 7972 7851
3 7851 7972 7973
3 7851 7973 7852
3 7852 7973 7974
3 7852 7974 7853
3 7853 7974 7975
3 7853 7975 7854
3 7854 7975 7976
3 7854 7976 7855
3 7855 7976 7977
3 7855 7977 7856
3 7856 7977 7978
3 7856 7978 7857
3 7857 7978 7979
3 7857 7979 7858
3 7858 7979 7980
3 7858 7980 7859
3 7859 7980 7981
3 7859 7981 7860
3 7860 7981 7982
3 7860 7982 7861
3 7861 7982 7983
3 7861 7983 7862
3 7862 7983 7984
3 7862 7984 7863
3 7863 7984 7985
3 7863 7985 7864
3 7865 7986 7987
3 7865 7987 7866
3 7866 7987 7988
3 7866 7988 7867
3 7867 7988 7989
3 7867 7989 7868
3 7868 7989 7990
3 7868 7990 7869
3 7869 7990 7991
3 7869 7991 7870
3 7870 7991 7992
3 7870 7992 7871
3 7871 7992 7993
3 7871 7993 7872
3 7872 7993 7994
3 7872 7994 7873
3 7873 7994 7995
3 7873 7995 7874
3 7874 7995 7996
3 7874 7996 7875
3 7875 7996 7997
3 7875 7997 7876
3 7876 7997 7998
3 7876 7998 7877
3 7877 7998 7999
3 7877 7999 7878
3 7878 7999 8000
3 7878 8000 7879
3 7879 8000 8001
3 7879 8001 7880
3 7880 8001 8002
3 7880 8002 7881
3 7881 8002 8003
3 7881 8003 7882
3 7882 8003 8004
3 7882 8004 7883
3 7883 8004 8005
3 7883 8005 7884
3 7884 8005 8006
3 7884 8006 7885
3 7885 8006 8007
3 7885 8007 7886
3 7886 8007 8008
3 7886 8008 7887
3 7887 8008 8009
3 7887 8009 7888
3 7888 8009 8010
3 7888 8010 7889
3 7889 8010 8011
3 7889 8011 7890
3 7890 8011 8012
3 7890 8012 7891
3 7891 8012 8013
3 7891 8013 7892
3 7892 8013 8014
3 7892 8014 7893
3 7893 8014 8015
3 7893 8015 7894
3 7894 8015 8016
3 7894 8016 7895
3 7895 8016 8017
3 7895 8017 7896
3 7896 8017 8018
3 7896 8018 7897
3 7897 8018 8019
3 7897 8019 7898
3 7898 8019 8020
3 7898 8020 7899
3 7899 8020 8021
3 7899 8021 7900
3 7900 8021 8022
3 7900 8022 7901
3 7901 8022 8023
3 7901 8023 7902
3 7902 8023 8024
3 7902 8024 7903
3 7903 8024 8025
3 7903 8025 7904
3 7904 8025 8026
3 7904 8026 7905
3 7905 8026 8027
3 7905 8027 7906
3 7906 8027 8028
3 7906 8028 7907
3 7907 8028 8029
3 7907 8029 7908
3 7908 8029 8030
3 7908 8030 7909
3 7909 8030 8031
3 7909 8031 7910
3 7910 8031 8032
3 7910 8032 7911
3 7911 8032 8033
3 7911 8033 7912
3 7912 8033 8034
3 7912 8034 7913
3 7913 8034 8035
3 7913 8035 7914
3 7914 8035 8036
3 7914 8036 7915
3 7915 8036 8037
3 7915 8037 7916
3 7916 8037 8038
3 7916 8038 7917
3 7917 8038 8039
3 7917 8039 7918
3 7918 8039 8040
3 7918 8040 7919
3 7919 8040 8041
3 7919 8041 7920
3 7920 8041 8042
3 7920 8042 7921
3 7921 8042 8043
3 7921 8043 7922
3 7922 8043 8044
3 7922 8044 7923
3 7923 8044 8045
3 7923 8045 7924
3 7924 8045 8046
3 7924 8046 7925
3 7925 8046 8047
3 7925 8047 7926
3 7926 8047 8048
3 7926 8048 7927
3 7927 8048 8049
3 7927 8049 7928
3 7928 8049 8050
3 7928 8050 7929
3 7929 8050 8051
3 7929 8051 7930
3 7930 8051 8052
3 7930 8052 7931
3 7931 8052 8053
3 7931 8053 7932
3 7932 8053 8054
3 7932 8054 7933
3 7933 8054 8055
3 7933 8055 7934
3 7934 8055 8056
3 7934 8056 7935
3 7935 8056 8057
3 7935 8057 7936
3 7936 8057 8058
3 7936 8058 7937
3 7937 8058 8059
3 7937 8059 7938
3 7938 8059 8060
3 7938 8060 7939
3 7939 8060 8061
3 7939 8061 7940
3 7940 8061 8062
3 7940 8062 7941
3 7941 8062 8063
3 7941 8063 7942
3 7942 8063 8064
3 7942 8064 7943
3 7943 8064 8065
3 7943 8065 7944
3 7944 8065 8066
3 7944 8066 7945
3 7945 8066 8067
3 7945 8067 7946
3 7946 8067 8068
3 7946 8068 7947
3 7947 8068 8069
3 7947 8069 7948
3 7948 8069 8070
3 7948 8070 7949
3 7949 8070 8071
3 7949 8071 7950
3 7950 8071 8072
3 7950 8072 7951
3 7951 8072 8073
3 7951 8073 7952
3 7952 8073 8074
3 7952 8074 7953
3 7953 8074 8075
3 7953 8075 7954
3 7954 8075 8076
3 7954 8076 7955
3 7955 8076 8077
3 7955 8077 7956
3 7956 8077 8078
3 7956 8078 7957
3 7957 8078 8079
3 7957 8079 7958
3 7958 8079 8080
3 7958 8080 7959
3 7959 8080 8081
3 7959 8081 7960
3 7960 8081 8082
3 7960 8082 7961
3 7961 8082 8083
3 7961 8083 7962
3 7962 8083 8084
3 7962 8084 7963
3 7963 8084 8085
3 7963 8085 7964
3 7964 8085 8086
3 7964 8086 7965
3 7965 8086 8087
3 7965 8087 7966
3 7966 8087 8088
3 7966 8088 7967
3 7967 8088 8089
3 7967 8089 7968
3 7968 8089 8090
3 7968 8090 7969
3 7969 8090 8091
3 7969 8091 7970
3 7970 8091 8092
3 7970 8092 7971
3 7971 8092 8093
3 7971 8093 7972
3 7972 8093 8094
3 7972 8094 7973
3 7973 8094 8095
3 7973 8095 7974
3 7974 8095 8096
3 7974 8096 7975
3 7975 8096 8097
3 7975 8097 7976
3 7976 8097 8098
3 7976 8098 7977
3 7977 8098 8099
3 7977 8099 7978
3 7978 8099 8100
3 7978 8100 7979
3 7979 8100 8101
3 7979 8101 7980
3 7980 8101 8102
3 7980 8102 7981
3 7981 8102 8103
3 7981 8103 7982
3 7982 8103 8104
3 7982 8104 7983
3 7983 8104 8105
3 7983 8105 7984
3 7984 8105 8106
3 7984 8106 7985
3 7986 8107 8108
3 7986 8108 7987
3 7987 8108 8109
3 7987 8109 7988
3 7988 8109 8110
3 7988 8110 7989
3 7989 8110 8111
3 7989 8111 7990
3 7990 8111 8112
3 7990 8112 7991
3 7991 8112 8113
3 7991 8113 7992
3 7992 8113 8114
3 7992 8114 7993
3 7993 8114 8115
3 7993 8115 7994
3 7994 8115 8116
3 7994 8116 7995
3 7995 8116 8117
3 7995 8117 7996
3 7996 8117 8118
3 7996 8118 7997
3 7997 8118 8119
3 7997 8119 7998
3 7998 8119 8120
3 7998 8120 7999
3 7999 8120 8121
3 7999 8121 8000
3 8000 8121 8122
3 8000 8122 8001
3 8001 8122 8123
3 8001 8123 8002
3 8002 8123 8124
3 8002 8124 8003
3 8003 8124 8125
3 8003 8125 8004
3 8004 8125 8126
3 8004 8126 8005
3 8005 8126 8127
3 8005 8127 8006
3 8006 8127 8128
3 8006 8128 8007
3 8007 8128 8129
3 8007 8129 8008
3 8008 8129 8130
3 8008 8130 8009
3 8009 8130 8131
3 8009 8131 8010
3 8010 8131 8132
3 8010 8132 8011
3 8011 8132 8133
3 8011 8133 8012
3 8012 8133 8134
3 8012 8134 8013
3 8013 8134 8135
3 8013 8135 8014
3 8014 8135 8136
3 8014 8136 8015
3 8015 8136 8137
3 8015 8137 8016
3 8016 8137 8138
3 8016 8138 8017
3 8017 8138 8139
3 8017 8139 8018
3 8018 8139 8140
3 8018 8140 8019
3 8019 8140 8141
3 8019 8141 8020
3 8020 8141 8142
3 8020 8142 8021
3 8021 8142 8143
3 8021 8143 8022
3 8022 8143 8144
3 8022 8144 8023
3 8023 8144 8145
3 8023 8145 8024
3 8024 8145 8146
3 8024 8146 8025
3 8025 8146 8147
3 8025 8147 8026
3 8026 8147 8148
3 8026 8148 8027
3 8027 8148 8149
3 8027 8149 8028
3 8028 8149 8150
3 8028 8150 8029
3 8029 8150 8151
3 8029 8151 8030
3 8030 8151 8152
3 8030 8152 8031
3 8031 8152 8153
3 8031 8153 8032
3 8032 8153 8154
3 8032 8154 8033
3 8033 8154 8155
3 8033 8155 8034
3 8034 8155 8156
3 8034 8156 8035
3 8035 8156 8157
3 8035 8157 8036
3 8036 8157 8158
3 8036 8158 8037
3 8037 8158 8159
3 8037 8159 8038
3 8038 8159 8160
3 8038 8160 8039
3 8039 8160 8161
3 8039 8161 8040
3 8040 8161 8162
3 8040 8162 8041
3 8041 8162 8163
3 8041 8163 8042
3 8042 8163 8164
3 8042 8164 8043
3 8043 8164 8165
3 8043 8165 8044
3 8044 8165 8166
3 8044 8166 8045
3 8045 8166 8167
3 8045 8167 8046
3 8046 8167 8168
3 8046 8168 8047
3 8047 8168 8169
3 8047 8169 8048
3 8048 8169 8170
3 8048 8170 8049
3 8049 8170 8171
3 8049 8171 8050
3 8050 8171 8172
3 8050 8172 8051
3 8051 8172 8173
3 8051 8173 8052
3 8052 8173 8174
3 8052 8174 8053
3 8053 8174 8175
3 8053 8175 8054
3 8054 8175 8176
3 8054 8176 8055
3 8055 8176 8177
3 8055 8177 8056
3 8056 8177 8178
3 8056 8178 8057
3 8057 8178 8179
3 8057 8179 8058
3 8058 8179 8180
3 8058 8180 8059
3 8059 8180 8181
3 8059 8181 8060
3 8060 8181 8182
3 8060 8182 8061
3 8061 8182 8183
3 8061 8183 8062
3 8062 8183 8184
3 8062 8184 8063
3 8063 8184 8185
3 8063 8185 8064
3 8064 8185 8186
3 8064 8186 8065
3 8065 8186 8187
3 8065 8187 8066
3 8066 8187 8188
3 8066 8188 8067
3 8067 8188 8189
3 8067 8189 8068
3 8068 8189 8190
3 8068 8190 8069
3 8069 8190 8191
3 8069 8191 8070
3 8070 8191 8192
3 8070 8192 8071
3 8071 8192 8193
3 8071 8193 8072
3 8072 8193 8194
3 8072 8194 8073
3 8073 8194 8195
3 8073 8195 8074
3 8074 8195 8196
3 8074 8196 8075
3 8075 8196 8197
3 8075 8197 8076
3 8076 8197 8198
3 8076 8198 8077
3 8077 8198 8199
3 8077 8199 8078
3 8078 8199 8200
3 8078 8200 8079
3 8079 8200 8201
3 8079 8201 8080
3 8080 8201 8202
3 8080 8202 8081
3 8081 8202 8203
3 8081 8203 8082
3 8082 8203 8204
3 8082 8204 8083
3 8083 8204 8205
3 8083 8205 8084
3 8084 8205 8206
3 8084 8206 8085
3 8085 8206 8207
3 8085 8207 8086
3 8086 8207 8208
3 8086 8208 8087
3 8087 8208 8209
3 8087 8209 8088
3 8088 8209 8210
3 8088 8210 8089
3 8089 8210 8211
3 8089 8211 8090
3 8090 8211 8212
3 8090 8212 8091
3 8091 8212 8213
3 8091 8213 8092
3 8092 8213 8214
3 8092 8214 8093
3 8093 8214 8215
3 8093 8215 8094
3 8094 8215 8216
3 8094 8216 8095
3 8095 8216 8217
3 8095 8217 8096
3 8096 8217 8218
3 8096 8218 8097
3 8097 8218 8219
3 8097 8219 8098
3 8098 8219 8220
3 8098 8220 8099
3 8099 8220 8221
3 8099 8221 8100
3 8100 8221 8222
3 8100 8222 8101
3 8101 8222 8223
3 8101 8223 8102
3 8102 8223 8224
3 8102 8224 8103
3 8103 8224 8225
3 8103 8225 8104
3 8104 8225 8226
3 8104 8226 8105
3 8105 8226 8227
3 8105 8227 8106
3 8107 8228 8229
3 8107 8229 8108
3 8108 8229 8230
3 8108 8230 8109
3 8109 8230 8231
3 8109 8231 8110
3 8110 8231 8232
3 8110 8232 8111
3 8111 8232 8233
3 8111 8233 8112
3 8112 8233 8234
3 8112 8234 8113
3 8113 8234 8235
3 8113 8235 8114
3 8114 8235 8236
3 8114 8236 8115
3 8115 8236 8237
3 8115 8237 8116
3 8116 8237 8238
3 8116 8238 8117
3 8117 8238 8239
3 8117 8239 8118
3 8118 8239 8240
3 8118 8240 8119
3 8119 8240 8241
3 8119 8241 8120
3 8120 8241 8242
3 8120 8242 8121
3 8121 8242 8243
3 8121 8243 8122
3 8122 8243 8244
3 8122 8244 8123
3 8123 8244 8245
3 8123 8245 8124
3 8124 8245 8246
3 8124 8246 8125
3 8125 8246 8247
3 8125 8247 8126
3 8126 8247 8248
3 8126 8248 8127
3 8127 8248 8249
3 8127 8249 8128
3 8128 8249 8250
3 8128 8250 8129
3 8129 8250 8251
3 8129 8251 8130
3 8130 8251 8252
3 8130 8252 8131
3 8131 8252 8253
3 8131 8253 8132
3 8132 8253 8254
3 8132 8254 8133
3 8133 8254 8255
3 8133 8255 8134
3 8134 8255 8256
3 8134 8256 8135
3 8135 8256 8257
3 8135 8257 8136
3 8136 8257 8258
3 8136 8258 8137
3 8137 8258 8259
3 8137 8259 8138
3 8138 8259 8260
3 8138 8260 8139
3 8139 8260 8261
3 8139 8261 8140
3 8140 8261 8262
3 8140 8262 8141
3 8141 8262 8263
3 8141 8263 8142
3 8142 8263 8264
3 8142 8264 8143
3 8143 8264 8265
3 8143 8265 8144
3 8144 8265 8266
3 8144 8266 8145
3 8145 8266 8267
3 8145 8267 8146
3 8146 8267 8268
3 8146 8268 8147
3 8147 8268 8269
3 8147 8269 8148
3 8148 8269 8270
3 8148 8270 8149
3 8149 8270 8271
3 8149 8271 8150
3 8150 8271 8272
3 8150 8272 8151
3 8151 8272 8273
3 8151 8273 8152
3 8152 8273 8274
3 8152 8274 8153
3 8153 8274 8275
3 8153 8275 8154
3 8154 8275 8276
3 8154 8276 8155
3 8155 8276 8277
3 8155 8277 8156
3 8156 8277 8278
3 8156 8278 8157
3 8157 8278 8279
3 8157 8279 8158
3 8158 8279 8280
3 8158 8280 8159
3 8159 8280 8281
3 8159 8281 8160
3 8160 8281 8282
3 8160 8282 8161
3 8161 8282 8283
3 8161 8283 8162
3 8162 8283 8284
3 8162 8284 8163
3 8163 8284 8285
3 8163 8285 8164
3 8164 8285 8286
3 8164 8286 8165
3 8165 8286 8287
3 8165 8287 8166
3 8166 8287 8288
3 8166 8288 8167
3 8167 8288 8289
3 8167 8289 8168
3 8168 8289 8290
3 8168 8290 8169
3 8169 8290 8291
3 8169 8291 8170
3 8170 8291 8292
3 8170 8292 8171
3 8171 8292 8293
3 8171 8293 8172
3 8172 8293 8294
3 8172 8294 8173
3 8173 8294 8295
3 8173 8295 8174
3 8174 8295 8296
3 8174 8296 8175
3 8175 8296 8297
3 8175 8297 8176
3 8176 8297 8298
3 8176 8298 8177
3 8177 8298 8299
3 8177 8299 8178
3 8178 8299 8300
3 8178 8300 8179
3 8179 8300 8301
3 8179 8301 8180
3 8180 8301 8302
3 8180 8302 8181
3 8181 8302 8303
3 8181 8303 8182
3 8182 8303 8304
3 8182 8304 8183
3 8183 8304 8305
3 8183 8305 8184
3 8184 8305 8306
3 8184 8306 8185
3 8185 8306 8307
3 8185 8307 8186
3 8186 8307 8308
3 8186 8308 8187
3 8187 8308 8309
3 8187 8309 8188
3 8188 8309 8310
3 8188 8310 8189
3 8189 8310 8311
3 8189 8311 8190
3 8190 8311 8312
3 8190 8312 8191
3 8191 8312 8313
3 8191 8313 8192
3 8192 8313 8314
3 8192 8314 8193
3 8193 8314 8315
3 8193 8315 8194
3 8194 8315 8316
3 8194 8316 8195
3 8195 8316 8317
3 8195 8317 8196
3 8196 8317 8318
3 8196 8318 8197
3 8197 8318 8319
3 8197 8319 8198
3 8198 8319 8320
3 8198 8320 8199
3 8199 8320 8321
3 8199 8321 8200
3 8200 8321 8322
3 8200 8322 8201
3 8201 8322 8323
3 8201 8323 8202
3 8202 8323 8324
3 8202 8324 8203
3 8203 8324 8325
3 8203 8325 8204
3 8204 8325 8326
3 8204 8326 8205
3 8205 8326 8327
3 8205 8327 8206
3 8206 8327 8328
3 8206 8328 8207
3 8207 8328 8329
3 8207 8329 8208
3 8208 8329 8330
3 8208 8330 8209
3 8209 8330 8331
3 8209 8331 8210
3 8210 8331 8332
3 8210 8332 8211
3 8211 8332 8333
3 8211 8333 8212
3 8212 8333 8334
3 8212 8334 8213
3 8213 8334 8335
3 8213 8335 8214
3 8214 8335 8336
3 8214 8336 8215
3 8215 8336 8337
3 8215 8337 8216
3 8216 8337 8338
3 8216 8338 8217
3 8217 8338 8339
3 8217 8339 8218
3 8218 8339 8340
3 8218 8340 8219
3 8219 8340 8341
3 8219 8341 8220
3 8220 8341 8342
3 8220 8342 8221
3 8221 8342 8343
3 8221 8343 8222
3 8222 8343 8344
3 8222 8344 8223
3 8223 8344 8345
3 8223 8345 8224
3 8224 8345 8346
3 8224 8346 8225
3 8225 8346 8347
3 8225 8347 8226
3 8226 8347 8348
3 8226 8348 8227
3 8228 8349 8350
3 8228 8350 8229
3 8229 8350 8351
3 8229 8351 8230
3 8230 8351 8352
3 8230 8352 8231
3 8231 8352 8353
3 8231 8353 8232
3 8232 8353 8354
3 8232 8354 8233
3 8233 8354 8355
3 8233 8355 8234
3 8234 8355 8356
3 8234 8356 8235
3 8235 8356 8357
3 8235 8357 8236
3 8236 8357 8358
3 8236 8358 8237
3 8237 8358 8359
3 8237 8359 8238
3 8238 8359 8360
3 8238 8360 8239
3 8239 8360 8361
3 8239 8361 8240
3 8240 8361 8362
3 8240 8362 8241
3 8241 8362 8363
3 8241 8363 8242
3 8242 8363 8364
3 8242 8364 8243
3 8243 8364 8365
3 8243 8365 8244
3 8244 8365 8366
3 8244 8366 8245
3 8245 8366 8367
3 8245 8367 8246
3 8246 8367 8368
3 8246 8368 8247
3 8247 8368 8369
3 8247 8369 8248
3 8248 8369 8370
3 8248 8370 8249
3 8249 8370 8371
3 8249 8371 8250
3 8250 8371 8372
3 8250 8372 8251
3 8251 8372 8373
3 8251 8373 8252
3 8252 8373 8374
3 8252 8374 8253
3 8253 8374 8375
3 8253 8375 8254
3 8254 8375 8376
3 8254 8376 8255
3 8255 8376 8377
3 8255 8377 8256
3 8256 8377 8378
3 8256 8378 8257
3 8257 8378 8379
3 8257 8379 8258
3 8258 8379 8380
3 8258 8380 8259
3 8259 8380 8381
3 8259 8381 8260
3 8260 8381 8382
3 8260 8382 8261
3 8261 8382 8383
3 8261 8383 8262
3 8262 8383 8384
3 8262 8384 8263
3 8263 8384 8385
3 8263 8385 8264
3 8264 8385 8386
3 8264 8386 8265
3 8265 8386 8387
3 8265 8387 8266
3 8266 8387 8388
3 8266 8388 8267
3 8267 8388 8389
3 8267 8389 8268
3 8268 8389 8390
3 8268 8390 8269
3 8269 8390 8391
3 8269 8391 8270
3 8270 8391 8392
3 8270 8392 8271
3 8271 8392 8393
3 8271 8393 8272
3 8272 8393 8394
3 8272 8394 8273
3 8273 8394 8395
3 8273 8395 8274
3 8274 8395 8396
3 8274 8396 8275
3 8275 8396 8397
3 8275 8397 8276
3 8276 8397 8398
3 8276 8398 8277
3 8277 8398 8399
3 8277 8399 8278
3 8278 8399 8400
3 8278 8400 8279
3 8279 8400 8401
3 8279 8401 8280
3 8280 8401 8402
3 8280 8402 8281
3 8281 8402 8403
3 8281 8403 8282
3 8282 8403 8404
3 8282 8404 8283
3 8283 8404 8405
3 8283 8405 8284
3 8284 8405 8406
3 8284 8406 8285
3 8285 8406 8407
3 8285 8407 8286
3 8286 8407 8408
3 8286 8408 8287
3 8287 8408 8409
3 8287 8409 8288
3 8288 8409 8410
3 8288 8410 8289
3 8289 8410 8411
3 8289 8411 8290
3 8290 8411 8412
3 8290 8412 8291
3 8291 8412 8413
3 8291 8413 8292
3 8292 8413 8414
3 8292 8414 8293
3 8293 8414 8415
3 8293 8415 8294
3 8294 8415 8416
3 8294 8416 8295
3 8295 8416 8417
3 8295 8417 8296
3 8296 8417 8418
3 8296 8418 8297
3 8297 8418 8419
3 8297 8419 8298
3 8298 8419 8420
3 8298 8420 8299
3 8299 8420 8421
3 8299 8421 8300
3 8300 8421 8422
3 8300 8422 8301
3 8301 8422 8423
3 8301 8423 8302
3 8302 8423 8424
3 8302 8424 8303
3 8303 8424 8425
3 8303 8425 8304
3 8304 8425 8426
3 8304 8426 8305
3 8305 8426 8427
3 8305 8427 8306
3 8306 8427 8428
3 8306 8428 8307
3 8307 8428 8429
3 8307 8429 8308
3 8308 8429 8430
3 8308 8430 8309
3 8309 8430 8431
3 8309 8431 8310
3 8310 8431 8432
3 8310 8432 8311
3 8311 8432 8433
3 8311 8433 8312
3 8312 8433 8434
3 8312 8434 8313
3 8313 8434 8435
3 8313 8435 8314
3 8314 8435 8436
3 8314 8436 8315
3 8315 8436 8437
3 8315 8437 8316
3 8316 8437 8438
3 8316 8438 8317
3 8317 8438 8439
3 8317 8439 8318
3 8318 8439 8440
3 8318 8440 8319
3 8319 8440 8441
3 8319 8441 8320
3 8320 8441 8442
3 8320 8442 8321
3 8321 8442 8443
3 8321 8443 8322
3 8322 8443 8444
3 8322 8444 8323
3 8323 8444 8445
3 8323 8445 8324
3 8324 8445 8446
3 8324 8446 8325
3 8325 8446 8447
3 8325 8447 8326
3 8326 8447 8448
3 8326 8448 8327
3 8327 8448 8449
3 8327 8449 8328
3 8328 8449 8450
3 8328 8450 8329
3 8329 8450 8451
3 8329 8451 8330
3 8330 8451 8452
3 8330 8452 8331
3 8331 8452 8453
3 8331 8453 8332
3 8332 8453 8454
3 8332 8454 8333
3 8333 8454 8455
3 8333 8455 8334
3 8334 8455 8456
3 8334 8456 8335
3 8335 8456 8457
3 8335 8457 8336
3 8336 8457 8458
3 8336 8458 8337
3 8337 8458 8459
3 8337 8459 8338
3 8338 8459 8460
3 8338 8460 8339
3 8339 8460 8461
3 8339 8461 8340
3 8340 8461 8462
3 8340 8462 8341
3 8341 8462 8463
3 8341 8463 8342
3 8342 8463 8464
3 8342 8464 8343
3 8343 8464 8465
3 8343 8465 8344
3 8344 8465 8466
3 8344 8466 8345
3 8345 8466 8467
3 8345 8467 8346
3 8346 8467 8468
3 8346 8468 8347
3 8347 8468 8469
3 8347 8469 8348
3 8349 8470 8471
3 8349 8471 8350
3 8350 8471 8472
3 8350 8472 8351
3 8351 8472 8473
3 8351 8473 8352
3 8352 8473 8474
3 8352 8474 8353
3 8353 8474 8475
3 8353 8475 8354
3 8354 8475 8476
3 8354 8476 8355
3 8355 8476 8477
3 8355 8477 8356
3 8356 8477 8478
3 8356 8478 8357
3 8357 8478 8479
3 8357 8479 8358
3 8358 8479 8480
3 8358 8480 8359
3 8359 8480 8481
3 8359 8481 8360
3 8360 8481 8482
3 8360 8482 8361
3 8361 8482 8483
3 8361 8483 8362
3 8362 8483 8484
3 8362 8484 8363
3 8363 8484 8485
3 8363 8485 8364
3 8364 8485 8486
3 8364 8486 8365
3 8365 8486 8487
3 8365 8487 8366
3 8366 8487 8488
3 8366 8488 8367
3 8367 8488 8489
3 8367 8489 8368
3 8368 8489 8490
3 8368 8490 8369
3 8369 8490 8491
3 8369 8491 8370
3 8370 8491 8492
3 8370 8492 8371
3 8371 8492 8493
3 8371 8493 8372
3 8372 8493 8494
3 8372 8494 8373
3 8373 8494 8495
3 8373 8495 8374
3 8374 8495 8496
3 8374 8496 8375
3 8375 8496 8497
3 8375 8497 8376
3 8376 8497 8498
3 8376 8498 8377
3 8377 8498 8499
3 8377 8499 8378
3 8378 8499 8500
3 8378 8500 8379
3 8379 8500 8501
3 8379 8501 8380
3 8380 8501 8502
3 8380 8502 8381
3 8381 8502 8503
3 8381 8503 8382
3 8382 8503 8504
3 8382 8504 8383
3 8383 8504 8505
3 8383 8505 8384
3 8384 8505 8506
3 8384 8506 8385
3 8385 8506 8507
3 8385 8507 8386
3 8386 8507 8508
3 8386 8508 8387
3 8387 8508 8509
3 8387 8509 8388
3 8388 8509 8510
3 8388 8510 8389
3 8389 8510 8511
3 8389 8511 8390
3 8390 8511 8512
3 8390 8512 8391
3 8391 8512 8513
3 8391 8513 8392
3 8392 8513 8514
3 8392 8514 8393
3 8393 8514 8515
3 8393 8515 8394
3 8394 8515 8516
3 8394 8516 8395
3 8395 8516 8517
3 8395 8517 8396
3 8396 8517 8518
3 8396 8518 8397
3 8397 8518 8519
3 8397 8519 8398
3 8398 8519 8520
3 8398 8520 8399
3 8399 8520 8521
3 8399 8521 8400
3 8400 8521 8522
3 8400 8522 8401
3 8401 8522 8523
3 8401 8523 8402
3 8402 8523 8524
3 8402 8524 8403
3 8403 8524 8525
3 8403 8525 8404
3 8404 8525 8526
3 8404 8526 8405
3 8405 8526 8527
3 8405 8527 8406
3 8406 8527 8528
3 8406 8528 8407
3 8407 8528 8529
3 8407 8529 8408
3 8408 8529 8530
3 8408 8530 8409
3 8409 8530 8531
3 8409 8531 8410
3 8410 8531 8532
3 8410 8532 8411
3 8411 8532 8533
3 8411 8533 8412
3 8412 8533 8534
3 8412 8534 8413
3 8413 8534 8535
3 8413 8535 8414
3 8414 8535 8536
3 8414 8536 8415
3 8415 8536 8537
3 8415 8537 8416
3 8416 8537 8538
3 8416 8538 8417
3 8417 8538 8539
3 8417 8539 8418
3 8418 8539 8540
3 8418 8540 8419
3 8419 8540 8541
3 8419 8541 8420
3 8420 8541 8542
3 8420 8542 8421
3 8421 8542 8543
3 8421 8543 8422
3 8422 8543 8544
3 8422 8544 8423
3 8423 8544 8545
3 8423 8545 8424
3 8424 8545 8546
3 8424 8546 8425
3 8425 8546 8547
3 8425 8547 8426
3 8426 8547 8548
3 8426 8548 8427
3 8427 8548 8549
3 8427 8549 8428
3 8428 8549 8550
3 8428 8550 8429
3 8429 8550 8551
3 8429 8551 8430
3 8430 8551 8552
3 8430 8552 8431
3 8431 8552 8553
3 8431 8553 8432
3 8432 8553 8554
3 8432 8554 8433
3 8433 8554 8555
3 8433 8555 8434
3 8434 8555 8556
3 8434 8556 8435
3 8435 8556 8557
3 8435 8557 8436
3 8436 8557 8558
3 8436 8558 8437
3 8437 8558 8559
3 8437 8559 8438
3 8438 8559 8560
3 8438 8560 8439
3 8439 8560 8561
3 8439 8561 8440
3 8440 8561 8562
3 8440 8562 8441
3 8441 8562 8563
3 8441 8563 8442
3 8442 8563 8564
3 8442 8564 8443
3 8443 8564 8565
3 8443 8565 8444
3 8444 8565 8566
3 8444 8566 8445
3 8445 8566 8567
3 8445 8567 8446
3 8446 8567 8568
3 8446 8568 8447
3 8447 8568 8569
3 8447 8569 8448
3 8448 8569 8570
3 8448 8570 8449
3 8449 8570 8571
3 8449 8571 8450
3 8450 8571 8572
3 8450 8572 8451
3 8451 8572 8573
3 8451 8573 8452
3 8452 8573 8574
3 8452 8574 8453
3 8453 8574 8575
3 8453 8575 8454
3 8454 8575 8576
3 8454 8576 8455
3 8455 8576 8577
3 8455 8577 8456
3 8456 8577 8578
3 8456 8578 8457
3 8457 8578 8579
3 8457 8579 8458
3 8458 8579 8580
3 8458 8580 8459
3 8459 8580 8581
3 8459 8581 8460
3 8460 8581 8582
3 8460 8582 8461
3 8461 8582 8583
3 8461 8583 8462
3 8462 8583 8584
3 8462 8584 8463
3 8463 8584 8585
3 8463 8585 8464
3 8464 8585 8586
3 8464 8586 8465
3 8465 8586 8587
3 8465 8587 8466
3 8466 8587 8588
3 8466 8588 8467
3 8467 8588 8589
3 8467 8589 8468
3 8468 8589 8590
3 8468 8590 8469
3 8470 8591 8592
3 8470 8592 8471
3 8471 8592 8593
3 8471 8593 8472
3 8472 8593 8594
3 8472 8594 8473
3 8473 8594 8595
3 8473 8595 8474
3 8474 8595 8596
3 8474 8596 8475
3 8475 8596 8597
3 8475 8597 8476
3 8476 8597 8598
3 8476 8598 8477
3 8477 8598 8599
3 8477 8599 8478
3 8478 8599 8600
3 8478 8600 8479
3 8479 8600 8601
3 8479 8601 8480
3 8480 8601 8602
3 8480 8602 8481
3 8481 8602 8603
3 8481 8603 8482
3 8482 8603 8604
3 8482 8604 8483
3 8483 8604 8605
3 8483 8605 8484
3 8484 8605 8606
3 8484 8606 8485
3 8485 8606 8607
3 8485 8607 8486
3 8486 8607 8608
3 8486 8608 8487
3 8487 8608 8609
3 8487 8609 8488
3 8488 8609 8610
3 8488 8610 8489
3 8489 8610 8611
3 8489 8611 8490
3 8490 8611 8612
3 8490 8612 8491
3 8491 8612 8613
3 8491 8613 8492
3 8492 8613 8614
3 8492 8614 8493
3 8493 8614 8615
3 8493 8615 8494
3 8494 8615 8616
3 8494 8616 8495
3 8495 8616 8617
3 8495 8617 8496
3 8496 8617 8618
3 8496 8618 8497
3 8497 8618 8619
3 8497 8619 8498
3 8498 8619 8620
3 8498 8620 8499
3 8499 8620 8621
3 8499 8621 8500
3 8500 8621 8622
3 8500 8622 8501
3 8501 8622 8623
3 8501 8623 8502
3 8502 8623 8624
3 8502 8624 8503
3 8503 8624 8625
3 8503 8625 8504
3 8504 8625 8626
3 8504 8626 8505
3 8505 8626 8627
3 8505 8627 8506
3 8506 8627 8628
3 8506 8628 8507
3 8507 8628 8629
3 8507 8629 8508
3 8508 8629 8630
3 8508 8630 8509
3 8509 8630 8631
3 8509 8631 8510
3 8510 8631 8632
3 8510 8632 8511
3 8511 8632 8633
3 8511 8633 8512
3 8512 8633 8634
3 8512 8634 8513
3 8513 8634 8635
3 8513 8635 8514
3 8514 8635 8636
3 8514 8636 8515
3 8515 8636 8637
3 8515 8637 8516
3 8516 8637 8638
3 8516 8638 8517
3 8517 8638 8639
3 8517 8639 8518
3 8518 8639 8640
3 8518 8640 8519
3 8519 8640 8641
3 8519 8641 8520
3 8520 8641 8642
3 8520 8642 8521
3 8521 8642 8643
3 8521 8643 8522
3 8522 8643 8644
3 8522 8644 8523
3 8523 8644 8645
3 8523 8645 8524
3 8524 8645 8646
3 8524 8646 8525
3 8525 8646 8647
3 8525 8647 8526
3 8526 8647 8648
3 8526 8648 8527
3 8527 8648 8649
3 8527 8649 8528
3 8528 8649 8650
3 8528 8650 8529
3 8529 8650 8651
3 8529 8651 8530
3 8530 8651 8652
3 8530 8652 8531
3 8531 8652 8653
3 8531 8653 8532
3 8532 8653 8654
3 8532 8654 8533
3 8533 8654 8655
3 8533 8655 8534
3 8534 8655 8656
3 8534 8656 8535
3 8535 8656 8657
3 8535 8657 8536
3 8536 8657 8658
3 8536 8658 8537
3 8537 8658 8659
3 8537 8659 8538
3 8538 8659 8660
3 8538 8660 8539
3 8539 8660 8661
3 8539 8661 8540
3 8540 8661 8662
3 8540 8662 8541
3 8541 8662 8663
3 8541 8663 8542
3 8542 8663 8664
3 8542 8664 8543
3 8543 8664 8665
3 8543 8665 8544
3 8544 8665 8666
3 8544 8666 8545
3 8545 8666 8667
3 8545 8667 8546
3 8546 8667 8668
3 8546 8668 8547
3 8547 8668 8669
3 8547 8669 8548
3 8548 8669 8670
3 8548 8670 8549
3 8549 8670 8671
3 8549 8671 8550
3 8550 8671 8672
3 8550 8672 8551
3 8551 8672 8673
3 8551 8673 8552
3 8552 8673 8674
3 8552 8674 8553
3 8553 8674 8675
3 8553 8675 8554
3 8554 8675 8676
3 8554 8676 8555
3 8555 8676 8677
3 8555 8677 8556
3 8556 8677 8678
3 8556 8678 8557
3 8557 8678 8679
3 8557 8679 8558
3 8558 8679 8680
3 8558 8680 8559
3 8559 8680 8681
3 8559 8681 8560
3 8560 8681 8682
3 8560 8682 8561
3 8561 8682 8683
3 8561 8683 8562
3 8562 8683 8684
3 8562 8684 8563
3 8563 8684 8685
3 8563 8685 8564
3 8564 8685 8686
3 8564 8686 8565
3 8565 8686 8687
3 8565 8687 8566
3 8566 8687 8688
3 8566 8688 8567
3 8567 8688 8689
3 8567 8689 8568
3 8568 8689 8690
3 8568 8690 8569
3 8569 8690 8691
3 8569 8691 8570
3 8570 8691 8692
3 8570 8692 8571
3 8571 8692 8693
3 8571 8693 8572
3 8572 8693 8694
3 8572 8694 8573
3 8573 8694 8695
3 8573 8695 8574
3 8574 8695 8696
3 8574 8696 8575
3 8575 8696 8697
3 8575 8697 8576
3 8576 8697 8698
3 8576 8698 8577
3 8577 8698 8699
3 8577 8699 8578
3 8578 8699 8700
3 8578 8700 8579
3 8579 8700 8701
3 8579 8701 8580
3 8580 8701 8702
3 8580 8702 8581
3 8581 8702 8703
3 8581 8703 8582
3 8582 8703 8704
3 8582 8704 8583
3 8583 8704 8705
3 8583 8705 8584
3 8584 8705 8706
3 8584 8706 8585
3 8585 8706 8707
3 8585 8707 8586
3 8586 8707 8708
3 8586 8708 8587
3 8587 8708 8709
3 8587 8709 8588
3 8588 8709 8710
3 8588 8710 8589
3 8589 8710 8711
3 8589 8711 8590
3 8591 8712 8713
3 8591 8713 8592
3 8592 8713 8714
3 8592 8714 8593
3 8593 8714 8715
3 8593 8715 8594
3 8594 8715 8716
3 8594 8716 8595
3 8595 8716 8717
3 8595 8717 8596
3 8596 8717 8718
3 8596 8718 8597
3 8597 8718 8719
3 8597 8719 8598
3 8598 8719 8720
3 8598 8720 8599
3 8599 8720 8721
3 8599 8721 8600
3 8600 8721 8722
3 8600 8722 8601
3 8601 8722 8723
3 8601 8723 8602
3 8602 8723 8724
3 8602 8724 8603
3 8603 8724 8725
3 8603 8725 8604
3 8604 8725 8726
3 8604 8726 8605
3 8605 8726 8727
3 8605 8727 8606
3 8606 8727 8728
3 8606 8728 8607
3 8607 8728 8729
3 8607 8729 8608
3 8608 8729 8730
3 8608 8730 8609
3 8609 8730 8731
3 8609 8731 8610
3 8610 8731 8732
3 8610 8732 8611
3 8611 8732 8733
3 8611 8733 8612
3 8612 8733 8734
3 8612 8734 8613
3 8613 8734 8735
3 8613 8735 8614
3 8614 8735 8736
3 8614 8736 8615
3 8615 8736 8737
3 8615 8737 8616
3 8616 8737 8738
3 8616 8738 8617
3 8617 8738 8739
3 8617 8739 8618
3 8618 8739 8740
3 8618 8740 8619
3 8619 8740 8741
3 8619 8741 8620
3 8620 8741 8742
3 8620 8742 8621
3 8621 8742 8743
3 8621 8743 8622
3 8622 8743 8744
3 8622 8744 8623
3 8623 8744 8745
3 8623 8745 8624
3 8624 8745 8746
3 8624 8746 8625
3 8625 8746 8747
3 8625 8747 8626
3 8626 8747 8748
3 8626 8748 8627
3 8627 8748 8749
3 8627 8749 8628
3 8628 8749 8750
3 8628 8750 8629
3 8629 8750 8751
3 8629 8751 8630
3 8630 8751 8752
3 8630 8752 8631
3 8631 8752 8753
3 8631 8753 8632
3 8632 8753 8754
3 8632 8754 8633
3 8633 8754 8755
3 8633 8755 8634
3 8634 8755 8756
3 8634 8756 8635
3 8635 8756 8757
3 8635 8757 8636
3 8636 8757 8758
3 8636 8758 8637
3 8637 8758 8759
3 8637 8759 8638
3 8638 8759 8760
3 8638 8760 8639
3 8639 8760 8761
3 8639 8761 8640
3 8640 8761 8762
3 8640 8762 8641
3 8641 8762 8763
3 8641 8763 8642
3 8642 8763 8764
3 8642 8764 8643
3 8643 8764 8765
3 8643 8765 8644
3 8644 8765 8766
3 8644 8766 8645
3 8645 8766 8767
3 8645 8767 8646
3 8646 8767 8768
3 8646 8768 8647
3 8647 8768 8769
3 8647 8769 8648
3 8648 8769 8770
3 8648 8770 8649
3 8649 8770 8771
3 8649 8771 8650
3 8650 8771 8772
3 8650 8772 8651
3 8651 8772 8773
3 8651 8773 8652
3 8652 8773 8774
3 8652 8774 8653
3 8653 8774 8775
3 8653 8775 8654
3 8654 8775 8776
3 8654 8776 8655
3 8655 8776 8777
3 8655 8777 8656
3 8656 8777 8778
3 8656 8778 8657
3 8657 8778 8779
3 8657 8779 8658
3 8658 8779 8780
3 8658 8780 8659
3 8659 8780 8781
3 8659 8781 8660
3 8660 8781 8782
3 8660 8782 8661
3 8661 8782 8783
3 8661 8783 8662
3 8662 8783 8784
3 8662 8784 8663
3 8663 8784 8785
3 8663 8785 8664
3 8664 8785 8786
3 8664 8786 8665
3 8665 8786 8787
3 8665 8787 8666
3 8666 8787 8788
3 8666 8788 8667
3 8667 8788 8789
3 8667 8789 8668
3 8668 8789 8790
3 8668 8790 8669
3 8669 8790 8791
3 8669 8791 8670
3 8670 8791 8792
3 8670 8792 8671
3 8671 8792 8793
3 8671 8793 8672
3 8672 8793 8794
3 8672 8794 8673
3 8673 8794 8795
3 8673 8795 8674
3 8674 8795 8796
3 8674 8796 8675
3 8675 8796 8797
3 8675 8797 8676
3 8676 8797 8798
3 8676 8798 8677
3 8677 8798 8799
3 8677 8799 8678
3 8678 8799 8800
3 8678 8800 8679
3 8679 8800 8801
3 8679 8801 8680
3 8680 8801 8802
3 8680 8802 8681
3 8681 8802 8803
3 8681 8803 8682
3 8682 8803 8804
3 8682 8804 8683
3 8683 8804 8805
3 8683 8805 8684
3 8684 8805 8806
3 8684 8806 8685
3 8685 8806 8807
3 8685 8807 8686
3 8686 8807 8808
3 8686 8808 8687
3 8687 8808 8809
3 8687 8809 8688
3 8688 8809 8810
3 8688 8810 8689
3 8689 8810 8811
3 8689 8811 8690
3 8690 8811 8812
3 8690 8812 8691
3 8691 8812 8813
3 8691 8813 8692
3 8692 8813 8814
3 8692 8814 8693
3 8693 8814 8815
3 8693 8815 8694
3 8694 8815 8816
3 8694 8816 8695
3 8695 8816 8817
3 8695 8817 8696
3 8696 8817 8818
3 8696 8818 8697
3 8697 8818 8819
3 8697 8819 8698
3 8698 8819 8820
3 8698 8820 8699
3 8699 8820 8821
3 8699 8821 8700
3 8700 8821 8822
3 8700 8822 8701
3 8701 8822 8823
3 8701 8823 8702
3 8702 8823 8824
3 8702 8824 8703
3 8703 8824 8825
3 8703 8825 8704
3 8704 8825 8826
3 8704 8826 8705
3 8705 8826 8827
3 8705 8827 8706
3 8706 8827 8828
3 8706 8828 8707
3 8707 8828 8829
3 8707 8829 8708
3 8708 8829 8830
3 8708 8830 8709
3 8709 8830 8831
3 8709 8831 8710
3 8710 8831 8832
3 8710 8832 8711
3 8712 8833 8834
3 8712 8834 8713
3 8713 8834 8835
3 8713 8835 8714
3 8714 8835 8836
3 8714 8836 8715
3 8715 8836 8837
3 8715 8837 8716
3 8716 8837 8838
3 8716 8838 8717
3 8717 8838 8839
3 8717 8839 8718
3 8718 8839 8840
3 8718 8840 8719
3 8719 8840 8841
3 8719 8841 8720
3 8720 8841 8842
3 8720 8842 8721
3 8721 8842 8843
3 8721 8843 8722
3 8722 8843 8844
3 8722 8844 8723
3 8723 8844 8845
3 8723 8845 8724
3 8724 8845 8846
3 8724 8846 8725
3 8725 8846 8847
3 8725 8847 8726
3 8726 8847 8848
3 8726 8848 8727
3 8727 8848 8849
3 8727 8849 8728
3 8728 8849 8850
3 8728 8850 8729
3 8729 8850 8851
3 8729 8851 8730
3 8730 8851 8852
3 8730 8852 8731
3 8731 8852 8853
3 8731 8853 8732
3 8732 8853 8854
3 8732 8854 8733
3 8733 8854 8855
3 8733 8855 8734
3 8734 8855 8856
3 8734 8856 8735
3 8735 8856 8857
3 8735 8857 8736
3 8736 8857 8858
3 8736 8858 8737
3 8737 8858 8859
3 8737 8859 8738
3 8738 8859 8860
3 8738 8860 8739
3 8739 8860 8861
3 8739 8861 8740
3 8740 8861 8862
3 8740 8862 8741
3 8741 8862 8863
3 8741 8863 8742
3 8742 8863 8864
3 8742 8864 8743
3 8743 8864 8865
3 8743 8865 8744
3 8744 8865 8866
3 8744 8866 8745
3 8745 8866 8867
3 8745 8867 8746
3 8746 8867 8868
3 8746 8868 8747
3 8747 8868 8869
3 8747 8869 8748
3 8748 8869 8870
3 8748 8870 8749
3 8749 8870 8871
3 8749 8871 8750
3 8750 8871 8872
3 8750 8872 8751
3 8751 8872 8873
3 8751 8873 8752
3 8752 8873 8874
3 8752 8874 8753
3 8753 8874 8875
3 8753 8875 8754
3 8754 8875 8876
3 8754 8876 8755
3 8755 8876 8877
3 8755 8877 8756
3 8756 8877 8878
3 8756 8878 8757
3 8757 8878 8879
3 8757 8879 8758
3 8758 8879 8880
3 8758 8880 8759
3 8759 8880 8881
3 8759 8881 8760
3 8760 8881 8882
3 8760 8882 8761
3 8761 8882 8883
3 8761 8883 8762
3 8762 8883 8884
3 8762 8884 8763
3 8763 8884 8885
3 8763 8885 8764
3 8764 8885 8886
3 8764 8886 8765
3 8765 8886 8887
3 8765 8887 8766
3 8766 8887 8888
3 8766 8888 8767
3 8767 8888 8889
3 8767 8889 8768
3 8768 8889 8890
3 8768 8890 8769
3 8769 8890 8891
3 8769 8891 8770
3 8770 8891 8892
3 8770 8892 8771
3 8771 8892 8893
3 8771 8893 8772
3 8772 8893 8894
3 8772 8894 8773
3 8773 8894 8895
3 8773 8895 8774
3 8774 8895 8896
3 8774 8896 8775
3 8775 8896 8897
3 8775 8897 8776
3 8776 8897 8898
3 8776 8898 8777
3 8777 8898 8899
3 8777 8899 8778
3 8778 8899 8900
3 8778 8900 8779
3 8779 8900 8901
3 8779 8901 8780
3 8780 8901 8902
3 8780 8902 8781
3 8781 8902 8903
3 8781 8903 8782
3 8782 8903 8904
3 8782 8904 8783
3 8783 8904 8905
3 8783 8905 8784
3 8784 8905 8906
3 8784 8906 8785
3 8785 8906 8907
3 8785 8907 8786
3 8786 8907 8908
3 8786 8908 8787
3 8787 8908 8909
3 8787 8909 8788
3 8788 8909 8910
3 8788 8910 8789
3 8789 8910 8911
3 8789 8911 8790
3 8790 8911 8912
3 8790 8912 8791
3 8791 8912 8913
3 8791 8913 8792
3 8792 8913 8914
3 8792 8914 8793
3 8793 8914 8915
3 8793 8915 8794
3 8794 8915 8916
3 8794 8916 8795
3 8795 8916 8917
3 8795 8917 8796
3 8796 8917 8918
3 8796 8918 8797
3 8797 8918 8919
3 8797 8919 8798
3 8798 8919 8920
3 8798 8920 8799
3 8799 8920 8921
3 8799 8921 8800
3 8800 8921 8922
3 8800 8922 8801
3 8801 8922 8923
3 8801 8923 8802
3 8802 8923 8924
3 8802 8924 8803
3 8803 8924 8925
3 8803 8925 8804
3 8804 8925 8926
3 8804 8926 8805
3 8805 8926 8927
3 8805 8927 8806
3 8806 8927 8928
3 8806 8928 8807
3 8807 8928 8929
3 8807 8929 8808
3 8808 8929 8930
3 8808 8930 8809
3 8809 8930 8931
3 8809 8931 8810
3 8810 8931 8932
3 8810 8932 8811
3 8811 8932 8933
3 8811 8933 8812
3 8812 8933 8934
3 8812 8934 8813
3 8813 8934 8935
3 8813 8935 8814
3 8814 8935 8936
3 8814 8936 8815
3 8815 8936 8937
3 8815 8937 8816
3 8816 8937 8938
3 8816 8938 8817
3 8817 8938 8939
3 8817 8939 8818
3 8818 8939 8940
3 8818 8940 8819
3 8819 8940 8941
3 8819 8941 8820
3 8820 8941 8942
3 8820 8942 8821
3 8821 8942 8943
3 8821 8943 8822
3 8822 8943 8944
3 8822 8944 8823
3 8823 8944 8945
3 8823 8945 8824
3 8824 8945 8946
3 8824 8946 8825
3 8825 8946 8947
3 8825 8947 8826
3 8826 8947 8948
3 8826 8948 8827
3 8827 8948 8949
3 8827 8949 8828
3 8828 8949 8950
3 8828 8950 8829
3 8829 8950 8951
3 8829 8951 8830
3 8830 8951 8952
3 8830 8952 8831
3 8831 8952 8953
3 8831 8953 8832
3 8833 8954 8955
3 8833 8955 8834
3 8834 8955 8956
3 8834 8956 8835
3 8835 8956 8957
3 8835 8957 8836
3 8836 8957 8958
3 8836 8958 8837
3 8837 8958 8959
3 8837 8959 8838
3 8838 8959 8960
3 8838 8960 8839
3 8839 8960 8961
3 8839 8961 8840
3 8840 8961 8962
3 8840 8962 8841
3 8841 8962 8963
3 8841 8963 8842
3 8842 8963 8964
3 8842 8964 8843
3 8843 8964 8965
3 8843 8965 8844
3 8844 8965 8966
3 8844 8966 8845
3 8845 8966 8967
3 8845 8967 8846
3 8846 8967 8968
3 8846 8968 8847
3 8847 8968 8969
3 8847 8969 8848
3 8848 8969 8970
3 8848 8970 8849
3 8849 8970 8971
3 8849 8971 8850
3 8850 8971 8972
3 8850 8972 8851
3 8851 8972 8973
3 8851 8973 8852
3 8852 8973 8974
3 8852 8974 8853
3 8853 8974 8975
3 8853 8975 8854
3 8854 8975 8976
3 8854 8976 8855
3 8855 8976 8977
3 8855 8977 8856
3 8856 8977 8978
3 8856 8978 8857
3 8857 8978 8979
3 8857 8979 8858
3 8858 8979 8980
3 8858 8980 8859
3 8859 8980 8981
3 8859 8981 8860
3 8860 8981 8982
3 8860 8982 8861
3 8861 8982 8983
3 8861 8983 8862
3 8862 8983 8984
3 8862 8984 8863
3 8863 8984 8985
3 8863 8985 8864
3 8864 8985 8986
3 8864 8986 8865
3 8865 8986 8987
3 8865 8987 8866
3 8866 8987 8988
3 8866 8988 8867
3 8867 8988 8989
3 8867 8989 8868
3 8868 8989 8990
3 8868 8990 8869
3 8869 8990 8991
3 8869 8991 8870
3 8870 8991 8992
3 8870 8992 8871
3 8871 8992 8993
3 8871 8993 8872
3 8872 8993 8994
3 8872 8994 8873
3 8873 8994 8995
3 8873 8995 8874
3 8874 8995 8996
3 8874 8996 8875
3 8875 8996 8997
3 8875 8997 8876
3 8876 8997 8998
3 8876 8998 8877
3 8877 8998 8999
3 8877 8999 8878
3 8878 8999 9000
3 8878 9000 8879
3 8879 9000 9001
3 8879 9001 8880
3 8880 9001 9002
3 8880 9002 8881
3 8881 9002 9003
3 8881 9003 8882
3 8882 9003 9004
3 8882 9004 8883
3 8883 9004 9005
3 8883 9005 8884
3 8884 9005 9006
3 8884 9006 8885
3 8885 9006 9007
3 8885 9007 8886
3 8886 9007 9008
3 8886 9008 8887
3 8887 9008 9009
3 8887 9009 8888
3 8888 9009 9010
3 8888 9010 8889
3 8889 9010 9011
3 8889 9011 8890
3 8890 9011 9012
3 8890 9012 8891
3 8891 9012 9013
3 8891 9013 8892
3 8892 9013 9014
3 8892 9014 8893
3 8893 9014 9015
3 8893 9015 8894
3 8894 9015 9016
3 8894 9016 8895
3 8895 9016 9017
3 8895 9017 8896
3 8896 9017 9018
3 8896 9018 8897
3 8897 9018 9019
3 8897 9019 8898
3 8898 9019 9020
3 8898 9020 8899
3 8899 9020 9021
3 8899 9021 8900
3 8900 9021 9022
3 8900 9022 8901
3 8901 9022 9023
3 8901 9023 8902
3 8902 9023 9024
3 8902 9024 8903
3 8903 9024 9025
3 8903 9025 8904
3 8904 9025 9026
3 8904 9026 8905
3 8905 9026 9027
3 8905 9027 8906
3 8906 9027 9028
3 8906 9028 8907
3 8907 9028 9029
3 8907 9029 8908
3 8908 9029 9030
3 8908 9030 8909
3 8909 9030 9031
3 8909 9031 8910
3 8910 9031 9032
3 8910 9032 8911
3 8911 9032 9033
3 8911 9033 8912
3 8912 9033 9034
3 8912 9034 8913
3 8913 9034 9035
3 8913 9035 8914
3 8914 9035 9036
3 8914 9036 8915
3 8915 9036 9037
3 8915 9037 8916
3 8916 9037 9038
3 8916 9038 8917
3 8917 9038 9039
3 8917 9039 8918
3 8918 9039 9040
3 8918 9040 8919
3 8919 9040 9041
3 8919 9041 8920
3 8920 9041 9042
3 8920 9042 8921
3 8921 9042 9043
3 8921 9043 8922
3 8922 9043 9044
3 8922 9044 8923
3 8923 9044 9045
3 8923 9045 8924
3 8924 9045 9046
3 8924 9046 8925
3 8925 9046 9047
3 8925 9047 8926
3 8926 9047 9048
3 8926 9048 8927
3 8927 9048 9049
3 8927 9049 8928
3 8928 9049 9050
3 8928 9050 8929
3 8929 9050 9051
3 8929 9051 8930
3 8930 9051 9052
3 8930 9052 8931
3 8931 9052 9053
3 8931 9053 8932
3 8932 9053 9054
3 8932 9054 8933
3 8933 9054 9055
3 8933 9055 8934
3 8934 9055 9056
3 8934 9056 8935
3 8935 9056 9057
3 8935 9057 8936
3 8936 9057 9058
3 8936 9058 8937
3 8937 9058 9059
3 8937 9059 8938
3 8938 9059 9060
3 8938 9060 8939
3 8939 9060 9061
3 8939 9061 8940
3 8940 9061 9062
3 8940 9062 8941
3 8941 9062 9063
3 8941 9063 8942
3 8942 9063 9064
3 8942 9064 8943
3 8943 9064 9065
3 8943 9065 8944
3 8944 9065 9066
3 8944 9066 8945
3 8945 9066 9067
3 8945 9067 8946
3 8946 9067 9068
3 8946 9068 8947
3 8947 9068 9069
3 8947 9069 8948
3 8948 9069 9070
3 8948 9070 8949
3 8949 9070 9071
3 8949 9071 8950
3 8950 9071 9072
3 8950 9072 8951
3 8951 9072 9073
3 8951 9073 8952
3 8952 9073 9074
3 8952 9074 8953
3 8954 9075 9076
3 8954 9076 8955
3 8955 9076 9077
3 8955 9077 8956
3 8956 9077 9078
3 8956 9078 8957
3 8957 9078 9079
3 8957 9079 8958
3 8958 9079 9080
3 8958 9080 8959
3 8959 9080 9081
3 8959 9081 8960
3 8960 9081 9082
3 8960 9082 8961
3 8961 9082 9083
3 8961 9083 8962
3 8962 9083 9084
3 8962 9084 8963
3 8963 9084 9085
3 8963 9085 8964
3 8964 9085 9086
3 8964 9086 8965
3 8965 9086 9087
3 8965 9087 8966
3 8966 9087 9088
3 8966 9088 8967
3 8967 9088 9089
3 8967 9089 8968
3 8968 9089 9090
3 8968 9090 8969
3 8969 9090 9091
3 8969 9091 8970
3 8970 9091 9092
3 8970 9092 8971
3 8971 9092 9093
3 8971 9093 8972
3 8972 9093 9094
3 8972 9094 8973
3 8973 9094 9095
3 8973 9095 8974
3 8974 9095 9096
3 8974 9096 8975
3 8975 9096 9097
3 8975 9097 8976
3 8976 9097 9098
3 8976 9098 8977
3 8977 9098 9099
3 8977 9099 8978
3 8978 9099 9100
3 8978 9100 8979
3 8979 9100 9101
3 8979 9101 8980
3 8980 9101 9102
3 8980 9102 8981
3 8981 9102 9103
3 8981 9103 8982
3 8982 9103 9104
3 8982 9104 8983
3 8983 9104 9105
3 8983 9105 8984
3 8984 9105 9106
3 8984 9106 8985
3 8985 9106 9107
3 8985 9107 8986
3 8986 9107 9108
3 8986 9108 8987
3 8987 9108 9109
3 8987 9109 8988
3 8988 9109 9110
3 8988 9110 8989
3 8989 9110 9111
3 8989 9111 8990
3 8990 9111 9112
3 8990 9112 8991
3 8991 9112 9113
3 8991 9113 8992
3 8992 9113 9114
3 8992 9114 8993
3 8993 9114 9115
3 8993 9115 8994
3 8994 9115 9116
3 8994 9116 8995
3 8995 9116 9117
3 8995 9117 8996
3 8996 9117 9118
3 8996 9118 8997
3 8997 9118 9119
3 8997 9119 8998
3 8998 9119 9120
3 8998 9120 8999
3 8999 9120 9121
3 8999 9121 9000
3 9000 9121 9122
3 9000 9122 9001
3 9001 9122 9123
3 9001 9123 9002
3 9002 9123 9124
3 9002 9124 9003
3 9003 9124 9125
3 9003 9125 9004
3 9004 9125 9126
3 9004 9126 9005
3 9005 9126 9127
3 9005 9127 9006
3 9006 9127 9128
3 9006 9128 9007
3 9007 9128 9129
3 9007 9129 9008
3 9008 9129 9130
3 9008 9130 9009
3 9009 9130 9131
3 9009 9131 9010
3 9010 9131 9132
3 9010 9132 9011
3 9011 9132 9133
3 9011 9133 9012
3 9012 9133 9134
3 9012 9134 9013
3 9013 9134 9135
3 9013 9135 9014
3 9014 9135 9136
3 9014 9136 9015
3 9015 9136 9137
3 9015 9137 9016
3 9016 9137 9138
3 9016 9138 9017
3 9017 9138 9139
3 9017 9139 9018
3 9018 9139 9140
3 9018 9140 9019
3 9019 9140 9141
3 9019 9141 9020
3 9020 9141 9142
3 9020 9142 9021
3 9021 9142 9143
3 9021 9143 9022
3 9022 9143 9144
3 9022 9144 9023
3 9023 9144 9145
3 9023 9145 9024
3 9024 9145 9146
3 9024 9146 9025
3 9025 9146 9147
3 9025 9147 9026
3 9026 9147 9148
3 9026 9148 9027
3 9027 9148 9149
3 9027 9149 9028
3 9028 9149 9150
3 9028 9150 9029
3 9029 9150 9151
3 9029 9151 9030
3 9030 9151 9152
3 9030 9152 9031
3 9031 9152 9153
3 9031 9153 9032
3 9032 9153 9154
3 9032 9154 9033
3 9033 9154 9155
3 9033 9155 9034
3 9034 9155 9156
3 9034 9156 9035
3 9035 9156 9157
3 9035 9157 9036
3 9036 9157 9158
3 9036 9158 9037
3 9037 9158 9159
3 9037 9159 9038
3 9038 9159 9160
3 9038 9160 9039
3 9039 9160 9161
3 9039 9161 9040
3 9040 9161 9162
3 9040 9162 9041
3 9041 9162 9163
3 9041 9163 9042
3 9042 9163 9164
3 9042 9164 9043
3 9043 9164 9165
3 9043 9165 9044
3 9044 9165 9166
3 9044 9166 9045
3 9045 9166 9167
3 9045 9167 9046
3 9046 9167 9168
3 9046 9168 9047
3 9047 9168 9169
3 9047 9169 9048
3 9048 9169 9170
3 9048 9170 9049
3 9049 9170 9171
3 9049 9171 9050
3 9050 9171 9172
3 9050 9172 9051
3 9051 9172 9173
3 9051 9173 9052
3 9052 9173 9174
3 9052 9174 9053
3 9053 9174 9175
3 9053 9175 9054
3 9054 9175 9176
3 9054 9176 9055
3 9055 9176 9177
3 9055 9177 9056
3 9056 9177 9178
3 9056 9178 9057
3 9057 9178 9179
3 9057 9179 9058
3 9058 9179 9180
3 9058 9180 9059
3 9059 9180 9181
3 9059 9181 9060
3 9060 9181 9182
3 9060 9182 9061
3 9061 9182 9183
3 9061 9183 9062
3 9062 9183 9184
3 9062 9184 9063
3 9063 9184 9185
3 9063 9185 9064
3 9064 9185 9186
3 9064 9186 9065
3 9065 9186 9187
3 9065 9187 9066
3 9066 9187 9188
3 9066 9188 9067
3 9067 9188 9189
3 9067 9189 9068
3 9068 9189 9190
3 9068 9190 9069
3 9069 9190 9191
3 9069 9191 9070
3 9070 9191 9192
3 9070 9192 9071
3 9071 9192 9193
3 9071 9193 9072
3 9072 9193 9194
3 9072 9194 9073
3 9073 9194 9195
3 9073 9195 9074
3 9075 9196 9197
3 9075 9197 9076
3 9076 9197 9198
3 9076 9198 9077
3 9077 9198 9199
3 9077 9199 9078
3 9078 9199 9200
3 9078 9200 9079
3 9079 9200 9201
3 9079 9201 9080
3 9080 9201 9202
3 9080 9202 9081
3 9081 9202 9203
3 9081 9203 9082
3 9082 9203 9204
3 9082 9204 9083
3 9083 9204 9205
3 9083 9205 9084
3 9084 9205 9206
3 9084 9206 9085
3 9085 9206 9207
3 9085 9207 9086
3 9086 9207 9208
3 9086 9208 9087
3 9087 9208 9209
3 9087 9209 9088
3 9088 9209 9210
3 9088 9210 9089
3 9089 9210 9211
3 9089 9211 9090
3 9090 9211 9212
3 9090 9212 9091
3 9091 9212 9213
3 9091 9213 9092
3 9092 9213 9214
3 9092 9214 9093
3 9093 9214 9215
3 9093 9215 9094
3 9094 9215 9216
3 9094 9216 9095
3 9095 9216 9217
3 9095 9217 9096
3 9096 9217 9218
3 9096 9218 9097
3 9097 9218 9219
3 9097 9219 9098
3 9098 9219 9220
3 9098 9220 9099
3 9099 9220 9221
3 9099 9221 9100
3 9100 9221 9222
3 9100 9222 9101
3 9101 9222 9223
3 9101 9223 9102
3 9102 9223 9224
3 9102 9224 9103
3 9103 9224 9225
3 9103 9225 9104
3 9104 9225 9226
3 9104 9226 9105
3 9105 9226 9227
3 9105 9227 9106
3 9106 9227 9228
3 9106 9228 9107
3 9107 9228 9229
3 9107 9229 9108
3 9108 9229 9230
3 9108 9230 9109
3 9109 9230 9231
3 9109 9231 9110
3 9110 9231 9232
3 9110 9232 9111
3 9111 9232 9233
3 9111 9233 9112
3 9112 9233 9234
3 9112 9234 9113
3 9113 9234 9235
3 9113 9235 9114
3 9114 9235 9236
3 9114 9236 9115
3 9115 9236 9237
3 9115 9237 9116
3 9116 9237 9238
3 9116 9238 9117
3 9117 9238 9239
3 9117 9239 9118
3 9118 9239 9240
3 9118 9240 9119
3 9119 9240 9241
3 9119 9241 9120
3 9120 9241 9242
3 9120 9242 9121
3 9121 9242 9243
3 9121 9243 9122
3 9122 9243 9244
3 9122 9244 9123
3 9123 9244 9245
3 9123 9245 9124
3 9124 9245 9246
3 9124 9246 9125
3 9125 9246 9247
3 9125 9247 9126
3 9126 9247 9248
3 9126 9248 9127
3 9127 9248 9249
3 9127 9249 9128
3 9128 9249 9250
3 9128 9250 9129
3 9129 9250 9251
3 9129 9251 9130
3 9130 9251 9252
3 9130 9252 9131
3 9131 9252 9253
3 9131 9253 9132
3 9132 9253 9254
3 9132 9254 9133
3 9133 9254 9255
3 9133 9255 9134
3 9134 9255 9256
3 9134 9256 9135
3 9135 9256 9257
3 9135 9257 9136
3 9136 9257 9258
3 9136 9258 9137
3 9137 9258 9259
3 9137 9259 9138
3 9138 9259 9260
3 9138 9260 9139
3 9139 9260 9261
3 9139 9261 9140
3 9140 9261 9262
3 9140 9262 9141
3 9141 9262 9263
3 9141 9263 9142
3 9142 9263 9264
3 9142 9264 9143
3 9143 9264 9265
3 9143 9265 9144
3 9144 9265 9266
3 9144 9266 9145
3 9145 9266 9267
3 9145 9267 9146
3 9146 9267 9268
3 9146 9268 9147
3 9147 9268 9269
3 9147 9269 9148
3 9148 9269 9270
3 9148 9270 9149
3 9149 9270 9271
3 9149 9271 9150
3 9150 9271 9272
3 9150 9272 9151
3 9151 9272 9273
3 9151 9273 9152
3 9152 9273 9274
3 9152 9274 9153
3 9153 9274 9275
3 9153 9275 9154
3 9154 9275 9276
3 9154 9276 9155
3 9155 9276 9277
3 9155 9277 9156
3 9156 9277 9278
3 9156 9278 9157
3 9157 9278 9279
3 9157 9279 9158
3 9158 9279 9280
3 9158 9280 9159
3 9159 9280 9281
3 9159 9281 9160
3 9160 9281 9282
3 9160 9282 9161
3 9161 9282 9283
3 9161 9283 9162
3 9162 9283 9284
3 9162 9284 9163
3 9163 9284 9285
3 9163 9285 9164
3 9164 9285 9286
3 9164 9286 9165
3 9165 9286 9287
3 9165 9287 9166
3 9166 9287 9288
3 9166 9288 9167
3 9167 9288 9289
3 9167 9289 9168
3 9168 9289 9290
3 9168 9290 9169
3 9169 9290 9291
3 9169 9291 9170
3 9170 9291 9292
3 9170 9292 9171
3 9171 9292 9293
3 9171 9293 9172
3 9172 9293 9294
3 9172 9294 9173
3 9173 9294 9295
3 9173 9295 9174
3 9174 9295 9296
3 9174 9296 9175
3 9175 9296 9297
3 9175 9297 9176
3 9176 9297 9298
3 9176 9298 9177
3 9177 9298 9299
3 9177 9299 9178
3 9178 9299 9300
3 9178 9300 9179
3 9179 9300 9301
3 9179 9301 9180
3 9180 9301 9302
3 9180 9302 9181
3 9181 9302 9303
3 9181 9303 9182
3 9182 9303 9304
3 9182 9304 9183
3 9183 9304 9305
3 9183 9305 9184
3 9184 9305 9306
3 9184 9306 9185
3 9185 9306 9307
3 9185 9307 9186
3 9186 9307 9308
3 9186 9308 9187
3 9187 9308 9309
3 9187 9309 9188
3 9188 9309 9310
3 9188 9310 9189
3 9189 9310 9311
3 9189 9311 9190
3 9190 9311 9312
3 9190 9312 9191
3 9191 9312 9313
3 9191 9313 9192
3 9192 9313 9314
3 9192 9314 9193
3 9193 9314 9315
3 9193 9315 9194
3 9194 9315 9316
3 9194 9316 9195
3 9196 9317 9318
3 9196 9318 9197
3 9197 9318 9319
3 9197 9319 9198
3 9198 9319 9320
3 9198 9320 9199
3 9199 9320 9321
3 9199 9321 9200
3 9200 9321 9322
3 9200 9322 9201
3 9201 9322 9323
3 9201 9323 9202
3 9202 9323 9324
3 9202 9324 9203
3 9203 9324 9325
3 9203 9325 9204
3 9204 9325 9326
3 9204 9326 9205
3 9205 9326 9327
3 9205 9327 9206
3 9206 9327 9328
3 9206 9328 9207
3 9207 9328 9329
3 9207 9329 9208
3 9208 9329 9330
3 9208 9330 9209
3 9209 9330 9331
3 9209 9331 9210
3 9210 9331 9332
3 9210 9332 9211
3 9211 9332 9333
3 9211 9333 9212
3 9212 9333 9334
3 9212 9334 9213
3 9213 9334 9335
3 9213 9335 9214
3 9214 9335 9336
3 9214 9336 9215
3 9215 9336 9337
3 9215 9337 9216
3 9216 9337 9338
3 9216 9338 9217
3 9217 9338 9339
3 9217 9339 9218
3 9218 9339 9340
3 9218 9340 9219
3 9219 9340 9341
3 9219 9341 9220
3 9220 9341 9342
3 9220 9342 9221
3 9221 9342 9343
3 9221 9343 9222
3 9222 9343 9344
3 9222 9344 9223
3 9223 9344 9345
3 9223 9345 9224
3 9224 9345 9346
3 9224 9346 9225
3 9225 9346 9347
3 9225 9347 9226
3 9226 9347 9348
3 9226 9348 9227
3 9227 9348 9349
3 9227 9349 9228
3 9228 9349 9350
3 9228 9350 9229
3 9229 9350 9351
3 9229 9351 9230
3 9230 9351 9352
3 9230 9352 9231
3 9231 9352 9353
3 9231 9353 9232
3 9232 9353 9354
3 9232 9354 9233
3 9233 9354 9355
3 9233 9355 9234
3 9234 9355 9356
3 9234 9356 9235
3 9235 9356 9357
3 9235 9357 9236
3 9236 9357 9358
3 9236 9358 9237
3 9237 9358 9359
3 9237 9359 9238
3 9238 9359 9360
3 9238 9360 9239
3 9239 9360 9361
3 9239 9361 9240
3 9240 9361 9362
3 9240 9362 9241
3 9241 9362 9363
3 9241 9363 9242
3 9242 9363 9364
3 9242 9364 9243
3 9243 9364 9365
3 9243 9365 9244
3 9244 9365 9366
3 9244 9366 9245
3 9245 9366 9367
3 9245 9367 9246
3 9246 9367 9368
3 9246 9368 9247
3 9247 9368 9369
3 9247 9369 9248
3 9248 9369 9370
3 9248 9370 9249
3 9249 9370 9371
3 9249 9371 9250
3 9250 9371 9372
3 9250 9372 9251
3 9251 9372 9373
3 9251 9373 9252
3 9252 9373 9374
3 9252 9374 9253
3 9253 9374 9375
3 9253 9375 9254
3 9254 9375 9376
3 9254 9376 9255
3 9255 9376 9377
3 9255 9377 9256
3 9256 9377 9378
3 9256 9378 9257
3 9257 9378 9379
3 9257 9379 9258
3 9258 9379 9380
3 9258 9380 9259
3 9259 9380 9381
3 9259 9381 9260
3 9260 9381 9382
3 9260 9382 9261
3 9261 9382 9383
3 9261 9383 9262
3 9262 9383 9384
3 9262 9384 9263
3 9263 9384 9385
3 9263 9385 9264
3 9264 9385 9386
3 9264 9386 9265
3 9265 9386 9387
3 9265 9387 9266
3 9266 9387 9388
3 9266 9388 9267
3 9267 9388 9389
3 9267 9389 9268
3 9268 9389 9390
3 9268 9390 9269
3 9269 9390 9391
3 9269 9391 9270
3 9270 9391 9392
3 9270 9392 9271
3 9271 9392 9393
3 9271 9393 9272
3 9272 9393 9394
3 9272 9394 9273
3 9273 9394 9395
3 9273 9395 9274
3 9274 9395 9396
3 9274 9396 9275
3 9275 9396 9397
3 9275 9397 9276
3 9276 9397 9398
3 9276 9398 9277
3 9277 9398 9399
3 9277 9399 9278
3 9278 9399 9400
3 9278 9400 9279
3 9279 9400 9401
3 9279 9401 9280
3 9280 9401 9402
3 9280 9402 9281
3 9281 9402 9403
3 9281 9403 9282
3 9282 9403 9404
3 9282 9404 9283
3 9283 9404 9405
3 9283 9405 9284
3 9284 9405 9406
3 9284 9406 9285
3 9285 9406 9407
3 9285 9407 9286
3 9286 9407 9408
3 9286 9408 9287
3 9287 9408 9409
3 9287 9409 9288
3 9288 9409 9410
3 9288 9410 9289
3 9289 9410 9411
3 9289 9411 9290
3 9290 9411 9412
3 9290 9412 9291
3 9291 9412 9413
3 9291 9413 9292
3 9292 9413 9414
3 9292 9414 9293
3 9293 9414 9415
3 9293 9415 9294
3 9294 9415 9416
3 9294 9416 9295
3 9295 9416 9417
3 9295 9417 9296
3 9296 9417 9418
3 9296 9418 9297
3 9297 9418 9419
3 9297 9419 9298
3 9298 9419 9420
3 9298 9420 9299
3 9299 9420 9421
3 9299 9421 9300
3 9300 9421 9422
3 9300 9422 9301
3 9301 9422 9423
3 9301 9423 9302
3 9302 9423 9424
3 9302 9424 9303
3 9303 9424 9425
3 9303 9425 9304
3 9304 9425 9426
3 9304 9426 9305
3 9305 9426 9427
3 9305 9427 9306
3 9306 9427 9428
3 9306 9428 9307
3 9307 9428 9429
3 9307 9429 9308
3 9308 9429 9430
3 9308 9430 9309
3 9309 9430 9431
3 9309 9431 9310
3 9310 9431 9432
3 9310 9432 9311
3 9311 9432 9433
3 9311 9433 9312
3 9312 9433 9434
3 9312 9434 9313
3 9313 9434 9435
3 9313 9435 9314
3 9314 9435 9436
3 9314 9436 9315
3 9315 9436 9437
3 9315 9437 9316
3 9317 9438 9439
3 9317 9439 9318
3 9318 9439 9440
3 9318 9440 9319
3 9319 9440 9441
3 9319 9441 9320
3 9320 9441 9442
3 9320 9442 9321
3 9321 9442 9443
3 9321 9443 9322
3 9322 9443 9444
3 9322 9444 9323
3 9323 9444 9445
3 9323 9445 9324
3 9324 9445 9446
3 9324 9446 9325
3 9325 9446 9447
3 9325 9447 9326
3 9326 9447 9448
3 9326 9448 9327
3 9327 9448 9449
3 9327 9449 9328
3 9328 9449 9450
3 9328 9450 9329
3 9329 9450 9451
3 9329 9451 9330
3 9330 9451 9452
3 9330 9452 9331
3 9331 9452 9453
3 9331 9453 9332
3 9332 9453 9454
3 9332 9454 9333
3 9333 9454 9455
3 9333 9455 9334
3 9334 9455 9456
3 9334 9456 9335
3 9335 9456 9457
3 9335 9457 9336
3 9336 9457 9458
3 9336 9458 9337
3 9337 9458 9459
3 9337 9459 9338
3 9338 9459 9460
3 9338 9460 9339
3 9339 9460 9461
3 9339 9461 9340
3 9340 9461 9462
3 9340 9462 9341
3 9341 9462 9463
3 9341 9463 9342
3 9342 9463 9464
3 9342 9464 9343
3 9343 9464 9465
3 9343 9465 9344
3 9344 9465 9466
3 9344 9466 9345
3 9345 9466 9467
3 9345 9467 9346
3 9346 9467 9468
3 9346 9468 9347
3 9347 9468 9469
3 9347 9469 9348
3 9348 9469 9470
3 9348 9470 9349
3 9349 9470 9471
3 9349 9471 9350
3 9350 9471 9472
3 9350 9472 9351
3 9351 9472 9473
3 9351 9473 9352
3 9352 9473 9474
3 9352 9474 9353
3 9353 9474 9475
3 9353 9475 9354
3 9354 9475 9476
3 9354 9476 9355
3 9355 9476 9477
3 9355 9477 9356
3 9356 9477 9478
3 9356 9478 9357
3 9357 9478 9479
3 9357 9479 9358
3 9358 9479 9480
3 9358 9480 9359
3 9359 9480 9481
3 9359 9481 9360
3 9360 9481 9482
3 9360 9482 9361
3 9361 9482 9483
3 9361 9483 9362
3 9362 9483 9484
3 9362 9484 9363
3 9363 9484 9485
3 9363 9485 9364
3 9364 9485 9486
3 9364 9486 9365
3 9365 9486 9487
3 9365 9487 9366
3 9366 9487 9488
3 9366 9488 9367
3 9367 9488 9489
3 9367 9489 9368
3 9368 9489 9490
3 9368 9490 9369
3 9369 9490 9491
3 9369 9491 9370
3 9370 9491 9492
3 9370 9492 9371
3 9371 9492 9493
3 9371 9493 9372
3 9372 9493 9494
3 9372 9494 9373
3 9373 9494 9495
3 9373 9495 9374
3 9374 9495 9496
3 9374 9496 9375
3 9375 9496 9497
3 9375 9497 9376
3 9376 9497 9498
3 9376 9498 9377
3 9377 9498 9499
3 9377 9499 9378
3 9378 9499 9500
3 9378 9500 9379
3 9379 9500 9501
3 9379 9501 9380
3 9380 9501 9502
3 9380 9502 9381
3 9381 9502 9503
3 9381 9503 9382
3 9382 9503 9504
3 9382 9504 9383
3 9383 9504 9505
3 9383 9505 9384
3 9384 9505 9506
3 9384 9506 9385
3 9385 9506 9507
3 9385 9507 9386
3 9386 9507 9508
3 9386 9508 9387
3 9387 9508 9509
3 9387 9509 9388
3 9388 9509 9510
3 9388 9510 9389
3 9389 9510 9511
3 9389 9511 9390
3 9390 9511 9512
3 9390 9512 9391
3 9391 9512 9513
3 9391 9513 9392
3 9392 9513 9514
3 9392 9514 9393
3 9393 9514 9515
3 9393 9515 9394
3 9394 9515 9516
3 9394 9516 9395
3 9395 9516 9517
3 9395 9517 9396
3 9396 9517 9518
3 9396 9518 9397
3 9397 9518 9519
3 9397 9519 9398
3 9398 9519 9520
3 9398 9520 9399
3 9399 9520 9521
3 9399 9521 9400
3 9400 9521 9522
3 9400 9522 9401
3 9401 9522 9523
3 9401 9523 9402
3 9402 9523 9524
3 9402 9524 9403
3 9403 9524 9525
3 9403 9525 9404
3 9404 9525 9526
3 9404 9526 9405
3 9405 9526 9527
3 9405 9527 9406
3 9406 9527 9528
3 9406 9528 9407
3 9407 9528 9529
3 9407 9529 9408
3 9408 9529 9530
3 9408 9530 9409
3 9409 9530 9531
3 9409 9531 9410
3 9410 9531 9532
3 9410 9532 9411
3 9411 9532 9533
3 9411 9533 9412
3 9412 9533 9534
3 9412 9534 9413
3 9413 9534 9535
3 9413 9535 9414
3 9414 9535 9536
3 9414 9536 9415
3 9415 9536 9537
3 9415 9537 9416
3 9416 9537 9538
3 9416 9538 9417
3 9417 9538 9539
3 9417 9539 9418
3 9418 9539 9540
3 9418 9540 9419
3 9419 9540 9541
3 9419 9541 9420
3 9420 9541 9542
3 9420 9542 9421
3 9421 9542 9543
3 9421 9543 9422
3 9422 9543 9544
3 9422 9544 9423
3 9423 9544 9545
3 9423 9545 9424
3 9424 9545 9546
3 9424 9546 9425
3 9425 9546 9547
3 9425 9547 9426
3 9426 9547 9548
3 9426 9548 9427
3 9427 9548 9549
3 9427 9549 9428
3 9428 9549 9550
3 9428 9550 9429
3 9429 9550 9551
3 9429 9551 9430
3 9430 9551 9552
3 9430 9552 9431
3 9431 9552 9553
3 9431 9553 9432
3 9432 9553 9554
3 9432 9554 9433
3 9433 9554 9555
3 9433 9555 9434
3 9434 9555 9556
3 9434 9556 9435
3 9435 9556 9557
3 9435 9557 9436
3 9436 9557 9558
3 9436 9558 9437
3 9438 9559 9560
3 9438 9560 9439
3 9439 9560 9561
3 9439 9561 9440
3 9440 9561 9562
3 9440 9562 9441
3 9441 9562 9563
3 9441 9563 9442
3 9442 9563 9564
3 9442 9564 9443
3 9443 9564 9565
3 9443 9565 9444
3 9444 9565 9566
3 9444 9566 9445
3 9445 9566 9567
3 9445 9567 9446
3 9446 9567 9568
3 9446 9568 9447
3 9447 9568 9569
3 9447 9569 9448
3 9448 9569 9570
3 9448 9570 9449
3 9449 9570 9571
3 9449 9571 9450
3 9450 9571 9572
3 9450 9572 9451
3 9451 9572 9573
3 9451 9573 9452
3 9452 9573 9574
3 9452 9574 9453
3 9453 9574 9575
3 9453 9575 9454
3 9454 9575 9576
3 9454 9576 9455
3 9455 9576 9577
3 9455 9577 9456
3 9456 9577 9578
3 9456 9578 9457
3 9457 9578 9579
3 9457 9579 9458
3 9458 9579 9580
3 9458 9580 9459
3 9459 9580 9581
3 9459 9581 9460
3 9460 9581 9582
3 9460 9582 9461
3 9461 9582 9583
3 9461 9583 9462
3 9462 9583 9584
3 9462 9584 9463
3 9463 9584 9585
3 9463 9585 9464
3 9464 9585 9586
3 9464 9586 9465
3 9465 9586 9587
3 9465 9587 9466
3 9466 9587 9588
3 9466 9588 9467
3 9467 9588 9589
3 9467 9589 9468
3 9468 9589 9590
3 9468 9590 9469
3 9469 9590 9591
3 9469 9591 9470
3 9470 9591 9592
3 9470 9592 9471
3 9471 9592 9593
3 9471 9593 9472
3 9472 9593 9594
3 9472 9594 9473
3 9473 9594 9595
3 9473 9595 9474
3 9474 9595 9596
3 9474 9596 9475
3 9475 9596 9597
3 9475 9597 9476
3 9476 9597 9598
3 9476 9598 9477
3 9477 9598 9599
3 9477 9599 9478
3 9478 9599 9600
3 9478 9600 9479
3 9479 9600 9601
3 9479 9601 9480
3 9480 9601 9602
3 9480 9602 9481
3 9481 9602 9603
3 9481 9603 9482
3 9482 9603 9604
3 9482 9604 9483
3 9483 9604 9605
3 9483 9605 9484
3 9484 9605 9606
3 9484 9606 9485
3 9485 9606 9607
3 9485 9607 9486
3 9486 9607 9608
3 9486 9608 9487
3 9487 9608 9609
3 9487 9609 9488
3 9488 9609 9610
3 9488 9610 9489
3 9489 9610 9611
3 9489 9611 9490
3 9490 9611 9612
3 9490 9612 9491
3 9491 9612 9613
3 9491 9613 9492
3 9492 9613 9614
3 9492 9614 9493
3 9493 9614 9615
3 9493 9615 9494
3 9494 9615 9616
3 9494 9616 9495
3 9495 9616 9617
3 9495 9617 9496
3 9496 9617 9618
3 9496 9618 9497
3 9497 9618 9619
3 9497 9619 9498
3 9498 9619 9620
3 9498 9620 9499
3 9499 9620 9621
3 9499 9621 9500
3 9500 9621 9622
3 9500 9622 9501
3 9501 9622 9623
3 9501 9623 9502
3 9502 9623 9624
3 9502 9624 9503
3 9503 9624 9625
3 9503 9625 9504
3 9504 9625 9626
3 9504 9626 9505
3 9505 9626 9627
3 9505 9627 9506
3 9506 9627 9628
3 9506 9628 9507
3 9507 9628 9629
3 9507 9629 9508
3 9508 9629 9630
3 9508 9630 9509
3 9509 9630 9631
3 9509 9631 9510
3 9510 9631 9632
3 9510 9632 9511
3 9511 9632 9633
3 9511 9633 9512
3 9512 9633 9634
3 9512 9634 9513
3 9513 9634 9635
3 9513 9635 9514
3 9514 9635 9636
3 9514 9636 9515
3 9515 9636 9637
3 9515 9637 9516
3 9516 9637 9638
3 9516 9638 9517
3 9517 9638 9639
3 9517 9639 9518
3 9518 9639 9640
3 9518 9640 9519
3 9519 9640 9641
3 9519 9641 9520
3 9520 9641 9642
3 9520 9642 9521
3 9521 9642 9643
3 9521 9643 9522
3 9522 9643 9644
3 9522 9644 9523
3 9523 9644 9645
3 9523 9645 9524
3 9524 9645 9646
3 9524 9646 9525
3 9525 9646 9647
3 9525 9647 9526
3 9526 9647 9648
3 9526 9648 9527
3 9527 9648 9649
3 9527 9649 9528
3 9528 9649 9650
3 9528 9650 9529
3 9529 9650 9651
3 9529 9651 9530
3 9530 9651 9652
3 9530 9652 9531
3 9531 9652 9653
3 9531 9653 9532
3 9532 9653 9654
3 9532 9654 9533
3 9533 9654 9655
3 9533 9655 9534
3 9534 9655 9656
3 9534 9656 9535
3 9535 9656 9657
3 9535 9657 9536
3 9536 9657 9658
3 9536 9658 9537
3 9537 9658 9659
3 9537 9659 9538
3 9538 9659 9660
3 9538 9660 9539
3 9539 9660 9661
3 9539 9661 9540
3 9540 9661 9662
3 9540 9662 9541
3 9541 9662 9663
3 9541 9663 9542
3 9542 9663 9664
3 9542 9664 9543
3 9543 9664 9665
3 9543 9665 9544
3 9544 9665 9666
3 9544 9666 9545
3 9545 9666 9667
3 9545 9667 9546
3 9546 9667 9668
3 9546 9668 9547
3 9547 9668 9669
3 9547 9669 9548
3 9548 9669 9670
3 9548 9670 9549
3 9549 9670 9671
3 9549 9671 9550
3 9550 9671 9672
3 9550 9672 9551
3 9551 9672 9673
3 9551 9673 9552
3 9552 9673 9674
3 9552 9674 9553
3 9553 9674 9675
3 9553 9675 9554
3 9554 9675 9676
3 9554 9676 9555
3 9555 9676 9677
3 9555 9677 9556
3 9556 9677 9678
3 9556 9678 9557
3 9557 9678 9679
3 9557 9679 9558
3 9559 9680 9681
3 9559 9681 9560
3 9560 9681 9682
3 9560 9682 9561
3 9561 9682 9683
3 9561 9683 9562
3 9562 9683 9684
3 9562 9684 9563
3 9563 9684 9685
3 9563 9685 9564
3 9564 9685 9686
3 9564 9686 9565
3 9565 9686 9687
3 9565 9687 9566
3 9566 9687 9688
3 9566 9688 9567
3 9567 9688 9689
3 9567 9689 9568
3 9568 9689 9690
3 9568 9690 9569
3 9569 9690 9691
3 9569 9691 9570
3 9570 9691 9692
3 9570 9692 9571
3 9571 9692 9693
3 9571 9693 9572
3 9572 9693 9694
3 9572 9694 9573
3 9573 9694 9695
3 9573 9695 9574
3 9574 9695 9696
3 9574 9696 9575
3 9575 9696 9697
3 9575 9697 9576
3 9576 9697 9698
3 9576 9698 9577
3 9577 9698 9699
3 9577 9699 9578
3 9578 9699 9700
3 9578 9700 9579
3 9579 9700 9701
3 9579 9701 9580
3 9580 9701 9702
3 9580 9702 9581
3 9581 9702 9703
3 9581 9703 9582
3 9582 9703 9704
3 9582 9704 9583
3 9583 9704 9705
3 9583 9705 9584
3 9584 9705 9706
3 9584 9706 9585
3 9585 9706 9707
3 9585 9707 9586
3 9586 9707 9708
3 9586 9708 9587
3 9587 9708 9709
3 9587 9709 9588
3 9588 9709 9710
3 9588 9710 9589
3 9589 9710 9711
3 9589 9711 9590
3 9590 9711 9712
3 9590 9712 9591
3 9591 9712 9713
3 9591 9713 9592
3 9592 9713 9714
3 9592 9714 9593
3 9593 9714 9715
3 9593 9715 9594
3 9594 9715 9716
3 9594 9716 9595
3 9595 9716 9717
3 9595 9717 9596
3 9596 9717 9718
3 9596 9718 9597
3 9597 9718 9719
3 9597 9719 9598
3 9598 9719 9720
3 9598 9720 9599
3 9599 9720 9721
3 9599 9721 9600
3 9600 9721 9722
3 9600 9722 9601
3 9601 9722 9723
3 9601 9723 9602
3 9602 9723 9724
3 9602 9724 9603
3 9603 9724 9725
3 9603 9725 9604
3 9604 9725 9726
3 9604 9726 9605
3 9605 9726 9727
3 9605 9727 9606
3 9606 9727 9728
3 9606 9728 9607
3 9607 9728 9729
3 9607 9729 9608
3 9608 9729 9730
3 9608 9730 9609
3 9609 9730 9731
3 9609 9731 9610
3 9610 9731 9732
3 9610 9732 9611
3 9611 9732 9733
3 9611 9733 9612
3 9612 9733 9734
3 9612 9734 9613
3 9613 9734 9735
3 9613 9735 9614
3 9614 9735 9736
3 9614 9736 9615
3 9615 9736 9737
3 9615 9737 9616
3 9616 9737 9738
3 9616 9738 9617
3 9617 9738 9739
3 9617 9739 9618
3 9618 9739 9740
3 9618 9740 9619
3 9619 9740 9741
3 9619 9741 9620
3 9620 9741 9742
3 9620 9742 9621
3 9621 9742 9743
3 9621 9743 9622
3 9622 9743 9744
3 9622 9744 9623
3 9623 9744 9745
3 9623 9745 9624
3 9624 9745 9746
3 9624 9746 9625
3 9625 9746 9747
3 9625 9747 9626
3 9626 9747 9748
3 9626 9748 9627
3 9627 9748 9749
3 9627 9749 9628
3 9628 9749 9750
3 9628 9750 9629
3 9629 9750 9751
3 9629 9751 9630
3 9630 9751 9752
3 9630 9752 9631
3 9631 9752 9753
3 9631 9753 9632
3 9632 9753 9754
3 9632 9754 9633
3 9633 9754 9755
3 9633 9755 9634
3 9634 9755 9756
3 9634 9756 9635
3 9635 9756 9757
3 9635 9757 9636
3 9636 9757 9758
3 9636 9758 9637
3 9637 9758 9759
3 9637 9759 9638
3 9638 9759 9760
3 9638 9760 9639
3 9639 9760 9761
3 9639 9761 9640
3 9640 9761 9762
3 9640 9762 9641
3 9641 9762 9763
3 9641 9763 9642
3 9642 9763 9764
3 9642 9764 9643
3 9643 9764 9765
3 9643 9765 9644
3 9644 9765 9766
3 9644 9766 9645
3 9645 9766 9767
3 9645 9767 9646
3 9646 9767 9768
3 9646 9768 9647
3 9647 9768 9769
3 9647 9769 9648
3 9648 9769 9770
3 9648 9770 9649
3 9649 9770 9771
3 9649 9771 9650
3 9650 9771 9772
3 9650 9772 9651
3 9651 9772 9773
3 9651 9773 9652
3 9652 9773 9774
3 9652 9774 9653
3 9653 9774 9775
3 9653 9775 9654
3 9654 9775 9776
3 9654 9776 9655
3 9655 9776 9777
3 9655 9777 9656
3 9656 9777 9778
3 9656 9778 9657
3 9657 9778 9779
3 9657 9779 9658
3 9658 9779 9780
3 9658 9780 9659
3 9659 9780 9781
3 9659 9781 9660
3 9660 9781 9782
3 9660 9782 9661
3 9661 9782 9783
3 9661 9783 9662
3 9662 9783 9784
3 9662 9784 9663
3 9663 9784 9785
3 9663 9785 9664
3 9664 9785 9786
3 9664 9786 9665
3 9665 9786 9787
3 9665 9787 9666
3 9666 9787 9788
3 9666 9788 9667
3 9667 9788 9789
3 9667 9789 9668
3 9668 9789 9790
3 9668 9790 9669
3 9669 9790 9791
3 9669 9791 9670
3 9670 9791 9792
3 9670 9792 9671
3 9671 9792 9793
3 9671 9793 9672
3 9672 9793 9794
3 9672 9794 9673
3 9673 9794 9795
3 9673 9795 9674
3 9674 9795 9796
3 9674 9796 9675
3 9675 9796 9797
3 9675 9797 9676
3 9676 9797 9798
3 9676 9798 9677
3 9677 9798 9799
3 9677 9799 9678
3 9678 9799 9800
3 9678 9800 9679
