ply
format ascii 1.0
element vertex 2368
property float x
property float y
property float z
element face 4608
property list uchar int vertex_indices
end_header
0.12 0.0 -1.0
0.11942216720066362 0.011762056839547272 -1.0
0.11769423364838764 0.02341083864193539 -1.0
0.11483284028786506 0.03483416127053548 -1.0
0.1108655439013544 0.04592201188381077 -1.0
0.1058305517218026 0.056567608419119716 -1.0
0.09977635347630542 0.06666842796235226 -1.0
0.09276125440352843 0.07612719409963746 -1.0
0.08485281374238571 0.08485281374238571 -1.0
0.07612719409963746 0.09276125440352842 -1.0
0.06666842796235227 0.09977635347630542 -1.0
0.05656760841911974 0.10583055172180258 -1.0
0.04592201188381078 0.1108655439013544 -1.0
0.03483416127053548 0.11483284028786507 -1.0
0.0234108386419354 0.11769423364838764 -1.0
0.011762056839547293 0.11942216720066362 -1.0
7.347880794884118e-18 0.12 -1.0
-0.011762056839547277 0.11942216720066362 -1.0
-0.023410838641935383 0.11769423364838764 -1.0
-0.03483416127053546 0.11483284028786507 -1.0
-0.045922011883810766 0.1108655439013544 -1.0
-0.05656760841911972 0.1058305517218026 -1.0
-0.06666842796235223 0.09977635347630544 -1.0
-0.07612719409963745 0.09276125440352845 -1.0
-0.0848528137423857 0.08485281374238571 -1.0
-0.09276125440352843 0.07612719409963746 -1.0
-0.09977635347630544 0.06666842796235226 -1.0
-0.10583055172180258 0.05656760841911974 -1.0
-0.1108655439013544 0.04592201188381079 -1.0
-0.11483284028786506 0.034834161270535485 -1.0
-0.11769423364838764 0.02341083864193543 -1.0
-0.11942216720066362 0.011762056839547298 -1.0
-0.12 1.4695761589768237e-17 -1.0
-0.11942216720066362 -0.01176205683954727 -1.0
-0.11769423364838764 -0.023410838641935404 -1.0
-0.11483284028786507 -0.03483416127053545 -1.0
-0.11086554390135442 -0.04592201188381076 -1.0
-0.1058305517218026 -0.056567608419119716 -1.0
-0.09977635347630545 -0.06666842796235223 -1.0
-0.09276125440352845 -0.07612719409963743 -1.0
-0.08485281374238572 -0.0848528137423857 -1.0
-0.07612719409963752 -0.09276125440352839 -1.0
-0.06666842796235226 -0.09977635347630542 -1.0
-0.056567608419119744 -0.10583055172180258 -1.0
-0.045922011883810836 -0.11086554390135438 -1.0
-0.03483416127053549 -0.11483284028786506 -1.0
-0.02341083864193544 -0.11769423364838763 -1.0
-0.011762056839547255 -0.11942216720066362 -1.0
-2.2043642384652355e-17 -0.12 -1.0
0.011762056839547211 -0.11942216720066362 -1.0
0.023410838641935397 -0.11769423364838764 -1.0
0.034834161270535444 -0.11483284028786507 -1.0
0.0459220118838108 -0.11086554390135439 -1.0
0.05656760841911971 -0.1058305517218026 -1.0
0.06666842796235221 -0.09977635347630545 -1.0
0.07612719409963747 -0.09276125440352842 -1.0
0.08485281374238568 -0.08485281374238572 -1.0
0.09276125440352838 -0.07612719409963752 -1.0
0.09977635347630542 -0.06666842796235226 -1.0
0.10583055172180257 -0.05656760841911975 -1.0
0.11086554390135438 -0.04592201188381084 -1.0
0.11483284028786506 -0.0348341612705355 -1.0
0.11769423364838763 -0.023410838641935446 -1.0
0.11942216720066362 -0.01176205683954726 -1.0
0.12 0.0 -0.9444444444444444
0.11942216720066362 0.011762056839547272 -0.9444444444444444
0.11769423364838764 0.02341083864193539 -0.9444444444444444
0.11483284028786506 0.03483416127053548 -0.9444444444444444
0.1108655439013544 0.04592201188381077 -0.9444444444444444
0.1058305517218026 0.056567608419119716 -0.9444444444444444
0.09977635347630542 0.06666842796235226 -0.9444444444444444
0.09276125440352843 0.07612719409963746 -0.9444444444444444
0.08485281374238571 0.08485281374238571 -0.9444444444444444
0.07612719409963746 0.09276125440352842 -0.9444444444444444
0.06666842796235227 0.09977635347630542 -0.9444444444444444
0.05656760841911974 0.10583055172180258 -0.9444444444444444
0.04592201188381078 0.1108655439013544 -0.9444444444444444
0.03483416127053548 0.11483284028786507 -0.9444444444444444
0.0234108386419354 0.11769423364838764 -0.9444444444444444
0.011762056839547293 0.11942216720066362 -0.9444444444444444
7.347880794884118e-18 0.12 -0.9444444444444444
-0.011762056839547277 0.11942216720066362 -0.9444444444444444
-0.023410838641935383 0.11769423364838764 -0.9444444444444444
-0.03483416127053546 0.11483284028786507 -0.9444444444444444
-0.045922011883810766 0.1108655439013544 -0.9444444444444444
-0.05656760841911972 0.1058305517218026 -0.9444444444444444
-0.06666842796235223 0.09977635347630544 -0.9444444444444444
-0.07612719409963745 0.09276125440352845 -0.9444444444444444
-0.0848528137423857 0.08485281374238571 -0.9444444444444444
-0.09276125440352843 0.07612719409963746 -0.9444444444444444
-0.09977635347630544 0.06666842796235226 -0.9444444444444444
-0.10583055172180258 0.05656760841911974 -0.9444444444444444
-0.1108655439013544 0.04592201188381079 -0.9444444444444444
-0.11483284028786506 0.034834161270535485 -0.9444444444444444
-0.11769423364838764 0.02341083864193543 -0.9444444444444444
-0.11942216720066362 0.011762056839547298 -0.9444444444444444
-0.12 1.4695761589768237e-17 -0.9444444444444444
-0.11942216720066362 -0.01176205683954727 -0.9444444444444444
-0.11769423364838764 -0.023410838641935404 -0.9444444444444444
-0.11483284028786507 -0.03483416127053545 -0.9444444444444444
-0.11086554390135442 -0.04592201188381076 -0.9444444444444444
-0.1058305517218026 -0.056567608419119716 -0.9444444444444444
-0.09977635347630545 -0.06666842796235223 -0.9444444444444444
-0.09276125440352845 -0.07612719409963743 -0.9444444444444444
-0.08485281374238572 -0.0848528137423857 -0.9444444444444444
-0.07612719409963752 -0.09276125440352839 -0.9444444444444444
-0.06666842796235226 -0.09977635347630542 -0.9444444444444444
-0.056567608419119744 -0.10583055172180258 -0.9444444444444444
-0.045922011883810836 -0.11086554390135438 -0.9444444444444444
-0.03483416127053549 -0.11483284028786506 -0.9444444444444444
-0.02341083864193544 -0.11769423364838763 -0.9444444444444444
-0.011762056839547255 -0.11942216720066362 -0.9444444444444444
-2.2043642384652355e-17 -0.12 -0.9444444444444444
0.011762056839547211 -0.11942216720066362 -0.9444444444444444
0.023410838641935397 -0.11769423364838764 -0.9444444444444444
0.034834161270535444 -0.11483284028786507 -0.9444444444444444
0.0459220118838108 -0.11086554390135439 -0.9444444444444444
0.05656760841911971 -0.1058305517218026 -0.9444444444444444
0.06666842796235221 -0.09977635347630545 -0.9444444444444444
0.07612719409963747 -0.09276125440352842 -0.9444444444444444
0.08485281374238568 -0.08485281374238572 -0.9444444444444444
0.09276125440352838 -0.07612719409963752 -0.9444444444444444
0.09977635347630542 -0.06666842796235226 -0.9444444444444444
0.10583055172180257 -0.05656760841911975 -0.9444444444444444
0.11086554390135438 -0.04592201188381084 -0.9444444444444444
0.11483284028786506 -0.0348341612705355 -0.9444444444444444
0.11769423364838763 -0.023410838641935446 -0.9444444444444444
0.11942216720066362 -0.01176205683954726 -0.9444444444444444
0.12 0.0 -0.8888888888888888
0.11942216720066362 0.011762056839547272 -0.8888888888888888
0.11769423364838764 0.02341083864193539 -0.8888888888888888
0.11483284028786506 0.03483416127053548 -0.8888888888888888
0.1108655439013544 0.04592201188381077 -0.8888888888888888
0.1058305517218026 0.056567608419119716 -0.8888888888888888
0.09977635347630542 0.06666842796235226 -0.8888888888888888
0.09276125440352843 0.07612719409963746 -0.8888888888888888
0.08485281374238571 0.08485281374238571 -0.8888888888888888
0.07612719409963746 0.09276125440352842 -0.8888888888888888
0.06666842796235227 0.09977635347630542 -0.8888888888888888
0.05656760841911974 0.10583055172180258 -0.8888888888888888
0.04592201188381078 0.1108655439013544 -0.8888888888888888
0.03483416127053548 0.11483284028786507 -0.8888888888888888
0.0234108386419354 0.11769423364838764 -0.8888888888888888
0.011762056839547293 0.11942216720066362 -0.8888888888888888
7.347880794884118e-18 0.12 -0.8888888888888888
-0.011762056839547277 0.11942216720066362 -0.8888888888888888
-0.023410838641935383 0.11769423364838764 -0.8888888888888888
-0.03483416127053546 0.11483284028786507 -0.8888888888888888
-0.045922011883810766 0.1108655439013544 -0.8888888888888888
-0.05656760841911972 0.1058305517218026 -0.8888888888888888
-0.06666842796235223 0.09977635347630544 -0.8888888888888888
-0.07612719409963745 0.09276125440352845 -0.8888888888888888
-0.0848528137423857 0.08485281374238571 -0.8888888888888888
-0.09276125440352843 0.07612719409963746 -0.8888888888888888
-0.09977635347630544 0.06666842796235226 -0.8888888888888888
-0.10583055172180258 0.05656760841911974 -0.8888888888888888
-0.1108655439013544 0.04592201188381079 -0.8888888888888888
-0.11483284028786506 0.034834161270535485 -0.8888888888888888
-0.11769423364838764 0.02341083864193543 -0.8888888888888888
-0.11942216720066362 0.011762056839547298 -0.8888888888888888
-0.12 1.4695761589768237e-17 -0.8888888888888888
-0.11942216720066362 -0.01176205683954727 -0.8888888888888888
-0.11769423364838764 -0.023410838641935404 -0.8888888888888888
-0.11483284028786507 -0.03483416127053545 -0.8888888888888888
-0.11086554390135442 -0.04592201188381076 -0.8888888888888888
-0.1058305517218026 -0.056567608419119716 -0.8888888888888888
-0.09977635347630545 -0.06666842796235223 -0.8888888888888888
-0.09276125440352845 -0.07612719409963743 -0.8888888888888888
-0.08485281374238572 -0.0848528137423857 -0.8888888888888888
-0.07612719409963752 -0.09276125440352839 -0.8888888888888888
-0.06666842796235226 -0.09977635347630542 -0.8888888888888888
-0.056567608419119744 -0.10583055172180258 -0.8888888888888888
-0.045922011883810836 -0.11086554390135438 -0.8888888888888888
-0.03483416127053549 -0.11483284028786506 -0.8888888888888888
-0.02341083864193544 -0.11769423364838763 -0.8888888888888888
-0.011762056839547255 -0.11942216720066362 -0.8888888888888888
-2.2043642384652355e-17 -0.12 -0.8888888888888888
0.011762056839547211 -0.11942216720066362 -0.8888888888888888
0.023410838641935397 -0.11769423364838764 -0.8888888888888888
0.034834161270535444 -0.11483284028786507 -0.8888888888888888
0.0459220118838108 -0.11086554390135439 -0.8888888888888888
0.05656760841911971 -0.1058305517218026 -0.8888888888888888
0.06666842796235221 -0.09977635347630545 -0.8888888888888888
0.07612719409963747 -0.09276125440352842 -0.8888888888888888
0.08485281374238568 -0.08485281374238572 -0.8888888888888888
0.09276125440352838 -0.07612719409963752 -0.8888888888888888
0.09977635347630542 -0.06666842796235226 -0.8888888888888888
0.10583055172180257 -0.05656760841911975 -0.8888888888888888
0.11086554390135438 -0.04592201188381084 -0.8888888888888888
0.11483284028786506 -0.0348341612705355 -0.8888888888888888
0.11769423364838763 -0.023410838641935446 -0.8888888888888888
0.11942216720066362 -0.01176205683954726 -0.8888888888888888
0.12 0.0 -0.8333333333333334
0.11942216720066362 0.011762056839547272 -0.8333333333333334
0.11769423364838764 0.02341083864193539 -0.8333333333333334
0.11483284028786506 0.03483416127053548 -0.8333333333333334
0.1108655439013544 0.04592201188381077 -0.8333333333333334
0.1058305517218026 0.056567608419119716 -0.8333333333333334
0.09977635347630542 0.06666842796235226 -0.8333333333333334
0.09276125440352843 0.07612719409963746 -0.8333333333333334
0.08485281374238571 0.08485281374238571 -0.8333333333333334
0.07612719409963746 0.09276125440352842 -0.8333333333333334
0.06666842796235227 0.09977635347630542 -0.8333333333333334
0.05656760841911974 0.10583055172180258 -0.8333333333333334
0.04592201188381078 0.1108655439013544 -0.8333333333333334
0.03483416127053548 0.11483284028786507 -0.8333333333333334
0.0234108386419354 0.11769423364838764 -0.8333333333333334
0.011762056839547293 0.11942216720066362 -0.8333333333333334
7.347880794884118e-18 0.12 -0.8333333333333334
-0.011762056839547277 0.11942216720066362 -0.8333333333333334
-0.023410838641935383 0.11769423364838764 -0.8333333333333334
-0.03483416127053546 0.11483284028786507 -0.8333333333333334
-0.045922011883810766 0.1108655439013544 -0.8333333333333334
-0.05656760841911972 0.1058305517218026 -0.8333333333333334
-0.06666842796235223 0.09977635347630544 -0.8333333333333334
-0.07612719409963745 0.09276125440352845 -0.8333333333333334
-0.0848528137423857 0.08485281374238571 -0.8333333333333334
-0.09276125440352843 0.07612719409963746 -0.8333333333333334
-0.09977635347630544 0.06666842796235226 -0.8333333333333334
-0.10583055172180258 0.05656760841911974 -0.8333333333333334
-0.1108655439013544 0.04592201188381079 -0.8333333333333334
-0.11483284028786506 0.034834161270535485 -0.8333333333333334
-0.11769423364838764 0.02341083864193543 -0.8333333333333334
-0.11942216720066362 0.011762056839547298 -0.8333333333333334
-0.12 1.4695761589768237e-17 -0.8333333333333334
-0.11942216720066362 -0.01176205683954727 -0.8333333333333334
-0.11769423364838764 -0.023410838641935404 -0.8333333333333334
-0.11483284028786507 -0.03483416127053545 -0.8333333333333334
-0.11086554390135442 -0.04592201188381076 -0.8333333333333334
-0.1058305517218026 -0.056567608419119716 -0.8333333333333334
-0.09977635347630545 -0.06666842796235223 -0.8333333333333334
-0.09276125440352845 -0.07612719409963743 -0.8333333333333334
-0.08485281374238572 -0.0848528137423857 -0.8333333333333334
-0.07612719409963752 -0.09276125440352839 -0.8333333333333334
-0.06666842796235226 -0.09977635347630542 -0.8333333333333334
-0.056567608419119744 -0.10583055172180258 -0.8333333333333334
-0.045922011883810836 -0.11086554390135438 -0.8333333333333334
-0.03483416127053549 -0.11483284028786506 -0.8333333333333334
-0.02341083864193544 -0.11769423364838763 -0.8333333333333334
-0.011762056839547255 -0.11942216720066362 -0.8333333333333334
-2.2043642384652355e-17 -0.12 -0.8333333333333334
0.011762056839547211 -0.11942216720066362 -0.8333333333333334
0.023410838641935397 -0.11769423364838764 -0.8333333333333334
0.034834161270535444 -0.11483284028786507 -0.8333333333333334
0.0459220118838108 -0.11086554390135439 -0.8333333333333334
0.05656760841911971 -0.1058305517218026 -0.8333333333333334
0.06666842796235221 -0.09977635347630545 -0.8333333333333334
0.07612719409963747 -0.09276125440352842 -0.8333333333333334
0.08485281374238568 -0.08485281374238572 -0.8333333333333334
0.09276125440352838 -0.07612719409963752 -0.8333333333333334
0.09977635347630542 -0.06666842796235226 -0.8333333333333334
0.10583055172180257 -0.05656760841911975 -0.8333333333333334
0.11086554390135438 -0.04592201188381084 -0.8333333333333334
0.11483284028786506 -0.0348341612705355 -0.8333333333333334
0.11769423364838763 -0.023410838641935446 -0.8333333333333334
0.11942216720066362 -0.01176205683954726 -0.8333333333333334
0.12 0.0 -0.7777777777777778
0.11942216720066362 0.011762056839547272 -0.7777777777777778
0.11769423364838764 0.02341083864193539 -0.7777777777777778
0.11483284028786506 0.03483416127053548 -0.7777777777777778
0.1108655439013544 0.04592201188381077 -0.7777777777777778
0.1058305517218026 0.056567608419119716 -0.7777777777777778
0.09977635347630542 0.06666842796235226 -0.7777777777777778
0.09276125440352843 0.07612719409963746 -0.7777777777777778
0.08485281374238571 0.08485281374238571 -0.7777777777777778
0.07612719409963746 0.09276125440352842 -0.7777777777777778
0.06666842796235227 0.09977635347630542 -0.7777777777777778
0.05656760841911974 0.10583055172180258 -0.7777777777777778
0.04592201188381078 0.1108655439013544 -0.7777777777777778
0.03483416127053548 0.11483284028786507 -0.7777777777777778
0.0234108386419354 0.11769423364838764 -0.7777777777777778
0.011762056839547293 0.11942216720066362 -0.7777777777777778
7.347880794884118e-18 0.12 -0.7777777777777778
-0.011762056839547277 0.11942216720066362 -0.7777777777777778
-0.023410838641935383 0.11769423364838764 -0.7777777777777778
-0.03483416127053546 0.11483284028786507 -0.7777777777777778
-0.045922011883810766 0.1108655439013544 -0.7777777777777778
-0.05656760841911972 0.1058305517218026 -0.7777777777777778
-0.06666842796235223 0.09977635347630544 -0.7777777777777778
-0.07612719409963745 0.09276125440352845 -0.7777777777777778
-0.0848528137423857 0.08485281374238571 -0.7777777777777778
-0.09276125440352843 0.07612719409963746 -0.7777777777777778
-0.09977635347630544 0.06666842796235226 -0.7777777777777778
-0.10583055172180258 0.05656760841911974 -0.7777777777777778
-0.1108655439013544 0.04592201188381079 -0.7777777777777778
-0.11483284028786506 0.034834161270535485 -0.7777777777777778
-0.11769423364838764 0.02341083864193543 -0.7777777777777778
-0.11942216720066362 0.011762056839547298 -0.7777777777777778
-0.12 1.4695761589768237e-17 -0.7777777777777778
-0.11942216720066362 -0.01176205683954727 -0.7777777777777778
-0.11769423364838764 -0.023410838641935404 -0.7777777777777778
-0.11483284028786507 -0.03483416127053545 -0.7777777777777778
-0.11086554390135442 -0.04592201188381076 -0.7777777777777778
-0.1058305517218026 -0.056567608419119716 -0.7777777777777778
-0.09977635347630545 -0.06666842796235223 -0.7777777777777778
-0.09276125440352845 -0.07612719409963743 -0.7777777777777778
-0.08485281374238572 -0.0848528137423857 -0.7777777777777778
-0.07612719409963752 -0.09276125440352839 -0.7777777777777778
-0.06666842796235226 -0.09977635347630542 -0.7777777777777778
-0.056567608419119744 -0.10583055172180258 -0.7777777777777778
-0.045922011883810836 -0.11086554390135438 -0.7777777777777778
-0.03483416127053549 -0.11483284028786506 -0.7777777777777778
-0.02341083864193544 -0.11769423364838763 -0.7777777777777778
-0.011762056839547255 -0.11942216720066362 -0.7777777777777778
-2.2043642384652355e-17 -0.12 -0.7777777777777778
0.011762056839547211 -0.11942216720066362 -0.7777777777777778
0.023410838641935397 -0.11769423364838764 -0.7777777777777778
0.034834161270535444 -0.11483284028786507 -0.7777777777777778
0.0459220118838108 -0.11086554390135439 -0.7777777777777778
0.05656760841911971 -0.1058305517218026 -0.7777777777777778
0.06666842796235221 -0.09977635347630545 -0.7777777777777778
0.07612719409963747 -0.09276125440352842 -0.7777777777777778
0.08485281374238568 -0.08485281374238572 -0.7777777777777778
0.09276125440352838 -0.07612719409963752 -0.7777777777777778
0.09977635347630542 -0.06666842796235226 -0.7777777777777778
0.10583055172180257 -0.05656760841911975 -0.7777777777777778
0.11086554390135438 -0.04592201188381084 -0.7777777777777778
0.11483284028786506 -0.0348341612705355 -0.7777777777777778
0.11769423364838763 -0.023410838641935446 -0.7777777777777778
0.11942216720066362 -0.01176205683954726 -0.7777777777777778
0.12 0.0 -0.7222222222222222
0.11942216720066362 0.011762056839547272 -0.7222222222222222
0.11769423364838764 0.02341083864193539 -0.7222222222222222
0.11483284028786506 0.03483416127053548 -0.7222222222222222
0.1108655439013544 0.04592201188381077 -0.7222222222222222
0.1058305517218026 0.056567608419119716 -0.7222222222222222
0.09977635347630542 0.06666842796235226 -0.7222222222222222
0.09276125440352843 0.07612719409963746 -0.7222222222222222
0.08485281374238571 0.08485281374238571 -0.7222222222222222
0.07612719409963746 0.09276125440352842 -0.7222222222222222
0.06666842796235227 0.09977635347630542 -0.7222222222222222
0.05656760841911974 0.10583055172180258 -0.7222222222222222
0.04592201188381078 0.1108655439013544 -0.7222222222222222
0.03483416127053548 0.11483284028786507 -0.7222222222222222
0.0234108386419354 0.11769423364838764 -0.7222222222222222
0.011762056839547293 0.11942216720066362 -0.7222222222222222
7.347880794884118e-18 0.12 -0.7222222222222222
-0.011762056839547277 0.11942216720066362 -0.7222222222222222
-0.023410838641935383 0.11769423364838764 -0.7222222222222222
-0.03483416127053546 0.11483284028786507 -0.7222222222222222
-0.045922011883810766 0.1108655439013544 -0.7222222222222222
-0.05656760841911972 0.1058305517218026 -0.7222222222222222
-0.06666842796235223 0.09977635347630544 -0.7222222222222222
-0.07612719409963745 0.09276125440352845 -0.7222222222222222
-0.0848528137423857 0.08485281374238571 -0.7222222222222222
-0.09276125440352843 0.07612719409963746 -0.7222222222222222
-0.09977635347630544 0.06666842796235226 -0.7222222222222222
-0.10583055172180258 0.05656760841911974 -0.7222222222222222
-0.1108655439013544 0.04592201188381079 -0.7222222222222222
-0.11483284028786506 0.034834161270535485 -0.7222222222222222
-0.11769423364838764 0.02341083864193543 -0.7222222222222222
-0.11942216720066362 0.011762056839547298 -0.7222222222222222
-0.12 1.4695761589768237e-17 -0.7222222222222222
-0.11942216720066362 -0.01176205683954727 -0.7222222222222222
-0.11769423364838764 -0.023410838641935404 -0.7222222222222222
-0.11483284028786507 -0.03483416127053545 -0.7222222222222222
-0.11086554390135442 -0.04592201188381076 -0.7222222222222222
-0.1058305517218026 -0.056567608419119716 -0.7222222222222222
-0.09977635347630545 -0.06666842796235223 -0.7222222222222222
-0.09276125440352845 -0.07612719409963743 -0.7222222222222222
-0.08485281374238572 -0.0848528137423857 -0.7222222222222222
-0.07612719409963752 -0.09276125440352839 -0.7222222222222222
-0.06666842796235226 -0.09977635347630542 -0.7222222222222222
-0.056567608419119744 -0.10583055172180258 -0.7222222222222222
-0.045922011883810836 -0.11086554390135438 -0.7222222222222222
-0.03483416127053549 -0.11483284028786506 -0.7222222222222222
-0.02341083864193544 -0.11769423364838763 -0.7222222222222222
-0.011762056839547255 -0.11942216720066362 -0.7222222222222222
-2.2043642384652355e-17 -0.12 -0.7222222222222222
0.011762056839547211 -0.11942216720066362 -0.7222222222222222
0.023410838641935397 -0.11769423364838764 -0.7222222222222222
0.034834161270535444 -0.11483284028786507 -0.7222222222222222
0.0459220118838108 -0.11086554390135439 -0.7222222222222222
0.05656760841911971 -0.1058305517218026 -0.7222222222222222
0.06666842796235221 -0.09977635347630545 -0.7222222222222222
0.07612719409963747 -0.09276125440352842 -0.7222222222222222
0.08485281374238568 -0.08485281374238572 -0.7222222222222222
0.09276125440352838 -0.07612719409963752 -0.7222222222222222
0.09977635347630542 -0.06666842796235226 -0.7222222222222222
0.10583055172180257 -0.05656760841911975 -0.7222222222222222
0.11086554390135438 -0.04592201188381084 -0.7222222222222222
0.11483284028786506 -0.0348341612705355 -0.7222222222222222
0.11769423364838763 -0.023410838641935446 -0.7222222222222222
0.11942216720066362 -0.01176205683954726 -0.7222222222222222
0.12 0.0 -0.6666666666666667
0.11942216720066362 0.011762056839547272 -0.6666666666666667
0.11769423364838764 0.02341083864193539 -0.6666666666666667
0.11483284028786506 0.03483416127053548 -0.6666666666666667
0.1108655439013544 0.04592201188381077 -0.6666666666666667
0.1058305517218026 0.056567608419119716 -0.6666666666666667
0.09977635347630542 0.06666842796235226 -0.6666666666666667
0.09276125440352843 0.07612719409963746 -0.6666666666666667
0.08485281374238571 0.08485281374238571 -0.6666666666666667
0.07612719409963746 0.09276125440352842 -0.6666666666666667
0.06666842796235227 0.09977635347630542 -0.6666666666666667
0.05656760841911974 0.10583055172180258 -0.6666666666666667
0.04592201188381078 0.1108655439013544 -0.6666666666666667
0.03483416127053548 0.11483284028786507 -0.6666666666666667
0.0234108386419354 0.11769423364838764 -0.6666666666666667
0.011762056839547293 0.11942216720066362 -0.6666666666666667
7.347880794884118e-18 0.12 -0.6666666666666667
-0.011762056839547277 0.11942216720066362 -0.6666666666666667
-0.023410838641935383 0.11769423364838764 -0.6666666666666667
-0.03483416127053546 0.11483284028786507 -0.6666666666666667
-0.045922011883810766 0.1108655439013544 -0.6666666666666667
-0.05656760841911972 0.1058305517218026 -0.6666666666666667
-0.06666842796235223 0.09977635347630544 -0.6666666666666667
-0.07612719409963745 0.09276125440352845 -0.6666666666666667
-0.0848528137423857 0.08485281374238571 -0.6666666666666667
-0.09276125440352843 0.07612719409963746 -0.6666666666666667
-0.09977635347630544 0.06666842796235226 -0.6666666666666667
-0.10583055172180258 0.05656760841911974 -0.6666666666666667
-0.1108655439013544 0.04592201188381079 -0.6666666666666667
-0.11483284028786506 0.034834161270535485 -0.6666666666666667
-0.11769423364838764 0.02341083864193543 -0.6666666666666667
-0.11942216720066362 0.011762056839547298 -0.6666666666666667
-0.12 1.4695761589768237e-17 -0.6666666666666667
-0.11942216720066362 -0.01176205683954727 -0.6666666666666667
-0.11769423364838764 -0.023410838641935404 -0.6666666666666667
-0.11483284028786507 -0.03483416127053545 -0.6666666666666667
-0.11086554390135442 -0.04592201188381076 -0.6666666666666667
-0.1058305517218026 -0.056567608419119716 -0.6666666666666667
-0.09977635347630545 -0.06666842796235223 -0.6666666666666667
-0.09276125440352845 -0.07612719409963743 -0.6666666666666667
-0.08485281374238572 -0.0848528137423857 -0.6666666666666667
-0.07612719409963752 -0.09276125440352839 -0.6666666666666667
-0.06666842796235226 -0.09977635347630542 -0.6666666666666667
-0.056567608419119744 -0.10583055172180258 -0.6666666666666667
-0.045922011883810836 -0.11086554390135438 -0.6666666666666667
-0.03483416127053549 -0.11483284028786506 -0.6666666666666667
-0.02341083864193544 -0.11769423364838763 -0.6666666666666667
-0.011762056839547255 -0.11942216720066362 -0.6666666666666667
-2.2043642384652355e-17 -0.12 -0.6666666666666667
0.011762056839547211 -0.11942216720066362 -0.6666666666666667
0.023410838641935397 -0.11769423364838764 -0.6666666666666667
0.034834161270535444 -0.11483284028786507 -0.6666666666666667
0.0459220118838108 -0.11086554390135439 -0.6666666666666667
0.05656760841911971 -0.1058305517218026 -0.6666666666666667
0.06666842796235221 -0.09977635347630545 -0.6666666666666667
0.07612719409963747 -0.09276125440352842 -0.6666666666666667
0.08485281374238568 -0.08485281374238572 -0.6666666666666667
0.09276125440352838 -0.07612719409963752 -0.6666666666666667
0.09977635347630542 -0.06666842796235226 -0.6666666666666667
0.10583055172180257 -0.05656760841911975 -0.6666666666666667
0.11086554390135438 -0.04592201188381084 -0.6666666666666667
0.11483284028786506 -0.0348341612705355 -0.6666666666666667
0.11769423364838763 -0.023410838641935446 -0.6666666666666667
0.11942216720066362 -0.01176205683954726 -0.6666666666666667
0.12 0.0 -0.6111111111111112
0.11942216720066362 0.011762056839547272 -0.6111111111111112
0.11769423364838764 0.02341083864193539 -0.6111111111111112
0.11483284028786506 0.03483416127053548 -0.6111111111111112
0.1108655439013544 0.04592201188381077 -0.6111111111111112
0.1058305517218026 0.056567608419119716 -0.6111111111111112
0.09977635347630542 0.06666842796235226 -0.6111111111111112
0.09276125440352843 0.07612719409963746 -0.6111111111111112
0.08485281374238571 0.08485281374238571 -0.6111111111111112
0.07612719409963746 0.09276125440352842 -0.6111111111111112
0.06666842796235227 0.09977635347630542 -0.6111111111111112
0.05656760841911974 0.10583055172180258 -0.6111111111111112
0.04592201188381078 0.1108655439013544 -0.6111111111111112
0.03483416127053548 0.11483284028786507 -0.6111111111111112
0.0234108386419354 0.11769423364838764 -0.6111111111111112
0.011762056839547293 0.11942216720066362 -0.6111111111111112
7.347880794884118e-18 0.12 -0.6111111111111112
-0.011762056839547277 0.11942216720066362 -0.6111111111111112
-0.023410838641935383 0.11769423364838764 -0.6111111111111112
-0.03483416127053546 0.11483284028786507 -0.6111111111111112
-0.045922011883810766 0.1108655439013544 -0.6111111111111112
-0.05656760841911972 0.1058305517218026 -0.6111111111111112
-0.06666842796235223 0.09977635347630544 -0.6111111111111112
-0.07612719409963745 0.09276125440352845 -0.6111111111111112
-0.0848528137423857 0.08485281374238571 -0.6111111111111112
-0.09276125440352843 0.07612719409963746 -0.6111111111111112
-0.09977635347630544 0.06666842796235226 -0.6111111111111112
-0.10583055172180258 0.05656760841911974 -0.6111111111111112
-0.1108655439013544 0.04592201188381079 -0.6111111111111112
-0.11483284028786506 0.034834161270535485 -0.6111111111111112
-0.11769423364838764 0.02341083864193543 -0.6111111111111112
-0.11942216720066362 0.011762056839547298 -0.6111111111111112
-0.12 1.4695761589768237e-17 -0.6111111111111112
-0.11942216720066362 -0.01176205683954727 -0.6111111111111112
-0.11769423364838764 -0.023410838641935404 -0.6111111111111112
-0.11483284028786507 -0.03483416127053545 -0.6111111111111112
-0.11086554390135442 -0.04592201188381076 -0.6111111111111112
-0.1058305517218026 -0.056567608419119716 -0.6111111111111112
-0.09977635347630545 -0.06666842796235223 -0.6111111111111112
-0.09276125440352845 -0.07612719409963743 -0.6111111111111112
-0.08485281374238572 -0.0848528137423857 -0.6111111111111112
-0.07612719409963752 -0.09276125440352839 -0.6111111111111112
-0.06666842796235226 -0.09977635347630542 -0.6111111111111112
-0.056567608419119744 -0.10583055172180258 -0.6111111111111112
-0.045922011883810836 -0.11086554390135438 -0.6111111111111112
-0.03483416127053549 -0.11483284028786506 -0.6111111111111112
-0.02341083864193544 -0.11769423364838763 -0.6111111111111112
-0.011762056839547255 -0.11942216720066362 -0.6111111111111112
-2.2043642384652355e-17 -0.12 -0.6111111111111112
0.011762056839547211 -0.11942216720066362 -0.6111111111111112
0.023410838641935397 -0.11769423364838764 -0.6111111111111112
0.034834161270535444 -0.11483284028786507 -0.6111111111111112
0.0459220118838108 -0.11086554390135439 -0.6111111111111112
0.05656760841911971 -0.1058305517218026 -0.6111111111111112
0.06666842796235221 -0.09977635347630545 -0.6111111111111112
0.07612719409963747 -0.09276125440352842 -0.6111111111111112
0.08485281374238568 -0.08485281374238572 -0.6111111111111112
0.09276125440352838 -0.07612719409963752 -0.6111111111111112
0.09977635347630542 -0.06666842796235226 -0.6111111111111112
0.10583055172180257 -0.05656760841911975 -0.6111111111111112
0.11086554390135438 -0.04592201188381084 -0.6111111111111112
0.11483284028786506 -0.0348341612705355 -0.6111111111111112
0.11769423364838763 -0.023410838641935446 -0.6111111111111112
0.11942216720066362 -0.01176205683954726 -0.6111111111111112
0.12 0.0 -0.5555555555555556
0.11942216720066362 0.011762056839547272 -0.5555555555555556
0.11769423364838764 0.02341083864193539 -0.5555555555555556
0.11483284028786506 0.03483416127053548 -0.5555555555555556
0.1108655439013544 0.04592201188381077 -0.5555555555555556
0.1058305517218026 0.056567608419119716 -0.5555555555555556
0.09977635347630542 0.06666842796235226 -0.5555555555555556
0.09276125440352843 0.07612719409963746 -0.5555555555555556
0.08485281374238571 0.08485281374238571 -0.5555555555555556
0.07612719409963746 0.09276125440352842 -0.5555555555555556
0.06666842796235227 0.09977635347630542 -0.5555555555555556
0.05656760841911974 0.10583055172180258 -0.5555555555555556
0.04592201188381078 0.1108655439013544 -0.5555555555555556
0.03483416127053548 0.11483284028786507 -0.5555555555555556
0.0234108386419354 0.11769423364838764 -0.5555555555555556
0.011762056839547293 0.11942216720066362 -0.5555555555555556
7.347880794884118e-18 0.12 -0.5555555555555556
-0.011762056839547277 0.11942216720066362 -0.5555555555555556
-0.023410838641935383 0.11769423364838764 -0.5555555555555556
-0.03483416127053546 0.11483284028786507 -0.5555555555555556
-0.045922011883810766 0.1108655439013544 -0.5555555555555556
-0.05656760841911972 0.1058305517218026 -0.5555555555555556
-0.06666842796235223 0.09977635347630544 -0.5555555555555556
-0.07612719409963745 0.09276125440352845 -0.5555555555555556
-0.0848528137423857 0.08485281374238571 -0.5555555555555556
-0.09276125440352843 0.07612719409963746 -0.5555555555555556
-0.09977635347630544 0.06666842796235226 -0.5555555555555556
-0.10583055172180258 0.05656760841911974 -0.5555555555555556
-0.1108655439013544 0.04592201188381079 -0.5555555555555556
-0.11483284028786506 0.034834161270535485 -0.5555555555555556
-0.11769423364838764 0.02341083864193543 -0.5555555555555556
-0.11942216720066362 0.011762056839547298 -0.5555555555555556
-0.12 1.4695761589768237e-17 -0.5555555555555556
-0.11942216720066362 -0.01176205683954727 -0.5555555555555556
-0.11769423364838764 -0.023410838641935404 -0.5555555555555556
-0.11483284028786507 -0.03483416127053545 -0.5555555555555556
-0.11086554390135442 -0.04592201188381076 -0.5555555555555556
-0.1058305517218026 -0.056567608419119716 -0.5555555555555556
-0.09977635347630545 -0.06666842796235223 -0.5555555555555556
-0.09276125440352845 -0.07612719409963743 -0.5555555555555556
-0.08485281374238572 -0.0848528137423857 -0.5555555555555556
-0.07612719409963752 -0.09276125440352839 -0.5555555555555556
-0.06666842796235226 -0.09977635347630542 -0.5555555555555556
-0.056567608419119744 -0.10583055172180258 -0.5555555555555556
-0.045922011883810836 -0.11086554390135438 -0.5555555555555556
-0.03483416127053549 -0.11483284028786506 -0.5555555555555556
-0.02341083864193544 -0.11769423364838763 -0.5555555555555556
-0.011762056839547255 -0.11942216720066362 -0.5555555555555556
-2.2043642384652355e-17 -0.12 -0.5555555555555556
0.011762056839547211 -0.11942216720066362 -0.5555555555555556
0.023410838641935397 -0.11769423364838764 -0.5555555555555556
0.034834161270535444 -0.11483284028786507 -0.5555555555555556
0.0459220118838108 -0.11086554390135439 -0.5555555555555556
0.05656760841911971 -0.1058305517218026 -0.5555555555555556
0.06666842796235221 -0.09977635347630545 -0.5555555555555556
0.07612719409963747 -0.09276125440352842 -0.5555555555555556
0.08485281374238568 -0.08485281374238572 -0.5555555555555556
0.09276125440352838 -0.07612719409963752 -0.5555555555555556
0.09977635347630542 -0.06666842796235226 -0.5555555555555556
0.10583055172180257 -0.05656760841911975 -0.5555555555555556
0.11086554390135438 -0.04592201188381084 -0.5555555555555556
0.11483284028786506 -0.0348341612705355 -0.5555555555555556
0.11769423364838763 -0.023410838641935446 -0.5555555555555556
0.11942216720066362 -0.01176205683954726 -0.5555555555555556
0.12 0.0 -0.5
0.11942216720066362 0.011762056839547272 -0.5
0.11769423364838764 0.02341083864193539 -0.5
0.11483284028786506 0.03483416127053548 -0.5
0.1108655439013544 0.04592201188381077 -0.5
0.1058305517218026 0.056567608419119716 -0.5
0.09977635347630542 0.06666842796235226 -0.5
0.09276125440352843 0.07612719409963746 -0.5
0.08485281374238571 0.08485281374238571 -0.5
0.07612719409963746 0.09276125440352842 -0.5
0.06666842796235227 0.09977635347630542 -0.5
0.05656760841911974 0.10583055172180258 -0.5
0.04592201188381078 0.1108655439013544 -0.5
0.03483416127053548 0.11483284028786507 -0.5
0.0234108386419354 0.11769423364838764 -0.5
0.011762056839547293 0.11942216720066362 -0.5
7.347880794884118e-18 0.12 -0.5
-0.011762056839547277 0.11942216720066362 -0.5
-0.023410838641935383 0.11769423364838764 -0.5
-0.03483416127053546 0.11483284028786507 -0.5
-0.045922011883810766 0.1108655439013544 -0.5
-0.05656760841911972 0.1058305517218026 -0.5
-0.06666842796235223 0.09977635347630544 -0.5
-0.07612719409963745 0.09276125440352845 -0.5
-0.0848528137423857 0.08485281374238571 -0.5
-0.09276125440352843 0.07612719409963746 -0.5
-0.09977635347630544 0.06666842796235226 -0.5
-0.10583055172180258 0.05656760841911974 -0.5
-0.1108655439013544 0.04592201188381079 -0.5
-0.11483284028786506 0.034834161270535485 -0.5
-0.11769423364838764 0.02341083864193543 -0.5
-0.11942216720066362 0.011762056839547298 -0.5
-0.12 1.4695761589768237e-17 -0.5
-0.11942216720066362 -0.01176205683954727 -0.5
-0.11769423364838764 -0.023410838641935404 -0.5
-0.11483284028786507 -0.03483416127053545 -0.5
-0.11086554390135442 -0.04592201188381076 -0.5
-0.1058305517218026 -0.056567608419119716 -0.5
-0.09977635347630545 -0.06666842796235223 -0.5
-0.09276125440352845 -0.07612719409963743 -0.5
-0.08485281374238572 -0.0848528137423857 -0.5
-0.07612719409963752 -0.09276125440352839 -0.5
-0.06666842796235226 -0.09977635347630542 -0.5
-0.056567608419119744 -0.10583055172180258 -0.5
-0.045922011883810836 -0.11086554390135438 -0.5
-0.03483416127053549 -0.11483284028786506 -0.5
-0.02341083864193544 -0.11769423364838763 -0.5
-0.011762056839547255 -0.11942216720066362 -0.5
-2.2043642384652355e-17 -0.12 -0.5
0.011762056839547211 -0.11942216720066362 -0.5
0.023410838641935397 -0.11769423364838764 -0.5
0.034834161270535444 -0.11483284028786507 -0.5
0.0459220118838108 -0.11086554390135439 -0.5
0.05656760841911971 -0.1058305517218026 -0.5
0.06666842796235221 -0.09977635347630545 -0.5
0.07612719409963747 -0.09276125440352842 -0.5
0.08485281374238568 -0.08485281374238572 -0.5
0.09276125440352838 -0.07612719409963752 -0.5
0.09977635347630542 -0.06666842796235226 -0.5
0.10583055172180257 -0.05656760841911975 -0.5
0.11086554390135438 -0.04592201188381084 -0.5
0.11483284028786506 -0.0348341612705355 -0.5
0.11769423364838763 -0.023410838641935446 -0.5
0.11942216720066362 -0.01176205683954726 -0.5
0.12 0.0 -0.4444444444444444
0.11942216720066362 0.011762056839547272 -0.4444444444444444
0.11769423364838764 0.02341083864193539 -0.4444444444444444
0.11483284028786506 0.03483416127053548 -0.4444444444444444
0.1108655439013544 0.04592201188381077 -0.4444444444444444
0.1058305517218026 0.056567608419119716 -0.4444444444444444
0.09977635347630542 0.06666842796235226 -0.4444444444444444
0.09276125440352843 0.07612719409963746 -0.4444444444444444
0.08485281374238571 0.08485281374238571 -0.4444444444444444
0.07612719409963746 0.09276125440352842 -0.4444444444444444
0.06666842796235227 0.09977635347630542 -0.4444444444444444
0.05656760841911974 0.10583055172180258 -0.4444444444444444
0.04592201188381078 0.1108655439013544 -0.4444444444444444
0.03483416127053548 0.11483284028786507 -0.4444444444444444
0.0234108386419354 0.11769423364838764 -0.4444444444444444
0.011762056839547293 0.11942216720066362 -0.4444444444444444
7.347880794884118e-18 0.12 -0.4444444444444444
-0.011762056839547277 0.11942216720066362 -0.4444444444444444
-0.023410838641935383 0.11769423364838764 -0.4444444444444444
-0.03483416127053546 0.11483284028786507 -0.4444444444444444
-0.045922011883810766 0.1108655439013544 -0.4444444444444444
-0.05656760841911972 0.1058305517218026 -0.4444444444444444
-0.06666842796235223 0.09977635347630544 -0.4444444444444444
-0.07612719409963745 0.09276125440352845 -0.4444444444444444
-0.0848528137423857 0.08485281374238571 -0.4444444444444444
-0.09276125440352843 0.07612719409963746 -0.4444444444444444
-0.09977635347630544 0.06666842796235226 -0.4444444444444444
-0.10583055172180258 0.05656760841911974 -0.4444444444444444
-0.1108655439013544 0.04592201188381079 -0.4444444444444444
-0.11483284028786506 0.034834161270535485 -0.4444444444444444
-0.11769423364838764 0.02341083864193543 -0.4444444444444444
-0.11942216720066362 0.011762056839547298 -0.4444444444444444
-0.12 1.4695761589768237e-17 -0.4444444444444444
-0.11942216720066362 -0.01176205683954727 -0.4444444444444444
-0.11769423364838764 -0.023410838641935404 -0.4444444444444444
-0.11483284028786507 -0.03483416127053545 -0.4444444444444444
-0.11086554390135442 -0.04592201188381076 -0.4444444444444444
-0.1058305517218026 -0.056567608419119716 -0.4444444444444444
-0.09977635347630545 -0.06666842796235223 -0.4444444444444444
-0.09276125440352845 -0.07612719409963743 -0.4444444444444444
-0.08485281374238572 -0.0848528137423857 -0.4444444444444444
-0.07612719409963752 -0.09276125440352839 -0.4444444444444444
-0.06666842796235226 -0.09977635347630542 -0.4444444444444444
-0.056567608419119744 -0.10583055172180258 -0.4444444444444444
-0.045922011883810836 -0.11086554390135438 -0.4444444444444444
-0.03483416127053549 -0.11483284028786506 -0.4444444444444444
-0.02341083864193544 -0.11769423364838763 -0.4444444444444444
-0.011762056839547255 -0.11942216720066362 -0.4444444444444444
-2.2043642384652355e-17 -0.12 -0.4444444444444444
0.011762056839547211 -0.11942216720066362 -0.4444444444444444
0.023410838641935397 -0.11769423364838764 -0.4444444444444444
0.034834161270535444 -0.11483284028786507 -0.4444444444444444
0.0459220118838108 -0.11086554390135439 -0.4444444444444444
0.05656760841911971 -0.1058305517218026 -0.4444444444444444
0.06666842796235221 -0.09977635347630545 -0.4444444444444444
0.07612719409963747 -0.09276125440352842 -0.4444444444444444
0.08485281374238568 -0.08485281374238572 -0.4444444444444444
0.09276125440352838 -0.07612719409963752 -0.4444444444444444
0.09977635347630542 -0.06666842796235226 -0.4444444444444444
0.10583055172180257 -0.05656760841911975 -0.4444444444444444
0.11086554390135438 -0.04592201188381084 -0.4444444444444444
0.11483284028786506 -0.0348341612705355 -0.4444444444444444
0.11769423364838763 -0.023410838641935446 -0.4444444444444444
0.11942216720066362 -0.01176205683954726 -0.4444444444444444
0.12 0.0 -0.38888888888888884
0.11942216720066362 0.011762056839547272 -0.38888888888888884
0.11769423364838764 0.02341083864193539 -0.38888888888888884
0.11483284028786506 0.03483416127053548 -0.38888888888888884
0.1108655439013544 0.04592201188381077 -0.38888888888888884
0.1058305517218026 0.056567608419119716 -0.38888888888888884
0.09977635347630542 0.06666842796235226 -0.38888888888888884
0.09276125440352843 0.07612719409963746 -0.38888888888888884
0.08485281374238571 0.08485281374238571 -0.38888888888888884
0.07612719409963746 0.09276125440352842 -0.38888888888888884
0.06666842796235227 0.09977635347630542 -0.38888888888888884
0.05656760841911974 0.10583055172180258 -0.38888888888888884
0.04592201188381078 0.1108655439013544 -0.38888888888888884
0.03483416127053548 0.11483284028786507 -0.38888888888888884
0.0234108386419354 0.11769423364838764 -0.38888888888888884
0.011762056839547293 0.11942216720066362 -0.38888888888888884
7.347880794884118e-18 0.12 -0.38888888888888884
-0.011762056839547277 0.11942216720066362 -0.38888888888888884
-0.023410838641935383 0.11769423364838764 -0.38888888888888884
-0.03483416127053546 0.11483284028786507 -0.38888888888888884
-0.045922011883810766 0.1108655439013544 -0.38888888888888884
-0.05656760841911972 0.1058305517218026 -0.38888888888888884
-0.06666842796235223 0.09977635347630544 -0.38888888888888884
-0.07612719409963745 0.09276125440352845 -0.38888888888888884
-0.0848528137423857 0.08485281374238571 -0.38888888888888884
-0.09276125440352843 0.07612719409963746 -0.38888888888888884
-0.09977635347630544 0.06666842796235226 -0.38888888888888884
-0.10583055172180258 0.05656760841911974 -0.38888888888888884
-0.1108655439013544 0.04592201188381079 -0.38888888888888884
-0.11483284028786506 0.034834161270535485 -0.38888888888888884
-0.11769423364838764 0.02341083864193543 -0.38888888888888884
-0.11942216720066362 0.011762056839547298 -0.38888888888888884
-0.12 1.4695761589768237e-17 -0.38888888888888884
-0.11942216720066362 -0.01176205683954727 -0.38888888888888884
-0.11769423364838764 -0.023410838641935404 -0.38888888888888884
-0.11483284028786507 -0.03483416127053545 -0.38888888888888884
-0.11086554390135442 -0.04592201188381076 -0.38888888888888884
-0.1058305517218026 -0.056567608419119716 -0.38888888888888884
-0.09977635347630545 -0.06666842796235223 -0.38888888888888884
-0.09276125440352845 -0.07612719409963743 -0.38888888888888884
-0.08485281374238572 -0.0848528137423857 -0.38888888888888884
-0.07612719409963752 -0.09276125440352839 -0.38888888888888884
-0.06666842796235226 -0.09977635347630542 -0.38888888888888884
-0.056567608419119744 -0.10583055172180258 -0.38888888888888884
-0.045922011883810836 -0.11086554390135438 -0.38888888888888884
-0.03483416127053549 -0.11483284028786506 -0.38888888888888884
-0.02341083864193544 -0.11769423364838763 -0.38888888888888884
-0.011762056839547255 -0.11942216720066362 -0.38888888888888884
-2.2043642384652355e-17 -0.12 -0.38888888888888884
0.011762056839547211 -0.11942216720066362 -0.38888888888888884
0.023410838641935397 -0.11769423364838764 -0.38888888888888884
0.034834161270535444 -0.11483284028786507 -0.38888888888888884
0.0459220118838108 -0.11086554390135439 -0.38888888888888884
0.05656760841911971 -0.1058305517218026 -0.38888888888888884
0.06666842796235221 -0.09977635347630545 -0.38888888888888884
0.07612719409963747 -0.09276125440352842 -0.38888888888888884
0.08485281374238568 -0.08485281374238572 -0.38888888888888884
0.09276125440352838 -0.07612719409963752 -0.38888888888888884
0.09977635347630542 -0.06666842796235226 -0.38888888888888884
0.10583055172180257 -0.05656760841911975 -0.38888888888888884
0.11086554390135438 -0.04592201188381084 -0.38888888888888884
0.11483284028786506 -0.0348341612705355 -0.38888888888888884
0.11769423364838763 -0.023410838641935446 -0.38888888888888884
0.11942216720066362 -0.01176205683954726 -0.38888888888888884
0.12 0.0 -0.33333333333333337
0.11942216720066362 0.011762056839547272 -0.33333333333333337
0.11769423364838764 0.02341083864193539 -0.33333333333333337
0.11483284028786506 0.03483416127053548 -0.33333333333333337
0.1108655439013544 0.04592201188381077 -0.33333333333333337
0.1058305517218026 0.056567608419119716 -0.33333333333333337
0.09977635347630542 0.06666842796235226 -0.33333333333333337
0.09276125440352843 0.07612719409963746 -0.33333333333333337
0.08485281374238571 0.08485281374238571 -0.33333333333333337
0.07612719409963746 0.09276125440352842 -0.33333333333333337
0.06666842796235227 0.09977635347630542 -0.33333333333333337
0.05656760841911974 0.10583055172180258 -0.33333333333333337
0.04592201188381078 0.1108655439013544 -0.33333333333333337
0.03483416127053548 0.11483284028786507 -0.33333333333333337
0.0234108386419354 0.11769423364838764 -0.33333333333333337
0.011762056839547293 0.11942216720066362 -0.33333333333333337
7.347880794884118e-18 0.12 -0.33333333333333337
-0.011762056839547277 0.11942216720066362 -0.33333333333333337
-0.023410838641935383 0.11769423364838764 -0.33333333333333337
-0.03483416127053546 0.11483284028786507 -0.33333333333333337
-0.045922011883810766 0.1108655439013544 -0.33333333333333337
-0.05656760841911972 0.1058305517218026 -0.33333333333333337
-0.06666842796235223 0.09977635347630544 -0.33333333333333337
-0.07612719409963745 0.09276125440352845 -0.33333333333333337
-0.0848528137423857 0.08485281374238571 -0.33333333333333337
-0.09276125440352843 0.07612719409963746 -0.33333333333333337
-0.09977635347630544 0.06666842796235226 -0.33333333333333337
-0.10583055172180258 0.05656760841911974 -0.33333333333333337
-0.1108655439013544 0.04592201188381079 -0.33333333333333337
-0.11483284028786506 0.034834161270535485 -0.33333333333333337
-0.11769423364838764 0.02341083864193543 -0.33333333333333337
-0.11942216720066362 0.011762056839547298 -0.33333333333333337
-0.12 1.4695761589768237e-17 -0.33333333333333337
-0.11942216720066362 -0.01176205683954727 -0.33333333333333337
-0.11769423364838764 -0.023410838641935404 -0.33333333333333337
-0.11483284028786507 -0.03483416127053545 -0.33333333333333337
-0.11086554390135442 -0.04592201188381076 -0.33333333333333337
-0.1058305517218026 -0.056567608419119716 -0.33333333333333337
-0.09977635347630545 -0.06666842796235223 -0.33333333333333337
-0.09276125440352845 -0.07612719409963743 -0.33333333333333337
-0.08485281374238572 -0.0848528137423857 -0.33333333333333337
-0.07612719409963752 -0.09276125440352839 -0.33333333333333337
-0.06666842796235226 -0.09977635347630542 -0.33333333333333337
-0.056567608419119744 -0.10583055172180258 -0.33333333333333337
-0.045922011883810836 -0.11086554390135438 -0.33333333333333337
-0.03483416127053549 -0.11483284028786506 -0.33333333333333337
-0.02341083864193544 -0.11769423364838763 -0.33333333333333337
-0.011762056839547255 -0.11942216720066362 -0.33333333333333337
-2.2043642384652355e-17 -0.12 -0.33333333333333337
0.011762056839547211 -0.11942216720066362 -0.33333333333333337
0.023410838641935397 -0.11769423364838764 -0.33333333333333337
0.034834161270535444 -0.11483284028786507 -0.33333333333333337
0.0459220118838108 -0.11086554390135439 -0.33333333333333337
0.05656760841911971 -0.1058305517218026 -0.33333333333333337
0.06666842796235221 -0.09977635347630545 -0.33333333333333337
0.07612719409963747 -0.09276125440352842 -0.33333333333333337
0.08485281374238568 -0.08485281374238572 -0.33333333333333337
0.09276125440352838 -0.07612719409963752 -0.33333333333333337
0.09977635347630542 -0.06666842796235226 -0.33333333333333337
0.10583055172180257 -0.05656760841911975 -0.33333333333333337
0.11086554390135438 -0.04592201188381084 -0.33333333333333337
0.11483284028786506 -0.0348341612705355 -0.33333333333333337
0.11769423364838763 -0.023410838641935446 -0.33333333333333337
0.11942216720066362 -0.01176205683954726 -0.33333333333333337
0.12 0.0 -0.2777777777777778
0.11942216720066362 0.011762056839547272 -0.2777777777777778
0.11769423364838764 0.02341083864193539 -0.2777777777777778
0.11483284028786506 0.03483416127053548 -0.2777777777777778
0.1108655439013544 0.04592201188381077 -0.2777777777777778
0.1058305517218026 0.056567608419119716 -0.2777777777777778
0.09977635347630542 0.06666842796235226 -0.2777777777777778
0.09276125440352843 0.07612719409963746 -0.2777777777777778
0.08485281374238571 0.08485281374238571 -0.2777777777777778
0.07612719409963746 0.09276125440352842 -0.2777777777777778
0.06666842796235227 0.09977635347630542 -0.2777777777777778
0.05656760841911974 0.10583055172180258 -0.2777777777777778
0.04592201188381078 0.1108655439013544 -0.2777777777777778
0.03483416127053548 0.11483284028786507 -0.2777777777777778
0.0234108386419354 0.11769423364838764 -0.2777777777777778
0.011762056839547293 0.11942216720066362 -0.2777777777777778
7.347880794884118e-18 0.12 -0.2777777777777778
-0.011762056839547277 0.11942216720066362 -0.2777777777777778
-0.023410838641935383 0.11769423364838764 -0.2777777777777778
-0.03483416127053546 0.11483284028786507 -0.2777777777777778
-0.045922011883810766 0.1108655439013544 -0.2777777777777778
-0.05656760841911972 0.1058305517218026 -0.2777777777777778
-0.06666842796235223 0.09977635347630544 -0.2777777777777778
-0.07612719409963745 0.09276125440352845 -0.2777777777777778
-0.0848528137423857 0.08485281374238571 -0.2777777777777778
-0.09276125440352843 0.07612719409963746 -0.2777777777777778
-0.09977635347630544 0.06666842796235226 -0.2777777777777778
-0.10583055172180258 0.05656760841911974 -0.2777777777777778
-0.1108655439013544 0.04592201188381079 -0.2777777777777778
-0.11483284028786506 0.034834161270535485 -0.2777777777777778
-0.11769423364838764 0.02341083864193543 -0.2777777777777778
-0.11942216720066362 0.011762056839547298 -0.2777777777777778
-0.12 1.4695761589768237e-17 -0.2777777777777778
-0.11942216720066362 -0.01176205683954727 -0.2777777777777778
-0.11769423364838764 -0.023410838641935404 -0.2777777777777778
-0.11483284028786507 -0.03483416127053545 -0.2777777777777778
-0.11086554390135442 -0.04592201188381076 -0.2777777777777778
-0.1058305517218026 -0.056567608419119716 -0.2777777777777778
-0.09977635347630545 -0.06666842796235223 -0.2777777777777778
-0.09276125440352845 -0.07612719409963743 -0.2777777777777778
-0.08485281374238572 -0.0848528137423857 -0.2777777777777778
-0.07612719409963752 -0.09276125440352839 -0.2777777777777778
-0.06666842796235226 -0.09977635347630542 -0.2777777777777778
-0.056567608419119744 -0.10583055172180258 -0.2777777777777778
-0.045922011883810836 -0.11086554390135438 -0.2777777777777778
-0.03483416127053549 -0.11483284028786506 -0.2777777777777778
-0.02341083864193544 -0.11769423364838763 -0.2777777777777778
-0.011762056839547255 -0.11942216720066362 -0.2777777777777778
-2.2043642384652355e-17 -0.12 -0.2777777777777778
0.011762056839547211 -0.11942216720066362 -0.2777777777777778
0.023410838641935397 -0.11769423364838764 -0.2777777777777778
0.034834161270535444 -0.11483284028786507 -0.2777777777777778
0.0459220118838108 -0.11086554390135439 -0.2777777777777778
0.05656760841911971 -0.1058305517218026 -0.2777777777777778
0.06666842796235221 -0.09977635347630545 -0.2777777777777778
0.07612719409963747 -0.09276125440352842 -0.2777777777777778
0.08485281374238568 -0.08485281374238572 -0.2777777777777778
0.09276125440352838 -0.07612719409963752 -0.2777777777777778
0.09977635347630542 -0.06666842796235226 -0.2777777777777778
0.10583055172180257 -0.05656760841911975 -0.2777777777777778
0.11086554390135438 -0.04592201188381084 -0.2777777777777778
0.11483284028786506 -0.0348341612705355 -0.2777777777777778
0.11769423364838763 -0.023410838641935446 -0.2777777777777778
0.11942216720066362 -0.01176205683954726 -0.2777777777777778
0.12 0.0 -0.2222222222222222
0.11942216720066362 0.011762056839547272 -0.2222222222222222
0.11769423364838764 0.02341083864193539 -0.2222222222222222
0.11483284028786506 0.03483416127053548 -0.2222222222222222
0.1108655439013544 0.04592201188381077 -0.2222222222222222
0.1058305517218026 0.056567608419119716 -0.2222222222222222
0.09977635347630542 0.06666842796235226 -0.2222222222222222
0.09276125440352843 0.07612719409963746 -0.2222222222222222
0.08485281374238571 0.08485281374238571 -0.2222222222222222
0.07612719409963746 0.09276125440352842 -0.2222222222222222
0.06666842796235227 0.09977635347630542 -0.2222222222222222
0.05656760841911974 0.10583055172180258 -0.2222222222222222
0.04592201188381078 0.1108655439013544 -0.2222222222222222
0.03483416127053548 0.11483284028786507 -0.2222222222222222
0.0234108386419354 0.11769423364838764 -0.2222222222222222
0.011762056839547293 0.11942216720066362 -0.2222222222222222
7.347880794884118e-18 0.12 -0.2222222222222222
-0.011762056839547277 0.11942216720066362 -0.2222222222222222
-0.023410838641935383 0.11769423364838764 -0.2222222222222222
-0.03483416127053546 0.11483284028786507 -0.2222222222222222
-0.045922011883810766 0.1108655439013544 -0.2222222222222222
-0.05656760841911972 0.1058305517218026 -0.2222222222222222
-0.06666842796235223 0.09977635347630544 -0.2222222222222222
-0.07612719409963745 0.09276125440352845 -0.2222222222222222
-0.0848528137423857 0.08485281374238571 -0.2222222222222222
-0.09276125440352843 0.07612719409963746 -0.2222222222222222
-0.09977635347630544 0.06666842796235226 -0.2222222222222222
-0.10583055172180258 0.05656760841911974 -0.2222222222222222
-0.1108655439013544 0.04592201188381079 -0.2222222222222222
-0.11483284028786506 0.034834161270535485 -0.2222222222222222
-0.11769423364838764 0.02341083864193543 -0.2222222222222222
-0.11942216720066362 0.011762056839547298 -0.2222222222222222
-0.12 1.4695761589768237e-17 -0.2222222222222222
-0.11942216720066362 -0.01176205683954727 -0.2222222222222222
-0.11769423364838764 -0.023410838641935404 -0.2222222222222222
-0.11483284028786507 -0.03483416127053545 -0.2222222222222222
-0.11086554390135442 -0.04592201188381076 -0.2222222222222222
-0.1058305517218026 -0.056567608419119716 -0.2222222222222222
-0.09977635347630545 -0.06666842796235223 -0.2222222222222222
-0.09276125440352845 -0.07612719409963743 -0.2222222222222222
-0.08485281374238572 -0.0848528137423857 -0.2222222222222222
-0.07612719409963752 -0.09276125440352839 -0.2222222222222222
-0.06666842796235226 -0.09977635347630542 -0.2222222222222222
-0.056567608419119744 -0.10583055172180258 -0.2222222222222222
-0.045922011883810836 -0.11086554390135438 -0.2222222222222222
-0.03483416127053549 -0.11483284028786506 -0.2222222222222222
-0.02341083864193544 -0.11769423364838763 -0.2222222222222222
-0.011762056839547255 -0.11942216720066362 -0.2222222222222222
-2.2043642384652355e-17 -0.12 -0.2222222222222222
0.011762056839547211 -0.11942216720066362 -0.2222222222222222
0.023410838641935397 -0.11769423364838764 -0.2222222222222222
0.034834161270535444 -0.11483284028786507 -0.2222222222222222
0.0459220118838108 -0.11086554390135439 -0.2222222222222222
0.05656760841911971 -0.1058305517218026 -0.2222222222222222
0.06666842796235221 -0.09977635347630545 -0.2222222222222222
0.07612719409963747 -0.09276125440352842 -0.2222222222222222
0.08485281374238568 -0.08485281374238572 -0.2222222222222222
0.09276125440352838 -0.07612719409963752 -0.2222222222222222
0.09977635347630542 -0.06666842796235226 -0.2222222222222222
0.10583055172180257 -0.05656760841911975 -0.2222222222222222
0.11086554390135438 -0.04592201188381084 -0.2222222222222222
0.11483284028786506 -0.0348341612705355 -0.2222222222222222
0.11769423364838763 -0.023410838641935446 -0.2222222222222222
0.11942216720066362 -0.01176205683954726 -0.2222222222222222
0.12 0.0 -0.16666666666666663
0.11942216720066362 0.011762056839547272 -0.16666666666666663
0.11769423364838764 0.02341083864193539 -0.16666666666666663
0.11483284028786506 0.03483416127053548 -0.16666666666666663
0.1108655439013544 0.04592201188381077 -0.16666666666666663
0.1058305517218026 0.056567608419119716 -0.16666666666666663
0.09977635347630542 0.06666842796235226 -0.16666666666666663
0.09276125440352843 0.07612719409963746 -0.16666666666666663
0.08485281374238571 0.08485281374238571 -0.16666666666666663
0.07612719409963746 0.09276125440352842 -0.16666666666666663
0.06666842796235227 0.09977635347630542 -0.16666666666666663
0.05656760841911974 0.10583055172180258 -0.16666666666666663
0.04592201188381078 0.1108655439013544 -0.16666666666666663
0.03483416127053548 0.11483284028786507 -0.16666666666666663
0.0234108386419354 0.11769423364838764 -0.16666666666666663
0.011762056839547293 0.11942216720066362 -0.16666666666666663
7.347880794884118e-18 0.12 -0.16666666666666663
-0.011762056839547277 0.11942216720066362 -0.16666666666666663
-0.023410838641935383 0.11769423364838764 -0.16666666666666663
-0.03483416127053546 0.11483284028786507 -0.16666666666666663
-0.045922011883810766 0.1108655439013544 -0.16666666666666663
-0.05656760841911972 0.1058305517218026 -0.16666666666666663
-0.06666842796235223 0.09977635347630544 -0.16666666666666663
-0.07612719409963745 0.09276125440352845 -0.16666666666666663
-0.0848528137423857 0.08485281374238571 -0.16666666666666663
-0.09276125440352843 0.07612719409963746 -0.16666666666666663
-0.09977635347630544 0.06666842796235226 -0.16666666666666663
-0.10583055172180258 0.05656760841911974 -0.16666666666666663
-0.1108655439013544 0.04592201188381079 -0.16666666666666663
-0.11483284028786506 0.034834161270535485 -0.16666666666666663
-0.11769423364838764 0.02341083864193543 -0.16666666666666663
-0.11942216720066362 0.011762056839547298 -0.16666666666666663
-0.12 1.4695761589768237e-17 -0.16666666666666663
-0.11942216720066362 -0.01176205683954727 -0.16666666666666663
-0.11769423364838764 -0.023410838641935404 -0.16666666666666663
-0.11483284028786507 -0.03483416127053545 -0.16666666666666663
-0.11086554390135442 -0.04592201188381076 -0.16666666666666663
-0.1058305517218026 -0.056567608419119716 -0.16666666666666663
-0.09977635347630545 -0.06666842796235223 -0.16666666666666663
-0.09276125440352845 -0.07612719409963743 -0.16666666666666663
-0.08485281374238572 -0.0848528137423857 -0.16666666666666663
-0.07612719409963752 -0.09276125440352839 -0.16666666666666663
-0.06666842796235226 -0.09977635347630542 -0.16666666666666663
-0.056567608419119744 -0.10583055172180258 -0.16666666666666663
-0.045922011883810836 -0.11086554390135438 -0.16666666666666663
-0.03483416127053549 -0.11483284028786506 -0.16666666666666663
-0.02341083864193544 -0.11769423364838763 -0.16666666666666663
-0.011762056839547255 -0.11942216720066362 -0.16666666666666663
-2.2043642384652355e-17 -0.12 -0.16666666666666663
0.011762056839547211 -0.11942216720066362 -0.16666666666666663
0.023410838641935397 -0.11769423364838764 -0.16666666666666663
0.034834161270535444 -0.11483284028786507 -0.16666666666666663
0.0459220118838108 -0.11086554390135439 -0.16666666666666663
0.05656760841911971 -0.1058305517218026 -0.16666666666666663
0.06666842796235221 -0.09977635347630545 -0.16666666666666663
0.07612719409963747 -0.09276125440352842 -0.16666666666666663
0.08485281374238568 -0.08485281374238572 -0.16666666666666663
0.09276125440352838 -0.07612719409963752 -0.16666666666666663
0.09977635347630542 -0.06666842796235226 -0.16666666666666663
0.10583055172180257 -0.05656760841911975 -0.16666666666666663
0.11086554390135438 -0.04592201188381084 -0.16666666666666663
0.11483284028786506 -0.0348341612705355 -0.16666666666666663
0.11769423364838763 -0.023410838641935446 -0.16666666666666663
0.11942216720066362 -0.01176205683954726 -0.16666666666666663
0.12 0.0 -0.11111111111111116
0.11942216720066362 0.011762056839547272 -0.11111111111111116
0.11769423364838764 0.02341083864193539 -0.11111111111111116
0.11483284028786506 0.03483416127053548 -0.11111111111111116
0.1108655439013544 0.04592201188381077 -0.11111111111111116
0.1058305517218026 0.056567608419119716 -0.11111111111111116
0.09977635347630542 0.06666842796235226 -0.11111111111111116
0.09276125440352843 0.07612719409963746 -0.11111111111111116
0.08485281374238571 0.08485281374238571 -0.11111111111111116
0.07612719409963746 0.09276125440352842 -0.11111111111111116
0.06666842796235227 0.09977635347630542 -0.11111111111111116
0.05656760841911974 0.10583055172180258 -0.11111111111111116
0.04592201188381078 0.1108655439013544 -0.11111111111111116
0.03483416127053548 0.11483284028786507 -0.11111111111111116
0.0234108386419354 0.11769423364838764 -0.11111111111111116
0.011762056839547293 0.11942216720066362 -0.11111111111111116
7.347880794884118e-18 0.12 -0.11111111111111116
-0.011762056839547277 0.11942216720066362 -0.11111111111111116
-0.023410838641935383 0.11769423364838764 -0.11111111111111116
-0.03483416127053546 0.11483284028786507 -0.11111111111111116
-0.045922011883810766 0.1108655439013544 -0.11111111111111116
-0.05656760841911972 0.1058305517218026 -0.11111111111111116
-0.06666842796235223 0.09977635347630544 -0.11111111111111116
-0.07612719409963745 0.09276125440352845 -0.11111111111111116
-0.0848528137423857 0.08485281374238571 -0.11111111111111116
-0.09276125440352843 0.07612719409963746 -0.11111111111111116
-0.09977635347630544 0.06666842796235226 -0.11111111111111116
-0.10583055172180258 0.05656760841911974 -0.11111111111111116
-0.1108655439013544 0.04592201188381079 -0.11111111111111116
-0.11483284028786506 0.034834161270535485 -0.11111111111111116
-0.11769423364838764 0.02341083864193543 -0.11111111111111116
-0.11942216720066362 0.011762056839547298 -0.11111111111111116
-0.12 1.4695761589768237e-17 -0.11111111111111116
-0.11942216720066362 -0.01176205683954727 -0.11111111111111116
-0.11769423364838764 -0.023410838641935404 -0.11111111111111116
-0.11483284028786507 -0.03483416127053545 -0.11111111111111116
-0.11086554390135442 -0.04592201188381076 -0.11111111111111116
-0.1058305517218026 -0.056567608419119716 -0.11111111111111116
-0.09977635347630545 -0.06666842796235223 -0.11111111111111116
-0.09276125440352845 -0.07612719409963743 -0.11111111111111116
-0.08485281374238572 -0.0848528137423857 -0.11111111111111116
-0.07612719409963752 -0.09276125440352839 -0.11111111111111116
-0.06666842796235226 -0.09977635347630542 -0.11111111111111116
-0.056567608419119744 -0.10583055172180258 -0.11111111111111116
-0.045922011883810836 -0.11086554390135438 -0.11111111111111116
-0.03483416127053549 -0.11483284028786506 -0.11111111111111116
-0.02341083864193544 -0.11769423364838763 -0.11111111111111116
-0.011762056839547255 -0.11942216720066362 -0.11111111111111116
-2.2043642384652355e-17 -0.12 -0.11111111111111116
0.011762056839547211 -0.11942216720066362 -0.11111111111111116
0.023410838641935397 -0.11769423364838764 -0.11111111111111116
0.034834161270535444 -0.11483284028786507 -0.11111111111111116
0.0459220118838108 -0.11086554390135439 -0.11111111111111116
0.05656760841911971 -0.1058305517218026 -0.11111111111111116
0.06666842796235221 -0.09977635347630545 -0.11111111111111116
0.07612719409963747 -0.09276125440352842 -0.11111111111111116
0.08485281374238568 -0.08485281374238572 -0.11111111111111116
0.09276125440352838 -0.07612719409963752 -0.11111111111111116
0.09977635347630542 -0.06666842796235226 -0.11111111111111116
0.10583055172180257 -0.05656760841911975 -0.11111111111111116
0.11086554390135438 -0.04592201188381084 -0.11111111111111116
0.11483284028786506 -0.0348341612705355 -0.11111111111111116
0.11769423364838763 -0.023410838641935446 -0.11111111111111116
0.11942216720066362 -0.01176205683954726 -0.11111111111111116
0.12 0.0 -0.05555555555555558
0.11942216720066362 0.011762056839547272 -0.05555555555555558
0.11769423364838764 0.02341083864193539 -0.05555555555555558
0.11483284028786506 0.03483416127053548 -0.05555555555555558
0.1108655439013544 0.04592201188381077 -0.05555555555555558
0.1058305517218026 0.056567608419119716 -0.05555555555555558
0.09977635347630542 0.06666842796235226 -0.05555555555555558
0.09276125440352843 0.07612719409963746 -0.05555555555555558
0.08485281374238571 0.08485281374238571 -0.05555555555555558
0.07612719409963746 0.09276125440352842 -0.05555555555555558
0.06666842796235227 0.09977635347630542 -0.05555555555555558
0.05656760841911974 0.10583055172180258 -0.05555555555555558
0.04592201188381078 0.1108655439013544 -0.05555555555555558
0.03483416127053548 0.11483284028786507 -0.05555555555555558
0.0234108386419354 0.11769423364838764 -0.05555555555555558
0.011762056839547293 0.11942216720066362 -0.05555555555555558
7.347880794884118e-18 0.12 -0.05555555555555558
-0.011762056839547277 0.11942216720066362 -0.05555555555555558
-0.023410838641935383 0.11769423364838764 -0.05555555555555558
-0.03483416127053546 0.11483284028786507 -0.05555555555555558
-0.045922011883810766 0.1108655439013544 -0.05555555555555558
-0.05656760841911972 0.1058305517218026 -0.05555555555555558
-0.06666842796235223 0.09977635347630544 -0.05555555555555558
-0.07612719409963745 0.09276125440352845 -0.05555555555555558
-0.0848528137423857 0.08485281374238571 -0.05555555555555558
-0.09276125440352843 0.07612719409963746 -0.05555555555555558
-0.09977635347630544 0.06666842796235226 -0.05555555555555558
-0.10583055172180258 0.05656760841911974 -0.05555555555555558
-0.1108655439013544 0.04592201188381079 -0.05555555555555558
-0.11483284028786506 0.034834161270535485 -0.05555555555555558
-0.11769423364838764 0.02341083864193543 -0.05555555555555558
-0.11942216720066362 0.011762056839547298 -0.05555555555555558
-0.12 1.4695761589768237e-17 -0.05555555555555558
-0.11942216720066362 -0.01176205683954727 -0.05555555555555558
-0.11769423364838764 -0.023410838641935404 -0.05555555555555558
-0.11483284028786507 -0.03483416127053545 -0.05555555555555558
-0.11086554390135442 -0.04592201188381076 -0.05555555555555558
-0.1058305517218026 -0.056567608419119716 -0.05555555555555558
-0.09977635347630545 -0.06666842796235223 -0.05555555555555558
-0.09276125440352845 -0.07612719409963743 -0.05555555555555558
-0.08485281374238572 -0.0848528137423857 -0.05555555555555558
-0.07612719409963752 -0.09276125440352839 -0.05555555555555558
-0.06666842796235226 -0.09977635347630542 -0.05555555555555558
-0.056567608419119744 -0.10583055172180258 -0.05555555555555558
-0.045922011883810836 -0.11086554390135438 -0.05555555555555558
-0.03483416127053549 -0.11483284028786506 -0.05555555555555558
-0.02341083864193544 -0.11769423364838763 -0.05555555555555558
-0.011762056839547255 -0.11942216720066362 -0.05555555555555558
-2.2043642384652355e-17 -0.12 -0.05555555555555558
0.011762056839547211 -0.11942216720066362 -0.05555555555555558
0.023410838641935397 -0.11769423364838764 -0.05555555555555558
0.034834161270535444 -0.11483284028786507 -0.05555555555555558
0.0459220118838108 -0.11086554390135439 -0.05555555555555558
0.05656760841911971 -0.1058305517218026 -0.05555555555555558
0.06666842796235221 -0.09977635347630545 -0.05555555555555558
0.07612719409963747 -0.09276125440352842 -0.05555555555555558
0.08485281374238568 -0.08485281374238572 -0.05555555555555558
0.09276125440352838 -0.07612719409963752 -0.05555555555555558
0.09977635347630542 -0.06666842796235226 -0.05555555555555558
0.10583055172180257 -0.05656760841911975 -0.05555555555555558
0.11086554390135438 -0.04592201188381084 -0.05555555555555558
0.11483284028786506 -0.0348341612705355 -0.05555555555555558
0.11769423364838763 -0.023410838641935446 -0.05555555555555558
0.11942216720066362 -0.01176205683954726 -0.05555555555555558
0.12 0.0 0.0
0.11942216720066362 0.011762056839547272 0.0
0.11769423364838764 0.02341083864193539 0.0
0.11483284028786506 0.03483416127053548 0.0
0.1108655439013544 0.04592201188381077 0.0
0.1058305517218026 0.056567608419119716 0.0
0.09977635347630542 0.06666842796235226 0.0
0.09276125440352843 0.07612719409963746 0.0
0.08485281374238571 0.08485281374238571 0.0
0.07612719409963746 0.09276125440352842 0.0
0.06666842796235227 0.09977635347630542 0.0
0.05656760841911974 0.10583055172180258 0.0
0.04592201188381078 0.1108655439013544 0.0
0.03483416127053548 0.11483284028786507 0.0
0.0234108386419354 0.11769423364838764 0.0
0.011762056839547293 0.11942216720066362 0.0
7.347880794884118e-18 0.12 0.0
-0.011762056839547277 0.11942216720066362 0.0
-0.023410838641935383 0.11769423364838764 0.0
-0.03483416127053546 0.11483284028786507 0.0
-0.045922011883810766 0.1108655439013544 0.0
-0.05656760841911972 0.1058305517218026 0.0
-0.06666842796235223 0.09977635347630544 0.0
-0.07612719409963745 0.09276125440352845 0.0
-0.0848528137423857 0.08485281374238571 0.0
-0.09276125440352843 0.07612719409963746 0.0
-0.09977635347630544 0.06666842796235226 0.0
-0.10583055172180258 0.05656760841911974 0.0
-0.1108655439013544 0.04592201188381079 0.0
-0.11483284028786506 0.034834161270535485 0.0
-0.11769423364838764 0.02341083864193543 0.0
-0.11942216720066362 0.011762056839547298 0.0
-0.12 1.4695761589768237e-17 0.0
-0.11942216720066362 -0.01176205683954727 0.0
-0.11769423364838764 -0.023410838641935404 0.0
-0.11483284028786507 -0.03483416127053545 0.0
-0.11086554390135442 -0.04592201188381076 0.0
-0.1058305517218026 -0.056567608419119716 0.0
-0.09977635347630545 -0.06666842796235223 0.0
-0.09276125440352845 -0.07612719409963743 0.0
-0.08485281374238572 -0.0848528137423857 0.0
-0.07612719409963752 -0.09276125440352839 0.0
-0.06666842796235226 -0.09977635347630542 0.0
-0.056567608419119744 -0.10583055172180258 0.0
-0.045922011883810836 -0.11086554390135438 0.0
-0.03483416127053549 -0.11483284028786506 0.0
-0.02341083864193544 -0.11769423364838763 0.0
-0.011762056839547255 -0.11942216720066362 0.0
-2.2043642384652355e-17 -0.12 0.0
0.011762056839547211 -0.11942216720066362 0.0
0.023410838641935397 -0.11769423364838764 0.0
0.034834161270535444 -0.11483284028786507 0.0
0.0459220118838108 -0.11086554390135439 0.0
0.05656760841911971 -0.1058305517218026 0.0
0.06666842796235221 -0.09977635347630545 0.0
0.07612719409963747 -0.09276125440352842 0.0
0.08485281374238568 -0.08485281374238572 0.0
0.09276125440352838 -0.07612719409963752 0.0
0.09977635347630542 -0.06666842796235226 0.0
0.10583055172180257 -0.05656760841911975 0.0
0.11086554390135438 -0.04592201188381084 0.0
0.11483284028786506 -0.0348341612705355 0.0
0.11769423364838763 -0.023410838641935446 0.0
0.11942216720066362 -0.01176205683954726 0.0
0.12 0.0 0.05555555555555558
0.11942216720066362 0.011762056839547272 0.05555555555555558
0.11769423364838764 0.02341083864193539 0.05555555555555558
0.11483284028786506 0.03483416127053548 0.05555555555555558
0.1108655439013544 0.04592201188381077 0.05555555555555558
0.1058305517218026 0.056567608419119716 0.05555555555555558
0.09977635347630542 0.06666842796235226 0.05555555555555558
0.09276125440352843 0.07612719409963746 0.05555555555555558
0.08485281374238571 0.08485281374238571 0.05555555555555558
0.07612719409963746 0.09276125440352842 0.05555555555555558
0.06666842796235227 0.09977635347630542 0.05555555555555558
0.05656760841911974 0.10583055172180258 0.05555555555555558
0.04592201188381078 0.1108655439013544 0.05555555555555558
0.03483416127053548 0.11483284028786507 0.05555555555555558
0.0234108386419354 0.11769423364838764 0.05555555555555558
0.011762056839547293 0.11942216720066362 0.05555555555555558
7.347880794884118e-18 0.12 0.05555555555555558
-0.011762056839547277 0.11942216720066362 0.05555555555555558
-0.023410838641935383 0.11769423364838764 0.05555555555555558
-0.03483416127053546 0.11483284028786507 0.05555555555555558
-0.045922011883810766 0.1108655439013544 0.05555555555555558
-0.05656760841911972 0.1058305517218026 0.05555555555555558
-0.06666842796235223 0.09977635347630544 0.05555555555555558
-0.07612719409963745 0.09276125440352845 0.05555555555555558
-0.0848528137423857 0.08485281374238571 0.05555555555555558
-0.09276125440352843 0.07612719409963746 0.05555555555555558
-0.09977635347630544 0.06666842796235226 0.05555555555555558
-0.10583055172180258 0.05656760841911974 0.05555555555555558
-0.1108655439013544 0.04592201188381079 0.05555555555555558
-0.11483284028786506 0.034834161270535485 0.05555555555555558
-0.11769423364838764 0.02341083864193543 0.05555555555555558
-0.11942216720066362 0.011762056839547298 0.05555555555555558
-0.12 1.4695761589768237e-17 0.05555555555555558
-0.11942216720066362 -0.01176205683954727 0.05555555555555558
-0.11769423364838764 -0.023410838641935404 0.05555555555555558
-0.11483284028786507 -0.03483416127053545 0.05555555555555558
-0.11086554390135442 -0.04592201188381076 0.05555555555555558
-0.1058305517218026 -0.056567608419119716 0.05555555555555558
-0.09977635347630545 -0.06666842796235223 0.05555555555555558
-0.09276125440352845 -0.07612719409963743 0.05555555555555558
-0.08485281374238572 -0.0848528137423857 0.05555555555555558
-0.07612719409963752 -0.09276125440352839 0.05555555555555558
-0.06666842796235226 -0.09977635347630542 0.05555555555555558
-0.056567608419119744 -0.10583055172180258 0.05555555555555558
-0.045922011883810836 -0.11086554390135438 0.05555555555555558
-0.03483416127053549 -0.11483284028786506 0.05555555555555558
-0.02341083864193544 -0.11769423364838763 0.05555555555555558
-0.011762056839547255 -0.11942216720066362 0.05555555555555558
-2.2043642384652355e-17 -0.12 0.05555555555555558
0.011762056839547211 -0.11942216720066362 0.05555555555555558
0.023410838641935397 -0.11769423364838764 0.05555555555555558
0.034834161270535444 -0.11483284028786507 0.05555555555555558
0.0459220118838108 -0.11086554390135439 0.05555555555555558
0.05656760841911971 -0.1058305517218026 0.05555555555555558
0.06666842796235221 -0.09977635347630545 0.05555555555555558
0.07612719409963747 -0.09276125440352842 0.05555555555555558
0.08485281374238568 -0.08485281374238572 0.05555555555555558
0.09276125440352838 -0.07612719409963752 0.05555555555555558
0.09977635347630542 -0.06666842796235226 0.05555555555555558
0.10583055172180257 -0.05656760841911975 0.05555555555555558
0.11086554390135438 -0.04592201188381084 0.05555555555555558
0.11483284028786506 -0.0348341612705355 0.05555555555555558
0.11769423364838763 -0.023410838641935446 0.05555555555555558
0.11942216720066362 -0.01176205683954726 0.05555555555555558
0.12 0.0 0.11111111111111116
0.11942216720066362 0.011762056839547272 0.11111111111111116
0.11769423364838764 0.02341083864193539 0.11111111111111116
0.11483284028786506 0.03483416127053548 0.11111111111111116
0.1108655439013544 0.04592201188381077 0.11111111111111116
0.1058305517218026 0.056567608419119716 0.11111111111111116
0.09977635347630542 0.06666842796235226 0.11111111111111116
0.09276125440352843 0.07612719409963746 0.11111111111111116
0.08485281374238571 0.08485281374238571 0.11111111111111116
0.07612719409963746 0.09276125440352842 0.11111111111111116
0.06666842796235227 0.09977635347630542 0.11111111111111116
0.05656760841911974 0.10583055172180258 0.11111111111111116
0.04592201188381078 0.1108655439013544 0.11111111111111116
0.03483416127053548 0.11483284028786507 0.11111111111111116
0.0234108386419354 0.11769423364838764 0.11111111111111116
0.011762056839547293 0.11942216720066362 0.11111111111111116
7.347880794884118e-18 0.12 0.11111111111111116
-0.011762056839547277 0.11942216720066362 0.11111111111111116
-0.023410838641935383 0.11769423364838764 0.11111111111111116
-0.03483416127053546 0.11483284028786507 0.11111111111111116
-0.045922011883810766 0.1108655439013544 0.11111111111111116
-0.05656760841911972 0.1058305517218026 0.11111111111111116
-0.06666842796235223 0.09977635347630544 0.11111111111111116
-0.07612719409963745 0.09276125440352845 0.11111111111111116
-0.0848528137423857 0.08485281374238571 0.11111111111111116
-0.09276125440352843 0.07612719409963746 0.11111111111111116
-0.09977635347630544 0.06666842796235226 0.11111111111111116
-0.10583055172180258 0.05656760841911974 0.11111111111111116
-0.1108655439013544 0.04592201188381079 0.11111111111111116
-0.11483284028786506 0.034834161270535485 0.11111111111111116
-0.11769423364838764 0.02341083864193543 0.11111111111111116
-0.11942216720066362 0.011762056839547298 0.11111111111111116
-0.12 1.4695761589768237e-17 0.11111111111111116
-0.11942216720066362 -0.01176205683954727 0.11111111111111116
-0.11769423364838764 -0.023410838641935404 0.11111111111111116
-0.11483284028786507 -0.03483416127053545 0.11111111111111116
-0.11086554390135442 -0.04592201188381076 0.11111111111111116
-0.1058305517218026 -0.056567608419119716 0.11111111111111116
-0.09977635347630545 -0.06666842796235223 0.11111111111111116
-0.09276125440352845 -0.07612719409963743 0.11111111111111116
-0.08485281374238572 -0.0848528137423857 0.11111111111111116
-0.07612719409963752 -0.09276125440352839 0.11111111111111116
-0.06666842796235226 -0.09977635347630542 0.11111111111111116
-0.056567608419119744 -0.10583055172180258 0.11111111111111116
-0.045922011883810836 -0.11086554390135438 0.11111111111111116
-0.03483416127053549 -0.11483284028786506 0.11111111111111116
-0.02341083864193544 -0.11769423364838763 0.11111111111111116
-0.011762056839547255 -0.11942216720066362 0.11111111111111116
-2.2043642384652355e-17 -0.12 0.11111111111111116
0.011762056839547211 -0.11942216720066362 0.11111111111111116
0.023410838641935397 -0.11769423364838764 0.11111111111111116
0.034834161270535444 -0.11483284028786507 0.11111111111111116
0.0459220118838108 -0.11086554390135439 0.11111111111111116
0.05656760841911971 -0.1058305517218026 0.11111111111111116
0.06666842796235221 -0.09977635347630545 0.11111111111111116
0.07612719409963747 -0.09276125440352842 0.11111111111111116
0.08485281374238568 -0.08485281374238572 0.11111111111111116
0.09276125440352838 -0.07612719409963752 0.11111111111111116
0.09977635347630542 -0.06666842796235226 0.11111111111111116
0.10583055172180257 -0.05656760841911975 0.11111111111111116
0.11086554390135438 -0.04592201188381084 0.11111111111111116
0.11483284028786506 -0.0348341612705355 0.11111111111111116
0.11769423364838763 -0.023410838641935446 0.11111111111111116
0.11942216720066362 -0.01176205683954726 0.11111111111111116
0.12 0.0 0.16666666666666674
0.11942216720066362 0.011762056839547272 0.16666666666666674
0.11769423364838764 0.02341083864193539 0.16666666666666674
0.11483284028786506 0.03483416127053548 0.16666666666666674
0.1108655439013544 0.04592201188381077 0.16666666666666674
0.1058305517218026 0.056567608419119716 0.16666666666666674
0.09977635347630542 0.06666842796235226 0.16666666666666674
0.09276125440352843 0.07612719409963746 0.16666666666666674
0.08485281374238571 0.08485281374238571 0.16666666666666674
0.07612719409963746 0.09276125440352842 0.16666666666666674
0.06666842796235227 0.09977635347630542 0.16666666666666674
0.05656760841911974 0.10583055172180258 0.16666666666666674
0.04592201188381078 0.1108655439013544 0.16666666666666674
0.03483416127053548 0.11483284028786507 0.16666666666666674
0.0234108386419354 0.11769423364838764 0.16666666666666674
0.011762056839547293 0.11942216720066362 0.16666666666666674
7.347880794884118e-18 0.12 0.16666666666666674
-0.011762056839547277 0.11942216720066362 0.16666666666666674
-0.023410838641935383 0.11769423364838764 0.16666666666666674
-0.03483416127053546 0.11483284028786507 0.16666666666666674
-0.045922011883810766 0.1108655439013544 0.16666666666666674
-0.05656760841911972 0.1058305517218026 0.16666666666666674
-0.06666842796235223 0.09977635347630544 0.16666666666666674
-0.07612719409963745 0.09276125440352845 0.16666666666666674
-0.0848528137423857 0.08485281374238571 0.16666666666666674
-0.09276125440352843 0.07612719409963746 0.16666666666666674
-0.09977635347630544 0.06666842796235226 0.16666666666666674
-0.10583055172180258 0.05656760841911974 0.16666666666666674
-0.1108655439013544 0.04592201188381079 0.16666666666666674
-0.11483284028786506 0.034834161270535485 0.16666666666666674
-0.11769423364838764 0.02341083864193543 0.16666666666666674
-0.11942216720066362 0.011762056839547298 0.16666666666666674
-0.12 1.4695761589768237e-17 0.16666666666666674
-0.11942216720066362 -0.01176205683954727 0.16666666666666674
-0.11769423364838764 -0.023410838641935404 0.16666666666666674
-0.11483284028786507 -0.03483416127053545 0.16666666666666674
-0.11086554390135442 -0.04592201188381076 0.16666666666666674
-0.1058305517218026 -0.056567608419119716 0.16666666666666674
-0.09977635347630545 -0.06666842796235223 0.16666666666666674
-0.09276125440352845 -0.07612719409963743 0.16666666666666674
-0.08485281374238572 -0.0848528137423857 0.16666666666666674
-0.07612719409963752 -0.09276125440352839 0.16666666666666674
-0.06666842796235226 -0.09977635347630542 0.16666666666666674
-0.056567608419119744 -0.10583055172180258 0.16666666666666674
-0.045922011883810836 -0.11086554390135438 0.16666666666666674
-0.03483416127053549 -0.11483284028786506 0.16666666666666674
-0.02341083864193544 -0.11769423364838763 0.16666666666666674
-0.011762056839547255 -0.11942216720066362 0.16666666666666674
-2.2043642384652355e-17 -0.12 0.16666666666666674
0.011762056839547211 -0.11942216720066362 0.16666666666666674
0.023410838641935397 -0.11769423364838764 0.16666666666666674
0.034834161270535444 -0.11483284028786507 0.16666666666666674
0.0459220118838108 -0.11086554390135439 0.16666666666666674
0.05656760841911971 -0.1058305517218026 0.16666666666666674
0.06666842796235221 -0.09977635347630545 0.16666666666666674
0.07612719409963747 -0.09276125440352842 0.16666666666666674
0.08485281374238568 -0.08485281374238572 0.16666666666666674
0.09276125440352838 -0.07612719409963752 0.16666666666666674
0.09977635347630542 -0.06666842796235226 0.16666666666666674
0.10583055172180257 -0.05656760841911975 0.16666666666666674
0.11086554390135438 -0.04592201188381084 0.16666666666666674
0.11483284028786506 -0.0348341612705355 0.16666666666666674
0.11769423364838763 -0.023410838641935446 0.16666666666666674
0.11942216720066362 -0.01176205683954726 0.16666666666666674
0.12 0.0 0.22222222222222232
0.11942216720066362 0.011762056839547272 0.22222222222222232
0.11769423364838764 0.02341083864193539 0.22222222222222232
0.11483284028786506 0.03483416127053548 0.22222222222222232
0.1108655439013544 0.04592201188381077 0.22222222222222232
0.1058305517218026 0.056567608419119716 0.22222222222222232
0.09977635347630542 0.06666842796235226 0.22222222222222232
0.09276125440352843 0.07612719409963746 0.22222222222222232
0.08485281374238571 0.08485281374238571 0.22222222222222232
0.07612719409963746 0.09276125440352842 0.22222222222222232
0.06666842796235227 0.09977635347630542 0.22222222222222232
0.05656760841911974 0.10583055172180258 0.22222222222222232
0.04592201188381078 0.1108655439013544 0.22222222222222232
0.03483416127053548 0.11483284028786507 0.22222222222222232
0.0234108386419354 0.11769423364838764 0.22222222222222232
0.011762056839547293 0.11942216720066362 0.22222222222222232
7.347880794884118e-18 0.12 0.22222222222222232
-0.011762056839547277 0.11942216720066362 0.22222222222222232
-0.023410838641935383 0.11769423364838764 0.22222222222222232
-0.03483416127053546 0.11483284028786507 0.22222222222222232
-0.045922011883810766 0.1108655439013544 0.22222222222222232
-0.05656760841911972 0.1058305517218026 0.22222222222222232
-0.06666842796235223 0.09977635347630544 0.22222222222222232
-0.07612719409963745 0.09276125440352845 0.22222222222222232
-0.0848528137423857 0.08485281374238571 0.22222222222222232
-0.09276125440352843 0.07612719409963746 0.22222222222222232
-0.09977635347630544 0.06666842796235226 0.22222222222222232
-0.10583055172180258 0.05656760841911974 0.22222222222222232
-0.1108655439013544 0.04592201188381079 0.22222222222222232
-0.11483284028786506 0.034834161270535485 0.22222222222222232
-0.11769423364838764 0.02341083864193543 0.22222222222222232
-0.11942216720066362 0.011762056839547298 0.22222222222222232
-0.12 1.4695761589768237e-17 0.22222222222222232
-0.11942216720066362 -0.01176205683954727 0.22222222222222232
-0.11769423364838764 -0.023410838641935404 0.22222222222222232
-0.11483284028786507 -0.03483416127053545 0.22222222222222232
-0.11086554390135442 -0.04592201188381076 0.22222222222222232
-0.1058305517218026 -0.056567608419119716 0.22222222222222232
-0.09977635347630545 -0.06666842796235223 0.22222222222222232
-0.09276125440352845 -0.07612719409963743 0.22222222222222232
-0.08485281374238572 -0.0848528137423857 0.22222222222222232
-0.07612719409963752 -0.09276125440352839 0.22222222222222232
-0.06666842796235226 -0.09977635347630542 0.22222222222222232
-0.056567608419119744 -0.10583055172180258 0.22222222222222232
-0.045922011883810836 -0.11086554390135438 0.22222222222222232
-0.03483416127053549 -0.11483284028786506 0.22222222222222232
-0.02341083864193544 -0.11769423364838763 0.22222222222222232
-0.011762056839547255 -0.11942216720066362 0.22222222222222232
-2.2043642384652355e-17 -0.12 0.22222222222222232
0.011762056839547211 -0.11942216720066362 0.22222222222222232
0.023410838641935397 -0.11769423364838764 0.22222222222222232
0.034834161270535444 -0.11483284028786507 0.22222222222222232
0.0459220118838108 -0.11086554390135439 0.22222222222222232
0.05656760841911971 -0.1058305517218026 0.22222222222222232
0.06666842796235221 -0.09977635347630545 0.22222222222222232
0.07612719409963747 -0.09276125440352842 0.22222222222222232
0.08485281374238568 -0.08485281374238572 0.22222222222222232
0.09276125440352838 -0.07612719409963752 0.22222222222222232
0.09977635347630542 -0.06666842796235226 0.22222222222222232
0.10583055172180257 -0.05656760841911975 0.22222222222222232
0.11086554390135438 -0.04592201188381084 0.22222222222222232
0.11483284028786506 -0.0348341612705355 0.22222222222222232
0.11769423364838763 -0.023410838641935446 0.22222222222222232
0.11942216720066362 -0.01176205683954726 0.22222222222222232
0.12 0.0 0.2777777777777777
0.11942216720066362 0.011762056839547272 0.2777777777777777
0.11769423364838764 0.02341083864193539 0.2777777777777777
0.11483284028786506 0.03483416127053548 0.2777777777777777
0.1108655439013544 0.04592201188381077 0.2777777777777777
0.1058305517218026 0.056567608419119716 0.2777777777777777
0.09977635347630542 0.06666842796235226 0.2777777777777777
0.09276125440352843 0.07612719409963746 0.2777777777777777
0.08485281374238571 0.08485281374238571 0.2777777777777777
0.07612719409963746 0.09276125440352842 0.2777777777777777
0.06666842796235227 0.09977635347630542 0.2777777777777777
0.05656760841911974 0.10583055172180258 0.2777777777777777
0.04592201188381078 0.1108655439013544 0.2777777777777777
0.03483416127053548 0.11483284028786507 0.2777777777777777
0.0234108386419354 0.11769423364838764 0.2777777777777777
0.011762056839547293 0.11942216720066362 0.2777777777777777
7.347880794884118e-18 0.12 0.2777777777777777
-0.011762056839547277 0.11942216720066362 0.2777777777777777
-0.023410838641935383 0.11769423364838764 0.2777777777777777
-0.03483416127053546 0.11483284028786507 0.2777777777777777
-0.045922011883810766 0.1108655439013544 0.2777777777777777
-0.05656760841911972 0.1058305517218026 0.2777777777777777
-0.06666842796235223 0.09977635347630544 0.2777777777777777
-0.07612719409963745 0.09276125440352845 0.2777777777777777
-0.0848528137423857 0.08485281374238571 0.2777777777777777
-0.09276125440352843 0.07612719409963746 0.2777777777777777
-0.09977635347630544 0.06666842796235226 0.2777777777777777
-0.10583055172180258 0.05656760841911974 0.2777777777777777
-0.1108655439013544 0.04592201188381079 0.2777777777777777
-0.11483284028786506 0.034834161270535485 0.2777777777777777
-0.11769423364838764 0.02341083864193543 0.2777777777777777
-0.11942216720066362 0.011762056839547298 0.2777777777777777
-0.12 1.4695761589768237e-17 0.2777777777777777
-0.11942216720066362 -0.01176205683954727 0.2777777777777777
-0.11769423364838764 -0.023410838641935404 0.2777777777777777
-0.11483284028786507 -0.03483416127053545 0.2777777777777777
-0.11086554390135442 -0.04592201188381076 0.2777777777777777
-0.1058305517218026 -0.056567608419119716 0.2777777777777777
-0.09977635347630545 -0.06666842796235223 0.2777777777777777
-0.09276125440352845 -0.07612719409963743 0.2777777777777777
-0.08485281374238572 -0.0848528137423857 0.2777777777777777
-0.07612719409963752 -0.09276125440352839 0.2777777777777777
-0.06666842796235226 -0.09977635347630542 0.2777777777777777
-0.056567608419119744 -0.10583055172180258 0.2777777777777777
-0.045922011883810836 -0.11086554390135438 0.2777777777777777
-0.03483416127053549 -0.11483284028786506 0.2777777777777777
-0.02341083864193544 -0.11769423364838763 0.2777777777777777
-0.011762056839547255 -0.11942216720066362 0.2777777777777777
-2.2043642384652355e-17 -0.12 0.2777777777777777
0.011762056839547211 -0.11942216720066362 0.2777777777777777
0.023410838641935397 -0.11769423364838764 0.2777777777777777
0.034834161270535444 -0.11483284028786507 0.2777777777777777
0.0459220118838108 -0.11086554390135439 0.2777777777777777
0.05656760841911971 -0.1058305517218026 0.2777777777777777
0.06666842796235221 -0.09977635347630545 0.2777777777777777
0.07612719409963747 -0.09276125440352842 0.2777777777777777
0.08485281374238568 -0.08485281374238572 0.2777777777777777
0.09276125440352838 -0.07612719409963752 0.2777777777777777
0.09977635347630542 -0.06666842796235226 0.2777777777777777
0.10583055172180257 -0.05656760841911975 0.2777777777777777
0.11086554390135438 -0.04592201188381084 0.2777777777777777
0.11483284028786506 -0.0348341612705355 0.2777777777777777
0.11769423364838763 -0.023410838641935446 0.2777777777777777
0.11942216720066362 -0.01176205683954726 0.2777777777777777
0.12 0.0 0.33333333333333326
0.11942216720066362 0.011762056839547272 0.33333333333333326
0.11769423364838764 0.02341083864193539 0.33333333333333326
0.11483284028786506 0.03483416127053548 0.33333333333333326
0.1108655439013544 0.04592201188381077 0.33333333333333326
0.1058305517218026 0.056567608419119716 0.33333333333333326
0.09977635347630542 0.06666842796235226 0.33333333333333326
0.09276125440352843 0.07612719409963746 0.33333333333333326
0.08485281374238571 0.08485281374238571 0.33333333333333326
0.07612719409963746 0.09276125440352842 0.33333333333333326
0.06666842796235227 0.09977635347630542 0.33333333333333326
0.05656760841911974 0.10583055172180258 0.33333333333333326
0.04592201188381078 0.1108655439013544 0.33333333333333326
0.03483416127053548 0.11483284028786507 0.33333333333333326
0.0234108386419354 0.11769423364838764 0.33333333333333326
0.011762056839547293 0.11942216720066362 0.33333333333333326
7.347880794884118e-18 0.12 0.33333333333333326
-0.011762056839547277 0.11942216720066362 0.33333333333333326
-0.023410838641935383 0.11769423364838764 0.33333333333333326
-0.03483416127053546 0.11483284028786507 0.33333333333333326
-0.045922011883810766 0.1108655439013544 0.33333333333333326
-0.05656760841911972 0.1058305517218026 0.33333333333333326
-0.06666842796235223 0.09977635347630544 0.33333333333333326
-0.07612719409963745 0.09276125440352845 0.33333333333333326
-0.0848528137423857 0.08485281374238571 0.33333333333333326
-0.09276125440352843 0.07612719409963746 0.33333333333333326
-0.09977635347630544 0.06666842796235226 0.33333333333333326
-0.10583055172180258 0.05656760841911974 0.33333333333333326
-0.1108655439013544 0.04592201188381079 0.33333333333333326
-0.11483284028786506 0.034834161270535485 0.33333333333333326
-0.11769423364838764 0.02341083864193543 0.33333333333333326
-0.11942216720066362 0.011762056839547298 0.33333333333333326
-0.12 1.4695761589768237e-17 0.33333333333333326
-0.11942216720066362 -0.01176205683954727 0.33333333333333326
-0.11769423364838764 -0.023410838641935404 0.33333333333333326
-0.11483284028786507 -0.03483416127053545 0.33333333333333326
-0.11086554390135442 -0.04592201188381076 0.33333333333333326
-0.1058305517218026 -0.056567608419119716 0.33333333333333326
-0.09977635347630545 -0.06666842796235223 0.33333333333333326
-0.09276125440352845 -0.07612719409963743 0.33333333333333326
-0.08485281374238572 -0.0848528137423857 0.33333333333333326
-0.07612719409963752 -0.09276125440352839 0.33333333333333326
-0.06666842796235226 -0.09977635347630542 0.33333333333333326
-0.056567608419119744 -0.10583055172180258 0.33333333333333326
-0.045922011883810836 -0.11086554390135438 0.33333333333333326
-0.03483416127053549 -0.11483284028786506 0.33333333333333326
-0.02341083864193544 -0.11769423364838763 0.33333333333333326
-0.011762056839547255 -0.11942216720066362 0.33333333333333326
-2.2043642384652355e-17 -0.12 0.33333333333333326
0.011762056839547211 -0.11942216720066362 0.33333333333333326
0.023410838641935397 -0.11769423364838764 0.33333333333333326
0.034834161270535444 -0.11483284028786507 0.33333333333333326
0.0459220118838108 -0.11086554390135439 0.33333333333333326
0.05656760841911971 -0.1058305517218026 0.33333333333333326
0.06666842796235221 -0.09977635347630545 0.33333333333333326
0.07612719409963747 -0.09276125440352842 0.33333333333333326
0.08485281374238568 -0.08485281374238572 0.33333333333333326
0.09276125440352838 -0.07612719409963752 0.33333333333333326
0.09977635347630542 -0.06666842796235226 0.33333333333333326
0.10583055172180257 -0.05656760841911975 0.33333333333333326
0.11086554390135438 -0.04592201188381084 0.33333333333333326
0.11483284028786506 -0.0348341612705355 0.33333333333333326
0.11769423364838763 -0.023410838641935446 0.33333333333333326
0.11942216720066362 -0.01176205683954726 0.33333333333333326
0.12 0.0 0.38888888888888884
0.11942216720066362 0.011762056839547272 0.38888888888888884
0.11769423364838764 0.02341083864193539 0.38888888888888884
0.11483284028786506 0.03483416127053548 0.38888888888888884
0.1108655439013544 0.04592201188381077 0.38888888888888884
0.1058305517218026 0.056567608419119716 0.38888888888888884
0.09977635347630542 0.06666842796235226 0.38888888888888884
0.09276125440352843 0.07612719409963746 0.38888888888888884
0.08485281374238571 0.08485281374238571 0.38888888888888884
0.07612719409963746 0.09276125440352842 0.38888888888888884
0.06666842796235227 0.09977635347630542 0.38888888888888884
0.05656760841911974 0.10583055172180258 0.38888888888888884
0.04592201188381078 0.1108655439013544 0.38888888888888884
0.03483416127053548 0.11483284028786507 0.38888888888888884
0.0234108386419354 0.11769423364838764 0.38888888888888884
0.011762056839547293 0.11942216720066362 0.38888888888888884
7.347880794884118e-18 0.12 0.38888888888888884
-0.011762056839547277 0.11942216720066362 0.38888888888888884
-0.023410838641935383 0.11769423364838764 0.38888888888888884
-0.03483416127053546 0.11483284028786507 0.38888888888888884
-0.045922011883810766 0.1108655439013544 0.38888888888888884
-0.05656760841911972 0.1058305517218026 0.38888888888888884
-0.06666842796235223 0.09977635347630544 0.38888888888888884
-0.07612719409963745 0.09276125440352845 0.38888888888888884
-0.0848528137423857 0.08485281374238571 0.38888888888888884
-0.09276125440352843 0.07612719409963746 0.38888888888888884
-0.09977635347630544 0.06666842796235226 0.38888888888888884
-0.10583055172180258 0.05656760841911974 0.38888888888888884
-0.1108655439013544 0.04592201188381079 0.38888888888888884
-0.11483284028786506 0.034834161270535485 0.38888888888888884
-0.11769423364838764 0.02341083864193543 0.38888888888888884
-0.11942216720066362 0.011762056839547298 0.38888888888888884
-0.12 1.4695761589768237e-17 0.38888888888888884
-0.11942216720066362 -0.01176205683954727 0.38888888888888884
-0.11769423364838764 -0.023410838641935404 0.38888888888888884
-0.11483284028786507 -0.03483416127053545 0.38888888888888884
-0.11086554390135442 -0.04592201188381076 0.38888888888888884
-0.1058305517218026 -0.056567608419119716 0.38888888888888884
-0.09977635347630545 -0.06666842796235223 0.38888888888888884
-0.09276125440352845 -0.07612719409963743 0.38888888888888884
-0.08485281374238572 -0.0848528137423857 0.38888888888888884
-0.07612719409963752 -0.09276125440352839 0.38888888888888884
-0.06666842796235226 -0.09977635347630542 0.38888888888888884
-0.056567608419119744 -0.10583055172180258 0.38888888888888884
-0.045922011883810836 -0.11086554390135438 0.38888888888888884
-0.03483416127053549 -0.11483284028786506 0.38888888888888884
-0.02341083864193544 -0.11769423364838763 0.38888888888888884
-0.011762056839547255 -0.11942216720066362 0.38888888888888884
-2.2043642384652355e-17 -0.12 0.38888888888888884
0.011762056839547211 -0.11942216720066362 0.38888888888888884
0.023410838641935397 -0.11769423364838764 0.38888888888888884
0.034834161270535444 -0.11483284028786507 0.38888888888888884
0.0459220118838108 -0.11086554390135439 0.38888888888888884
0.05656760841911971 -0.1058305517218026 0.38888888888888884
0.06666842796235221 -0.09977635347630545 0.38888888888888884
0.07612719409963747 -0.09276125440352842 0.38888888888888884
0.08485281374238568 -0.08485281374238572 0.38888888888888884
0.09276125440352838 -0.07612719409963752 0.38888888888888884
0.09977635347630542 -0.06666842796235226 0.38888888888888884
0.10583055172180257 -0.05656760841911975 0.38888888888888884
0.11086554390135438 -0.04592201188381084 0.38888888888888884
0.11483284028786506 -0.0348341612705355 0.38888888888888884
0.11769423364838763 -0.023410838641935446 0.38888888888888884
0.11942216720066362 -0.01176205683954726 0.38888888888888884
0.12 0.0 0.4444444444444444
0.11942216720066362 0.011762056839547272 0.4444444444444444
0.11769423364838764 0.02341083864193539 0.4444444444444444
0.11483284028786506 0.03483416127053548 0.4444444444444444
0.1108655439013544 0.04592201188381077 0.4444444444444444
0.1058305517218026 0.056567608419119716 0.4444444444444444
0.09977635347630542 0.06666842796235226 0.4444444444444444
0.09276125440352843 0.07612719409963746 0.4444444444444444
0.08485281374238571 0.08485281374238571 0.4444444444444444
0.07612719409963746 0.09276125440352842 0.4444444444444444
0.06666842796235227 0.09977635347630542 0.4444444444444444
0.05656760841911974 0.10583055172180258 0.4444444444444444
0.04592201188381078 0.1108655439013544 0.4444444444444444
0.03483416127053548 0.11483284028786507 0.4444444444444444
0.0234108386419354 0.11769423364838764 0.4444444444444444
0.011762056839547293 0.11942216720066362 0.4444444444444444
7.347880794884118e-18 0.12 0.4444444444444444
-0.011762056839547277 0.11942216720066362 0.4444444444444444
-0.023410838641935383 0.11769423364838764 0.4444444444444444
-0.03483416127053546 0.11483284028786507 0.4444444444444444
-0.045922011883810766 0.1108655439013544 0.4444444444444444
-0.05656760841911972 0.1058305517218026 0.4444444444444444
-0.06666842796235223 0.09977635347630544 0.4444444444444444
-0.07612719409963745 0.09276125440352845 0.4444444444444444
-0.0848528137423857 0.08485281374238571 0.4444444444444444
-0.09276125440352843 0.07612719409963746 0.4444444444444444
-0.09977635347630544 0.06666842796235226 0.4444444444444444
-0.10583055172180258 0.05656760841911974 0.4444444444444444
-0.1108655439013544 0.04592201188381079 0.4444444444444444
-0.11483284028786506 0.034834161270535485 0.4444444444444444
-0.11769423364838764 0.02341083864193543 0.4444444444444444
-0.11942216720066362 0.011762056839547298 0.4444444444444444
-0.12 1.4695761589768237e-17 0.4444444444444444
-0.11942216720066362 -0.01176205683954727 0.4444444444444444
-0.11769423364838764 -0.023410838641935404 0.4444444444444444
-0.11483284028786507 -0.03483416127053545 0.4444444444444444
-0.11086554390135442 -0.04592201188381076 0.4444444444444444
-0.1058305517218026 -0.056567608419119716 0.4444444444444444
-0.09977635347630545 -0.06666842796235223 0.4444444444444444
-0.09276125440352845 -0.07612719409963743 0.4444444444444444
-0.08485281374238572 -0.0848528137423857 0.4444444444444444
-0.07612719409963752 -0.09276125440352839 0.4444444444444444
-0.06666842796235226 -0.09977635347630542 0.4444444444444444
-0.056567608419119744 -0.10583055172180258 0.4444444444444444
-0.045922011883810836 -0.11086554390135438 0.4444444444444444
-0.03483416127053549 -0.11483284028786506 0.4444444444444444
-0.02341083864193544 -0.11769423364838763 0.4444444444444444
-0.011762056839547255 -0.11942216720066362 0.4444444444444444
-2.2043642384652355e-17 -0.12 0.4444444444444444
0.011762056839547211 -0.11942216720066362 0.4444444444444444
0.023410838641935397 -0.11769423364838764 0.4444444444444444
0.034834161270535444 -0.11483284028786507 0.4444444444444444
0.0459220118838108 -0.11086554390135439 0.4444444444444444
0.05656760841911971 -0.1058305517218026 0.4444444444444444
0.06666842796235221 -0.09977635347630545 0.4444444444444444
0.07612719409963747 -0.09276125440352842 0.4444444444444444
0.08485281374238568 -0.08485281374238572 0.4444444444444444
0.09276125440352838 -0.07612719409963752 0.4444444444444444
0.09977635347630542 -0.06666842796235226 0.4444444444444444
0.10583055172180257 -0.05656760841911975 0.4444444444444444
0.11086554390135438 -0.04592201188381084 0.4444444444444444
0.11483284028786506 -0.0348341612705355 0.4444444444444444
0.11769423364838763 -0.023410838641935446 0.4444444444444444
0.11942216720066362 -0.01176205683954726 0.4444444444444444
0.12 0.0 0.5
0.11942216720066362 0.011762056839547272 0.5
0.11769423364838764 0.02341083864193539 0.5
0.11483284028786506 0.03483416127053548 0.5
0.1108655439013544 0.04592201188381077 0.5
0.1058305517218026 0.056567608419119716 0.5
0.09977635347630542 0.06666842796235226 0.5
0.09276125440352843 0.07612719409963746 0.5
0.08485281374238571 0.08485281374238571 0.5
0.07612719409963746 0.09276125440352842 0.5
0.06666842796235227 0.09977635347630542 0.5
0.05656760841911974 0.10583055172180258 0.5
0.04592201188381078 0.1108655439013544 0.5
0.03483416127053548 0.11483284028786507 0.5
0.0234108386419354 0.11769423364838764 0.5
0.011762056839547293 0.11942216720066362 0.5
7.347880794884118e-18 0.12 0.5
-0.011762056839547277 0.11942216720066362 0.5
-0.023410838641935383 0.11769423364838764 0.5
-0.03483416127053546 0.11483284028786507 0.5
-0.045922011883810766 0.1108655439013544 0.5
-0.05656760841911972 0.1058305517218026 0.5
-0.06666842796235223 0.09977635347630544 0.5
-0.07612719409963745 0.09276125440352845 0.5
-0.0848528137423857 0.08485281374238571 0.5
-0.09276125440352843 0.07612719409963746 0.5
-0.09977635347630544 0.06666842796235226 0.5
-0.10583055172180258 0.05656760841911974 0.5
-0.1108655439013544 0.04592201188381079 0.5
-0.11483284028786506 0.034834161270535485 0.5
-0.11769423364838764 0.02341083864193543 0.5
-0.11942216720066362 0.011762056839547298 0.5
-0.12 1.4695761589768237e-17 0.5
-0.11942216720066362 -0.01176205683954727 0.5
-0.11769423364838764 -0.023410838641935404 0.5
-0.11483284028786507 -0.03483416127053545 0.5
-0.11086554390135442 -0.04592201188381076 0.5
-0.1058305517218026 -0.056567608419119716 0.5
-0.09977635347630545 -0.06666842796235223 0.5
-0.09276125440352845 -0.07612719409963743 0.5
-0.08485281374238572 -0.0848528137423857 0.5
-0.07612719409963752 -0.09276125440352839 0.5
-0.06666842796235226 -0.09977635347630542 0.5
-0.056567608419119744 -0.10583055172180258 0.5
-0.045922011883810836 -0.11086554390135438 0.5
-0.03483416127053549 -0.11483284028786506 0.5
-0.02341083864193544 -0.11769423364838763 0.5
-0.011762056839547255 -0.11942216720066362 0.5
-2.2043642384652355e-17 -0.12 0.5
0.011762056839547211 -0.11942216720066362 0.5
0.023410838641935397 -0.11769423364838764 0.5
0.034834161270535444 -0.11483284028786507 0.5
0.0459220118838108 -0.11086554390135439 0.5
0.05656760841911971 -0.1058305517218026 0.5
0.06666842796235221 -0.09977635347630545 0.5
0.07612719409963747 -0.09276125440352842 0.5
0.08485281374238568 -0.08485281374238572 0.5
0.09276125440352838 -0.07612719409963752 0.5
0.09977635347630542 -0.06666842796235226 0.5
0.10583055172180257 -0.05656760841911975 0.5
0.11086554390135438 -0.04592201188381084 0.5
0.11483284028786506 -0.0348341612705355 0.5
0.11769423364838763 -0.023410838641935446 0.5
0.11942216720066362 -0.01176205683954726 0.5
0.12 0.0 0.5555555555555556
0.11942216720066362 0.011762056839547272 0.5555555555555556
0.11769423364838764 0.02341083864193539 0.5555555555555556
0.11483284028786506 0.03483416127053548 0.5555555555555556
0.1108655439013544 0.04592201188381077 0.5555555555555556
0.1058305517218026 0.056567608419119716 0.5555555555555556
0.09977635347630542 0.06666842796235226 0.5555555555555556
0.09276125440352843 0.07612719409963746 0.5555555555555556
0.08485281374238571 0.08485281374238571 0.5555555555555556
0.07612719409963746 0.09276125440352842 0.5555555555555556
0.06666842796235227 0.09977635347630542 0.5555555555555556
0.05656760841911974 0.10583055172180258 0.5555555555555556
0.04592201188381078 0.1108655439013544 0.5555555555555556
0.03483416127053548 0.11483284028786507 0.5555555555555556
0.0234108386419354 0.11769423364838764 0.5555555555555556
0.011762056839547293 0.11942216720066362 0.5555555555555556
7.347880794884118e-18 0.12 0.5555555555555556
-0.011762056839547277 0.11942216720066362 0.5555555555555556
-0.023410838641935383 0.11769423364838764 0.5555555555555556
-0.03483416127053546 0.11483284028786507 0.5555555555555556
-0.045922011883810766 0.1108655439013544 0.5555555555555556
-0.05656760841911972 0.1058305517218026 0.5555555555555556
-0.06666842796235223 0.09977635347630544 0.5555555555555556
-0.07612719409963745 0.09276125440352845 0.5555555555555556
-0.0848528137423857 0.08485281374238571 0.5555555555555556
-0.09276125440352843 0.07612719409963746 0.5555555555555556
-0.09977635347630544 0.06666842796235226 0.5555555555555556
-0.10583055172180258 0.05656760841911974 0.5555555555555556
-0.1108655439013544 0.04592201188381079 0.5555555555555556
-0.11483284028786506 0.034834161270535485 0.5555555555555556
-0.11769423364838764 0.02341083864193543 0.5555555555555556
-0.11942216720066362 0.011762056839547298 0.5555555555555556
-0.12 1.4695761589768237e-17 0.5555555555555556
-0.11942216720066362 -0.01176205683954727 0.5555555555555556
-0.11769423364838764 -0.023410838641935404 0.5555555555555556
-0.11483284028786507 -0.03483416127053545 0.5555555555555556
-0.11086554390135442 -0.04592201188381076 0.5555555555555556
-0.1058305517218026 -0.056567608419119716 0.5555555555555556
-0.09977635347630545 -0.06666842796235223 0.5555555555555556
-0.09276125440352845 -0.07612719409963743 0.5555555555555556
-0.08485281374238572 -0.0848528137423857 0.5555555555555556
-0.07612719409963752 -0.09276125440352839 0.5555555555555556
-0.06666842796235226 -0.09977635347630542 0.5555555555555556
-0.056567608419119744 -0.10583055172180258 0.5555555555555556
-0.045922011883810836 -0.11086554390135438 0.5555555555555556
-0.03483416127053549 -0.11483284028786506 0.5555555555555556
-0.02341083864193544 -0.11769423364838763 0.5555555555555556
-0.011762056839547255 -0.11942216720066362 0.5555555555555556
-2.2043642384652355e-17 -0.12 0.5555555555555556
0.011762056839547211 -0.11942216720066362 0.5555555555555556
0.023410838641935397 -0.11769423364838764 0.5555555555555556
0.034834161270535444 -0.11483284028786507 0.5555555555555556
0.0459220118838108 -0.11086554390135439 0.5555555555555556
0.05656760841911971 -0.1058305517218026 0.5555555555555556
0.06666842796235221 -0.09977635347630545 0.5555555555555556
0.07612719409963747 -0.09276125440352842 0.5555555555555556
0.08485281374238568 -0.08485281374238572 0.5555555555555556
0.09276125440352838 -0.07612719409963752 0.5555555555555556
0.09977635347630542 -0.06666842796235226 0.5555555555555556
0.10583055172180257 -0.05656760841911975 0.5555555555555556
0.11086554390135438 -0.04592201188381084 0.5555555555555556
0.11483284028786506 -0.0348341612705355 0.5555555555555556
0.11769423364838763 -0.023410838641935446 0.5555555555555556
0.11942216720066362 -0.01176205683954726 0.5555555555555556
0.12 0.0 0.6111111111111112
0.11942216720066362 0.011762056839547272 0.6111111111111112
0.11769423364838764 0.02341083864193539 0.6111111111111112
0.11483284028786506 0.03483416127053548 0.6111111111111112
0.1108655439013544 0.04592201188381077 0.6111111111111112
0.1058305517218026 0.056567608419119716 0.6111111111111112
0.09977635347630542 0.06666842796235226 0.6111111111111112
0.09276125440352843 0.07612719409963746 0.6111111111111112
0.08485281374238571 0.08485281374238571 0.6111111111111112
0.07612719409963746 0.09276125440352842 0.6111111111111112
0.06666842796235227 0.09977635347630542 0.6111111111111112
0.05656760841911974 0.10583055172180258 0.6111111111111112
0.04592201188381078 0.1108655439013544 0.6111111111111112
0.03483416127053548 0.11483284028786507 0.6111111111111112
0.0234108386419354 0.11769423364838764 0.6111111111111112
0.011762056839547293 0.11942216720066362 0.6111111111111112
7.347880794884118e-18 0.12 0.6111111111111112
-0.011762056839547277 0.11942216720066362 0.6111111111111112
-0.023410838641935383 0.11769423364838764 0.6111111111111112
-0.03483416127053546 0.11483284028786507 0.6111111111111112
-0.045922011883810766 0.1108655439013544 0.6111111111111112
-0.05656760841911972 0.1058305517218026 0.6111111111111112
-0.06666842796235223 0.09977635347630544 0.6111111111111112
-0.07612719409963745 0.09276125440352845 0.6111111111111112
-0.0848528137423857 0.08485281374238571 0.6111111111111112
-0.09276125440352843 0.07612719409963746 0.6111111111111112
-0.09977635347630544 0.06666842796235226 0.6111111111111112
-0.10583055172180258 0.05656760841911974 0.6111111111111112
-0.1108655439013544 0.04592201188381079 0.6111111111111112
-0.11483284028786506 0.034834161270535485 0.6111111111111112
-0.11769423364838764 0.02341083864193543 0.6111111111111112
-0.11942216720066362 0.011762056839547298 0.6111111111111112
-0.12 1.4695761589768237e-17 0.6111111111111112
-0.11942216720066362 -0.01176205683954727 0.6111111111111112
-0.11769423364838764 -0.023410838641935404 0.6111111111111112
-0.11483284028786507 -0.03483416127053545 0.6111111111111112
-0.11086554390135442 -0.04592201188381076 0.6111111111111112
-0.1058305517218026 -0.056567608419119716 0.6111111111111112
-0.09977635347630545 -0.06666842796235223 0.6111111111111112
-0.09276125440352845 -0.07612719409963743 0.6111111111111112
-0.08485281374238572 -0.0848528137423857 0.6111111111111112
-0.07612719409963752 -0.09276125440352839 0.6111111111111112
-0.06666842796235226 -0.09977635347630542 0.6111111111111112
-0.056567608419119744 -0.10583055172180258 0.6111111111111112
-0.045922011883810836 -0.11086554390135438 0.6111111111111112
-0.03483416127053549 -0.11483284028786506 0.6111111111111112
-0.02341083864193544 -0.11769423364838763 0.6111111111111112
-0.011762056839547255 -0.11942216720066362 0.6111111111111112
-2.2043642384652355e-17 -0.12 0.6111111111111112
0.011762056839547211 -0.11942216720066362 0.6111111111111112
0.023410838641935397 -0.11769423364838764 0.6111111111111112
0.034834161270535444 -0.11483284028786507 0.6111111111111112
0.0459220118838108 -0.11086554390135439 0.6111111111111112
0.05656760841911971 -0.1058305517218026 0.6111111111111112
0.06666842796235221 -0.09977635347630545 0.6111111111111112
0.07612719409963747 -0.09276125440352842 0.6111111111111112
0.08485281374238568 -0.08485281374238572 0.6111111111111112
0.09276125440352838 -0.07612719409963752 0.6111111111111112
0.09977635347630542 -0.06666842796235226 0.6111111111111112
0.10583055172180257 -0.05656760841911975 0.6111111111111112
0.11086554390135438 -0.04592201188381084 0.6111111111111112
0.11483284028786506 -0.0348341612705355 0.6111111111111112
0.11769423364838763 -0.023410838641935446 0.6111111111111112
0.11942216720066362 -0.01176205683954726 0.6111111111111112
0.12 0.0 0.6666666666666667
0.11942216720066362 0.011762056839547272 0.6666666666666667
0.11769423364838764 0.02341083864193539 0.6666666666666667
0.11483284028786506 0.03483416127053548 0.6666666666666667
0.1108655439013544 0.04592201188381077 0.6666666666666667
0.1058305517218026 0.056567608419119716 0.6666666666666667
0.09977635347630542 0.06666842796235226 0.6666666666666667
0.09276125440352843 0.07612719409963746 0.6666666666666667
0.08485281374238571 0.08485281374238571 0.6666666666666667
0.07612719409963746 0.09276125440352842 0.6666666666666667
0.06666842796235227 0.09977635347630542 0.6666666666666667
0.05656760841911974 0.10583055172180258 0.6666666666666667
0.04592201188381078 0.1108655439013544 0.6666666666666667
0.03483416127053548 0.11483284028786507 0.6666666666666667
0.0234108386419354 0.11769423364838764 0.6666666666666667
0.011762056839547293 0.11942216720066362 0.6666666666666667
7.347880794884118e-18 0.12 0.6666666666666667
-0.011762056839547277 0.11942216720066362 0.6666666666666667
-0.023410838641935383 0.11769423364838764 0.6666666666666667
-0.03483416127053546 0.11483284028786507 0.6666666666666667
-0.045922011883810766 0.1108655439013544 0.6666666666666667
-0.05656760841911972 0.1058305517218026 0.6666666666666667
-0.06666842796235223 0.09977635347630544 0.6666666666666667
-0.07612719409963745 0.09276125440352845 0.6666666666666667
-0.0848528137423857 0.08485281374238571 0.6666666666666667
-0.09276125440352843 0.07612719409963746 0.6666666666666667
-0.09977635347630544 0.06666842796235226 0.6666666666666667
-0.10583055172180258 0.05656760841911974 0.6666666666666667
-0.1108655439013544 0.04592201188381079 0.6666666666666667
-0.11483284028786506 0.034834161270535485 0.6666666666666667
-0.11769423364838764 0.02341083864193543 0.6666666666666667
-0.11942216720066362 0.011762056839547298 0.6666666666666667
-0.12 1.4695761589768237e-17 0.6666666666666667
-0.11942216720066362 -0.01176205683954727 0.6666666666666667
-0.11769423364838764 -0.023410838641935404 0.6666666666666667
-0.11483284028786507 -0.03483416127053545 0.6666666666666667
-0.11086554390135442 -0.04592201188381076 0.6666666666666667
-0.1058305517218026 -0.056567608419119716 0.6666666666666667
-0.09977635347630545 -0.06666842796235223 0.6666666666666667
-0.09276125440352845 -0.07612719409963743 0.6666666666666667
-0.08485281374238572 -0.0848528137423857 0.6666666666666667
-0.07612719409963752 -0.09276125440352839 0.6666666666666667
-0.06666842796235226 -0.09977635347630542 0.6666666666666667
-0.056567608419119744 -0.10583055172180258 0.6666666666666667
-0.045922011883810836 -0.11086554390135438 0.6666666666666667
-0.03483416127053549 -0.11483284028786506 0.6666666666666667
-0.02341083864193544 -0.11769423364838763 0.6666666666666667
-0.011762056839547255 -0.11942216720066362 0.6666666666666667
-2.2043642384652355e-17 -0.12 0.6666666666666667
0.011762056839547211 -0.11942216720066362 0.6666666666666667
0.023410838641935397 -0.11769423364838764 0.6666666666666667
0.034834161270535444 -0.11483284028786507 0.6666666666666667
0.0459220118838108 -0.11086554390135439 0.6666666666666667
0.05656760841911971 -0.1058305517218026 0.6666666666666667
0.06666842796235221 -0.09977635347630545 0.6666666666666667
0.07612719409963747 -0.09276125440352842 0.6666666666666667
0.08485281374238568 -0.08485281374238572 0.6666666666666667
0.09276125440352838 -0.07612719409963752 0.6666666666666667
0.09977635347630542 -0.06666842796235226 0.6666666666666667
0.10583055172180257 -0.05656760841911975 0.6666666666666667
0.11086554390135438 -0.04592201188381084 0.6666666666666667
0.11483284028786506 -0.0348341612705355 0.6666666666666667
0.11769423364838763 -0.023410838641935446 0.6666666666666667
0.11942216720066362 -0.01176205683954726 0.6666666666666667
0.12 0.0 0.7222222222222223
0.11942216720066362 0.011762056839547272 0.7222222222222223
0.11769423364838764 0.02341083864193539 0.7222222222222223
0.11483284028786506 0.03483416127053548 0.7222222222222223
0.1108655439013544 0.04592201188381077 0.7222222222222223
0.1058305517218026 0.056567608419119716 0.7222222222222223
0.09977635347630542 0.06666842796235226 0.7222222222222223
0.09276125440352843 0.07612719409963746 0.7222222222222223
0.08485281374238571 0.08485281374238571 0.7222222222222223
0.07612719409963746 0.09276125440352842 0.7222222222222223
0.06666842796235227 0.09977635347630542 0.7222222222222223
0.05656760841911974 0.10583055172180258 0.7222222222222223
0.04592201188381078 0.1108655439013544 0.7222222222222223
0.03483416127053548 0.11483284028786507 0.7222222222222223
0.0234108386419354 0.11769423364838764 0.7222222222222223
0.011762056839547293 0.11942216720066362 0.7222222222222223
7.347880794884118e-18 0.12 0.7222222222222223
-0.011762056839547277 0.11942216720066362 0.7222222222222223
-0.023410838641935383 0.11769423364838764 0.7222222222222223
-0.03483416127053546 0.11483284028786507 0.7222222222222223
-0.045922011883810766 0.1108655439013544 0.7222222222222223
-0.05656760841911972 0.1058305517218026 0.7222222222222223
-0.06666842796235223 0.09977635347630544 0.7222222222222223
-0.07612719409963745 0.09276125440352845 0.7222222222222223
-0.0848528137423857 0.08485281374238571 0.7222222222222223
-0.09276125440352843 0.07612719409963746 0.7222222222222223
-0.09977635347630544 0.06666842796235226 0.7222222222222223
-0.10583055172180258 0.05656760841911974 0.7222222222222223
-0.1108655439013544 0.04592201188381079 0.7222222222222223
-0.11483284028786506 0.034834161270535485 0.7222222222222223
-0.11769423364838764 0.02341083864193543 0.7222222222222223
-0.11942216720066362 0.011762056839547298 0.7222222222222223
-0.12 1.4695761589768237e-17 0.7222222222222223
-0.11942216720066362 -0.01176205683954727 0.7222222222222223
-0.11769423364838764 -0.023410838641935404 0.7222222222222223
-0.11483284028786507 -0.03483416127053545 0.7222222222222223
-0.11086554390135442 -0.04592201188381076 0.7222222222222223
-0.1058305517218026 -0.056567608419119716 0.7222222222222223
-0.09977635347630545 -0.06666842796235223 0.7222222222222223
-0.09276125440352845 -0.07612719409963743 0.7222222222222223
-0.08485281374238572 -0.0848528137423857 0.7222222222222223
-0.07612719409963752 -0.09276125440352839 0.7222222222222223
-0.06666842796235226 -0.09977635347630542 0.7222222222222223
-0.056567608419119744 -0.10583055172180258 0.7222222222222223
-0.045922011883810836 -0.11086554390135438 0.7222222222222223
-0.03483416127053549 -0.11483284028786506 0.7222222222222223
-0.02341083864193544 -0.11769423364838763 0.7222222222222223
-0.011762056839547255 -0.11942216720066362 0.7222222222222223
-2.2043642384652355e-17 -0.12 0.7222222222222223
0.011762056839547211 -0.11942216720066362 0.7222222222222223
0.023410838641935397 -0.11769423364838764 0.7222222222222223
0.034834161270535444 -0.11483284028786507 0.7222222222222223
0.0459220118838108 -0.11086554390135439 0.7222222222222223
0.05656760841911971 -0.1058305517218026 0.7222222222222223
0.06666842796235221 -0.09977635347630545 0.7222222222222223
0.07612719409963747 -0.09276125440352842 0.7222222222222223
0.08485281374238568 -0.08485281374238572 0.7222222222222223
0.09276125440352838 -0.07612719409963752 0.7222222222222223
0.09977635347630542 -0.06666842796235226 0.7222222222222223
0.10583055172180257 -0.05656760841911975 0.7222222222222223
0.11086554390135438 -0.04592201188381084 0.7222222222222223
0.11483284028786506 -0.0348341612705355 0.7222222222222223
0.11769423364838763 -0.023410838641935446 0.7222222222222223
0.11942216720066362 -0.01176205683954726 0.7222222222222223
0.12 0.0 0.7777777777777777
0.11942216720066362 0.011762056839547272 0.7777777777777777
0.11769423364838764 0.02341083864193539 0.7777777777777777
0.11483284028786506 0.03483416127053548 0.7777777777777777
0.1108655439013544 0.04592201188381077 0.7777777777777777
0.1058305517218026 0.056567608419119716 0.7777777777777777
0.09977635347630542 0.06666842796235226 0.7777777777777777
0.09276125440352843 0.07612719409963746 0.7777777777777777
0.08485281374238571 0.08485281374238571 0.7777777777777777
0.07612719409963746 0.09276125440352842 0.7777777777777777
0.06666842796235227 0.09977635347630542 0.7777777777777777
0.05656760841911974 0.10583055172180258 0.7777777777777777
0.04592201188381078 0.1108655439013544 0.7777777777777777
0.03483416127053548 0.11483284028786507 0.7777777777777777
0.0234108386419354 0.11769423364838764 0.7777777777777777
0.011762056839547293 0.11942216720066362 0.7777777777777777
7.347880794884118e-18 0.12 0.7777777777777777
-0.011762056839547277 0.11942216720066362 0.7777777777777777
-0.023410838641935383 0.11769423364838764 0.7777777777777777
-0.03483416127053546 0.11483284028786507 0.7777777777777777
-0.045922011883810766 0.1108655439013544 0.7777777777777777
-0.05656760841911972 0.1058305517218026 0.7777777777777777
-0.06666842796235223 0.09977635347630544 0.7777777777777777
-0.07612719409963745 0.09276125440352845 0.7777777777777777
-0.0848528137423857 0.08485281374238571 0.7777777777777777
-0.09276125440352843 0.07612719409963746 0.7777777777777777
-0.09977635347630544 0.06666842796235226 0.7777777777777777
-0.10583055172180258 0.05656760841911974 0.7777777777777777
-0.1108655439013544 0.04592201188381079 0.7777777777777777
-0.11483284028786506 0.034834161270535485 0.7777777777777777
-0.11769423364838764 0.02341083864193543 0.7777777777777777
-0.11942216720066362 0.011762056839547298 0.7777777777777777
-0.12 1.4695761589768237e-17 0.7777777777777777
-0.11942216720066362 -0.01176205683954727 0.7777777777777777
-0.11769423364838764 -0.023410838641935404 0.7777777777777777
-0.11483284028786507 -0.03483416127053545 0.7777777777777777
-0.11086554390135442 -0.04592201188381076 0.7777777777777777
-0.1058305517218026 -0.056567608419119716 0.7777777777777777
-0.09977635347630545 -0.06666842796235223 0.7777777777777777
-0.09276125440352845 -0.07612719409963743 0.7777777777777777
-0.08485281374238572 -0.0848528137423857 0.7777777777777777
-0.07612719409963752 -0.09276125440352839 0.7777777777777777
-0.06666842796235226 -0.09977635347630542 0.7777777777777777
-0.056567608419119744 -0.10583055172180258 0.7777777777777777
-0.045922011883810836 -0.11086554390135438 0.7777777777777777
-0.03483416127053549 -0.11483284028786506 0.7777777777777777
-0.02341083864193544 -0.11769423364838763 0.7777777777777777
-0.011762056839547255 -0.11942216720066362 0.7777777777777777
-2.2043642384652355e-17 -0.12 0.7777777777777777
0.011762056839547211 -0.11942216720066362 0.7777777777777777
0.023410838641935397 -0.11769423364838764 0.7777777777777777
0.034834161270535444 -0.11483284028786507 0.7777777777777777
0.0459220118838108 -0.11086554390135439 0.7777777777777777
0.05656760841911971 -0.1058305517218026 0.7777777777777777
0.06666842796235221 -0.09977635347630545 0.7777777777777777
0.07612719409963747 -0.09276125440352842 0.7777777777777777
0.08485281374238568 -0.08485281374238572 0.7777777777777777
0.09276125440352838 -0.07612719409963752 0.7777777777777777
0.09977635347630542 -0.06666842796235226 0.7777777777777777
0.10583055172180257 -0.05656760841911975 0.7777777777777777
0.11086554390135438 -0.04592201188381084 0.7777777777777777
0.11483284028786506 -0.0348341612705355 0.7777777777777777
0.11769423364838763 -0.023410838641935446 0.7777777777777777
0.11942216720066362 -0.01176205683954726 0.7777777777777777
0.12 0.0 0.8333333333333333
0.11942216720066362 0.011762056839547272 0.8333333333333333
0.11769423364838764 0.02341083864193539 0.8333333333333333
0.11483284028786506 0.03483416127053548 0.8333333333333333
0.1108655439013544 0.04592201188381077 0.8333333333333333
0.1058305517218026 0.056567608419119716 0.8333333333333333
0.09977635347630542 0.06666842796235226 0.8333333333333333
0.09276125440352843 0.07612719409963746 0.8333333333333333
0.08485281374238571 0.08485281374238571 0.8333333333333333
0.07612719409963746 0.09276125440352842 0.8333333333333333
0.06666842796235227 0.09977635347630542 0.8333333333333333
0.05656760841911974 0.10583055172180258 0.8333333333333333
0.04592201188381078 0.1108655439013544 0.8333333333333333
0.03483416127053548 0.11483284028786507 0.8333333333333333
0.0234108386419354 0.11769423364838764 0.8333333333333333
0.011762056839547293 0.11942216720066362 0.8333333333333333
7.347880794884118e-18 0.12 0.8333333333333333
-0.011762056839547277 0.11942216720066362 0.8333333333333333
-0.023410838641935383 0.11769423364838764 0.8333333333333333
-0.03483416127053546 0.11483284028786507 0.8333333333333333
-0.045922011883810766 0.1108655439013544 0.8333333333333333
-0.05656760841911972 0.1058305517218026 0.8333333333333333
-0.06666842796235223 0.09977635347630544 0.8333333333333333
-0.07612719409963745 0.09276125440352845 0.8333333333333333
-0.0848528137423857 0.08485281374238571 0.8333333333333333
-0.09276125440352843 0.07612719409963746 0.8333333333333333
-0.09977635347630544 0.06666842796235226 0.8333333333333333
-0.10583055172180258 0.05656760841911974 0.8333333333333333
-0.1108655439013544 0.04592201188381079 0.8333333333333333
-0.11483284028786506 0.034834161270535485 0.8333333333333333
-0.11769423364838764 0.02341083864193543 0.8333333333333333
-0.11942216720066362 0.011762056839547298 0.8333333333333333
-0.12 1.4695761589768237e-17 0.8333333333333333
-0.11942216720066362 -0.01176205683954727 0.8333333333333333
-0.11769423364838764 -0.023410838641935404 0.8333333333333333
-0.11483284028786507 -0.03483416127053545 0.8333333333333333
-0.11086554390135442 -0.04592201188381076 0.8333333333333333
-0.1058305517218026 -0.056567608419119716 0.8333333333333333
-0.09977635347630545 -0.06666842796235223 0.8333333333333333
-0.09276125440352845 -0.07612719409963743 0.8333333333333333
-0.08485281374238572 -0.0848528137423857 0.8333333333333333
-0.07612719409963752 -0.09276125440352839 0.8333333333333333
-0.06666842796235226 -0.09977635347630542 0.8333333333333333
-0.056567608419119744 -0.10583055172180258 0.8333333333333333
-0.045922011883810836 -0.11086554390135438 0.8333333333333333
-0.03483416127053549 -0.11483284028786506 0.8333333333333333
-0.02341083864193544 -0.11769423364838763 0.8333333333333333
-0.011762056839547255 -0.11942216720066362 0.8333333333333333
-2.2043642384652355e-17 -0.12 0.8333333333333333
0.011762056839547211 -0.11942216720066362 0.8333333333333333
0.023410838641935397 -0.11769423364838764 0.8333333333333333
0.034834161270535444 -0.11483284028786507 0.8333333333333333
0.0459220118838108 -0.11086554390135439 0.8333333333333333
0.05656760841911971 -0.1058305517218026 0.8333333333333333
0.06666842796235221 -0.09977635347630545 0.8333333333333333
0.07612719409963747 -0.09276125440352842 0.8333333333333333
0.08485281374238568 -0.08485281374238572 0.8333333333333333
0.09276125440352838 -0.07612719409963752 0.8333333333333333
0.09977635347630542 -0.06666842796235226 0.8333333333333333
0.10583055172180257 -0.05656760841911975 0.8333333333333333
0.11086554390135438 -0.04592201188381084 0.8333333333333333
0.11483284028786506 -0.0348341612705355 0.8333333333333333
0.11769423364838763 -0.023410838641935446 0.8333333333333333
0.11942216720066362 -0.01176205683954726 0.8333333333333333
0.12 0.0 0.8888888888888888
0.11942216720066362 0.011762056839547272 0.8888888888888888
0.11769423364838764 0.02341083864193539 0.8888888888888888
0.11483284028786506 0.03483416127053548 0.8888888888888888
0.1108655439013544 0.04592201188381077 0.8888888888888888
0.1058305517218026 0.056567608419119716 0.8888888888888888
0.09977635347630542 0.06666842796235226 0.8888888888888888
0.09276125440352843 0.07612719409963746 0.8888888888888888
0.08485281374238571 0.08485281374238571 0.8888888888888888
0.07612719409963746 0.09276125440352842 0.8888888888888888
0.06666842796235227 0.09977635347630542 0.8888888888888888
0.05656760841911974 0.10583055172180258 0.8888888888888888
0.04592201188381078 0.1108655439013544 0.8888888888888888
0.03483416127053548 0.11483284028786507 0.8888888888888888
0.0234108386419354 0.11769423364838764 0.8888888888888888
0.011762056839547293 0.11942216720066362 0.8888888888888888
7.347880794884118e-18 0.12 0.8888888888888888
-0.011762056839547277 0.11942216720066362 0.8888888888888888
-0.023410838641935383 0.11769423364838764 0.8888888888888888
-0.03483416127053546 0.11483284028786507 0.8888888888888888
-0.045922011883810766 0.1108655439013544 0.8888888888888888
-0.05656760841911972 0.1058305517218026 0.8888888888888888
-0.06666842796235223 0.09977635347630544 0.8888888888888888
-0.07612719409963745 0.09276125440352845 0.8888888888888888
-0.0848528137423857 0.08485281374238571 0.8888888888888888
-0.09276125440352843 0.07612719409963746 0.8888888888888888
-0.09977635347630544 0.06666842796235226 0.8888888888888888
-0.10583055172180258 0.05656760841911974 0.8888888888888888
-0.1108655439013544 0.04592201188381079 0.8888888888888888
-0.11483284028786506 0.034834161270535485 0.8888888888888888
-0.11769423364838764 0.02341083864193543 0.8888888888888888
-0.11942216720066362 0.011762056839547298 0.8888888888888888
-0.12 1.4695761589768237e-17 0.8888888888888888
-0.11942216720066362 -0.01176205683954727 0.8888888888888888
-0.11769423364838764 -0.023410838641935404 0.8888888888888888
-0.11483284028786507 -0.03483416127053545 0.8888888888888888
-0.11086554390135442 -0.04592201188381076 0.8888888888888888
-0.1058305517218026 -0.056567608419119716 0.8888888888888888
-0.09977635347630545 -0.06666842796235223 0.8888888888888888
-0.09276125440352845 -0.07612719409963743 0.8888888888888888
-0.08485281374238572 -0.0848528137423857 0.8888888888888888
-0.07612719409963752 -0.09276125440352839 0.8888888888888888
-0.06666842796235226 -0.09977635347630542 0.8888888888888888
-0.056567608419119744 -0.10583055172180258 0.8888888888888888
-0.045922011883810836 -0.11086554390135438 0.8888888888888888
-0.03483416127053549 -0.11483284028786506 0.8888888888888888
-0.02341083864193544 -0.11769423364838763 0.8888888888888888
-0.011762056839547255 -0.11942216720066362 0.8888888888888888
-2.2043642384652355e-17 -0.12 0.8888888888888888
0.011762056839547211 -0.11942216720066362 0.8888888888888888
0.023410838641935397 -0.11769423364838764 0.8888888888888888
0.034834161270535444 -0.11483284028786507 0.8888888888888888
0.0459220118838108 -0.11086554390135439 0.8888888888888888
0.05656760841911971 -0.1058305517218026 0.8888888888888888
0.06666842796235221 -0.09977635347630545 0.8888888888888888
0.07612719409963747 -0.09276125440352842 0.8888888888888888
0.08485281374238568 -0.08485281374238572 0.8888888888888888
0.09276125440352838 -0.07612719409963752 0.8888888888888888
0.09977635347630542 -0.06666842796235226 0.8888888888888888
0.10583055172180257 -0.05656760841911975 0.8888888888888888
0.11086554390135438 -0.04592201188381084 0.8888888888888888
0.11483284028786506 -0.0348341612705355 0.8888888888888888
0.11769423364838763 -0.023410838641935446 0.8888888888888888
0.11942216720066362 -0.01176205683954726 0.8888888888888888
0.12 0.0 0.9444444444444444
0.11942216720066362 0.011762056839547272 0.9444444444444444
0.11769423364838764 0.02341083864193539 0.9444444444444444
0.11483284028786506 0.03483416127053548 0.9444444444444444
0.1108655439013544 0.04592201188381077 0.9444444444444444
0.1058305517218026 0.056567608419119716 0.9444444444444444
0.09977635347630542 0.06666842796235226 0.9444444444444444
0.09276125440352843 0.07612719409963746 0.9444444444444444
0.08485281374238571 0.08485281374238571 0.9444444444444444
0.07612719409963746 0.09276125440352842 0.9444444444444444
0.06666842796235227 0.09977635347630542 0.9444444444444444
0.05656760841911974 0.10583055172180258 0.9444444444444444
0.04592201188381078 0.1108655439013544 0.9444444444444444
0.03483416127053548 0.11483284028786507 0.9444444444444444
0.0234108386419354 0.11769423364838764 0.9444444444444444
0.011762056839547293 0.11942216720066362 0.9444444444444444
7.347880794884118e-18 0.12 0.9444444444444444
-0.011762056839547277 0.11942216720066362 0.9444444444444444
-0.023410838641935383 0.11769423364838764 0.9444444444444444
-0.03483416127053546 0.11483284028786507 0.9444444444444444
-0.045922011883810766 0.1108655439013544 0.9444444444444444
-0.05656760841911972 0.1058305517218026 0.9444444444444444
-0.06666842796235223 0.09977635347630544 0.9444444444444444
-0.07612719409963745 0.09276125440352845 0.9444444444444444
-0.0848528137423857 0.08485281374238571 0.9444444444444444
-0.09276125440352843 0.07612719409963746 0.9444444444444444
-0.09977635347630544 0.06666842796235226 0.9444444444444444
-0.10583055172180258 0.05656760841911974 0.9444444444444444
-0.1108655439013544 0.04592201188381079 0.9444444444444444
-0.11483284028786506 0.034834161270535485 0.9444444444444444
-0.11769423364838764 0.02341083864193543 0.9444444444444444
-0.11942216720066362 0.011762056839547298 0.9444444444444444
-0.12 1.4695761589768237e-17 0.9444444444444444
-0.11942216720066362 -0.01176205683954727 0.9444444444444444
-0.11769423364838764 -0.023410838641935404 0.9444444444444444
-0.11483284028786507 -0.03483416127053545 0.9444444444444444
-0.11086554390135442 -0.04592201188381076 0.9444444444444444
-0.1058305517218026 -0.056567608419119716 0.9444444444444444
-0.09977635347630545 -0.06666842796235223 0.9444444444444444
-0.09276125440352845 -0.07612719409963743 0.9444444444444444
-0.08485281374238572 -0.0848528137423857 0.9444444444444444
-0.07612719409963752 -0.09276125440352839 0.9444444444444444
-0.06666842796235226 -0.09977635347630542 0.9444444444444444
-0.056567608419119744 -0.10583055172180258 0.9444444444444444
-0.045922011883810836 -0.11086554390135438 0.9444444444444444
-0.03483416127053549 -0.11483284028786506 0.9444444444444444
-0.02341083864193544 -0.11769423364838763 0.9444444444444444
-0.011762056839547255 -0.11942216720066362 0.9444444444444444
-2.2043642384652355e-17 -0.12 0.9444444444444444
0.011762056839547211 -0.11942216720066362 0.9444444444444444
0.023410838641935397 -0.11769423364838764 0.9444444444444444
0.034834161270535444 -0.11483284028786507 0.9444444444444444
0.0459220118838108 -0.11086554390135439 0.9444444444444444
0.05656760841911971 -0.1058305517218026 0.9444444444444444
0.06666842796235221 -0.09977635347630545 0.9444444444444444
0.07612719409963747 -0.09276125440352842 0.9444444444444444
0.08485281374238568 -0.08485281374238572 0.9444444444444444
0.09276125440352838 -0.07612719409963752 0.9444444444444444
0.09977635347630542 -0.06666842796235226 0.9444444444444444
0.10583055172180257 -0.05656760841911975 0.9444444444444444
0.11086554390135438 -0.04592201188381084 0.9444444444444444
0.11483284028786506 -0.0348341612705355 0.9444444444444444
0.11769423364838763 -0.023410838641935446 0.9444444444444444
0.11942216720066362 -0.01176205683954726 0.9444444444444444
0.12 0.0 1.0
0.11942216720066362 0.011762056839547272 1.0
0.11769423364838764 0.02341083864193539 1.0
0.11483284028786506 0.03483416127053548 1.0
0.1108655439013544 0.04592201188381077 1.0
0.1058305517218026 0.056567608419119716 1.0
0.09977635347630542 0.06666842796235226 1.0
0.09276125440352843 0.07612719409963746 1.0
0.08485281374238571 0.08485281374238571 1.0
0.07612719409963746 0.09276125440352842 1.0
0.06666842796235227 0.09977635347630542 1.0
0.05656760841911974 0.10583055172180258 1.0
0.04592201188381078 0.1108655439013544 1.0
0.03483416127053548 0.11483284028786507 1.0
0.0234108386419354 0.11769423364838764 1.0
0.011762056839547293 0.11942216720066362 1.0
7.347880794884118e-18 0.12 1.0
-0.011762056839547277 0.11942216720066362 1.0
-0.023410838641935383 0.11769423364838764 1.0
-0.03483416127053546 0.11483284028786507 1.0
-0.045922011883810766 0.1108655439013544 1.0
-0.05656760841911972 0.1058305517218026 1.0
-0.06666842796235223 0.09977635347630544 1.0
-0.07612719409963745 0.09276125440352845 1.0
-0.0848528137423857 0.08485281374238571 1.0
-0.09276125440352843 0.07612719409963746 1.0
-0.09977635347630544 0.06666842796235226 1.0
-0.10583055172180258 0.05656760841911974 1.0
-0.1108655439013544 0.04592201188381079 1.0
-0.11483284028786506 0.034834161270535485 1.0
-0.11769423364838764 0.02341083864193543 1.0
-0.11942216720066362 0.011762056839547298 1.0
-0.12 1.4695761589768237e-17 1.0
-0.11942216720066362 -0.01176205683954727 1.0
-0.11769423364838764 -0.023410838641935404 1.0
-0.11483284028786507 -0.03483416127053545 1.0
-0.11086554390135442 -0.04592201188381076 1.0
-0.1058305517218026 -0.056567608419119716 1.0
-0.09977635347630545 -0.06666842796235223 1.0
-0.09276125440352845 -0.07612719409963743 1.0
-0.08485281374238572 -0.0848528137423857 1.0
-0.07612719409963752 -0.09276125440352839 1.0
-0.06666842796235226 -0.09977635347630542 1.0
-0.056567608419119744 -0.10583055172180258 1.0
-0.045922011883810836 -0.11086554390135438 1.0
-0.03483416127053549 -0.11483284028786506 1.0
-0.02341083864193544 -0.11769423364838763 1.0
-0.011762056839547255 -0.11942216720066362 1.0
-2.2043642384652355e-17 -0.12 1.0
0.011762056839547211 -0.11942216720066362 1.0
0.023410838641935397 -0.11769423364838764 1.0
0.034834161270535444 -0.11483284028786507 1.0
0.0459220118838108 -0.11086554390135439 1.0
0.05656760841911971 -0.1058305517218026 1.0
0.06666842796235221 -0.09977635347630545 1.0
0.07612719409963747 -0.09276125440352842 1.0
0.08485281374238568 -0.08485281374238572 1.0
0.09276125440352838 -0.07612719409963752 1.0
0.09977635347630542 -0.06666842796235226 1.0
0.10583055172180257 -0.05656760841911975 1.0
0.11086554390135438 -0.04592201188381084 1.0
0.11483284028786506 -0.0348341612705355 1.0
0.11769423364838763 -0.023410838641935446 1.0
0.11942216720066362 -0.01176205683954726 1.0
3 0 64 65
3 0 65 1
3 1 65 66
3 1 66 2
3 2 66 67
3 2 67 3
3 3 67 68
3 3 68 4
3 4 68 69
3 4 69 5
3 5 69 70
3 5 70 6
3 6 70 71
3 6 71 7
3 7 71 72
3 7 72 8
3 8 72 73
3 8 73 9
3 9 73 74
3 9 74 10
3 10 74 75
3 10 75 11
3 11 75 76
3 11 76 12
3 12 76 77
3 12 77 13
3 13 77 78
3 13 78 14
3 14 78 79
3 14 79 15
3 15 79 80
3 15 80 16
3 16 80 81
3 16 81 17
3 17 81 82
3 17 82 18
3 18 82 83
3 18 83 19
3 19 83 84
3 19 84 20
3 20 84 85
3 20 85 21
3 21 85 86
3 21 86 22
3 22 86 87
3 22 87 23
3 23 87 88
3 23 88 24
3 24 88 89
3 24 89 25
3 25 89 90
3 25 90 26
3 26 90 91
3 26 91 27
3 27 91 92
3 27 92 28
3 28 92 93
3 28 93 29
3 29 93 94
3 29 94 30
3 30 94 95
3 30 95 31
3 31 95 96
3 31 96 32
3 32 96 97
3 32 97 33
3 33 97 98
3 33 98 34
3 34 98 99
3 34 99 35
3 35 99 100
3 35 100 36
3 36 100 101
3 36 101 37
3 37 101 102
3 37 102 38
3 38 102 103
3 38 103 39
3 39 103 104
3 39 104 40
3 40 104 105
3 40 105 41
3 41 105 106
3 41 106 42
3 42 106 107
3 42 107 43
3 43 107 108
3 43 108 44
3 44 108 109
3 44 109 45
3 45 109 110
3 45 110 46
3 46 110 111
3 46 111 47
3 47 111 112
3 47 112 48
3 48 112 113
3 48 113 49
3 49 113 114
3 49 114 50
3 50 114 115
3 50 115 51
3 51 115 116
3 51 116 52
3 52 116 117
3 52 117 53
3 53 117 118
3 53 118 54
3 54 118 119
3 54 119 55
3 55 119 120
3 55 120 56
3 56 120 121
3 56 121 57
3 57 121 122
3 57 122 58
3 58 122 123
3 58 123 59
3 59 123 124
3 59 124 60
3 60 124 125
3 60 125 61
3 61 125 126
3 61 126 62
3 62 126 127
3 62 127 63
3 63 127 64
3 63 64 0
3 64 128 129
3 64 129 65
3 65 129 130
3 65 130 66
3 66 130 131
3 66 131 67
3 67 131 132
3 67 132 68
3 68 132 133
3 68 133 69
3 69 133 134
3 69 134 70
3 70 134 135
3 70 135 71
3 71 135 136
3 71 136 72
3 72 136 137
3 72 137 73
3 73 137 138
3 73 138 74
3 74 138 139
3 74 139 75
3 75 139 140
3 75 140 76
3 76 140 141
3 76 141 77
3 77 141 142
3 77 142 78
3 78 142 143
3 78 143 79
3 79 143 144
3 79 144 80
3 80 144 145
3 80 145 81
3 81 145 146
3 81 146 82
3 82 146 147
3 82 147 83
3 83 147 148
3 83 148 84
3 84 148 149
3 84 149 85
3 85 149 150
3 85 150 86
3 86 150 151
3 86 151 87
3 87 151 152
3 87 152 88
3 88 152 153
3 88 153 89
3 89 153 154
3 89 154 90
3 90 154 155
3 90 155 91
3 91 155 156
3 91 156 92
3 92 156 157
3 92 157 93
3 93 157 158
3 93 158 94
3 94 158 159
3 94 159 95
3 95 159 160
3 95 160 96
3 96 160 161
3 96 161 97
3 97 161 162
3 97 162 98
3 98 162 163
3 98 163 99
3 99 163 164
3 99 164 100
3 100 164 165
3 100 165 101
3 101 165 166
3 101 166 102
3 102 166 167
3 102 167 103
3 103 167 168
3 103 168 104
3 104 168 169
3 104 169 105
3 105 169 170
3 105 170 106
3 106 170 171
3 106 171 107
3 107 171 172
3 107 172 108
3 108 172 173
3 108 173 109
3 109 173 174
3 109 174 110
3 110 174 175
3 110 175 111
3 111 175 176
3 111 176 112
3 112 176 177
3 112 177 113
3 113 177 178
3 113 178 114
3 114 178 179
3 114 179 115
3 115 179 180
3 115 180 116
3 116 180 181
3 116 181 117
3 117 181 182
3 117 182 118
3 118 182 183
3 118 183 119
3 119 183 184
3 119 184 120
3 120 184 185
3 120 185 121
3 121 185 186
3 121 186 122
3 122 186 187
3 122 187 123
3 123 187 188
3 123 188 124
3 124 188 189
3 124 189 125
3 125 189 190
3 125 190 126
3 126 190 191
3 126 191 127
3 127 191 128
3 127 128 64
3 128 192 193
3 128 193 129
3 129 193 194
3 129 194 130
3 130 194 195
3 130 195 131
3 131 195 196
3 131 196 132
3 132 196 197
3 132 197 133
3 133 197 198
3 133 198 134
3 134 198 199
3 134 199 135
3 135 199 200
3 135 200 136
3 136 200 201
3 136 201 137
3 137 201 202
3 137 202 138
3 138 202 203
3 138 203 139
3 139 203 204
3 139 204 140
3 140 204 205
3 140 205 141
3 141 205 206
3 141 206 142
3 142 206 207
3 142 207 143
3 143 207 208
3 143 208 144
3 144 208 209
3 144 209 145
3 145 209 210
3 145 210 146
3 146 210 211
3 146 211 147
3 147 211 212
3 147 212 148
3 148 212 213
3 148 213 149
3 149 213 214
3 149 214 150
3 150 214 215
3 150 215 151
3 151 215 216
3 151 216 152
3 152 216 217
3 152 217 153
3 153 217 218
3 153 218 154
3 154 218 219
3 154 219 155
3 155 219 220
3 155 220 156
3 156 220 221
3 156 221 157
3 157 221 222
3 157 222 158
3 158 222 223
3 158 223 159
3 159 223 224
3 159 224 160
3 160 224 225
3 160 225 161
3 161 225 226
3 161 226 162
3 162 226 227
3 162 227 163
3 163 227 228
3 163 228 164
3 164 228 229
3 164 229 165
3 165 229 230
3 165 230 166
3 166 230 231
3 166 231 167
3 167 231 232
3 167 232 168
3 168 232 233
3 168 233 169
3 169 233 234
3 169 234 170
3 170 234 235
3 170 235 171
3 171 235 236
3 171 236 172
3 172 236 237
3 172 237 173
3 173 237 238
3 173 238 174
3 174 238 239
3 174 239 175
3 175 239 240
3 175 240 176
3 176 240 241
3 176 241 177
3 177 241 242
3 177 242 178
3 178 242 243
3 178 243 179
3 179 243 244
3 179 244 180
3 180 244 245
3 180 245 181
3 181 245 246
3 181 246 182
3 182 246 247
3 182 247 183
3 183 247 248
3 183 248 184
3 184 248 249
3 184 249 185
3 185 249 250
3 185 250 186
3 186 250 251
3 186 251 187
3 187 251 252
3 187 252 188
3 188 252 253
3 188 253 189
3 189 253 254
3 189 254 190
3 190 254 255
3 190 255 191
3 191 255 192
3 191 192 128
3 192 256 257
3 192 257 193
3 193 257 258
3 193 258 194
3 194 258 259
3 194 259 195
3 195 259 260
3 195 260 196
3 196 260 261
3 196 261 197
3 197 261 262
3 197 262 198
3 198 262 263
3 198 263 199
3 199 263 264
3 199 264 200
3 200 264 265
3 200 265 201
3 201 265 266
3 201 266 202
3 202 266 267
3 202 267 203
3 203 267 268
3 203 268 204
3 204 268 269
3 204 269 205
3 205 269 270
3 205 270 206
3 206 270 271
3 206 271 207
3 207 271 272
3 207 272 208
3 208 272 273
3 208 273 209
3 209 273 274
3 209 274 210
3 210 274 275
3 210 275 211
3 211 275 276
3 211 276 212
3 212 276 277
3 212 277 213
3 213 277 278
3 213 278 214
3 214 278 279
3 214 279 215
3 215 279 280
3 215 280 216
3 216 280 281
3 216 281 217
3 217 281 282
3 217 282 218
3 218 282 283
3 218 283 219
3 219 283 284
3 219 284 220
3 220 284 285
3 220 285 221
3 221 285 286
3 221 286 222
3 222 286 287
3 222 287 223
3 223 287 288
3 223 288 224
3 224 288 289
3 224 289 225
3 225 289 290
3 225 290 226
3 226 290 291
3 226 291 227
3 227 291 292
3 227 292 228
3 228 292 293
3 228 293 229
3 229 293 294
3 229 294 230
3 230 294 295
3 230 295 231
3 231 295 296
3 231 296 232
3 232 296 297
3 232 297 233
3 233 297 298
3 233 298 234
3 234 298 299
3 234 299 235
3 235 299 300
3 235 300 236
3 236 300 301
3 236 301 237
3 237 301 302
3 237 302 238
3 238 302 303
3 238 303 239
3 239 303 304
3 239 304 240
3 240 304 305
3 240 305 241
3 241 305 306
3 241 306 242
3 242 306 307
3 242 307 243
3 243 307 308
3 243 308 244
3 244 308 309
3 244 309 245
3 245 309 310
3 245 310 246
3 246 310 311
3 246 311 247
3 247 311 312
3 247 312 248
3 248 312 313
3 248 313 249
3 249 313 314
3 249 314 250
3 250 314 315
3 250 315 251
3 251 315 316
3 251 316 252
3 252 316 317
3 252 317 253
3 253 317 318
3 253 318 254
3 254 318 319
3 254 319 255
3 255 319 256
3 255 256 192
3 256 320 321
3 256 321 257
3 257 321 322
3 257 322 258
3 258 322 323
3 258 323 259
3 259 323 324
3 259 324 260
3 260 324 325
3 260 325 261
3 261 325 326
3 261 326 262
3 262 326 327
3 262 327 263
3 263 327 328
3 263 328 264
3 264 328 329
3 264 329 265
3 265 329 330
3 265 330 266
3 266 330 331
3 266 331 267
3 267 331 332
3 267 332 268
3 268 332 333
3 268 333 269
3 269 333 334
3 269 334 270
3 270 334 335
3 270 335 271
3 271 335 336
3 271 336 272
3 272 336 337
3 272 337 273
3 273 337 338
3 273 338 274
3 274 338 339
3 274 339 275
3 275 339 340
3 275 340 276
3 276 340 341
3 276 341 277
3 277 341 342
3 277 342 278
3 278 342 343
3 278 343 279
3 279 343 344
3 279 344 280
3 280 344 345
3 280 345 281
3 281 345 346
3 281 346 282
3 282 346 347
3 282 347 283
3 283 347 348
3 283 348 284
3 284 348 349
3 284 349 285
3 285 349 350
3 285 350 286
3 286 350 351
3 286 351 287
3 287 351 352
3 287 352 288
3 288 352 353
3 288 353 289
3 289 353 354
3 289 354 290
3 290 354 355
3 290 355 291
3 291 355 356
3 291 356 292
3 292 356 357
3 292 357 293
3 293 357 358
3 293 358 294
3 294 358 359
3 294 359 295
3 295 359 360
3 295 360 296
3 296 360 361
3 296 361 297
3 297 361 362
3 297 362 298
3 298 362 363
3 298 363 299
3 299 363 364
3 299 364 300
3 300 364 365
3 300 365 301
3 301 365 366
3 301 366 302
3 302 366 367
3 302 367 303
3 303 367 368
3 303 368 304
3 304 368 369
3 304 369 305
3 305 369 370
3 305 370 306
3 306 370 371
3 306 371 307
3 307 371 372
3 307 372 308
3 308 372 373
3 308 373 309
3 309 373 374
3 309 374 310
3 310 374 375
3 310 375 311
3 311 375 376
3 311 376 312
3 312 376 377
3 312 377 313
3 313 377 378
3 313 378 314
3 314 378 379
3 314 379 315
3 315 379 380
3 315 380 316
3 316 380 381
3 316 381 317
3 317 381 382
3 317 382 318
3 318 382 383
3 318 383 319
3 319 383 320
3 319 320 256
3 320 384 385
3 320 385 321
3 321 385 386
3 321 386 322
3 322 386 387
3 322 387 323
3 323 387 388
3 323 388 324
3 324 388 389
3 324 389 325
3 325 389 390
3 325 390 326
3 326 390 391
3 326 391 327
3 327 391 392
3 327 392 328
3 328 392 393
3 328 393 329
3 329 393 394
3 329 394 330
3 330 394 395
3 330 395 331
3 331 395 396
3 331 396 332
3 332 396 397
3 332 397 333
3 333 397 398
3 333 398 334
3 334 398 399
3 334 399 335
3 335 399 400
3 335 400 336
3 336 400 401
3 336 401 337
3 337 401 402
3 337 402 338
3 338 402 403
3 338 403 339
3 339 403 404
3 339 404 340
3 340 404 405
3 340 405 341
3 341 405 406
3 341 406 342
3 342 406 407
3 342 407 343
3 343 407 408
3 343 408 344
3 344 408 409
3 344 409 345
3 345 409 410
3 345 410 346
3 346 410 411
3 346 411 347
3 347 411 412
3 347 412 348
3 348 412 413
3 348 413 349
3 349 413 414
3 349 414 350
3 350 414 415
3 350 415 351
3 351 415 416
3 351 416 352
3 352 416 417
3 352 417 353
3 353 417 418
3 353 418 354
3 354 418 419
3 354 419 355
3 355 419 420
3 355 420 356
3 356 420 421
3 356 421 357
3 357 421 422
3 357 422 358
3 358 422 423
3 358 423 359
3 359 423 424
3 359 424 360
3 360 424 425
3 360 425 361
3 361 425 426
3 361 426 362
3 362 426 427
3 362 427 363
3 363 427 428
3 363 428 364
3 364 428 429
3 364 429 365
3 365 429 430
3 365 430 366
3 366 430 431
3 366 431 367
3 367 431 432
3 367 432 368
3 368 432 433
3 368 433 369
3 369 433 434
3 369 434 370
3 370 434 435
3 370 435 371
3 371 435 436
3 371 436 372
3 372 436 437
3 372 437 373
3 373 437 438
3 373 438 374
3 374 438 439
3 374 439 375
3 375 439 440
3 375 440 376
3 376 440 441
3 376 441 377
3 377 441 442
3 377 442 378
3 378 442 443
3 378 443 379
3 379 443 444
3 379 444 380
3 380 444 445
3 380 445 381
3 381 445 446
3 381 446 382
3 382 446 447
3 382 447 383
3 383 447 384
3 383 384 320
3 384 448 449
3 384 449 385
3 385 449 450
3 385 450 386
3 386 450 451
3 386 451 387
3 387 451 452
3 387 452 388
3 388 452 453
3 388 453 389
3 389 453 454
3 389 454 390
3 390 454 455
3 390 455 391
3 391 455 456
3 391 456 392
3 392 456 457
3 392 457 393
3 393 457 458
3 393 458 394
3 394 458 459
3 394 459 395
3 395 459 460
3 395 460 396
3 396 460 461
3 396 461 397
3 397 461 462
3 397 462 398
3 398 462 463
3 398 463 399
3 399 463 464
3 399 464 400
3 400 464 465
3 400 465 401
3 401 465 466
3 401 466 402
3 402 466 467
3 402 467 403
3 403 467 468
3 403 468 404
3 404 468 469
3 404 469 405
3 405 469 470
3 405 470 406
3 406 470 471
3 406 471 407
3 407 471 472
3 407 472 408
3 408 472 473
3 408 473 409
3 409 473 474
3 409 474 410
3 410 474 475
3 410 475 411
3 411 475 476
3 411 476 412
3 412 476 477
3 412 477 413
3 413 477 478
3 413 478 414
3 414 478 479
3 414 479 415
3 415 479 480
3 415 480 416
3 416 480 481
3 416 481 417
3 417 481 482
3 417 482 418
3 418 482 483
3 418 483 419
3 419 483 484
3 419 484 420
3 420 484 485
3 420 485 421
3 421 485 486
3 421 486 422
3 422 486 487
3 422 487 423
3 423 487 488
3 423 488 424
3 424 488 489
3 424 489 425
3 425 489 490
3 425 490 426
3 426 490 491
3 426 491 427
3 427 491 492
3 427 492 428
3 428 492 493
3 428 493 429
3 429 493 494
3 429 494 430
3 430 494 495
3 430 495 431
3 431 495 496
3 431 496 432
3 432 496 497
3 432 497 433
3 433 497 498
3 433 498 434
3 434 498 499
3 434 499 435
3 435 499 500
3 435 500 436
3 436 500 501
3 436 501 437
3 437 501 502
3 437 502 438
3 438 502 503
3 438 503 439
3 439 503 504
3 439 504 440
3 440 504 505
3 440 505 441
3 441 505 506
3 441 506 442
3 442 506 507
3 442 507 443
3 443 507 508
3 443 508 444
3 444 508 509
3 444 509 445
3 445 509 510
3 445 510 446
3 446 510 511
3 446 511 447
3 447 511 448
3 447 448 384
3 448 512 513
3 448 513 449
3 449 513 514
3 449 514 450
3 450 514 515
3 450 515 451
3 451 515 516
3 451 516 452
3 452 516 517
3 452 517 453
3 453 517 518
3 453 518 454
3 454 518 519
3 454 519 455
3 455 519 520
3 455 520 456
3 456 520 521
3 456 521 457
3 457 521 522
3 457 522 458
3 458 522 523
3 458 523 459
3 459 523 524
3 459 524 460
3 460 524 525
3 460 525 461
3 461 525 526
3 461 526 462
3 462 526 527
3 462 527 463
3 463 527 528
3 463 528 464
3 464 528 529
3 464 529 465
3 465 529 530
3 465 530 466
3 466 530 531
3 466 531 467
3 467 531 532
3 467 532 468
3 468 532 533
3 468 533 469
3 469 533 534
3 469 534 470
3 470 534 535
3 470 535 471
3 471 535 536
3 471 536 472
3 472 536 537
3 472 537 473
3 473 537 538
3 473 538 474
3 474 538 539
3 474 539 475
3 475 539 540
3 475 540 476
3 476 540 541
3 476 541 477
3 477 541 542
3 477 542 478
3 478 542 543
3 478 543 479
3 479 543 544
3 479 544 480
3 480 544 545
3 480 545 481
3 481 545 546
3 481 546 482
3 482 546 547
3 482 547 483
3 483 547 548
3 483 548 484
3 484 548 549
3 484 549 485
3 485 549 550
3 485 550 486
3 486 550 551
3 486 551 487
3 487 551 552
3 487 552 488
3 488 552 553
3 488 553 489
3 489 553 554
3 489 554 490
3 490 554 555
3 490 555 491
3 491 555 556
3 491 556 492
3 492 556 557
3 492 557 493
3 493 557 558
3 493 558 494
3 494 558 559
3 494 559 495
3 495 559 560
3 495 560 496
3 496 560 561
3 496 561 497
3 497 561 562
3 497 562 498
3 498 562 563
3 498 563 499
3 499 563 564
3 499 564 500
3 500 564 565
3 500 565 501
3 501 565 566
3 501 566 502
3 502 566 567
3 502 567 503
3 503 567 568
3 503 568 504
3 504 568 569
3 504 569 505
3 505 569 570
3 505 570 506
3 506 570 571
3 506 571 507
3 507 571 572
3 507 572 508
3 508 572 573
3 508 573 509
3 509 573 574
3 509 574 510
3 510 574 575
3 510 575 511
3 511 575 512
3 511 512 448
3 512 576 577
3 512 577 513
3 513 577 578
3 513 578 514
3 514 578 579
3 514 579 515
3 515 579 580
3 515 580 516
3 516 580 581
3 516 581 517
3 517 581 582
3 517 582 518
3 518 582 583
3 518 583 519
3 519 583 584
3 519 584 520
3 520 584 585
3 520 585 521
3 521 585 586
3 521 586 522
3 522 586 587
3 522 587 523
3 523 587 588
3 523 588 524
3 524 588 589
3 524 589 525
3 525 589 590
3 525 590 526
3 526 590 591
3 526 591 527
3 527 591 592
3 527 592 528
3 528 592 593
3 528 593 529
3 529 593 594
3 529 594 530
3 530 594 595
3 530 595 531
3 531 595 596
3 531 596 532
3 532 596 597
3 532 597 533
3 533 597 598
3 533 598 534
3 534 598 599
3 534 599 535
3 535 599 600
3 535 600 536
3 536 600 601
3 536 601 537
3 537 601 602
3 537 602 538
3 538 602 603
3 538 603 539
3 539 603 604
3 539 604 540
3 540 604 605
3 540 605 541
3 541 605 606
3 541 606 542
3 542 606 607
3 542 607 543
3 543 607 608
3 543 608 544
3 544 608 609
3 544 609 545
3 545 609 610
3 545 610 546
3 546 610 611
3 546 611 547
3 547 611 612
3 547 612 548
3 548 612 613
3 548 613 549
3 549 613 614
3 549 614 550
3 550 614 615
3 550 615 551
3 551 615 616
3 551 616 552
3 552 616 617
3 552 617 553
3 553 617 618
3 553 618 554
3 554 618 619
3 554 619 555
3 555 619 620
3 555 620 556
3 556 620 621
3 556 621 557
3 557 621 622
3 557 622 558
3 558 622 623
3 558 623 559
3 559 623 624
3 559 624 560
3 560 624 625
3 560 625 561
3 561 625 626
3 561 626 562
3 562 626 627
3 562 627 563
3 563 627 628
3 563 628 564
3 564 628 629
3 564 629 565
3 565 629 630
3 565 630 566
3 566 630 631
3 566 631 567
3 567 631 632
3 567 632 568
3 568 632 633
3 568 633 569
3 569 633 634
3 569 634 570
3 570 634 635
3 570 635 571
3 571 635 636
3 571 636 572
3 572 636 637
3 572 637 573
3 573 637 638
3 573 638 574
3 574 638 639
3 574 639 575
3 575 639 576
3 575 576 512
3 576 640 641
3 576 641 577
3 577 641 642
3 577 642 578
3 578 642 643
3 578 643 579
3 579 643 644
3 579 644 580
3 580 644 645
3 580 645 581
3 581 645 646
3 581 646 582
3 582 646 647
3 582 647 583
3 583 647 648
3 583 648 584
3 584 648 649
3 584 649 585
3 585 649 650
3 585 650 586
3 586 650 651
3 586 651 587
3 587 651 652
3 587 652 588
3 588 652 653
3 588 653 589
3 589 653 654
3 589 654 590
3 590 654 655
3 590 655 591
3 591 655 656
3 591 656 592
3 592 656 657
3 592 657 593
3 593 657 658
3 593 658 594
3 594 658 659
3 594 659 595
3 595 659 660
3 595 660 596
3 596 660 661
3 596 661 597
3 597 661 662
3 597 662 598
3 598 662 663
3 598 663 599
3 599 663 664
3 599 664 600
3 600 664 665
3 600 665 601
3 601 665 666
3 601 666 602
3 602 666 667
3 602 667 603
3 603 667 668
3 603 668 604
3 604 668 669
3 604 669 605
3 605 669 670
3 605 670 606
3 606 670 671
3 606 671 607
3 607 671 672
3 607 672 608
3 608 672 673
3 608 673 609
3 609 673 674
3 609 674 610
3 610 674 675
3 610 675 611
3 611 675 676
3 611 676 612
3 612 676 677
3 612 677 613
3 613 677 678
3 613 678 614
3 614 678 679
3 614 679 615
3 615 679 680
3 615 680 616
3 616 680 681
3 616 681 617
3 617 681 682
3 617 682 618
3 618 682 683
3 618 683 619
3 619 683 684
3 619 684 620
3 620 684 685
3 620 685 621
3 621 685 686
3 621 686 622
3 622 686 687
3 622 687 623
3 623 687 688
3 623 688 624
3 624 688 689
3 624 689 625
3 625 689 690
3 625 690 626
3 626 690 691
3 626 691 627
3 627 691 692
3 627 692 628
3 628 692 693
3 628 693 629
3 629 693 694
3 629 694 630
3 630 694 695
3 630 695 631
3 631 695 696
3 631 696 632
3 632 696 697
3 632 697 633
3 633 697 698
3 633 698 634
3 634 698 699
3 634 699 635
3 635 699 700
3 635 700 636
3 636 700 701
3 636 701 637
3 637 701 702
3 637 702 638
3 638 702 703
3 638 703 639
3 639 703 640
3 639 640 576
3 640 704 705
3 640 705 641
3 641 705 706
3 641 706 642
3 642 706 707
3 642 707 643
3 643 707 708
3 643 708 644
3 644 708 709
3 644 709 645
3 645 709 710
3 645 710 646
3 646 710 711
3 646 711 647
3 647 711 712
3 647 712 648
3 648 712 713
3 648 713 649
3 649 713 714
3 649 714 650
3 650 714 715
3 650 715 651
3 651 715 716
3 651 716 652
3 652 716 717
3 652 717 653
3 653 717 718
3 653 718 654
3 654 718 719
3 654 719 655
3 655 719 720
3 655 720 656
3 656 720 721
3 656 721 657
3 657 721 722
3 657 722 658
3 658 722 723
3 658 723 659
3 659 723 724
3 659 724 660
3 660 724 725
3 660 725 661
3 661 725 726
3 661 726 662
3 662 726 727
3 662 727 663
3 663 727 728
3 663 728 664
3 664 728 729
3 664 729 665
3 665 729 730
3 665 730 666
3 666 730 731
3 666 731 667
3 667 731 732
3 667 732 668
3 668 732 733
3 668 733 669
3 669 733 734
3 669 734 670
3 670 734 735
3 670 735 671
3 671 735 736
3 671 736 672
3 672 736 737
3 672 737 673
3 673 737 738
3 673 738 674
3 674 738 739
3 674 739 675
3 675 739 740
3 675 740 676
3 676 740 741
3 676 741 677
3 677 741 742
3 677 742 678
3 678 742 743
3 678 743 679
3 679 743 744
3 679 744 680
3 680 744 745
3 680 745 681
3 681 745 746
3 681 746 682
3 682 746 747
3 682 747 683
3 683 747 748
3 683 748 684
3 684 748 749
3 684 749 685
3 685 749 750
3 685 750 686
3 686 750 751
3 686 751 687
3 687 751 752
3 687 752 688
3 688 752 753
3 688 753 689
3 689 753 754
3 689 754 690
3 690 754 755
3 690 755 691
3 691 755 756
3 691 756 692
3 692 756 757
3 692 757 693
3 693 757 758
3 693 758 694
3 694 758 759
3 694 759 695
3 695 759 760
3 695 760 696
3 696 760 761
3 696 761 697
3 697 761 762
3 697 762 698
3 698 762 763
3 698 763 699
3 699 763 764
3 699 764 700
3 700 764 765
3 700 765 701
3 701 765 766
3 701 766 702
3 702 766 767
3 702 767 703
3 703 767 704
3 703 704 640
3 704 768 769
3 704 769 705
3 705 769 770
3 705 770 706
3 706 770 771
3 706 771 707
3 707 771 772
3 707 772 708
3 708 772 773
3 708 773 709
3 709 773 774
3 709 774 710
3 710 774 775
3 710 775 711
3 711 775 776
3 711 776 712
3 712 776 777
3 712 777 713
3 713 777 778
3 713 778 714
3 714 778 779
3 714 779 715
3 715 779 780
3 715 780 716
3 716 780 781
3 716 781 717
3 717 781 782
3 717 782 718
3 718 782 783
3 718 783 719
3 719 783 784
3 719 784 720
3 720 784 785
3 720 785 721
3 721 785 786
3 721 786 722
3 722 786 787
3 722 787 723
3 723 787 788
3 723 788 724
3 724 788 789
3 724 789 725
3 725 789 790
3 725 790 726
3 726 790 791
3 726 791 727
3 727 791 792
3 727 792 728
3 728 792 793
3 728 793 729
3 729 793 794
3 729 794 730
3 730 794 795
3 730 795 731
3 731 795 796
3 731 796 732
3 732 796 797
3 732 797 733
3 733 797 798
3 733 798 734
3 734 798 799
3 734 799 735
3 735 799 800
3 735 800 736
3 736 800 801
3 736 801 737
3 737 801 802
3 737 802 738
3 738 802 803
3 738 803 739
3 739 803 804
3 739 804 740
3 740 804 805
3 740 805 741
3 741 805 806
3 741 806 742
3 742 806 807
3 742 807 743
3 743 807 808
3 743 808 744
3 744 808 809
3 744 809 745
3 745 809 810
3 745 810 746
3 746 810 811
3 746 811 747
3 747 811 812
3 747 812 748
3 748 812 813
3 748 813 749
3 749 813 814
3 749 814 750
3 750 814 815
3 750 815 751
3 751 815 816
3 751 816 752
3 752 816 817
3 752 817 753
3 753 817 818
3 753 818 754
3 754 818 819
3 754 819 755
3 755 819 820
3 755 820 756
3 756 820 821
3 756 821 757
3 757 821 822
3 757 822 758
3 758 822 823
3 758 823 759
3 759 823 824
3 759 824 760
3 760 824 825
3 760 825 761
3 761 825 826
3 761 826 762
3 762 826 827
3 762 827 763
3 763 827 828
3 763 828 764
3 764 828 829
3 764 829 765
3 765 829 830
3 765 830 766
3 766 830 831
3 766 831 767
3 767 831 768
3 767 768 704
3 768 832 833
3 768 833 769
3 769 833 834
3 769 834 770
3 770 834 835
3 770 835 771
3 771 835 836
3 771 836 772
3 772 836 837
3 772 837 773
3 773 837 838
3 773 838 774
3 774 838 839
3 774 839 775
3 775 839 840
3 775 840 776
3 776 840 841
3 776 841 777
3 777 841 842
3 777 842 778
3 778 842 843
3 778 843 779
3 779 843 844
3 779 844 780
3 780 844 845
3 780 845 781
3 781 845 846
3 781 846 782
3 782 846 847
3 782 847 783
3 783 847 848
3 783 848 784
3 784 848 849
3 784 849 785
3 785 849 850
3 785 850 786
3 786 850 851
3 786 851 787
3 787 851 852
3 787 852 788
3 788 852 853
3 788 853 789
3 789 853 854
3 789 854 790
3 790 854 855
3 790 855 791
3 791 855 856
3 791 856 792
3 792 856 857
3 792 857 793
3 793 857 858
3 793 858 794
3 794 858 859
3 794 859 795
3 795 859 860
3 795 860 796
3 796 860 861
3 796 861 797
3 797 861 862
3 797 862 798
3 798 862 863
3 798 863 799
3 799 863 864
3 799 864 800
3 800 864 865
3 800 865 801
3 801 865 866
3 801 866 802
3 802 866 867
3 802 867 803
3 803 867 868
3 803 868 804
3 804 868 869
3 804 869 805
3 805 869 870
3 805 870 806
3 806 870 871
3 806 871 807
3 807 871 872
3 807 872 808
3 808 872 873
3 808 873 809
3 809 873 874
3 809 874 810
3 810 874 875
3 810 875 811
3 811 875 876
3 811 876 812
3 812 876 877
3 812 877 813
3 813 877 878
3 813 878 814
3 814 878 879
3 814 879 815
3 815 879 880
3 815 880 816
3 816 880 881
3 816 881 817
3 817 881 882
3 817 882 818
3 818 882 883
3 818 883 819
3 819 883 884
3 819 884 820
3 820 884 885
3 820 885 821
3 821 885 886
3 821 886 822
3 822 886 887
3 822 887 823
3 823 887 888
3 823 888 824
3 824 888 889
3 824 889 825
3 825 889 890
3 825 890 826
3 826 890 891
3 826 891 827
3 827 891 892
3 827 892 828
3 828 892 893
3 828 893 829
3 829 893 894
3 829 894 830
3 830 894 895
3 830 895 831
3 831 895 832
3 831 832 768
3 832 896 897
3 832 897 833
3 833 897 898
3 833 898 834
3 834 898 899
3 834 899 835
3 835 899 900
3 835 900 836
3 836 900 901
3 836 901 837
3 837 901 902
3 837 902 838
3 838 902 903
3 838 903 839
3 839 903 904
3 839 904 840
3 840 904 905
3 840 905 841
3 841 905 906
3 841 906 842
3 842 906 907
3 842 907 843
3 843 907 908
3 843 908 844
3 844 908 909
3 844 909 845
3 845 909 910
3 845 910 846
3 846 910 911
3 846 911 847
3 847 911 912
3 847 912 848
3 848 912 913
3 848 913 849
3 849 913 914
3 849 914 850
3 850 914 915
3 850 915 851
3 851 915 916
3 851 916 852
3 852 916 917
3 852 917 853
3 853 917 918
3 853 918 854
3 854 918 919
3 854 919 855
3 855 919 920
3 855 920 856
3 856 920 921
3 856 921 857
3 857 921 922
3 857 922 858
3 858 922 923
3 858 923 859
3 859 923 924
3 859 924 860
3 860 924 925
3 860 925 861
3 861 925 926
3 861 926 862
3 862 926 927
3 862 927 863
3 863 927 928
3 863 928 864
3 864 928 929
3 864 929 865
3 865 929 930
3 865 930 866
3 866 930 931
3 866 931 867
3 867 931 932
3 867 932 868
3 868 932 933
3 868 933 869
3 869 933 934
3 869 934 870
3 870 934 935
3 870 935 871
3 871 935 936
3 871 936 872
3 872 936 937
3 872 937 873
3 873 937 938
3 873 938 874
3 874 938 939
3 874 939 875
3 875 939 940
3 875 940 876
3 876 940 941
3 876 941 877
3 877 941 942
3 877 942 878
3 878 942 943
3 878 943 879
3 879 943 944
3 879 944 880
3 880 944 945
3 880 945 881
3 881 945 946
3 881 946 882
3 882 946 947
3 882 947 883
3 883 947 948
3 883 948 884
3 884 948 949
3 884 949 885
3 885 949 950
3 885 950 886
3 886 950 951
3 886 951 887
3 887 951 952
3 887 952 888
3 888 952 953
3 888 953 889
3 889 953 954
3 889 954 890
3 890 954 955
3 890 955 891
3 891 955 956
3 891 956 892
3 892 956 957
3 892 957 893
3 893 957 958
3 893 958 894
3 894 958 959
3 894 959 895
3 895 959 896
3 895 896 832
3 896 960 961
3 896 961 897
3 897 961 962
3 897 962 898
3 898 962 963
3 898 963 899
3 899 963 964
3 899 964 900
3 900 964 965
3 900 965 901
3 901 965 966
3 901 966 902
3 902 966 967
3 902 967 903
3 903 967 968
3 903 968 904
3 904 968 969
3 904 969 905
3 905 969 970
3 905 970 906
3 906 970 971
3 906 971 907
3 907 971 972
3 907 972 908
3 908 972 973
3 908 973 909
3 909 973 974
3 909 974 910
3 910 974 975
3 910 975 911
3 911 975 976
3 911 976 912
3 912 976 977
3 912 977 913
3 913 977 978
3 913 978 914
3 914 978 979
3 914 979 915
3 915 979 980
3 915 980 916
3 916 980 981
3 916 981 917
3 917 981 982
3 917 982 918
3 918 982 983
3 918 983 919
3 919 983 984
3 919 984 920
3 920 984 985
3 920 985 921
3 921 985 986
3 921 986 922
3 922 986 987
3 922 987 923
3 923 987 988
3 923 988 924
3 924 988 989
3 924 989 925
3 925 989 990
3 925 990 926
3 926 990 991
3 926 991 927
3 927 991 992
3 927 992 928
3 928 992 993
3 928 993 929
3 929 993 994
3 929 994 930
3 930 994 995
3 930 995 931
3 931 995 996
3 931 996 932
3 932 996 997
3 932 997 933
3 933 997 998
3 933 998 934
3 934 998 999
3 934 999 935
3 935 999 1000
3 935 1000 936
3 936 1000 1001
3 936 1001 937
3 937 1001 1002
3 937 1002 938
3 938 1002 1003
3 938 1003 939
3 939 1003 1004
3 939 1004 940
3 940 1004 1005
3 940 1005 941
3 941 1005 1006
3 941 1006 942
3 942 1006 1007
3 942 1007 943
3 943 1007 1008
3 943 1008 944
3 944 1008 1009
3 944 1009 945
3 945 1009 1010
3 945 1010 946
3 946 1010 1011
3 946 1011 947
3 947 1011 1012
3 947 1012 948
3 948 1012 1013
3 948 1013 949
3 949 1013 1014
3 949 1014 950
3 950 1014 1015
3 950 1015 951
3 951 1015 1016
3 951 1016 952
3 952 1016 1017
3 952 1017 953
3 953 1017 1018
3 953 1018 954
3 954 1018 1019
3 954 1019 955
3 955 1019 1020
3 955 1020 956
3 956 1020 1021
3 956 1021 957
3 957 1021 1022
3 957 1022 958
3 958 1022 1023
3 958 1023 959
3 959 1023 960
3 959 960 896
3 960 1024 1025
3 960 1025 961
3 961 1025 1026
3 961 1026 962
3 962 1026 1027
3 962 1027 963
3 963 1027 1028
3 963 1028 964
3 964 1028 1029
3 964 1029 965
3 965 1029 1030
3 965 1030 966
3 966 1030 1031
3 966 1031 967
3 967 1031 1032
3 967 1032 968
3 968 1032 1033
3 968 1033 969
3 969 1033 1034
3 969 1034 970
3 970 1034 1035
3 970 1035 971
3 971 1035 1036
3 971 1036 972
3 972 1036 1037
3 972 1037 973
3 973 1037 1038
3 973 1038 974
3 974 1038 1039
3 974 1039 975
3 975 1039 1040
3 975 1040 976
3 976 1040 1041
3 976 1041 977
3 977 1041 1042
3 977 1042 978
3 978 1042 1043
3 978 1043 979
3 979 1043 1044
3 979 1044 980
3 980 1044 1045
3 980 1045 981
3 981 1045 1046
3 981 1046 982
3 982 1046 1047
3 982 1047 983
3 983 1047 1048
3 983 1048 984
3 984 1048 1049
3 984 1049 985
3 985 1049 1050
3 985 1050 986
3 986 1050 1051
3 986 1051 987
3 987 1051 1052
3 987 1052 988
3 988 1052 1053
3 988 1053 989
3 989 1053 1054
3 989 1054 990
3 990 1054 1055
3 990 1055 991
3 991 1055 1056
3 991 1056 992
3 992 1056 1057
3 992 1057 993
3 993 1057 1058
3 993 1058 994
3 994 1058 1059
3 994 1059 995
3 995 1059 1060
3 995 1060 996
3 996 1060 1061
3 996 1061 997
3 997 1061 1062
3 997 1062 998
3 998 1062 1063
3 998 1063 999
3 999 1063 1064
3 999 1064 1000
3 1000 1064 1065
3 1000 1065 1001
3 1001 1065 1066
3 1001 1066 1002
3 1002 1066 1067
3 1002 1067 1003
3 1003 1067 1068
3 1003 1068 1004
3 1004 1068 1069
3 1004 1069 1005
3 1005 1069 1070
3 1005 1070 1006
3 1006 1070 1071
3 1006 1071 1007
3 1007 1071 1072
3 1007 1072 1008
3 1008 1072 1073
3 1008 1073 1009
3 1009 1073 1074
3 1009 1074 1010
3 1010 1074 1075
3 1010 1075 1011
3 1011 1075 1076
3 1011 1076 1012
3 1012 1076 1077
3 1012 1077 1013
3 1013 1077 1078
3 1013 1078 1014
3 1014 1078 1079
3 1014 1079 1015
3 1015 1079 1080
3 1015 1080 1016
3 1016 1080 1081
3 1016 1081 1017
3 1017 1081 1082
3 1017 1082 1018
3 1018 1082 1083
3 1018 1083 1019
3 1019 1083 1084
3 1019 1084 1020
3 1020 1084 1085
3 1020 1085 1021
3 1021 1085 1086
3 1021 1086 1022
3 1022 1086 1087
3 1022 1087 1023
3 1023 1087 1024
3 1023 1024 960
3 1024 1088 1089
3 1024 1089 1025
3 1025 1089 1090
3 1025 1090 1026
3 1026 1090 1091
3 1026 1091 1027
3 1027 1091 1092
3 1027 1092 1028
3 1028 1092 1093
3 1028 1093 1029
3 1029 1093 1094
3 1029 1094 1030
3 1030 1094 1095
3 1030 1095 1031
3 1031 1095 1096
3 1031 1096 1032
3 1032 1096 1097
3 1032 1097 1033
3 1033 1097 1098
3 1033 1098 1034
3 1034 1098 1099
3 1034 1099 1035
3 1035 1099 1100
3 1035 1100 1036
3 1036 1100 1101
3 1036 1101 1037
3 1037 1101 1102
3 1037 1102 1038
3 1038 1102 1103
3 1038 1103 1039
3 1039 1103 1104
3 1039 1104 1040
3 1040 1104 1105
3 1040 1105 1041
3 1041 1105 1106
3 1041 1106 1042
3 1042 1106 1107
3 1042 1107 1043
3 1043 1107 1108
3 1043 1108 1044
3 1044 1108 1109
3 1044 1109 1045
3 1045 1109 1110
3 1045 1110 1046
3 1046 1110 1111
3 1046 1111 1047
3 1047 1111 1112
3 1047 1112 1048
3 1048 1112 1113
3 1048 1113 1049
3 1049 1113 1114
3 1049 1114 1050
3 1050 1114 1115
3 1050 1115 1051
3 1051 1115 1116
3 1051 1116 1052
3 1052 1116 1117
3 1052 1117 1053
3 1053 1117 1118
3 1053 1118 1054
3 1054 1118 1119
3 1054 1119 1055
3 1055 1119 1120
3 1055 1120 1056
3 1056 1120 1121
3 1056 1121 1057
3 1057 1121 1122
3 1057 1122 1058
3 1058 1122 1123
3 1058 1123 1059
3 1059 1123 1124
3 1059 1124 1060
3 1060 1124 1125
3 1060 1125 1061
3 1061 1125 1126
3 1061 1126 1062
3 1062 1126 1127
3 1062 1127 1063
3 1063 1127 1128
3 1063 1128 1064
3 1064 1128 1129
3 1064 1129 1065
3 1065 1129 1130
3 1065 1130 1066
3 1066 1130 1131
3 1066 1131 1067
3 1067 1131 1132
3 1067 1132 1068
3 1068 1132 1133
3 1068 1133 1069
3 1069 1133 1134
3 1069 1134 1070
3 1070 1134 1135
3 1070 1135 1071
3 1071 1135 1136
3 1071 1136 1072
3 1072 1136 1137
3 1072 1137 1073
3 1073 1137 1138
3 1073 1138 1074
3 1074 1138 1139
3 1074 1139 1075
3 1075 1139 1140
3 1075 1140 1076
3 1076 1140 1141
3 1076 1141 1077
3 1077 1141 1142
3 1077 1142 1078
3 1078 1142 1143
3 1078 1143 1079
3 1079 1143 1144
3 1079 1144 1080
3 1080 1144 1145
3 1080 1145 1081
3 1081 1145 1146
3 1081 1146 1082
3 1082 1146 1147
3 1082 1147 1083
3 1083 1147 1148
3 1083 1148 1084
3 1084 1148 1149
3 1084 1149 1085
3 1085 1149 1150
3 1085 1150 1086
3 1086 1150 1151
3 1086 1151 1087
3 1087 1151 1088
3 1087 1088 1024
3 1088 1152 1153
3 1088 1153 1089
3 1089 1153 1154
3 1089 1154 1090
3 1090 1154 1155
3 1090 1155 1091
3 1091 1155 1156
3 1091 1156 1092
3 1092 1156 1157
3 1092 1157 1093
3 1093 1157 1158
3 1093 1158 1094
3 1094 1158 1159
3 1094 1159 1095
3 1095 1159 1160
3 1095 1160 1096
3 1096 1160 1161
3 1096 1161 1097
3 1097 1161 1162
3 1097 1162 1098
3 1098 1162 1163
3 1098 1163 1099
3 1099 1163 1164
3 1099 1164 1100
3 1100 1164 1165
3 1100 1165 1101
3 1101 1165 1166
3 1101 1166 1102
3 1102 1166 1167
3 1102 1167 1103
3 1103 1167 1168
3 1103 1168 1104
3 1104 1168 1169
3 1104 1169 1105
3 1105 1169 1170
3 1105 1170 1106
3 1106 1170 1171
3 1106 1171 1107
3 1107 1171 1172
3 1107 1172 1108
3 1108 1172 1173
3 1108 1173 1109
3 1109 1173 1174
3 1109 1174 1110
3 1110 1174 1175
3 1110 1175 1111
3 1111 1175 1176
3 1111 1176 1112
3 1112 1176 1177
3 1112 1177 1113
3 1113 1177 1178
3 1113 1178 1114
3 1114 1178 1179
3 1114 1179 1115
3 1115 1179 1180
3 1115 1180 1116
3 1116 1180 1181
3 1116 1181 1117
3 1117 1181 1182
3 1117 1182 1118
3 1118 1182 1183
3 1118 1183 1119
3 1119 1183 1184
3 1119 1184 1120
3 1120 1184 1185
3 1120 1185 1121
3 1121 1185 1186
3 1121 1186 1122
3 1122 1186 1187
3 1122 1187 1123
3 1123 1187 1188
3 1123 1188 1124
3 1124 1188 1189
3 1124 1189 1125
3 1125 1189 1190
3 1125 1190 1126
3 1126 1190 1191
3 1126 1191 1127
3 1127 1191 1192
3 1127 1192 1128
3 1128 1192 1193
3 1128 1193 1129
3 1129 1193 1194
3 1129 1194 1130
3 1130 1194 1195
3 1130 1195 1131
3 1131 1195 1196
3 1131 1196 1132
3 1132 1196 1197
3 1132 1197 1133
3 1133 1197 1198
3 1133 1198 1134
3 1134 1198 1199
3 1134 1199 1135
3 1135 1199 1200
3 1135 1200 1136
3 1136 1200 1201
3 1136 1201 1137
3 1137 1201 1202
3 1137 1202 1138
3 1138 1202 1203
3 1138 1203 1139
3 1139 1203 1204
3 1139 1204 1140
3 1140 1204 1205
3 1140 1205 1141
3 1141 1205 1206
3 1141 1206 1142
3 1142 1206 1207
3 1142 1207 1143
3 1143 1207 1208
3 1143 1208 1144
3 1144 1208 1209
3 1144 1209 1145
3 1145 1209 1210
3 1145 1210 1146
3 1146 1210 1211
3 1146 1211 1147
3 1147 1211 1212
3 1147 1212 1148
3 1148 1212 1213
3 1148 1213 1149
3 1149 1213 1214
3 1149 1214 1150
3 1150 1214 1215
3 1150 1215 1151
3 1151 1215 1152
3 1151 1152 1088
3 1152 1216 1217
3 1152 1217 1153
3 1153 1217 1218
3 1153 1218 1154
3 1154 1218 1219
3 1154 1219 1155
3 1155 1219 1220
3 1155 1220 1156
3 1156 1220 1221
3 1156 1221 1157
3 1157 1221 1222
3 1157 1222 1158
3 1158 1222 1223
3 1158 1223 1159
3 1159 1223 1224
3 1159 1224 1160
3 1160 1224 1225
3 1160 1225 1161
3 1161 1225 1226
3 1161 1226 1162
3 1162 1226 1227
3 1162 1227 1163
3 1163 1227 1228
3 1163 1228 1164
3 1164 1228 1229
3 1164 1229 1165
3 1165 1229 1230
3 1165 1230 1166
3 1166 1230 1231
3 1166 1231 1167
3 1167 1231 1232
3 1167 1232 1168
3 1168 1232 1233
3 1168 1233 1169
3 1169 1233 1234
3 1169 1234 1170
3 1170 1234 1235
3 1170 1235 1171
3 1171 1235 1236
3 1171 1236 1172
3 1172 1236 1237
3 1172 1237 1173
3 1173 1237 1238
3 1173 1238 1174
3 1174 1238 1239
3 1174 1239 1175
3 1175 1239 1240
3 1175 1240 1176
3 1176 1240 1241
3 1176 1241 1177
3 1177 1241 1242
3 1177 1242 1178
3 1178 1242 1243
3 1178 1243 1179
3 1179 1243 1244
3 1179 1244 1180
3 1180 1244 1245
3 1180 1245 1181
3 1181 1245 1246
3 1181 1246 1182
3 1182 1246 1247
3 1182 1247 1183
3 1183 1247 1248
3 1183 1248 1184
3 1184 1248 1249
3 1184 1249 1185
3 1185 1249 1250
3 1185 1250 1186
3 1186 1250 1251
3 1186 1251 1187
3 1187 1251 1252
3 1187 1252 1188
3 1188 1252 1253
3 1188 1253 1189
3 1189 1253 1254
3 1189 1254 1190
3 1190 1254 1255
3 1190 1255 1191
3 1191 1255 1256
3 1191 1256 1192
3 1192 1256 1257
3 1192 1257 1193
3 1193 1257 1258
3 1193 1258 1194
3 1194 1258 1259
3 1194 1259 1195
3 1195 1259 1260
3 1195 1260 1196
3 1196 1260 1261
3 1196 1261 1197
3 1197 1261 1262
3 1197 1262 1198
3 1198 1262 1263
3 1198 1263 1199
3 1199 1263 1264
3 1199 1264 1200
3 1200 1264 1265
3 1200 1265 1201
3 1201 1265 1266
3 1201 1266 1202
3 1202 1266 1267
3 1202 1267 1203
3 1203 1267 1268
3 1203 1268 1204
3 1204 1268 1269
3 1204 1269 1205
3 1205 1269 1270
3 1205 1270 1206
3 1206 1270 1271
3 1206 1271 1207
3 1207 1271 1272
3 1207 1272 1208
3 1208 1272 1273
3 1208 1273 1209
3 1209 1273 1274
3 1209 1274 1210
3 1210 1274 1275
3 1210 1275 1211
3 1211 1275 1276
3 1211 1276 1212
3 1212 1276 1277
3 1212 1277 1213
3 1213 1277 1278
3 1213 1278 1214
3 1214 1278 1279
3 1214 1279 1215
3 1215 1279 1216
3 1215 1216 1152
3 1216 1280 1281
3 1216 1281 1217
3 1217 1281 1282
3 1217 1282 1218
3 1218 1282 1283
3 1218 1283 1219
3 1219 1283 1284
3 1219 1284 1220
3 1220 1284 1285
3 1220 1285 1221
3 1221 1285 1286
3 1221 1286 1222
3 1222 1286 1287
3 1222 1287 1223
3 1223 1287 1288
3 1223 1288 1224
3 1224 1288 1289
3 1224 1289 1225
3 1225 1289 1290
3 1225 1290 1226
3 1226 1290 1291
3 1226 1291 1227
3 1227 1291 1292
3 1227 1292 1228
3 1228 1292 1293
3 1228 1293 1229
3 1229 1293 1294
3 1229 1294 1230
3 1230 1294 1295
3 1230 1295 1231
3 1231 1295 1296
3 1231 1296 1232
3 1232 1296 1297
3 1232 1297 1233
3 1233 1297 1298
3 1233 1298 1234
3 1234 1298 1299
3 1234 1299 1235
3 1235 1299 1300
3 1235 1300 1236
3 1236 1300 1301
3 1236 1301 1237
3 1237 1301 1302
3 1237 1302 1238
3 1238 1302 1303
3 1238 1303 1239
3 1239 1303 1304
3 1239 1304 1240
3 1240 1304 1305
3 1240 1305 1241
3 1241 1305 1306
3 1241 1306 1242
3 1242 1306 1307
3 1242 1307 1243
3 1243 1307 1308
3 1243 1308 1244
3 1244 1308 1309
3 1244 1309 1245
3 1245 1309 1310
3 1245 1310 1246
3 1246 1310 1311
3 1246 1311 1247
3 1247 1311 1312
3 1247 1312 1248
3 1248 1312 1313
3 1248 1313 1249
3 1249 1313 1314
3 1249 1314 1250
3 1250 1314 1315
3 1250 1315 1251
3 1251 1315 1316
3 1251 1316 1252
3 1252 1316 1317
3 1252 1317 1253
3 1253 1317 1318
3 1253 1318 1254
3 1254 1318 1319
3 1254 1319 1255
3 1255 1319 1320
3 1255 1320 1256
3 1256 1320 1321
3 1256 1321 1257
3 1257 1321 1322
3 1257 1322 1258
3 1258 1322 1323
3 1258 1323 1259
3 1259 1323 1324
3 1259 1324 1260
3 1260 1324 1325
3 1260 1325 1261
3 1261 1325 1326
3 1261 1326 1262
3 1262 1326 1327
3 1262 1327 1263
3 1263 1327 1328
3 1263 1328 1264
3 1264 1328 1329
3 1264 1329 1265
3 1265 1329 1330
3 1265 1330 1266
3 1266 1330 1331
3 1266 1331 1267
3 1267 1331 1332
3 1267 1332 1268
3 1268 1332 1333
3 1268 1333 1269
3 1269 1333 1334
3 1269 1334 1270
3 1270 1334 1335
3 1270 1335 1271
3 1271 1335 1336
3 1271 1336 1272
3 1272 1336 1337
3 1272 1337 1273
3 1273 1337 1338
3 1273 1338 1274
3 1274 1338 1339
3 1274 1339 1275
3 1275 1339 1340
3 1275 1340 1276
3 1276 1340 1341
3 1276 1341 1277
3 1277 1341 1342
3 1277 1342 1278
3 1278 1342 1343
3 1278 1343 1279
3 1279 1343 1280
3 1279 1280 1216
3 1280 1344 1345
3 1280 1345 1281
3 1281 1345 1346
3 1281 1346 1282
3 1282 1346 1347
3 1282 1347 1283
3 1283 1347 1348
3 1283 1348 1284
3 1284 1348 1349
3 1284 1349 1285
3 1285 1349 1350
3 1285 1350 1286
3 1286 1350 1351
3 1286 1351 1287
3 1287 1351 1352
3 1287 1352 1288
3 1288 1352 1353
3 1288 1353 1289
3 1289 1353 1354
3 1289 1354 1290
3 1290 1354 1355
3 1290 1355 1291
3 1291 1355 1356
3 1291 1356 1292
3 1292 1356 1357
3 1292 1357 1293
3 1293 1357 1358
3 1293 1358 1294
3 1294 1358 1359
3 1294 1359 1295
3 1295 1359 1360
3 1295 1360 1296
3 1296 1360 1361
3 1296 1361 1297
3 1297 1361 1362
3 1297 1362 1298
3 1298 1362 1363
3 1298 1363 1299
3 1299 1363 1364
3 1299 1364 1300
3 1300 1364 1365
3 1300 1365 1301
3 1301 1365 1366
3 1301 1366 1302
3 1302 1366 1367
3 1302 1367 1303
3 1303 1367 1368
3 1303 1368 1304
3 1304 1368 1369
3 1304 1369 1305
3 1305 1369 1370
3 1305 1370 1306
3 1306 1370 1371
3 1306 1371 1307
3 1307 1371 1372
3 1307 1372 1308
3 1308 1372 1373
3 1308 1373 1309
3 1309 1373 1374
3 1309 1374 1310
3 1310 1374 1375
3 1310 1375 1311
3 1311 1375 1376
3 1311 1376 1312
3 1312 1376 1377
3 1312 1377 1313
3 1313 1377 1378
3 1313 1378 1314
3 1314 1378 1379
3 1314 1379 1315
3 1315 1379 1380
3 1315 1380 1316
3 1316 1380 1381
3 1316 1381 1317
3 1317 1381 1382
3 1317 1382 1318
3 1318 1382 1383
3 1318 1383 1319
3 1319 1383 1384
3 1319 1384 1320
3 1320 1384 1385
3 1320 1385 1321
3 1321 1385 1386
3 1321 1386 1322
3 1322 1386 1387
3 1322 1387 1323
3 1323 1387 1388
3 1323 1388 1324
3 1324 1388 1389
3 1324 1389 1325
3 1325 1389 1390
3 1325 1390 1326
3 1326 1390 1391
3 1326 1391 1327
3 1327 1391 1392
3 1327 1392 1328
3 1328 1392 1393
3 1328 1393 1329
3 1329 1393 1394
3 1329 1394 1330
3 1330 1394 1395
3 1330 1395 1331
3 1331 1395 1396
3 1331 1396 1332
3 1332 1396 1397
3 1332 1397 1333
3 1333 1397 1398
3 1333 1398 1334
3 1334 1398 1399
3 1334 1399 1335
3 1335 1399 1400
3 1335 1400 1336
3 1336 1400 1401
3 1336 1401 1337
3 1337 1401 1402
3 1337 1402 1338
3 1338 1402 1403
3 1338 1403 1339
3 1339 1403 1404
3 1339 1404 1340
3 1340 1404 1405
3 1340 1405 1341
3 1341 1405 1406
3 1341 1406 1342
3 1342 1406 1407
3 1342 1407 1343
3 1343 1407 1344
3 1343 1344 1280
3 1344 1408 1409
3 1344 1409 1345
3 1345 1409 1410
3 1345 1410 1346
3 1346 1410 1411
3 1346 1411 1347
3 1347 1411 1412
3 1347 1412 1348
3 1348 1412 1413
3 1348 1413 1349
3 1349 1413 1414
3 1349 1414 1350
3 1350 1414 1415
3 1350 1415 1351
3 1351 1415 1416
3 1351 1416 1352
3 1352 1416 1417
3 1352 1417 1353
3 1353 1417 1418
3 1353 1418 1354
3 1354 1418 1419
3 1354 1419 1355
3 1355 1419 1420
3 1355 1420 1356
3 1356 1420 1421
3 1356 1421 1357
3 1357 1421 1422
3 1357 1422 1358
3 1358 1422 1423
3 1358 1423 1359
3 1359 1423 1424
3 1359 1424 1360
3 1360 1424 1425
3 1360 1425 1361
3 1361 1425 1426
3 1361 1426 1362
3 1362 1426 1427
3 1362 1427 1363
3 1363 1427 1428
3 1363 1428 1364
3 1364 1428 1429
3 1364 1429 1365
3 1365 1429 1430
3 1365 1430 1366
3 1366 1430 1431
3 1366 1431 1367
3 1367 1431 1432
3 1367 1432 1368
3 1368 1432 1433
3 1368 1433 1369
3 1369 1433 1434
3 1369 1434 1370
3 1370 1434 1435
3 1370 1435 1371
3 1371 1435 1436
3 1371 1436 1372
3 1372 1436 1437
3 1372 1437 1373
3 1373 1437 1438
3 1373 1438 1374
3 1374 1438 1439
3 1374 1439 1375
3 1375 1439 1440
3 1375 1440 1376
3 1376 1440 1441
3 1376 1441 1377
3 1377 1441 1442
3 1377 1442 1378
3 1378 1442 1443
3 1378 1443 1379
3 1379 1443 1444
3 1379 1444 1380
3 1380 1444 1445
3 1380 1445 1381
3 1381 1445 1446
3 1381 1446 1382
3 1382 1446 1447
3 1382 1447 1383
3 1383 1447 1448
3 1383 1448 1384
3 1384 1448 1449
3 1384 1449 1385
3 1385 1449 1450
3 1385 1450 1386
3 1386 1450 1451
3 1386 1451 1387
3 1387 1451 1452
3 1387 1452 1388
3 1388 1452 1453
3 1388 1453 1389
3 1389 1453 1454
3 1389 1454 1390
3 1390 1454 1455
3 1390 1455 1391
3 1391 1455 1456
3 1391 1456 1392
3 1392 1456 1457
3 1392 1457 1393
3 1393 1457 1458
3 1393 1458 1394
3 1394 1458 1459
3 1394 1459 1395
3 1395 1459 1460
3 1395 1460 1396
3 1396 1460 1461
3 1396 1461 1397
3 1397 1461 1462
3 1397 1462 1398
3 1398 1462 1463
3 1398 1463 1399
3 1399 1463 1464
3 1399 1464 1400
3 1400 1464 1465
3 1400 1465 1401
3 1401 1465 1466
3 1401 1466 1402
3 1402 1466 1467
3 1402 1467 1403
3 1403 1467 1468
3 1403 1468 1404
3 1404 1468 1469
3 1404 1469 1405
3 1405 1469 1470
3 1405 1470 1406
3 1406 1470 1471
3 1406 1471 1407
3 1407 1471 1408
3 1407 1408 1344
3 1408 1472 1473
3 1408 1473 1409
3 1409 1473 1474
3 1409 1474 1410
3 1410 1474 1475
3 1410 1475 1411
3 1411 1475 1476
3 1411 1476 1412
3 1412 1476 1477
3 1412 1477 1413
3 1413 1477 1478
3 1413 1478 1414
3 1414 1478 1479
3 1414 1479 1415
3 1415 1479 1480
3 1415 1480 1416
3 1416 1480 1481
3 1416 1481 1417
3 1417 1481 1482
3 1417 1482 1418
3 1418 1482 1483
3 1418 1483 1419
3 1419 1483 1484
3 1419 1484 1420
3 1420 1484 1485
3 1420 1485 1421
3 1421 1485 1486
3 1421 1486 1422
3 1422 1486 1487
3 1422 1487 1423
3 1423 1487 1488
3 1423 1488 1424
3 1424 1488 1489
3 1424 1489 1425
3 1425 1489 1490
3 1425 1490 1426
3 1426 1490 1491
3 1426 1491 1427
3 1427 1491 1492
3 1427 1492 1428
3 1428 1492 1493
3 1428 1493 1429
3 1429 1493 1494
3 1429 1494 1430
3 1430 1494 1495
3 1430 1495 1431
3 1431 1495 1496
3 1431 1496 1432
3 1432 1496 1497
3 1432 1497 1433
3 1433 1497 1498
3 1433 1498 1434
3 1434 1498 1499
3 1434 1499 1435
3 1435 1499 1500
3 1435 1500 1436
3 1436 1500 1501
3 1436 1501 1437
3 1437 1501 1502
3 1437 1502 1438
3 1438 1502 1503
3 1438 1503 1439
3 1439 1503 1504
3 1439 1504 1440
3 1440 1504 1505
3 1440 1505 1441
3 1441 1505 1506
3 1441 1506 1442
3 1442 1506 1507
3 1442 1507 1443
3 1443 1507 1508
3 1443 1508 1444
3 1444 1508 1509
3 1444 1509 1445
3 1445 1509 1510
3 1445 1510 1446
3 1446 1510 1511
3 1446 1511 1447
3 1447 1511 1512
3 1447 1512 1448
3 1448 1512 1513
3 1448 1513 1449
3 1449 1513 1514
3 1449 1514 1450
3 1450 1514 1515
3 1450 1515 1451
3 1451 1515 1516
3 1451 1516 1452
3 1452 1516 1517
3 1452 1517 1453
3 1453 1517 1518
3 1453 1518 1454
3 1454 1518 1519
3 1454 1519 1455
3 1455 1519 1520
3 1455 1520 1456
3 1456 1520 1521
3 1456 1521 1457
3 1457 1521 1522
3 1457 1522 1458
3 1458 1522 1523
3 1458 1523 1459
3 1459 1523 1524
3 1459 1524 1460
3 1460 1524 1525
3 1460 1525 1461
3 1461 1525 1526
3 1461 1526 1462
3 1462 1526 1527
3 1462 1527 1463
3 1463 1527 1528
3 1463 1528 1464
3 1464 1528 1529
3 1464 1529 1465
3 1465 1529 1530
3 1465 1530 1466
3 1466 1530 1531
3 1466 1531 1467
3 1467 1531 1532
3 1467 1532 1468
3 1468 1532 1533
3 1468 1533 1469
3 1469 1533 1534
3 1469 1534 1470
3 1470 1534 1535
3 1470 1535 1471
3 1471 1535 1472
3 1471 1472 1408
3 1472 1536 1537
3 1472 1537 1473
3 1473 1537 1538
3 1473 1538 1474
3 1474 1538 1539
3 1474 1539 1475
3 1475 1539 1540
3 1475 1540 1476
3 1476 1540 1541
3 1476 1541 1477
3 1477 1541 1542
3 1477 1542 1478
3 1478 1542 1543
3 1478 1543 1479
3 1479 1543 1544
3 1479 1544 1480
3 1480 1544 1545
3 1480 1545 1481
3 1481 1545 1546
3 1481 1546 1482
3 1482 1546 1547
3 1482 1547 1483
3 1483 1547 1548
3 1483 1548 1484
3 1484 1548 1549
3 1484 1549 1485
3 1485 1549 1550
3 1485 1550 1486
3 1486 1550 1551
3 1486 1551 1487
3 1487 1551 1552
3 1487 1552 1488
3 1488 1552 1553
3 1488 1553 1489
3 1489 1553 1554
3 1489 1554 1490
3 1490 1554 1555
3 1490 1555 1491
3 1491 1555 1556
3 1491 1556 1492
3 1492 1556 1557
3 1492 1557 1493
3 1493 1557 1558
3 1493 1558 1494
3 1494 1558 1559
3 1494 1559 1495
3 1495 1559 1560
3 1495 1560 1496
3 1496 1560 1561
3 1496 1561 1497
3 1497 1561 1562
3 1497 1562 1498
3 1498 1562 1563
3 1498 1563 1499
3 1499 1563 1564
3 1499 1564 1500
3 1500 1564 1565
3 1500 1565 1501
3 1501 1565 1566
3 1501 1566 1502
3 1502 1566 1567
3 1502 1567 1503
3 1503 1567 1568
3 1503 1568 1504
3 1504 1568 1569
3 1504 1569 1505
3 1505 1569 1570
3 1505 1570 1506
3 1506 1570 1571
3 1506 1571 1507
3 1507 1571 1572
3 1507 1572 1508
3 1508 1572 1573
3 1508 1573 1509
3 1509 1573 1574
3 1509 1574 1510
3 1510 1574 1575
3 1510 1575 1511
3 1511 1575 1576
3 1511 1576 1512
3 1512 1576 1577
3 1512 1577 1513
3 1513 1577 1578
3 1513 1578 1514
3 1514 1578 1579
3 1514 1579 1515
3 1515 1579 1580
3 1515 1580 1516
3 1516 1580 1581
3 1516 1581 1517
3 1517 1581 1582
3 1517 1582 1518
3 1518 1582 1583
3 1518 1583 1519
3 1519 1583 1584
3 1519 1584 1520
3 1520 1584 1585
3 1520 1585 1521
3 1521 1585 1586
3 1521 1586 1522
3 1522 1586 1587
3 1522 1587 1523
3 1523 1587 1588
3 1523 1588 1524
3 1524 1588 1589
3 1524 1589 1525
3 1525 1589 1590
3 1525 1590 1526
3 1526 1590 1591
3 1526 1591 1527
3 1527 1591 1592
3 1527 1592 1528
3 1528 1592 1593
3 1528 1593 1529
3 1529 1593 1594
3 1529 1594 1530
3 1530 1594 1595
3 1530 1595 1531
3 1531 1595 1596
3 1531 1596 1532
3 1532 1596 1597
3 1532 1597 1533
3 1533 1597 1598
3 1533 1598 1534
3 1534 1598 1599
3 1534 1599 1535
3 1535 1599 1536
3 1535 1536 1472
3 1536 1600 1601
3 1536 1601 1537
3 1537 1601 1602
3 1537 1602 1538
3 1538 1602 1603
3 1538 1603 1539
3 1539 1603 1604
3 1539 1604 1540
3 1540 1604 1605
3 1540 1605 1541
3 1541 1605 1606
3 1541 1606 1542
3 1542 1606 1607
3 1542 1607 1543
3 1543 1607 1608
3 1543 1608 1544
3 1544 1608 1609
3 1544 1609 1545
3 1545 1609 1610
3 1545 1610 1546
3 1546 1610 1611
3 1546 1611 1547
3 1547 1611 1612
3 1547 1612 1548
3 1548 1612 1613
3 1548 1613 1549
3 1549 1613 1614
3 1549 1614 1550
3 1550 1614 1615
3 1550 1615 1551
3 1551 1615 1616
3 1551 1616 1552
3 1552 1616 1617
3 1552 1617 1553
3 1553 1617 1618
3 1553 1618 1554
3 1554 1618 1619
3 1554 1619 1555
3 1555 1619 1620
3 1555 1620 1556
3 1556 1620 1621
3 1556 1621 1557
3 1557 1621 1622
3 1557 1622 1558
3 1558 1622 1623
3 1558 1623 1559
3 1559 1623 1624
3 1559 1624 1560
3 1560 1624 1625
3 1560 1625 1561
3 1561 1625 1626
3 1561 1626 1562
3 1562 1626 1627
3 1562 1627 1563
3 1563 1627 1628
3 1563 1628 1564
3 1564 1628 1629
3 1564 1629 1565
3 1565 1629 1630
3 1565 1630 1566
3 1566 1630 1631
3 1566 1631 1567
3 1567 1631 1632
3 1567 1632 1568
3 1568 1632 1633
3 1568 1633 1569
3 1569 1633 1634
3 1569 1634 1570
3 1570 1634 1635
3 1570 1635 1571
3 1571 1635 1636
3 1571 1636 1572
3 1572 1636 1637
3 1572 1637 1573
3 1573 1637 1638
3 1573 1638 1574
3 1574 1638 1639
3 1574 1639 1575
3 1575 1639 1640
3 1575 1640 1576
3 1576 1640 1641
3 1576 1641 1577
3 1577 1641 1642
3 1577 1642 1578
3 1578 1642 1643
3 1578 1643 1579
3 1579 1643 1644
3 1579 1644 1580
3 1580 1644 1645
3 1580 1645 1581
3 1581 1645 1646
3 1581 1646 1582
3 1582 1646 1647
3 1582 1647 1583
3 1583 1647 1648
3 1583 1648 1584
3 1584 1648 1649
3 1584 1649 1585
3 1585 1649 1650
3 1585 1650 1586
3 1586 1650 1651
3 1586 1651 1587
3 1587 1651 1652
3 1587 1652 1588
3 1588 1652 1653
3 1588 1653 1589
3 1589 1653 1654
3 1589 1654 1590
3 1590 1654 1655
3 1590 1655 1591
3 1591 1655 1656
3 1591 1656 1592
3 1592 1656 1657
3 1592 1657 1593
3 1593 1657 1658
3 1593 1658 1594
3 1594 1658 1659
3 1594 1659 1595
3 1595 1659 1660
3 1595 1660 1596
3 1596 1660 1661
3 1596 1661 1597
3 1597 1661 1662
3 1597 1662 1598
3 1598 1662 1663
3 1598 1663 1599
3 1599 1663 1600
3 1599 1600 1536
3 1600 1664 1665
3 1600 1665 1601
3 1601 1665 1666
3 1601 1666 1602
3 1602 1666 1667
3 1602 1667 1603
3 1603 1667 1668
3 1603 1668 1604
3 1604 1668 1669
3 1604 1669 1605
3 1605 1669 1670
3 1605 1670 1606
3 1606 1670 1671
3 1606 1671 1607
3 1607 1671 1672
3 1607 1672 1608
3 1608 1672 1673
3 1608 1673 1609
3 1609 1673 1674
3 1609 1674 1610
3 1610 1674 1675
3 1610 1675 1611
3 1611 1675 1676
3 1611 1676 1612
3 1612 1676 1677
3 1612 1677 1613
3 1613 1677 1678
3 1613 1678 1614
3 1614 1678 1679
3 1614 1679 1615
3 1615 1679 1680
3 1615 1680 1616
3 1616 1680 1681
3 1616 1681 1617
3 1617 1681 1682
3 1617 1682 1618
3 1618 1682 1683
3 1618 1683 1619
3 1619 1683 1684
3 1619 1684 1620
3 1620 1684 1685
3 1620 1685 1621
3 1621 1685 1686
3 1621 1686 1622
3 1622 1686 1687
3 1622 1687 1623
3 1623 1687 1688
3 1623 1688 1624
3 1624 1688 1689
3 1624 1689 1625
3 1625 1689 1690
3 1625 1690 1626
3 1626 1690 1691
3 1626 1691 1627
3 1627 1691 1692
3 1627 1692 1628
3 1628 1692 1693
3 1628 1693 1629
3 1629 1693 1694
3 1629 1694 1630
3 1630 1694 1695
3 1630 1695 1631
3 1631 1695 1696
3 1631 1696 1632
3 1632 1696 1697
3 1632 1697 1633
3 1633 1697 1698
3 1633 1698 1634
3 1634 1698 1699
3 1634 1699 1635
3 1635 1699 1700
3 1635 1700 1636
3 1636 1700 1701
3 1636 1701 1637
3 1637 1701 1702
3 1637 1702 1638
3 1638 1702 1703
3 1638 1703 1639
3 1639 1703 1704
3 1639 1704 1640
3 1640 1704 1705
3 1640 1705 1641
3 1641 1705 1706
3 1641 1706 1642
3 1642 1706 1707
3 1642 1707 1643
3 1643 1707 1708
3 1643 1708 1644
3 1644 1708 1709
3 1644 1709 1645
3 1645 1709 1710
3 1645 1710 1646
3 1646 1710 1711
3 1646 1711 1647
3 1647 1711 1712
3 1647 1712 1648
3 1648 1712 1713
3 1648 1713 1649
3 1649 1713 1714
3 1649 1714 1650
3 1650 1714 1715
3 1650 1715 1651
3 1651 1715 1716
3 1651 1716 1652
3 1652 1716 1717
3 1652 1717 1653
3 1653 1717 1718
3 1653 1718 1654
3 1654 1718 1719
3 1654 1719 1655
3 1655 1719 1720
3 1655 1720 1656
3 1656 1720 1721
3 1656 1721 1657
3 1657 1721 1722
3 1657 1722 1658
3 1658 1722 1723
3 1658 1723 1659
3 1659 1723 1724
3 1659 1724 1660
3 1660 1724 1725
3 1660 1725 1661
3 1661 1725 1726
3 1661 1726 1662
3 1662 1726 1727
3 1662 1727 1663
3 1663 1727 1664
3 1663 1664 1600
3 1664 1728 1729
3 1664 1729 1665
3 1665 1729 1730
3 1665 1730 1666
3 1666 1730 1731
3 1666 1731 1667
3 1667 1731 1732
3 1667 1732 1668
3 1668 1732 1733
3 1668 1733 1669
3 1669 1733 1734
3 1669 1734 1670
3 1670 1734 1735
3 1670 1735 1671
3 1671 1735 1736
3 1671 1736 1672
3 1672 1736 1737
3 1672 1737 1673
3 1673 1737 1738
3 1673 1738 1674
3 1674 1738 1739
3 1674 1739 1675
3 1675 1739 1740
3 1675 1740 1676
3 1676 1740 1741
3 1676 1741 1677
3 1677 1741 1742
3 1677 1742 1678
3 1678 1742 1743
3 1678 1743 1679
3 1679 1743 1744
3 1679 1744 1680
3 1680 1744 1745
3 1680 1745 1681
3 1681 1745 1746
3 1681 1746 1682
3 1682 1746 1747
3 1682 1747 1683
3 1683 1747 1748
3 1683 1748 1684
3 1684 1748 1749
3 1684 1749 1685
3 1685 1749 1750
3 1685 1750 1686
3 1686 1750 1751
3 1686 1751 1687
3 1687 1751 1752
3 1687 1752 1688
3 1688 1752 1753
3 1688 1753 1689
3 1689 1753 1754
3 1689 1754 1690
3 1690 1754 1755
3 1690 1755 1691
3 1691 1755 1756
3 1691 1756 1692
3 1692 1756 1757
3 1692 1757 1693
3 1693 1757 1758
3 1693 1758 1694
3 1694 1758 1759
3 1694 1759 1695
3 1695 1759 1760
3 1695 1760 1696
3 1696 1760 1761
3 1696 1761 1697
3 1697 1761 1762
3 1697 1762 1698
3 1698 1762 1763
3 1698 1763 1699
3 1699 1763 1764
3 1699 1764 1700
3 1700 1764 1765
3 1700 1765 1701
3 1701 1765 1766
3 1701 1766 1702
3 1702 1766 1767
3 1702 1767 1703
3 1703 1767 1768
3 1703 1768 1704
3 1704 1768 1769
3 1704 1769 1705
3 1705 1769 1770
3 1705 1770 1706
3 1706 1770 1771
3 1706 1771 1707
3 1707 1771 1772
3 1707 1772 1708
3 1708 1772 1773
3 1708 1773 1709
3 1709 1773 1774
3 1709 1774 1710
3 1710 1774 1775
3 1710 1775 1711
3 1711 1775 1776
3 1711 1776 1712
3 1712 1776 1777
3 1712 1777 1713
3 1713 1777 1778
3 1713 1778 1714
3 1714 1778 1779
3 1714 1779 1715
3 1715 1779 1780
3 1715 1780 1716
3 1716 1780 1781
3 1716 1781 1717
3 1717 1781 1782
3 1717 1782 1718
3 1718 1782 1783
3 1718 1783 1719
3 1719 1783 1784
3 1719 1784 1720
3 1720 1784 1785
3 1720 1785 1721
3 1721 1785 1786
3 1721 1786 1722
3 1722 1786 1787
3 1722 1787 1723
3 1723 1787 1788
3 1723 1788 1724
3 1724 1788 1789
3 1724 1789 1725
3 1725 1789 1790
3 1725 1790 1726
3 1726 1790 1791
3 1726 1791 1727
3 1727 1791 1728
3 1727 1728 1664
3 1728 1792 1793
3 1728 1793 1729
3 1729 1793 1794
3 1729 1794 1730
3 1730 1794 1795
3 1730 1795 1731
3 1731 1795 1796
3 1731 1796 1732
3 1732 1796 1797
3 1732 1797 1733
3 1733 1797 1798
3 1733 1798 1734
3 1734 1798 1799
3 1734 1799 1735
3 1735 1799 1800
3 1735 1800 1736
3 1736 1800 1801
3 1736 1801 1737
3 1737 1801 1802
3 1737 1802 1738
3 1738 1802 1803
3 1738 1803 1739
3 1739 1803 1804
3 1739 1804 1740
3 1740 1804 1805
3 1740 1805 1741
3 1741 1805 1806
3 1741 1806 1742
3 1742 1806 1807
3 1742 1807 1743
3 1743 1807 1808
3 1743 1808 1744
3 1744 1808 1809
3 1744 1809 1745
3 1745 1809 1810
3 1745 1810 1746
3 1746 1810 1811
3 1746 1811 1747
3 1747 1811 1812
3 1747 1812 1748
3 1748 1812 1813
3 1748 1813 1749
3 1749 1813 1814
3 1749 1814 1750
3 1750 1814 1815
3 1750 1815 1751
3 1751 1815 1816
3 1751 1816 1752
3 1752 1816 1817
3 1752 1817 1753
3 1753 1817 1818
3 1753 1818 1754
3 1754 1818 1819
3 1754 1819 1755
3 1755 1819 1820
3 1755 1820 1756
3 1756 1820 1821
3 1756 1821 1757
3 1757 1821 1822
3 1757 1822 1758
3 1758 1822 1823
3 1758 1823 1759
3 1759 1823 1824
3 1759 1824 1760
3 1760 1824 1825
3 1760 1825 1761
3 1761 1825 1826
3 1761 1826 1762
3 1762 1826 1827
3 1762 1827 1763
3 1763 1827 1828
3 1763 1828 1764
3 1764 1828 1829
3 1764 1829 1765
3 1765 1829 1830
3 1765 1830 1766
3 1766 1830 1831
3 1766 1831 1767
3 1767 1831 1832
3 1767 1832 1768
3 1768 1832 1833
3 1768 1833 1769
3 1769 1833 1834
3 1769 1834 1770
3 1770 1834 1835
3 1770 1835 1771
3 1771 1835 1836
3 1771 1836 1772
3 1772 1836 1837
3 1772 1837 1773
3 1773 1837 1838
3 1773 1838 1774
3 1774 1838 1839
3 1774 1839 1775
3 1775 1839 1840
3 1775 1840 1776
3 1776 1840 1841
3 1776 1841 1777
3 1777 1841 1842
3 1777 1842 1778
3 1778 1842 1843
3 1778 1843 1779
3 1779 1843 1844
3 1779 1844 1780
3 1780 1844 1845
3 1780 1845 1781
3 1781 1845 1846
3 1781 1846 1782
3 1782 1846 1847
3 1782 1847 1783
3 1783 1847 1848
3 1783 1848 1784
3 1784 1848 1849
3 1784 1849 1785
3 1785 1849 1850
3 1785 1850 1786
3 1786 1850 1851
3 1786 1851 1787
3 1787 1851 1852
3 1787 1852 1788
3 1788 1852 1853
3 1788 1853 1789
3 1789 1853 1854
3 1789 1854 1790
3 1790 1854 1855
3 1790 1855 1791
3 1791 1855 1792
3 1791 1792 1728
3 1792 1856 1857
3 1792 1857 1793
3 1793 1857 1858
3 1793 1858 1794
3 1794 1858 1859
3 1794 1859 1795
3 1795 1859 1860
3 1795 1860 1796
3 1796 1860 1861
3 1796 1861 1797
3 1797 1861 1862
3 1797 1862 1798
3 1798 1862 1863
3 1798 1863 1799
3 1799 1863 1864
3 1799 1864 1800
3 1800 1864 1865
3 1800 1865 1801
3 1801 1865 1866
3 1801 1866 1802
3 1802 1866 1867
3 1802 1867 1803
3 1803 1867 1868
3 1803 1868 1804
3 1804 1868 1869
3 1804 1869 1805
3 1805 1869 1870
3 1805 1870 1806
3 1806 1870 1871
3 1806 1871 1807
3 1807 1871 1872
3 1807 1872 1808
3 1808 1872 1873
3 1808 1873 1809
3 1809 1873 1874
3 1809 1874 1810
3 1810 1874 1875
3 1810 1875 1811
3 1811 1875 1876
3 1811 1876 1812
3 1812 1876 1877
3 1812 1877 1813
3 1813 1877 1878
3 1813 1878 1814
3 1814 1878 1879
3 1814 1879 1815
3 1815 1879 1880
3 1815 1880 1816
3 1816 1880 1881
3 1816 1881 1817
3 1817 1881 1882
3 1817 1882 1818
3 1818 1882 1883
3 1818 1883 1819
3 1819 1883 1884
3 1819 1884 1820
3 1820 1884 1885
3 1820 1885 1821
3 1821 1885 1886
3 1821 1886 1822
3 1822 1886 1887
3 1822 1887 1823
3 1823 1887 1888
3 1823 1888 1824
3 1824 1888 1889
3 1824 1889 1825
3 1825 1889 1890
3 1825 1890 1826
3 1826 1890 1891
3 1826 1891 1827
3 1827 1891 1892
3 1827 1892 1828
3 1828 1892 1893
3 1828 1893 1829
3 1829 1893 1894
3 1829 1894 1830
3 1830 1894 1895
3 1830 1895 1831
3 1831 1895 1896
3 1831 1896 1832
3 1832 1896 1897
3 1832 1897 1833
3 1833 1897 1898
3 1833 1898 1834
3 1834 1898 1899
3 1834 1899 1835
3 1835 1899 1900
3 1835 1900 1836
3 1836 1900 1901
3 1836 1901 1837
3 1837 1901 1902
3 1837 1902 1838
3 1838 1902 1903
3 1838 1903 1839
3 1839 1903 1904
3 1839 1904 1840
3 1840 1904 1905
3 1840 1905 1841
3 1841 1905 1906
3 1841 1906 1842
3 1842 1906 1907
3 1842 1907 1843
3 1843 1907 1908
3 1843 1908 1844
3 1844 1908 1909
3 1844 1909 1845
3 1845 1909 1910
3 1845 1910 1846
3 1846 1910 1911
3 1846 1911 1847
3 1847 1911 1912
3 1847 1912 1848
3 1848 1912 1913
3 1848 1913 1849
3 1849 1913 1914
3 1849 1914 1850
3 1850 1914 1915
3 1850 1915 1851
3 1851 1915 1916
3 1851 1916 1852
3 1852 1916 1917
3 1852 1917 1853
3 1853 1917 1918
3 1853 1918 1854
3 1854 1918 1919
3 1854 1919 1855
3 1855 1919 1856
3 1855 1856 1792
3 1856 1920 1921
3 1856 1921 1857
3 1857 1921 1922
3 1857 1922 1858
3 1858 1922 1923
3 1858 1923 1859
3 1859 1923 1924
3 1859 1924 1860
3 1860 1924 1925
3 1860 1925 1861
3 1861 1925 1926
3 1861 1926 1862
3 1862 1926 1927
3 1862 1927 1863
3 1863 1927 1928
3 1863 1928 1864
3 1864 1928 1929
3 1864 1929 1865
3 1865 1929 1930
3 1865 1930 1866
3 1866 1930 1931
3 1866 1931 1867
3 1867 1931 1932
3 1867 1932 1868
3 1868 1932 1933
3 1868 1933 1869
3 1869 1933 1934
3 1869 1934 1870
3 1870 1934 1935
3 1870 1935 1871
3 1871 1935 1936
3 1871 1936 1872
3 1872 1936 1937
3 1872 1937 1873
3 1873 1937 1938
3 1873 1938 1874
3 1874 1938 1939
3 1874 1939 1875
3 1875 1939 1940
3 1875 1940 1876
3 1876 1940 1941
3 1876 1941 1877
3 1877 1941 1942
3 1877 1942 1878
3 1878 1942 1943
3 1878 1943 1879
3 1879 1943 1944
3 1879 1944 1880
3 1880 1944 1945
3 1880 1945 1881
3 1881 1945 1946
3 1881 1946 1882
3 1882 1946 1947
3 1882 1947 1883
3 1883 1947 1948
3 1883 1948 1884
3 1884 1948 1949
3 1884 1949 1885
3 1885 1949 1950
3 1885 1950 1886
3 1886 1950 1951
3 1886 1951 1887
3 1887 1951 1952
3 1887 1952 1888
3 1888 1952 1953
3 1888 1953 1889
3 1889 1953 1954
3 1889 1954 1890
3 1890 1954 1955
3 1890 1955 1891
3 1891 1955 1956
3 1891 1956 1892
3 1892 1956 1957
3 1892 1957 1893
3 1893 1957 1958
3 1893 1958 1894
3 1894 1958 1959
3 1894 1959 1895
3 1895 1959 1960
3 1895 1960 1896
3 1896 1960 1961
3 1896 1961 1897
3 1897 1961 1962
3 1897 1962 1898
3 1898 1962 1963
3 1898 1963 1899
3 1899 1963 1964
3 1899 1964 1900
3 1900 1964 1965
3 1900 1965 1901
3 1901 1965 1966
3 1901 1966 1902
3 1902 1966 1967
3 1902 1967 1903
3 1903 1967 1968
3 1903 1968 1904
3 1904 1968 1969
3 1904 1969 1905
3 1905 1969 1970
3 1905 1970 1906
3 1906 1970 1971
3 1906 1971 1907
3 1907 1971 1972
3 1907 1972 1908
3 1908 1972 1973
3 1908 1973 1909
3 1909 1973 1974
3 1909 1974 1910
3 1910 1974 1975
3 1910 1975 1911
3 1911 1975 1976
3 1911 1976 1912
3 1912 1976 1977
3 1912 1977 1913
3 1913 1977 1978
3 1913 1978 1914
3 1914 1978 1979
3 1914 1979 1915
3 1915 1979 1980
3 1915 1980 1916
3 1916 1980 1981
3 1916 1981 1917
3 1917 1981 1982
3 1917 1982 1918
3 1918 1982 1983
3 1918 1983 1919
3 1919 1983 1920
3 1919 1920 1856
3 1920 1984 1985
3 1920 1985 1921
3 1921 1985 1986
3 1921 1986 1922
3 1922 1986 1987
3 1922 1987 1923
3 1923 1987 1988
3 1923 1988 1924
3 1924 1988 1989
3 1924 1989 1925
3 1925 1989 1990
3 1925 1990 1926
3 1926 1990 1991
3 1926 1991 1927
3 1927 1991 1992
3 1927 1992 1928
3 1928 1992 1993
3 1928 1993 1929
3 1929 1993 1994
3 1929 1994 1930
3 1930 1994 1995
3 1930 1995 1931
3 1931 1995 1996
3 1931 1996 1932
3 1932 1996 1997
3 1932 1997 1933
3 1933 1997 1998
3 1933 1998 1934
3 1934 1998 1999
3 1934 1999 1935
3 1935 1999 2000
3 1935 2000 1936
3 1936 2000 2001
3 1936 2001 1937
3 1937 2001 2002
3 1937 2002 1938
3 1938 2002 2003
3 1938 2003 1939
3 1939 2003 2004
3 1939 2004 1940
3 1940 2004 2005
3 1940 2005 1941
3 1941 2005 2006
3 1941 2006 1942
3 1942 2006 2007
3 1942 2007 1943
3 1943 2007 2008
3 1943 2008 1944
3 1944 2008 2009
3 1944 2009 1945
3 1945 2009 2010
3 1945 2010 1946
3 1946 2010 2011
3 1946 2011 1947
3 1947 2011 2012
3 1947 2012 1948
3 1948 2012 2013
3 1948 2013 1949
3 1949 2013 2014
3 1949 2014 1950
3 1950 2014 2015
3 1950 2015 1951
3 1951 2015 2016
3 1951 2016 1952
3 1952 2016 2017
3 1952 2017 1953
3 1953 2017 2018
3 1953 2018 1954
3 1954 2018 2019
3 1954 2019 1955
3 1955 2019 2020
3 1955 2020 1956
3 1956 2020 2021
3 1956 2021 1957
3 1957 2021 2022
3 1957 2022 1958
3 1958 2022 2023
3 1958 2023 1959
3 1959 2023 2024
3 1959 2024 1960
3 1960 2024 2025
3 1960 2025 1961
3 1961 2025 2026
3 1961 2026 1962
3 1962 2026 2027
3 1962 2027 1963
3 1963 2027 2028
3 1963 2028 1964
3 1964 2028 2029
3 1964 2029 1965
3 1965 2029 2030
3 1965 2030 1966
3 1966 2030 2031
3 1966 2031 1967
3 1967 2031 2032
3 1967 2032 1968
3 1968 2032 2033
3 1968 2033 1969
3 1969 2033 2034
3 1969 2034 1970
3 1970 2034 2035
3 1970 2035 1971
3 1971 2035 2036
3 1971 2036 1972
3 1972 2036 2037
3 1972 2037 1973
3 1973 2037 2038
3 1973 2038 1974
3 1974 2038 2039
3 1974 2039 1975
3 1975 2039 2040
3 1975 2040 1976
3 1976 2040 2041
3 1976 2041 1977
3 1977 2041 2042
3 1977 2042 1978
3 1978 2042 2043
3 1978 2043 1979
3 1979 2043 2044
3 1979 2044 1980
3 1980 2044 2045
3 1980 2045 1981
3 1981 2045 2046
3 1981 2046 1982
3 1982 2046 2047
3 1982 2047 1983
3 1983 2047 1984
3 1983 1984 1920
3 1984 2048 2049
3 1984 2049 1985
3 1985 2049 2050
3 1985 2050 1986
3 1986 2050 2051
3 1986 2051 1987
3 1987 2051 2052
3 1987 2052 1988
3 1988 2052 2053
3 1988 2053 1989
3 1989 2053 2054
3 1989 2054 1990
3 1990 2054 2055
3 1990 2055 1991
3 1991 2055 2056
3 1991 2056 1992
3 1992 2056 2057
3 1992 2057 1993
3 1993 2057 2058
3 1993 2058 1994
3 1994 2058 2059
3 1994 2059 1995
3 1995 2059 2060
3 1995 2060 1996
3 1996 2060 2061
3 1996 2061 1997
3 1997 2061 2062
3 1997 2062 1998
3 1998 2062 2063
3 1998 2063 1999
3 1999 2063 2064
3 1999 2064 2000
3 2000 2064 2065
3 2000 2065 2001
3 2001 2065 2066
3 2001 2066 2002
3 2002 2066 2067
3 2002 2067 2003
3 2003 2067 2068
3 2003 2068 2004
3 2004 2068 2069
3 2004 2069 2005
3 2005 2069 2070
3 2005 2070 2006
3 2006 2070 2071
3 2006 2071 2007
3 2007 2071 2072
3 2007 2072 2008
3 2008 2072 2073
3 2008 2073 2009
3 2009 2073 2074
3 2009 2074 2010
3 2010 2074 2075
3 2010 2075 2011
3 2011 2075 2076
3 2011 2076 2012
3 2012 2076 2077
3 2012 2077 2013
3 2013 2077 2078
3 2013 2078 2014
3 2014 2078 2079
3 2014 2079 2015
3 2015 2079 2080
3 2015 2080 2016
3 2016 2080 2081
3 2016 2081 2017
3 2017 2081 2082
3 2017 2082 2018
3 2018 2082 2083
3 2018 2083 2019
3 2019 2083 2084
3 2019 2084 2020
3 2020 2084 2085
3 2020 2085 2021
3 2021 2085 2086
3 2021 2086 2022
3 2022 2086 2087
3 2022 2087 2023
3 2023 2087 2088
3 2023 2088 2024
3 2024 2088 2089
3 2024 2089 2025
3 2025 2089 2090
3 2025 2090 2026
3 2026 2090 2091
3 2026 2091 2027
3 2027 2091 2092
3 2027 2092 2028
3 2028 2092 2093
3 2028 2093 2029
3 2029 2093 2094
3 2029 2094 2030
3 2030 2094 2095
3 2030 2095 2031
3 2031 2095 2096
3 2031 2096 2032
3 2032 2096 2097
3 2032 2097 2033
3 2033 2097 2098
3 2033 2098 2034
3 2034 2098 2099
3 2034 2099 2035
3 2035 2099 2100
3 2035 2100 2036
3 2036 2100 2101
3 2036 2101 2037
3 2037 2101 2102
3 2037 2102 2038
3 2038 2102 2103
3 2038 2103 2039
3 2039 2103 2104
3 2039 2104 2040
3 2040 2104 2105
3 2040 2105 2041
3 2041 2105 2106
3 2041 2106 2042
3 2042 2106 2107
3 2042 2107 2043
3 2043 2107 2108
3 2043 2108 2044
3 2044 2108 2109
3 2044 2109 2045
3 2045 2109 2110
3 2045 2110 2046
3 2046 2110 2111
3 2046 2111 2047
3 2047 2111 2048
3 2047 2048 1984
3 2048 2112 2113
3 2048 2113 2049
3 2049 2113 2114
3 2049 2114 2050
3 2050 2114 2115
3 2050 2115 2051
3 2051 2115 2116
3 2051 2116 2052
3 2052 2116 2117
3 2052 2117 2053
3 2053 2117 2118
3 2053 2118 2054
3 2054 2118 2119
3 2054 2119 2055
3 2055 2119 2120
3 2055 2120 2056
3 2056 2120 2121
3 2056 2121 2057
3 2057 2121 2122
3 2057 2122 2058
3 2058 2122 2123
3 2058 2123 2059
3 2059 2123 2124
3 2059 2124 2060
3 2060 2124 2125
3 2060 2125 2061
3 2061 2125 2126
3 2061 2126 2062
3 2062 2126 2127
3 2062 2127 2063
3 2063 2127 2128
3 2063 2128 2064
3 2064 2128 2129
3 2064 2129 2065
3 2065 2129 2130
3 2065 2130 2066
3 2066 2130 2131
3 2066 2131 2067
3 2067 2131 2132
3 2067 2132 2068
3 2068 2132 2133
3 2068 2133 2069
3 2069 2133 2134
3 2069 2134 2070
3 2070 2134 2135
3 2070 2135 2071
3 2071 2135 2136
3 2071 2136 2072
3 2072 2136 2137
3 2072 2137 2073
3 2073 2137 2138
3 2073 2138 2074
3 2074 2138 2139
3 2074 2139 2075
3 2075 2139 2140
3 2075 2140 2076
3 2076 2140 2141
3 2076 2141 2077
3 2077 2141 2142
3 2077 2142 2078
3 2078 2142 2143
3 2078 2143 2079
3 2079 2143 2144
3 2079 2144 2080
3 2080 2144 2145
3 2080 2145 2081
3 2081 2145 2146
3 2081 2146 2082
3 2082 2146 2147
3 2082 2147 2083
3 2083 2147 2148
3 2083 2148 2084
3 2084 2148 2149
3 2084 2149 2085
3 2085 2149 2150
3 2085 2150 2086
3 2086 2150 2151
3 2086 2151 2087
3 2087 2151 2152
3 2087 2152 2088
3 2088 2152 2153
3 2088 2153 2089
3 2089 2153 2154
3 2089 2154 2090
3 2090 2154 2155
3 2090 2155 2091
3 2091 2155 2156
3 2091 2156 2092
3 2092 2156 2157
3 2092 2157 2093
3 2093 2157 2158
3 2093 2158 2094
3 2094 2158 2159
3 2094 2159 2095
3 2095 2159 2160
3 2095 2160 2096
3 2096 2160 2161
3 2096 2161 2097
3 2097 2161 2162
3 2097 2162 2098
3 2098 2162 2163
3 2098 2163 2099
3 2099 2163 2164
3 2099 2164 2100
3 2100 2164 2165
3 2100 2165 2101
3 2101 2165 2166
3 2101 2166 2102
3 2102 2166 2167
3 2102 2167 2103
3 2103 2167 2168
3 2103 2168 2104
3 2104 2168 2169
3 2104 2169 2105
3 2105 2169 2170
3 2105 2170 2106
3 2106 2170 2171
3 2106 2171 2107
3 2107 2171 2172
3 2107 2172 2108
3 2108 2172 2173
3 2108 2173 2109
3 2109 2173 2174
3 2109 2174 2110
3 2110 2174 2175
3 2110 2175 2111
3 2111 2175 2112
3 2111 2112 2048
3 2112 2176 2177
3 2112 2177 2113
3 2113 2177 2178
3 2113 2178 2114
3 2114 2178 2179
3 2114 2179 2115
3 2115 2179 2180
3 2115 2180 2116
3 2116 2180 2181
3 2116 2181 2117
3 2117 2181 2182
3 2117 2182 2118
3 2118 2182 2183
3 2118 2183 2119
3 2119 2183 2184
3 2119 2184 2120
3 2120 2184 2185
3 2120 2185 2121
3 2121 2185 2186
3 2121 2186 2122
3 2122 2186 2187
3 2122 2187 2123
3 2123 2187 2188
3 2123 2188 2124
3 2124 2188 2189
3 2124 2189 2125
3 2125 2189 2190
3 2125 2190 2126
3 2126 2190 2191
3 2126 2191 2127
3 2127 2191 2192
3 2127 2192 2128
3 2128 2192 2193
3 2128 2193 2129
3 2129 2193 2194
3 2129 2194 2130
3 2130 2194 2195
3 2130 2195 2131
3 2131 2195 2196
3 2131 2196 2132
3 2132 2196 2197
3 2132 2197 2133
3 2133 2197 2198
3 2133 2198 2134
3 2134 2198 2199
3 2134 2199 2135
3 2135 2199 2200
3 2135 2200 2136
3 2136 2200 2201
3 2136 2201 2137
3 2137 2201 2202
3 2137 2202 2138
3 2138 2202 2203
3 2138 2203 2139
3 2139 2203 2204
3 2139 2204 2140
3 2140 2204 2205
3 2140 2205 2141
3 2141 2205 2206
3 2141 2206 2142
3 2142 2206 2207
3 2142 2207 2143
3 2143 2207 2208
3 2143 2208 2144
3 2144 2208 2209
3 2144 2209 2145
3 2145 2209 2210
3 2145 2210 2146
3 2146 2210 2211
3 2146 2211 2147
3 2147 2211 2212
3 2147 2212 2148
3 2148 2212 2213
3 2148 2213 2149
3 2149 2213 2214
3 2149 2214 2150
3 2150 2214 2215
3 2150 2215 2151
3 2151 2215 2216
3 2151 2216 2152
3 2152 2216 2217
3 2152 2217 2153
3 2153 2217 2218
3 2153 2218 2154
3 2154 2218 2219
3 2154 2219 2155
3 2155 2219 2220
3 2155 2220 2156
3 2156 2220 2221
3 2156 2221 2157
3 2157 2221 2222
3 2157 2222 2158
3 2158 2222 2223
3 2158 2223 2159
3 2159 2223 2224
3 2159 2224 2160
3 2160 2224 2225
3 2160 2225 2161
3 2161 2225 2226
3 2161 2226 2162
3 2162 2226 2227
3 2162 2227 2163
3 2163 2227 2228
3 2163 2228 2164
3 2164 2228 2229
3 2164 2229 2165
3 2165 2229 2230
3 2165 2230 2166
3 2166 2230 2231
3 2166 2231 2167
3 2167 2231 2232
3 2167 2232 2168
3 2168 2232 2233
3 2168 2233 2169
3 2169 2233 2234
3 2169 2234 2170
3 2170 2234 2235
3 2170 2235 2171
3 2171 2235 2236
3 2171 2236 2172
3 2172 2236 2237
3 2172 2237 2173
3 2173 2237 2238
3 2173 2238 2174
3 2174 2238 2239
3 2174 2239 2175
3 2175 2239 2176
3 2175 2176 2112
3 2176 2240 2241
3 2176 2241 2177
3 2177 2241 2242
3 2177 2242 2178
3 2178 2242 2243
3 2178 2243 2179
3 2179 2243 2244
3 2179 2244 2180
3 2180 2244 2245
3 2180 2245 2181
3 2181 2245 2246
3 2181 2246 2182
3 2182 2246 2247
3 2182 2247 2183
3 2183 2247 2248
3 2183 2248 2184
3 2184 2248 2249
3 2184 2249 2185
3 2185 2249 2250
3 2185 2250 2186
3 2186 2250 2251
3 2186 2251 2187
3 2187 2251 2252
3 2187 2252 2188
3 2188 2252 2253
3 2188 2253 2189
3 2189 2253 2254
3 2189 2254 2190
3 2190 2254 2255
3 2190 2255 2191
3 2191 2255 2256
3 2191 2256 2192
3 2192 2256 2257
3 2192 2257 2193
3 2193 2257 2258
3 2193 2258 2194
3 2194 2258 2259
3 2194 2259 2195
3 2195 2259 2260
3 2195 2260 2196
3 2196 2260 2261
3 2196 2261 2197
3 2197 2261 2262
3 2197 2262 2198
3 2198 2262 2263
3 2198 2263 2199
3 2199 2263 2264
3 2199 2264 2200
3 2200 2264 2265
3 2200 2265 2201
3 2201 2265 2266
3 2201 2266 2202
3 2202 2266 2267
3 2202 2267 2203
3 2203 2267 2268
3 2203 2268 2204
3 2204 2268 2269
3 2204 2269 2205
3 2205 2269 2270
3 2205 2270 2206
3 2206 2270 2271
3 2206 2271 2207
3 2207 2271 2272
3 2207 2272 2208
3 2208 2272 2273
3 2208 2273 2209
3 2209 2273 2274
3 2209 2274 2210
3 2210 2274 2275
3 2210 2275 2211
3 2211 2275 2276
3 2211 2276 2212
3 2212 2276 2277
3 2212 2277 2213
3 2213 2277 2278
3 2213 2278 2214
3 2214 2278 2279
3 2214 2279 2215
3 2215 2279 2280
3 2215 2280 2216
3 2216 2280 2281
3 2216 2281 2217
3 2217 2281 2282
3 2217 2282 2218
3 2218 2282 2283
3 2218 2283 2219
3 2219 2283 2284
3 2219 2284 2220
3 2220 2284 2285
3 2220 2285 2221
3 2221 2285 2286
3 2221 2286 2222
3 2222 2286 2287
3 2222 2287 2223
3 2223 2287 2288
3 2223 2288 2224
3 2224 2288 2289
3 2224 2289 2225
3 2225 2289 2290
3 2225 2290 2226
3 2226 2290 2291
3 2226 2291 2227
3 2227 2291 2292
3 2227 2292 2228
3 2228 2292 2293
3 2228 2293 2229
3 2229 2293 2294
3 2229 2294 2230
3 2230 2294 2295
3 2230 2295 2231
3 2231 2295 2296
3 2231 2296 2232
3 2232 2296 2297
3 2232 2297 2233
3 2233 2297 2298
3 2233 2298 2234
3 2234 2298 2299
3 2234 2299 2235
3 2235 2299 2300
3 2235 2300 2236
3 2236 2300 2301
3 2236 2301 2237
3 2237 2301 2302
3 2237 2302 2238
3 2238 2302 2303
3 2238 2303 2239
3 2239 2303 2240
3 2239 2240 2176
3 2240 2304 2305
3 2240 2305 2241
3 2241 2305 2306
3 2241 2306 2242
3 2242 2306 2307
3 2242 2307 2243
3 2243 2307 2308
3 2243 2308 2244
3 2244 2308 2309
3 2244 2309 2245
3 2245 2309 2310
3 2245 2310 2246
3 2246 2310 2311
3 2246 2311 2247
3 2247 2311 2312
3 2247 2312 2248
3 2248 2312 2313
3 2248 2313 2249
3 2249 2313 2314
3 2249 2314 2250
3 2250 2314 2315
3 2250 2315 2251
3 2251 2315 2316
3 2251 2316 2252
3 2252 2316 2317
3 2252 2317 2253
3 2253 2317 2318
3 2253 2318 2254
3 2254 2318 2319
3 2254 2319 2255
3 2255 2319 2320
3 2255 2320 2256
3 2256 2320 2321
3 2256 2321 2257
3 2257 2321 2322
3 2257 2322 2258
3 2258 2322 2323
3 2258 2323 2259
3 2259 2323 2324
3 2259 2324 2260
3 2260 2324 2325
3 2260 2325 2261
3 2261 2325 2326
3 2261 2326 2262
3 2262 2326 2327
3 2262 2327 2263
3 2263 2327 2328
3 2263 2328 2264
3 2264 2328 2329
3 2264 2329 2265
3 2265 2329 2330
3 2265 2330 2266
3 2266 2330 2331
3 2266 2331 2267
3 2267 2331 2332
3 2267 2332 2268
3 2268 2332 2333
3 2268 2333 2269
3 2269 2333 2334
3 2269 2334 2270
3 2270 2334 2335
3 2270 2335 2271
3 2271 2335 2336
3 2271 2336 2272
3 2272 2336 2337
3 2272 2337 2273
3 2273 2337 2338
3 2273 2338 2274
3 2274 2338 2339
3 2274 2339 2275
3 2275 2339 2340
3 2275 2340 2276
3 2276 2340 2341
3 2276 2341 2277
3 2277 2341 2342
3 2277 2342 2278
3 2278 2342 2343
3 2278 2343 2279
3 2279 2343 2344
3 2279 2344 2280
3 2280 2344 2345
3 2280 2345 2281
3 2281 2345 2346
3 2281 2346 2282
3 2282 2346 2347
3 2282 2347 2283
3 2283 2347 2348
3 2283 2348 2284
3 2284 2348 2349
3 2284 2349 2285
3 2285 2349 2350
3 2285 2350 2286
3 2286 2350 2351
3 2286 2351 2287
3 2287 2351 2352
3 2287 2352 2288
3 2288 2352 2353
3 2288 2353 2289
3 2289 2353 2354
3 2289 2354 2290
3 2290 2354 2355
3 2290 2355 2291
3 2291 2355 2356
3 2291 2356 2292
3 2292 2356 2357
3 2292 2357 2293
3 2293 2357 2358
3 2293 2358 2294
3 2294 2358 2359
3 2294 2359 2295
3 2295 2359 2360
3 2295 2360 2296
3 2296 2360 2361
3 2296 2361 2297
3 2297 2361 2362
3 2297 2362 2298
3 2298 2362 2363
3 2298 2363 2299
3 2299 2363 2364
3 2299 2364 2300
3 2300 2364 2365
3 2300 2365 2301
3 2301 2365 2366
3 2301 2366 2302
3 2302 2366 2367
3 2302 2367 2303
3 2303 2367 2304
3 2303 2304 2240
